customer_id,first_name,last_name,age,gender,city,country,signup_date,customer_status,churn_probability,churned
C10001,Isaac,Bakshi,58,Male,Mumbai,India,2026-05-21,Churned,0.117,1
C10002,Yash,Kapoor,65,Female,Delhi,India,2024-11-01,Churned,0.473,1
C10003,Harsh,Chahal,32,Male,Pune,India,2024-04-04,Active,0.316,0
C10004,Pahal,Balay,61,Other,Pune,India,2026-03-06,Active,0.01,0
C10005,Girik,Kamdar,55,Female,Mumbai,India,2023-10-17,Active,0.14,0
C10006,Yashasvi,Bala,19,Male,Delhi,India,2024-08-27,Churned,0.252,1
C10007,Rushil,Saini,32,Other,Mumbai,India,2026-01-19,Active,0.383,0
C10008,Saumya,Mall,53,Male,Chennai,India,2024-08-08,Active,0.198,0
C10009,Nathaniel,Sami,32,Female,Bengaluru,India,2023-09-11,Active,0.03,0
C10010,Arunima,Dugal,69,Male,Nagpur,India,2025-02-10,Active,0.343,0
C10011,Gayathri,Chaudry,62,Female,Hyderabad,India,2024-07-31,Active,0.391,0
C10012,Lajita,Chatterjee,35,Male,Delhi,India,2024-01-23,Active,0.209,0
C10013,Hemangini,Lalla,66,Female,Pune,India,2025-03-11,Active,0.046,0
C10014,Tripti,Yadav,23,Female,Pune,India,2023-11-07,Active,0.1,0
C10015,Kritika,Brar,40,Female,Bengaluru,India,2024-03-12,Active,0.289,0
C10016,Chaaya,Pathak,69,Male,Kolkata,India,2026-01-05,Active,0.141,0
C10017,Rehaan,Boase,52,Male,Chennai,India,2026-02-13,Churned,0.107,1
C10018,Vedant,Mann,23,Other,Bengaluru,India,2023-11-11,Active,0.097,0
C10019,Viraj,Chaudhuri,58,Other,Hyderabad,India,2024-01-02,Active,0.41,0
C10020,Arunima,Setty,54,Male,Pune,India,2025-04-13,Active,0.148,0
C10021,Janya,Gaba,20,Other,Delhi,India,2026-05-15,Active,0.192,0
C10022,Isha,Kadakia,67,Female,Pune,India,2025-03-29,Churned,0.383,1
C10023,Amara,Bora,32,Male,Chennai,India,2026-07-08,Churned,0.526,1
C10024,Onveer,Walla,35,Female,Hyderabad,India,2026-04-04,Active,0.111,0
C10025,Nihal,Shere,28,Female,Hyderabad,India,2024-09-15,Active,0.155,0
C10026,Anamika,Kanda,31,Other,Bengaluru,India,2025-04-12,Active,0.097,0
C10027,Ekta,Bhalla,62,Other,Pune,India,2026-07-30,Churned,0.274,1
C10028,Azad,Mutti,56,Other,Nagpur,India,2024-08-21,Churned,0.14,1
C10029,Amrita,Bhatti,52,Other,Delhi,India,2025-05-16,Active,0.189,0
C10030,Divya,Kala,28,Female,Chennai,India,2024-07-24,Active,0.185,0
C10031,Xalak,Randhawa,35,Other,Delhi,India,2026-06-15,Active,0.419,0
C10032,Tara,Dhar,61,Female,Mumbai,India,2026-05-26,Active,0.413,0
C10033,Liam,Koshy,32,Male,Hyderabad,India,2024-10-16,Active,0.408,0
C10034,Adya,Sangha,43,Female,Pune,India,2026-01-20,Churned,0.494,1
C10035,Mohini,Pathak,31,Other,Hyderabad,India,2026-02-23,Churned,0.307,1
C10036,Lakshit,Upadhyay,31,Other,Kolkata,India,2024-08-06,Active,0.357,0
C10037,Gavin,Batta,43,Other,Kolkata,India,2025-10-06,Active,0.101,0
C10038,Michael,Dutta,27,Female,Nagpur,India,2024-02-18,Active,0.151,0
C10039,Pahal,Bhatt,33,Other,Bengaluru,India,2026-07-24,Active,0.177,0
C10040,Lakshmi,Sidhu,65,Other,Chennai,India,2025-04-20,Active,0.616,0
C10041,Zayan,Apte,55,Female,Hyderabad,India,2025-11-30,Active,0.266,0
C10042,Ishwar,Yadav,32,Male,Kolkata,India,2026-07-23,Active,0.213,0
C10043,Harini,Choudhury,23,Male,Pune,India,2024-10-19,Active,0.211,0
C10044,Radhika,Dugar,27,Other,Nagpur,India,2024-11-29,Churned,0.473,1
C10045,Aarush,Lall,68,Other,Chennai,India,2025-08-05,Active,0.189,0
C10046,Pranav,Tripathi,56,Male,Chennai,India,2025-10-17,Active,0.112,0
C10047,Chanchal,Tripathi,42,Other,Kolkata,India,2024-02-13,Active,0.376,0
C10048,Rushil,Dua,51,Female,Mumbai,India,2026-04-04,Active,0.457,0
C10049,Neel,Zacharia,61,Other,Pune,India,2025-04-03,Active,0.552,0
C10050,Aadi,Naik,61,Other,Bengaluru,India,2025-12-02,Active,0.303,0
C10051,Anirudh,Choudhury,67,Other,Hyderabad,India,2025-09-29,Active,0.103,0
C10052,Damyanti,Khatri,25,Female,Chennai,India,2025-03-17,Active,0.111,0
C10053,Wridesh,Brar,28,Female,Mumbai,India,2023-11-29,Active,0.271,0
C10054,Vedika,Biswas,64,Other,Bengaluru,India,2024-01-12,Active,0.241,0
C10055,Jeremiah,Dave,50,Male,Pune,India,2025-12-06,Active,0.203,0
C10056,Vaishnavi,Gandhi,58,Female,Delhi,India,2026-06-21,Active,0.429,0
C10057,Pallavi,Kakar,27,Female,Nagpur,India,2024-10-16,Churned,0.273,1
C10058,Sai,Muni,52,Other,Mumbai,India,2025-12-16,Churned,0.243,1
C10059,Kashvi,Sarma,56,Female,Kolkata,India,2025-05-12,Active,0.08,0
C10060,Siya,Dara,19,Male,Hyderabad,India,2025-11-13,Active,0.089,0
C10061,Umang,Bhatt,69,Female,Delhi,India,2024-09-20,Churned,0.411,1
C10062,Ansh,Karpe,21,Male,Pune,India,2025-02-07,Active,0.512,0
C10063,Thomas,Amble,23,Other,Kolkata,India,2026-03-03,Active,0.103,0
C10064,Daniel,Karnik,70,Male,Nagpur,India,2023-12-20,Churned,0.462,1
C10065,Azad,Narayanan,26,Other,Kolkata,India,2023-12-14,Active,0.181,0
C10066,Yoshita,Khanna,53,Male,Bengaluru,India,2023-12-20,Active,0.122,0
C10067,Vedika,Kala,51,Other,Chennai,India,2024-11-06,Active,0.192,0
C10068,Kevin,Solanki,31,Other,Delhi,India,2025-12-16,Active,0.274,0
C10069,Urvashi,Ray,63,Female,Chennai,India,2024-09-12,Churned,0.452,1
C10070,Girindra,Chatterjee,60,Other,Hyderabad,India,2024-06-22,Churned,0.116,1
C10071,Raagini,Pandya,46,Other,Kolkata,India,2026-06-20,Active,0.176,0
C10072,Nirja,Sibal,25,Male,Delhi,India,2025-06-20,Active,0.15,0
C10073,Guneet,Bhat,22,Female,Mumbai,India,2023-11-24,Active,0.128,0
C10074,Harinakshi,Chopra,55,Other,Delhi,India,2025-05-18,Active,0.141,0
C10075,Rehaan,Gupta,55,Male,Mumbai,India,2024-09-21,Active,0.01,0
C10076,Saumya,Dey,22,Other,Mumbai,India,2025-12-12,Active,0.391,0
C10077,Qadim,Mallick,32,Male,Mumbai,India,2025-06-17,Active,0.194,0
C10078,Zaid,Borra,39,Male,Delhi,India,2025-08-19,Active,0.579,0
C10079,Guneet,Bedi,35,Other,Kolkata,India,2025-07-20,Active,0.167,0
C10080,Alexander,Chander,31,Other,Nagpur,India,2026-06-10,Active,0.104,0
C10081,Ojas,Ray,64,Other,Kolkata,India,2024-09-02,Active,0.337,0
C10082,Vasana,Kala,33,Female,Chennai,India,2025-09-24,Active,0.143,0
C10083,Daniel,Gala,30,Male,Pune,India,2025-05-15,Churned,0.189,1
C10084,Aarnav,Ramakrishnan,60,Female,Hyderabad,India,2025-04-11,Active,0.412,0
C10085,Suhani,Mangal,45,Female,Kolkata,India,2024-10-16,Active,0.084,0
C10086,Vidhi,Dubey,64,Male,Pune,India,2025-06-19,Active,0.448,0
C10087,Chaman,Kalla,21,Female,Hyderabad,India,2024-06-21,Active,0.201,0
C10088,Darsh,Murthy,69,Male,Delhi,India,2023-11-30,Active,0.065,0
C10089,Chandresh,Sood,30,Male,Kolkata,India,2023-11-28,Active,0.369,0
C10090,Nakul,Bhandari,26,Female,Nagpur,India,2025-10-21,Active,0.194,0
C10091,Faris,Grewal,35,Female,Delhi,India,2025-10-28,Active,0.414,0
C10092,Ekansh,Keer,22,Female,Pune,India,2023-12-16,Churned,0.272,1
C10093,Jagdish,Koshy,21,Other,Mumbai,India,2025-05-20,Active,0.106,0
C10094,Balveer,Bumb,23,Male,Nagpur,India,2026-02-16,Churned,0.482,1
C10095,Diya,Lal,44,Female,Kolkata,India,2025-06-13,Active,0.283,0
C10096,Dipta,Khare,31,Female,Mumbai,India,2024-07-14,Churned,0.109,1
C10097,Meghana,Deep,28,Female,Mumbai,India,2024-10-17,Churned,0.57,1
C10098,Charita,Shankar,42,Female,Kolkata,India,2026-07-10,Active,0.034,0
C10099,Elijah,Andra,36,Female,Kolkata,India,2025-01-04,Churned,0.153,1
C10100,Harish,Borah,27,Male,Bengaluru,India,2025-08-12,Churned,0.469,1
C10101,Tanay,Toor,31,Male,Mumbai,India,2025-12-14,Active,0.464,0
C10102,Kevin,Palla,65,Female,Mumbai,India,2024-10-16,Active,0.096,0
C10103,Yash,Pingle,21,Other,Kolkata,India,2023-12-16,Active,0.141,0
C10104,Nakul,Sarma,50,Other,Nagpur,India,2024-11-16,Active,0.19,0
C10105,Chasmum,Wadhwa,21,Other,Pune,India,2025-12-22,Active,0.181,0
C10106,Chandani,Chawla,29,Male,Pune,India,2023-09-13,Active,0.055,0
C10107,Aishani,D’Alia,61,Male,Chennai,India,2024-03-27,Active,0.065,0
C10108,Nachiket,Magar,25,Other,Delhi,India,2024-02-14,Active,0.551,0
C10109,Shivansh,Oza,55,Other,Mumbai,India,2024-11-11,Active,0.113,0
C10110,Aishani,Tiwari,57,Male,Chennai,India,2024-07-13,Active,0.065,0
C10111,Zayan,Behl,60,Other,Hyderabad,India,2025-09-28,Active,0.246,0
C10112,Pallavi,Malhotra,34,Male,Hyderabad,India,2024-01-22,Active,0.309,0
C10113,Aarush,Nath,33,Female,Chennai,India,2023-11-08,Active,0.107,0
C10114,Adweta,Edwin,26,Other,Bengaluru,India,2024-03-22,Active,0.477,0
C10115,Prisha,Andra,47,Female,Pune,India,2025-07-18,Churned,0.569,1
C10116,Faqid,Dixit,18,Female,Pune,India,2024-02-21,Active,0.179,0
C10117,Balendra,Pingle,22,Other,Delhi,India,2025-12-26,Churned,0.538,1
C10118,Manbir,Sani,50,Female,Nagpur,India,2026-02-21,Active,0.12,0
C10119,Benjamin,Morar,40,Male,Delhi,India,2024-03-16,Active,0.508,0
C10120,Balveer,Parmar,41,Female,Nagpur,India,2025-03-20,Active,0.065,0
C10121,Zaid,Chauhan,46,Other,Bengaluru,India,2024-07-23,Churned,0.174,1
C10122,Niharika,Dubey,57,Other,Mumbai,India,2025-03-03,Active,0.091,0
C10123,Nicholas,Goel,60,Other,Bengaluru,India,2024-09-02,Churned,0.402,1
C10124,Aryan,Gola,60,Male,Nagpur,India,2025-06-02,Churned,0.143,1
C10125,Nisha,Kothari,34,Male,Pune,India,2025-01-29,Churned,0.576,1
C10126,Nathaniel,Chokshi,65,Other,Nagpur,India,2024-10-19,Active,0.229,0
C10127,Balvan,Singhal,35,Female,Delhi,India,2025-04-17,Active,0.165,0
C10128,Ryan,Sharma,63,Female,Delhi,India,2024-08-11,Active,0.017,0
C10129,Dalaja,Kari,61,Other,Bengaluru,India,2025-02-25,Churned,0.394,1
C10130,Arjun,Hans,50,Female,Bengaluru,India,2024-08-12,Active,0.137,0
C10131,Falguni,Mallick,21,Male,Chennai,India,2025-05-11,Churned,0.362,1
C10132,Arya,Panchal,35,Male,Mumbai,India,2023-12-17,Active,0.014,0
C10133,Yashodhara,Ratta,39,Male,Bengaluru,India,2026-05-24,Churned,0.388,1
C10134,Garima,Bala,28,Other,Kolkata,India,2026-07-22,Active,0.25,0
C10135,Advika,Gokhale,53,Other,Chennai,India,2024-02-27,Active,0.516,0
C10136,Alka,Barad,53,Male,Pune,India,2026-02-18,Churned,0.461,1
C10137,Radha,Pai,22,Other,Nagpur,India,2024-02-16,Churned,0.567,1
C10138,Rajata,Vaidya,52,Male,Hyderabad,India,2024-12-31,Active,0.301,0
C10139,Lekha,Gupta,55,Other,Nagpur,India,2024-02-27,Active,0.26,0
C10140,Chaitanya,Sarin,45,Male,Mumbai,India,2024-09-30,Churned,0.47,1
C10141,Zinal,Yohannan,37,Female,Mumbai,India,2023-09-03,Active,0.489,0
C10142,Ronith,Patla,40,Male,Delhi,India,2026-08-02,Active,0.038,0
C10143,Ekaraj,Narayanan,60,Male,Hyderabad,India,2025-07-01,Active,0.458,0
C10144,Dipta,Dash,67,Other,Chennai,India,2026-04-26,Active,0.147,0
C10145,Yashica,More,57,Other,Nagpur,India,2024-12-10,Churned,0.509,1
C10146,Nilima,Narain,33,Male,Nagpur,India,2026-07-02,Active,0.103,0
C10147,Chakrika,Datta,44,Male,Nagpur,India,2025-05-18,Active,0.182,0
C10148,Osha,Raghavan,65,Female,Chennai,India,2024-06-25,Active,0.293,0
C10149,Owen,Mitra,69,Other,Delhi,India,2026-07-19,Active,0.077,0
C10150,Aadi,Modi,35,Male,Pune,India,2025-05-23,Active,0.242,0
C10151,Shivansh,Sani,42,Male,Kolkata,India,2024-11-19,Active,0.155,0
C10152,Ekanta,Shroff,32,Male,Kolkata,India,2026-02-17,Active,0.054,0
C10153,Riya,Kala,40,Female,Delhi,India,2025-07-18,Churned,0.473,1
C10154,Urvashi,Gara,32,Male,Delhi,India,2025-11-03,Active,0.302,0
C10155,Frado,Mander,43,Female,Bengaluru,India,2026-06-20,Active,0.16,0
C10156,Gautami,Chander,22,Female,Hyderabad,India,2025-11-09,Active,0.244,0
C10157,Dayita,Kar,59,Other,Chennai,India,2024-08-30,Churned,0.083,1
C10158,Manan,Bakshi,61,Other,Hyderabad,India,2024-07-06,Active,0.264,0
C10159,Yash,Soman,19,Male,Bengaluru,India,2023-11-11,Active,0.521,0
C10160,Elijah,Shah,29,Other,Bengaluru,India,2026-04-07,Active,0.116,0
C10161,Robert,Rajagopalan,20,Male,Chennai,India,2025-06-05,Churned,0.535,1
C10162,Mugdha,Kohli,40,Other,Hyderabad,India,2025-10-07,Active,0.546,0
C10163,Abdul,Chhabra,45,Other,Pune,India,2024-04-17,Churned,0.575,1
C10164,Theodore,Goda,42,Other,Delhi,India,2025-06-22,Active,0.235,0
C10165,Zarna,Shetty,34,Male,Chennai,India,2026-08-17,Active,0.342,0
C10166,Zaid,Dara,18,Other,Delhi,India,2023-11-18,Churned,0.436,1
C10167,Kiaan,Shetty,41,Female,Pune,India,2025-08-10,Active,0.201,0
C10168,Edhitha,Savant,60,Female,Hyderabad,India,2026-07-04,Active,0.105,0
C10169,Yamini,Sandhu,60,Male,Bengaluru,India,2026-04-09,Active,0.086,0
C10170,Sanaya,Dutt,50,Female,Chennai,India,2025-12-30,Active,0.527,0
C10171,Shivani,Lad,38,Female,Bengaluru,India,2025-09-07,Active,0.349,0
C10172,Aradhana,Verma,53,Male,Delhi,India,2024-09-19,Active,0.117,0
C10173,William,Maharaj,44,Other,Chennai,India,2025-09-22,Churned,0.44,1
C10174,Faras,Mangal,61,Other,Nagpur,India,2025-07-15,Active,0.564,0
C10175,Anita,Nayak,57,Other,Bengaluru,India,2024-08-30,Active,0.037,0
C10176,Faris,Devi,43,Other,Mumbai,India,2025-01-09,Active,0.13,0
C10177,Vihaan,Rajagopal,37,Female,Delhi,India,2024-04-22,Active,0.066,0
C10178,Michael,Kala,45,Other,Hyderabad,India,2026-08-14,Active,0.307,0
C10179,Oeshi,Reddy,47,Female,Kolkata,India,2023-12-09,Active,0.403,0
C10180,Unnati,Sagar,61,Male,Kolkata,India,2025-01-27,Active,0.274,0
C10181,Samuel,Salvi,68,Other,Nagpur,India,2023-12-06,Churned,0.439,1
C10182,Anmol,Rai,60,Male,Bengaluru,India,2025-04-28,Active,0.226,0
C10183,Abeer,Pandey,50,Other,Hyderabad,India,2025-09-10,Active,0.274,0
C10184,Madhavi,Saini,23,Male,Bengaluru,India,2024-12-07,Churned,0.376,1
C10185,Thomas,Sura,32,Male,Nagpur,India,2025-12-15,Active,0.35,0
C10186,Anjali,Sarin,19,Male,Delhi,India,2024-08-06,Active,0.34,0
C10187,Ayush,Ramachandran,48,Other,Pune,India,2025-09-24,Churned,0.389,1
C10188,Nidhi,Gandhi,47,Female,Delhi,India,2025-02-04,Active,0.087,0
C10189,Joshua,Walla,63,Other,Chennai,India,2025-08-27,Active,0.564,0
C10190,Meera,Bala,49,Female,Delhi,India,2023-10-12,Active,0.181,0
C10191,Priya,Deshmukh,27,Other,Mumbai,India,2024-01-09,Active,0.112,0
C10192,Qabil,Bedi,66,Male,Chennai,India,2025-08-18,Churned,0.463,1
C10193,Ladli,Narang,32,Male,Kolkata,India,2024-10-09,Churned,0.454,1
C10194,Suhani,Narain,21,Other,Delhi,India,2024-07-25,Active,0.128,0
C10195,Ladli,Mall,25,Female,Nagpur,India,2025-02-06,Churned,0.375,1
C10196,Zayyan,Bumb,69,Female,Hyderabad,India,2025-06-16,Active,0.179,0
C10197,Anirudh,Zacharia,66,Female,Chennai,India,2025-08-31,Churned,0.417,1
C10198,Inaya,Kapur,53,Female,Nagpur,India,2023-11-20,Churned,0.414,1
C10199,Ekapad,Baria,65,Female,Kolkata,India,2026-06-06,Active,0.336,0
C10200,Yug,Iyengar,34,Male,Bengaluru,India,2023-10-19,Active,0.075,0
C10201,Michael,Khare,67,Other,Kolkata,India,2023-10-02,Churned,0.11,1
C10202,Urvashi,Contractor,58,Male,Bengaluru,India,2024-03-15,Active,0.151,0
C10203,Tejas,Shroff,46,Male,Bengaluru,India,2026-01-24,Churned,0.412,1
C10204,Aahana,Pillay,33,Female,Hyderabad,India,2026-08-22,Active,0.119,0
C10205,Ishwar,Gade,38,Other,Pune,India,2024-05-18,Active,0.371,0
C10206,Hritik,Bal,26,Male,Delhi,India,2024-12-27,Churned,0.512,1
C10207,Keya,Ranganathan,42,Other,Nagpur,India,2024-12-28,Active,0.325,0
C10208,Faqid,Kibe,63,Male,Pune,India,2024-07-05,Active,0.443,0
C10209,Charvi,Dara,44,Female,Hyderabad,India,2024-02-06,Active,0.509,0
C10210,Benjamin,Palan,52,Female,Chennai,India,2026-01-27,Active,0.147,0
C10211,Priya,Prabhakar,21,Male,Chennai,India,2025-12-06,Churned,0.259,1
C10212,Yashawini,Om,42,Other,Mumbai,India,2023-12-17,Active,0.109,0
C10213,Osha,Suri,66,Other,Chennai,India,2023-09-20,Active,0.01,0
C10214,Rachita,Pathak,48,Male,Hyderabad,India,2024-02-11,Churned,0.294,1
C10215,Tripti,Dua,37,Female,Chennai,India,2026-05-15,Active,0.335,0
C10216,Patrick,Vig,52,Other,Delhi,India,2025-07-08,Churned,0.314,1
C10217,Anamika,Yohannan,49,Male,Bengaluru,India,2026-06-07,Active,0.442,0
C10218,Udyati,Sarin,45,Female,Mumbai,India,2025-09-21,Churned,0.408,1
C10219,Amrita,Naidu,42,Female,Chennai,India,2026-03-09,Active,0.107,0
C10220,Gabriel,Mallick,64,Male,Kolkata,India,2024-09-16,Active,0.271,0
C10221,Yagnesh,Shetty,26,Other,Mumbai,India,2025-08-01,Active,0.01,0
C10222,Ladli,Nayar,43,Other,Mumbai,India,2026-02-02,Active,0.517,0
C10223,Warda,Nair,23,Other,Chennai,India,2023-10-15,Churned,0.181,1
C10224,Vinaya,Kala,26,Female,Nagpur,India,2024-06-09,Churned,0.499,1
C10225,Aarna,Oak,21,Female,Chennai,India,2025-03-05,Active,0.438,0
C10226,Anya,Anne,38,Male,Kolkata,India,2024-11-08,Active,0.258,0
C10227,Rayaan,Chada,38,Female,Chennai,India,2025-11-11,Churned,0.342,1
C10228,Niharika,Suresh,35,Female,Bengaluru,India,2024-09-09,Active,0.091,0
C10229,Wridesh,Soni,23,Female,Mumbai,India,2026-01-10,Active,0.381,0
C10230,Vritti,Sem,65,Other,Mumbai,India,2026-05-31,Active,0.01,0
C10231,Girik,Menon,40,Male,Pune,India,2023-09-27,Active,0.012,0
C10232,Nidhi,Kohli,67,Other,Mumbai,India,2024-08-10,Churned,0.455,1
C10233,Jyoti,Solanki,66,Male,Delhi,India,2024-12-19,Active,0.196,0
C10234,Hemangini,Sandal,30,Male,Nagpur,India,2026-01-07,Churned,0.429,1
C10235,Ganga,Pandey,33,Male,Kolkata,India,2026-01-02,Churned,0.422,1
C10236,Sudiksha,Madan,60,Male,Delhi,India,2026-08-27,Churned,0.481,1
C10237,Zayan,Kashyap,47,Other,Bengaluru,India,2024-12-20,Active,0.104,0
C10238,Reyansh,Mutti,67,Female,Nagpur,India,2024-03-06,Churned,0.153,1
C10239,Qasim,Handa,56,Other,Pune,India,2024-03-04,Churned,0.487,1
C10240,Veda,Malhotra,67,Male,Bengaluru,India,2024-08-02,Active,0.197,0
C10241,Barkha,Chaudhry,24,Other,Mumbai,India,2026-03-04,Churned,0.543,1
C10242,Chaman,Karan,37,Other,Chennai,India,2024-06-28,Active,0.145,0
C10243,Praneel,Mittal,43,Other,Delhi,India,2025-03-14,Churned,0.358,1
C10244,Jonathan,Mahal,22,Other,Delhi,India,2023-09-22,Active,0.305,0
C10245,Chatura,Master,24,Other,Bengaluru,India,2023-11-10,Churned,0.175,1
C10246,Jonathan,Swaminathan,61,Other,Pune,India,2026-08-19,Active,0.046,0
C10247,Advik,Mane,68,Other,Mumbai,India,2024-02-07,Active,0.408,0
C10248,Varenya,Sastry,40,Other,Chennai,India,2025-08-30,Active,0.426,0
C10249,Qarin,Behl,60,Female,Pune,India,2025-02-11,Active,0.538,0
C10250,Vanya,Comar,50,Other,Hyderabad,India,2024-09-27,Churned,0.277,1
C10251,Nandini,Swamy,18,Female,Kolkata,India,2023-12-11,Churned,0.47,1
C10252,Chatresh,Doshi,24,Female,Hyderabad,India,2023-12-25,Active,0.031,0
C10253,Daksha,Chada,58,Female,Nagpur,India,2024-04-19,Active,0.448,0
C10254,Jagat,Saha,45,Male,Bengaluru,India,2024-09-20,Churned,0.491,1
C10255,Upkaar,Virk,57,Other,Kolkata,India,2026-03-30,Active,0.175,0
C10256,Shravya,Savant,47,Female,Bengaluru,India,2025-04-13,Active,0.141,0
C10257,Pushti,Mody,38,Male,Pune,India,2024-12-05,Churned,0.173,1
C10258,Darpan,Chaudhary,35,Female,Delhi,India,2026-01-31,Active,0.505,0
C10259,Siddharth,Lalla,66,Female,Chennai,India,2024-07-19,Churned,0.338,1
C10260,Finn,Dugar,39,Male,Kolkata,India,2026-06-22,Active,0.099,0
C10261,Oscar,Borde,38,Male,Kolkata,India,2024-09-07,Active,0.139,0
C10262,Aarnav,Rege,31,Female,Bengaluru,India,2024-05-01,Churned,0.577,1
C10263,Upma,Manne,39,Female,Bengaluru,India,2025-07-31,Active,0.384,0
C10264,Vincent,Mani,53,Male,Delhi,India,2023-10-21,Active,0.141,0
C10265,Sudiksha,Bobal,23,Male,Chennai,India,2024-11-13,Active,0.106,0
C10266,Vivaan,Lalla,49,Other,Delhi,India,2026-08-03,Churned,0.261,1
C10267,Rudra,Sandal,62,Female,Kolkata,India,2026-04-28,Active,0.28,0
C10268,Umang,Dixit,46,Male,Pune,India,2024-02-26,Churned,0.157,1
C10269,Lucky,Bora,36,Male,Chennai,India,2024-10-17,Active,0.565,0
C10270,Noah,Mohanty,62,Male,Bengaluru,India,2023-12-02,Active,0.345,0
C10271,Bhavya,Sarna,60,Other,Hyderabad,India,2026-03-13,Churned,0.595,1
C10272,Upadhriti,Modi,48,Other,Hyderabad,India,2024-03-12,Active,0.323,0
C10273,Neha,Magar,45,Other,Hyderabad,India,2026-08-22,Active,0.362,0
C10274,Wakeeta,Sarma,40,Other,Kolkata,India,2025-10-17,Churned,0.391,1
C10275,Balveer,Sankaran,35,Female,Bengaluru,India,2024-01-03,Churned,0.432,1
C10276,Zashil,Bal,32,Male,Delhi,India,2025-01-13,Churned,0.432,1
C10277,Veer,Bail,38,Male,Nagpur,India,2024-01-20,Active,0.435,0
C10278,Amruta,Baria,30,Male,Kolkata,India,2026-07-11,Active,0.088,0
C10279,Upma,Venkataraman,35,Other,Bengaluru,India,2024-05-30,Active,0.343,0
C10280,Riya,Mall,24,Male,Bengaluru,India,2026-06-09,Churned,0.556,1
C10281,Rajata,Swamy,32,Female,Nagpur,India,2024-06-08,Active,0.15,0
C10282,Upma,Pall,37,Male,Nagpur,India,2024-01-20,Active,0.494,0
C10283,Gauri,Nagi,35,Male,Mumbai,India,2025-05-27,Churned,0.535,1
C10284,Henry,Dyal,53,Female,Nagpur,India,2026-07-08,Active,0.219,0
C10285,Nisha,Tandon,58,Female,Pune,India,2025-01-25,Active,0.39,0
C10286,Nandini,Bansal,18,Other,Bengaluru,India,2024-11-21,Churned,0.231,1
C10287,Gaurang,Murty,48,Female,Kolkata,India,2025-08-07,Active,0.12,0
C10288,Ekiya,D’Alia,39,Male,Mumbai,India,2024-09-27,Churned,0.166,1
C10289,Yoshita,Agarwal,34,Female,Pune,India,2025-05-20,Churned,0.495,1
C10290,Turvi,Sachdev,70,Male,Chennai,India,2026-06-18,Active,0.149,0
C10291,Raghav,Vasa,49,Male,Mumbai,India,2023-11-24,Churned,0.426,1
C10292,Wishi,Sathe,27,Male,Bengaluru,India,2025-03-16,Active,0.229,0
C10293,Samar,Loke,23,Male,Pune,India,2023-11-20,Active,0.163,0
C10294,Karan,Mani,53,Female,Delhi,India,2026-01-01,Active,0.438,0
C10295,Vedhika,Dara,67,Other,Chennai,India,2025-07-12,Active,0.193,0
C10296,Wriddhish,Dutt,46,Female,Bengaluru,India,2023-10-15,Active,0.344,0
C10297,Akshay,Reddy,55,Female,Bengaluru,India,2024-12-26,Active,0.018,0
C10298,Umang,Comar,54,Other,Mumbai,India,2024-01-23,Active,0.49,0
C10299,Jacob,Dube,57,Other,Pune,India,2025-08-17,Active,0.547,0
C10300,Bishakha,Upadhyay,66,Male,Delhi,India,2025-10-14,Active,0.269,0
C10301,Ojasvi,Subramanian,34,Other,Pune,India,2024-10-29,Active,0.117,0
C10302,Yagnesh,Shan,28,Male,Nagpur,India,2025-09-03,Active,0.268,0
C10303,Maanav,Rajagopal,53,Male,Nagpur,India,2026-01-04,Active,0.492,0
C10304,Yashoda,Deshpande,18,Female,Kolkata,India,2024-06-23,Active,0.421,0
C10305,Anya,Sachdeva,62,Other,Kolkata,India,2023-12-18,Churned,0.35,1
C10306,Yashica,Loke,36,Male,Delhi,India,2025-02-09,Churned,0.384,1
C10307,Barkha,Misra,36,Other,Bengaluru,India,2023-09-04,Active,0.393,0
C10308,Vrishti,Dixit,62,Female,Pune,India,2026-02-28,Churned,0.167,1
C10309,Veda,Pai,61,Male,Bengaluru,India,2025-07-25,Active,0.386,0
C10310,Krishna,Shah,68,Other,Delhi,India,2025-01-29,Active,0.161,0
C10311,Ranbir,Khare,45,Male,Delhi,India,2025-01-12,Active,0.498,0
C10312,Leela,Kaur,59,Male,Bengaluru,India,2026-02-05,Active,0.337,0
C10313,Caleb,Nadkarni,70,Male,Pune,India,2025-05-31,Active,0.542,0
C10314,Lakshmi,Raju,21,Male,Bengaluru,India,2025-09-04,Active,0.146,0
C10315,Max,Tandon,56,Other,Bengaluru,India,2026-06-28,Active,0.084,0
C10316,Jonathan,Thakkar,46,Male,Kolkata,India,2023-10-28,Churned,0.251,1
C10317,Garima,Chaudhry,62,Female,Chennai,India,2026-03-05,Churned,0.531,1
C10318,Harish,Vora,35,Other,Kolkata,India,2025-07-15,Active,0.491,0
C10319,Alexander,Dhawan,46,Male,Mumbai,India,2025-08-10,Active,0.133,0
C10320,Mohammed,Borde,45,Other,Hyderabad,India,2025-05-29,Active,0.027,0
C10321,Alka,Nigam,56,Female,Mumbai,India,2025-08-30,Active,0.482,0
C10322,Mitali,Buch,23,Male,Mumbai,India,2026-04-26,Active,0.501,0
C10323,Lajita,Nadig,66,Other,Bengaluru,India,2025-01-23,Churned,0.412,1
C10324,Vinaya,Banik,54,Male,Nagpur,India,2026-05-01,Churned,0.459,1
C10325,Ekapad,Keer,48,Other,Kolkata,India,2026-04-17,Active,0.159,0
C10326,Bhavna,Karan,35,Male,Chennai,India,2026-05-08,Active,0.339,0
C10327,Radha,Chaudhari,58,Female,Pune,India,2024-01-19,Churned,0.539,1
C10328,Harish,Sawhney,48,Female,Chennai,India,2026-05-12,Active,0.123,0
C10329,Chandani,Balakrishnan,39,Female,Pune,India,2024-05-16,Active,0.108,0
C10330,Ekta,Bhalla,28,Female,Chennai,India,2023-11-11,Active,0.065,0
C10331,Jagrati,Prasad,62,Female,Bengaluru,India,2024-11-29,Churned,0.136,1
C10332,Madhav,Konda,60,Female,Mumbai,India,2025-07-01,Active,0.241,0
C10333,Nisha,Gole,47,Male,Hyderabad,India,2025-12-04,Active,0.11,0
C10334,Parth,Brar,34,Female,Pune,India,2024-05-22,Active,0.205,0
C10335,Lavanya,Khosla,67,Female,Mumbai,India,2026-04-04,Active,0.119,0
C10336,Luke,Kata,60,Other,Kolkata,India,2025-10-13,Churned,0.117,1
C10337,Aachal,Sharaf,44,Male,Delhi,India,2025-08-17,Active,0.01,0
C10338,Aditya,Shroff,51,Female,Kolkata,India,2024-10-01,Churned,0.441,1
C10339,Nakul,Borah,58,Female,Mumbai,India,2024-11-20,Active,0.391,0
C10340,Hemani,Mistry,31,Female,Nagpur,India,2025-07-18,Churned,0.397,1
C10341,Panini,Krishna,36,Female,Kolkata,India,2026-05-20,Active,0.182,0
C10342,Chasmum,Issac,25,Male,Delhi,India,2025-08-10,Active,0.317,0
C10343,Vasudha,Chhabra,63,Male,Bengaluru,India,2025-04-20,Active,0.173,0
C10344,Lakshmi,Parmer,53,Male,Chennai,India,2024-09-03,Active,0.157,0
C10345,Chakrika,Merchant,23,Male,Pune,India,2026-02-09,Active,0.077,0
C10346,Meghana,Maharaj,47,Male,Nagpur,India,2023-10-05,Active,0.332,0
C10347,Chandran,Taneja,49,Other,Bengaluru,India,2023-09-13,Active,0.051,0
C10348,Victor,Pandey,50,Other,Bengaluru,India,2024-11-18,Active,0.311,0
C10349,Ranveer,Krishna,44,Female,Kolkata,India,2024-08-06,Churned,0.529,1
C10350,Laksh,Chatterjee,33,Female,Nagpur,India,2026-07-19,Active,0.015,0
C10351,Balveer,More,42,Male,Nagpur,India,2026-05-02,Active,0.153,0
C10352,Bahadurjit,Patla,22,Female,Chennai,India,2025-07-16,Active,0.114,0
C10353,Gautam,Merchant,39,Other,Bengaluru,India,2024-03-23,Churned,0.186,1
C10354,Ojasvi,Gill,70,Male,Bengaluru,India,2025-01-20,Churned,0.432,1
C10355,Kevin,Zacharia,64,Female,Kolkata,India,2024-07-08,Churned,0.325,1
C10356,Yachana,Mahajan,27,Female,Kolkata,India,2025-03-22,Active,0.356,0
C10357,Aarini,Subramaniam,40,Female,Chennai,India,2024-05-13,Active,0.527,0
C10358,Hamsini,Contractor,47,Female,Delhi,India,2024-12-02,Churned,0.315,1
C10359,Faqid,Dhaliwal,62,Male,Chennai,India,2025-08-28,Churned,0.483,1
C10360,Mekhala,Pau,32,Female,Mumbai,India,2024-08-16,Active,0.112,0
C10361,Megha,Atwal,38,Other,Kolkata,India,2024-01-19,Active,0.574,0
C10362,Jatin,Sha,63,Female,Chennai,India,2024-10-15,Churned,0.487,1
C10363,Adweta,Raj,60,Other,Nagpur,India,2025-03-26,Churned,0.457,1
C10364,Kamya,Chokshi,49,Male,Nagpur,India,2026-05-19,Active,0.014,0
C10365,Vivaan,Sinha,50,Other,Hyderabad,India,2026-07-15,Active,0.2,0
C10366,Falak,Kant,24,Female,Pune,India,2023-10-09,Churned,0.396,1
C10367,Dev,Shetty,51,Female,Mumbai,India,2026-06-03,Churned,0.547,1
C10368,Chasmum,Rege,64,Male,Chennai,India,2026-08-25,Churned,0.286,1
C10369,Logan,Bath,59,Male,Pune,India,2024-02-29,Churned,0.339,1
C10370,Daksha,Tailor,48,Female,Hyderabad,India,2023-10-28,Active,0.524,0
C10371,Gunbir,Keer,57,Other,Chennai,India,2024-02-28,Active,0.046,0
C10372,Krishna,Rama,59,Male,Hyderabad,India,2025-12-14,Churned,0.555,1
C10373,Kamala,Zachariah,61,Other,Chennai,India,2025-08-05,Churned,0.173,1
C10374,Mohammed,Sachdeva,38,Other,Kolkata,India,2025-06-13,Active,0.338,0
C10375,Hardik,Suri,52,Male,Pune,India,2026-06-14,Churned,0.571,1
C10376,Nikita,Mammen,33,Other,Bengaluru,India,2026-04-14,Churned,0.092,1
C10377,Kamala,Kalla,32,Other,Pune,India,2023-10-21,Active,0.363,0
C10378,Sai,Keer,45,Male,Pune,India,2025-07-20,Active,0.194,0
C10379,Hardik,Pillai,46,Male,Bengaluru,India,2025-03-17,Active,0.442,0
C10380,Jagrati,Bhat,19,Male,Hyderabad,India,2025-12-24,Active,0.169,0
C10381,Anya,Gupta,68,Male,Bengaluru,India,2025-05-11,Active,0.315,0
C10382,Suhani,Chand,40,Female,Chennai,India,2024-03-08,Active,0.125,0
C10383,Simon,Bail,27,Male,Chennai,India,2026-06-26,Active,0.153,0
C10384,Gauri,Kohli,54,Other,Nagpur,India,2023-11-18,Churned,0.176,1
C10385,Samesh,Biswas,28,Male,Pune,India,2024-03-14,Churned,0.434,1
C10386,Sarthak,Kalita,57,Female,Delhi,India,2026-01-08,Churned,0.411,1
C10387,Falguni,Divan,49,Other,Nagpur,India,2024-08-27,Active,0.193,0
C10388,Aarnav,Malhotra,32,Female,Bengaluru,India,2026-03-14,Active,0.56,0
C10389,Kalpit,Zachariah,47,Female,Mumbai,India,2024-04-12,Active,0.123,0
C10390,Owen,Choudhary,69,Female,Bengaluru,India,2024-09-24,Churned,0.372,1
C10391,Atharv,Deep,61,Other,Nagpur,India,2026-06-23,Active,0.369,0
C10392,Ishita,Khanna,22,Female,Hyderabad,India,2023-09-24,Active,0.605,0
C10393,Ekiya,Babu,55,Female,Chennai,India,2026-03-03,Churned,0.118,1
C10394,Alka,Ben,62,Female,Kolkata,India,2024-05-28,Active,0.158,0
C10395,Oviya,Vora,37,Male,Chennai,India,2024-03-15,Churned,0.446,1
C10396,Devansh,Soni,48,Male,Delhi,India,2024-02-24,Active,0.015,0
C10397,Janaki,Varghese,42,Other,Hyderabad,India,2025-07-28,Active,0.231,0
C10398,Ikbal,Seth,54,Female,Bengaluru,India,2026-03-11,Churned,0.402,1
C10399,Timothy,Bassi,19,Other,Chennai,India,2025-10-22,Active,0.273,0
C10400,Charvi,Shanker,35,Male,Mumbai,India,2026-06-20,Churned,0.22,1
C10401,Azaan,Bhat,56,Other,Kolkata,India,2026-05-27,Active,0.451,0
C10402,Neelima,Sandhu,36,Male,Hyderabad,India,2025-09-14,Churned,0.538,1
C10403,Hritik,Swaminathan,32,Other,Delhi,India,2026-08-01,Active,0.122,0
C10404,Ethan,Buch,57,Female,Nagpur,India,2025-07-21,Churned,0.173,1
C10405,Manbir,Bhatti,58,Male,Mumbai,India,2025-01-13,Active,0.525,0
C10406,Anvi,Nair,37,Female,Mumbai,India,2024-03-15,Churned,0.398,1
C10407,Chaitaly,Setty,55,Female,Nagpur,India,2025-04-14,Churned,0.112,1
C10408,Qushi,Chaudhary,23,Female,Hyderabad,India,2025-10-25,Active,0.187,0
C10409,Ishwar,Kale,65,Female,Nagpur,India,2026-08-26,Active,0.059,0
C10410,Siya,Kari,30,Male,Hyderabad,India,2025-06-30,Active,0.305,0
C10411,Harinakshi,Setty,51,Other,Bengaluru,India,2025-06-04,Active,0.16,0
C10412,Ojasvi,Chandran,28,Female,Kolkata,India,2025-05-12,Active,0.113,0
C10413,Prisha,Munshi,69,Female,Hyderabad,India,2024-12-29,Active,0.054,0
C10414,Aadhya,Prasad,69,Male,Kolkata,India,2026-06-30,Active,0.285,0
C10415,Urvi,Bhavsar,22,Male,Delhi,India,2024-04-25,Active,0.074,0
C10416,Frederick,Chander,61,Other,Chennai,India,2024-01-20,Active,0.502,0
C10417,Gopal,Pradhan,69,Other,Hyderabad,India,2025-07-02,Active,0.414,0
C10418,Darpan,Narayan,23,Female,Mumbai,India,2024-03-21,Active,0.53,0
C10419,Jason,Roy,34,Other,Pune,India,2026-07-07,Active,0.191,0
C10420,Pallavi,Behl,47,Female,Bengaluru,India,2025-03-03,Active,0.138,0
C10421,Devika,Pandey,55,Female,Hyderabad,India,2024-11-20,Active,0.181,0
C10422,Yashica,Kala,24,Other,Delhi,India,2024-02-08,Churned,0.418,1
C10423,Vasatika,Kapur,48,Male,Hyderabad,India,2024-04-28,Active,0.015,0
C10424,Inaya,Pillai,57,Male,Pune,India,2024-02-16,Churned,0.259,1
C10425,Arya,Kara,58,Female,Bengaluru,India,2024-02-26,Active,0.2,0
C10426,Atharv,Loke,59,Female,Pune,India,2025-06-28,Active,0.01,0
C10427,Pranit,Mahajan,26,Male,Mumbai,India,2023-10-15,Churned,0.501,1
C10428,Dayamai,Nori,37,Female,Pune,India,2026-08-27,Active,0.201,0
C10429,Abeer,Golla,24,Male,Nagpur,India,2025-02-27,Active,0.254,0
C10430,Nandini,Boase,42,Female,Hyderabad,India,2024-04-10,Active,0.536,0
C10431,Azaan,Chand,60,Other,Chennai,India,2024-04-08,Active,0.078,0
C10432,Tanveer,Puri,55,Other,Nagpur,India,2025-12-03,Active,0.252,0
C10433,Sudiksha,Om,44,Other,Pune,India,2025-06-14,Active,0.34,0
C10434,Kala,Muni,49,Other,Chennai,India,2024-05-02,Active,0.116,0
C10435,Frado,Ben,35,Male,Hyderabad,India,2025-01-16,Churned,0.266,1
C10436,Nakul,Bawa,31,Female,Kolkata,India,2024-04-29,Active,0.137,0
C10437,Finn,Magar,33,Female,Pune,India,2026-07-13,Active,0.144,0
C10438,Panini,Sunder,61,Female,Hyderabad,India,2025-07-20,Active,0.403,0
C10439,Riya,Sachdeva,21,Female,Bengaluru,India,2026-04-01,Active,0.172,0
C10440,Tanveer,Vala,30,Male,Kolkata,India,2024-10-29,Active,0.103,0
C10441,Hemani,Sani,23,Other,Delhi,India,2024-02-24,Active,0.273,0
C10442,Bhanumati,Sur,59,Other,Mumbai,India,2024-02-20,Active,0.102,0
C10443,Darika,Bath,21,Female,Delhi,India,2025-11-27,Active,0.16,0
C10444,Megha,Bhakta,26,Other,Delhi,India,2024-08-08,Active,0.145,0
C10445,Samarth,Mitra,22,Other,Delhi,India,2023-09-12,Active,0.29,0
C10446,Laksh,Kumer,55,Male,Delhi,India,2024-07-25,Churned,0.152,1
C10447,Falak,Dar,39,Male,Mumbai,India,2024-11-23,Active,0.563,0
C10448,Widisha,Sani,35,Male,Nagpur,India,2023-09-13,Active,0.147,0
C10449,Kai,Rai,52,Female,Nagpur,India,2024-05-30,Churned,0.209,1
C10450,Victor,Tella,25,Other,Mumbai,India,2025-12-06,Active,0.331,0
C10451,Irya,Bora,26,Male,Hyderabad,India,2026-01-15,Active,0.201,0
C10452,Brijesh,Sarin,68,Male,Hyderabad,India,2025-05-09,Churned,0.498,1
C10453,Tripti,Brahmbhatt,19,Male,Bengaluru,India,2023-09-30,Churned,0.142,1
C10454,Pushti,Ravel,21,Male,Chennai,India,2024-12-30,Active,0.082,0
C10455,Omisha,Mann,51,Male,Pune,India,2026-05-22,Active,0.206,0
C10456,Nidhi,Bail,48,Female,Hyderabad,India,2024-02-26,Active,0.139,0
C10457,Onveer,Sharma,50,Other,Pune,India,2025-01-17,Active,0.442,0
C10458,Janaki,Chakrabarti,46,Other,Delhi,India,2026-08-07,Active,0.235,0
C10459,Hitesh,Kohli,57,Male,Bengaluru,India,2025-07-10,Churned,0.409,1
C10460,Nandini,Viswanathan,47,Other,Mumbai,India,2025-07-08,Active,0.226,0
C10461,Meghana,Mukherjee,21,Female,Chennai,India,2024-01-01,Active,0.287,0
C10462,Timothy,Nath,45,Other,Pune,India,2025-02-09,Churned,0.489,1
C10463,Faraj,Uppal,49,Other,Kolkata,India,2024-05-19,Active,0.123,0
C10464,Ishaan,Wali,22,Male,Hyderabad,India,2026-05-11,Active,0.407,0
C10465,Rishi,Palla,56,Male,Pune,India,2025-11-01,Active,0.363,0
C10466,Manbir,Keer,26,Female,Hyderabad,India,2025-02-27,Churned,0.194,1
C10467,Madhav,Kunda,42,Other,Bengaluru,India,2024-02-07,Active,0.178,0
C10468,Oscar,Dua,47,Other,Chennai,India,2024-07-03,Active,0.317,0
C10469,Faqid,Goel,24,Other,Pune,India,2026-06-15,Churned,0.582,1
C10470,Wakeeta,Shetty,59,Other,Delhi,India,2026-05-03,Active,0.192,0
C10471,Saumya,Naidu,45,Female,Delhi,India,2026-01-23,Active,0.327,0
C10472,Diya,Dora,44,Female,Kolkata,India,2026-05-02,Active,0.165,0
C10473,Ekansh,Singh,43,Female,Pune,India,2025-07-15,Active,0.201,0
C10474,Chavvi,Maharaj,38,Female,Hyderabad,India,2025-07-18,Churned,0.194,1
C10475,Daksh,Pandey,60,Female,Hyderabad,India,2026-03-07,Active,0.287,0
C10476,Ethan,Mukherjee,27,Other,Kolkata,India,2025-10-28,Active,0.14,0
C10477,Siya,Barad,22,Male,Pune,India,2025-08-18,Churned,0.198,1
C10478,Jyoti,Mangat,23,Female,Pune,India,2023-11-28,Active,0.142,0
C10479,Gautam,Tripathi,65,Other,Hyderabad,India,2023-12-29,Active,0.152,0
C10480,Turvi,Barman,69,Male,Mumbai,India,2025-04-20,Churned,0.347,1
C10481,Raghav,Nagy,55,Other,Hyderabad,India,2025-07-30,Active,0.088,0
C10482,Vamakshi,Thaker,60,Male,Chennai,India,2026-03-28,Active,0.425,0
C10483,David,Seshadri,40,Other,Chennai,India,2024-04-22,Active,0.359,0
C10484,Hemal,Chad,64,Male,Bengaluru,India,2024-02-08,Active,0.452,0
C10485,Orinder,Baral,56,Female,Hyderabad,India,2025-10-23,Active,0.357,0
C10486,Raksha,Sarna,24,Other,Delhi,India,2024-09-19,Churned,0.366,1
C10487,Nathan,Patla,27,Other,Kolkata,India,2025-11-23,Active,0.473,0
C10488,Barkha,Ram,32,Male,Hyderabad,India,2025-04-02,Active,0.01,0
C10489,Hamsini,Ben,53,Female,Pune,India,2025-05-28,Active,0.06,0
C10490,Gaurika,Bhatti,66,Female,Delhi,India,2026-05-08,Active,0.13,0
C10491,Girindra,Raju,69,Female,Mumbai,India,2025-01-25,Active,0.133,0
C10492,Zayyan,Doctor,56,Other,Bengaluru,India,2024-11-15,Active,0.341,0
C10493,Finn,Dhaliwal,19,Male,Bengaluru,India,2025-01-30,Active,0.473,0
C10494,Dayita,Ramanathan,62,Female,Hyderabad,India,2025-02-25,Active,0.149,0
C10495,Frado,Mukherjee,40,Male,Nagpur,India,2024-03-19,Churned,0.425,1
C10496,Krisha,Narasimhan,27,Other,Chennai,India,2026-01-16,Churned,0.46,1
C10497,Girik,Sampath,22,Male,Mumbai,India,2024-03-17,Churned,0.507,1
C10498,Janaki,Badami,23,Other,Delhi,India,2025-10-29,Active,0.416,0
C10499,Dayamai,Gole,42,Female,Kolkata,India,2025-03-17,Active,0.572,0
C10500,Harita,Sunder,39,Male,Hyderabad,India,2024-07-29,Active,0.195,0
C10501,Upkaar,Devan,37,Other,Hyderabad,India,2024-06-25,Active,0.099,0
C10502,Faras,Merchant,67,Other,Pune,India,2024-04-28,Churned,0.337,1
C10503,Yashica,Zacharia,21,Male,Nagpur,India,2024-02-05,Active,0.311,0
C10504,Baljiwan,Nayar,66,Other,Mumbai,India,2025-11-26,Churned,0.249,1
C10505,Karan,Puri,61,Male,Bengaluru,India,2026-04-18,Active,0.025,0
C10506,Nicholas,Golla,46,Other,Chennai,India,2024-04-27,Churned,0.022,1
C10507,Noah,Sarma,49,Other,Kolkata,India,2026-08-12,Active,0.394,0
C10508,Nirja,Patla,44,Female,Delhi,India,2023-11-07,Churned,0.371,1
C10509,Wazir,Sawhney,66,Other,Pune,India,2026-07-17,Active,0.168,0
C10510,Bhavani,Sen,40,Female,Pune,India,2026-04-06,Active,0.572,0
C10511,William,More,36,Other,Kolkata,India,2024-08-29,Active,0.15,0
C10512,Rishi,Pillai,51,Other,Bengaluru,India,2025-08-29,Churned,0.422,1
C10513,Ridhi,Shenoy,20,Male,Chennai,India,2026-07-20,Active,0.094,0
C10514,Lavanya,Thakkar,56,Male,Mumbai,India,2024-11-11,Churned,0.486,1
C10515,Omya,Edwin,31,Female,Delhi,India,2025-11-28,Active,0.132,0
C10516,Lakshit,Krishna,67,Male,Bengaluru,India,2024-07-07,Active,0.104,0
C10517,Vasana,Prabhu,36,Female,Pune,India,2023-11-21,Active,0.103,0
C10518,Harshil,Varty,18,Female,Chennai,India,2026-01-09,Churned,0.388,1
C10519,Bhavani,Chacko,29,Male,Chennai,India,2024-03-12,Churned,0.514,1
C10520,Anjali,Sengupta,52,Other,Delhi,India,2024-05-07,Active,0.01,0
C10521,Manan,Sarkar,50,Other,Hyderabad,India,2025-11-06,Active,0.154,0
C10522,Tristan,Seshadri,22,Female,Mumbai,India,2024-01-21,Active,0.112,0
C10523,Avi,Sachdeva,45,Male,Kolkata,India,2025-02-25,Active,0.089,0
C10524,Meghana,Thakkar,22,Female,Chennai,India,2023-11-22,Active,0.323,0
C10525,Warinder,Raju,54,Female,Chennai,India,2025-04-03,Active,0.187,0
C10526,Kavya,Kapur,36,Male,Chennai,India,2024-01-05,Active,0.337,0
C10527,Eiravati,Chaudhary,19,Female,Nagpur,India,2023-10-14,Churned,0.344,1
C10528,Gautami,Dhingra,69,Other,Kolkata,India,2026-06-06,Active,0.2,0
C10529,Balvan,Mangat,62,Female,Pune,India,2024-04-01,Active,0.477,0
C10530,Liam,Singh,45,Male,Delhi,India,2025-09-03,Active,0.048,0
C10531,Abdul,Buch,45,Other,Chennai,India,2025-07-28,Churned,0.167,1
C10532,Aahana,Kale,51,Male,Chennai,India,2023-09-30,Active,0.477,0
C10533,Pallavi,Choudhry,37,Other,Hyderabad,India,2024-04-20,Churned,0.442,1
C10534,Wazir,Mitra,32,Female,Nagpur,India,2024-11-21,Active,0.424,0
C10535,Champak,Khare,22,Other,Pune,India,2024-03-08,Active,0.135,0
C10536,Tanvi,Bhatnagar,51,Other,Delhi,India,2025-06-14,Active,0.13,0
C10537,Xalak,Wason,67,Female,Hyderabad,India,2024-02-20,Active,0.334,0
C10538,Yutika,Khurana,64,Other,Nagpur,India,2023-09-26,Active,0.279,0
C10539,Bishakha,Sanghvi,33,Male,Nagpur,India,2024-04-11,Active,0.038,0
C10540,Ira,Khosla,34,Male,Nagpur,India,2023-09-03,Active,0.022,0
C10541,Omaja,Grover,56,Male,Pune,India,2026-02-03,Active,0.179,0
C10542,Frederick,Viswanathan,29,Other,Kolkata,India,2026-06-29,Churned,0.142,1
C10543,Ekansh,Vora,47,Other,Kolkata,India,2025-03-14,Active,0.194,0
C10544,Yashica,Tripathi,61,Other,Hyderabad,India,2025-12-24,Active,0.161,0
C10545,Anmol,Ramakrishnan,58,Female,Nagpur,India,2026-01-08,Active,0.579,0
C10546,Caleb,Ram,46,Male,Kolkata,India,2025-08-31,Churned,0.424,1
C10547,Zehaan,Babu,46,Other,Bengaluru,India,2025-04-02,Active,0.291,0
C10548,Ekansh,Pai,68,Female,Mumbai,India,2025-03-08,Active,0.323,0
C10549,Hemang,Natarajan,40,Other,Pune,India,2024-09-09,Active,0.252,0
C10550,Chaitanya,Pandey,37,Female,Kolkata,India,2024-03-26,Active,0.478,0
C10551,Hamsini,Gill,20,Male,Hyderabad,India,2025-12-27,Churned,0.086,1
C10552,Ucchal,Srinivas,36,Male,Pune,India,2026-07-30,Churned,0.588,1
C10553,Qabil,Deshmukh,57,Other,Chennai,India,2026-05-09,Active,0.479,0
C10554,Tanvi,Bansal,47,Other,Mumbai,India,2023-12-08,Churned,0.52,1
C10555,Saksham,Bassi,46,Other,Delhi,India,2024-11-29,Active,0.07,0
C10556,Benjamin,Mutti,38,Other,Kolkata,India,2024-07-06,Active,0.262,0
C10557,Yutika,Rao,50,Male,Mumbai,India,2024-12-25,Active,0.122,0
C10558,Urvashi,Kulkarni,46,Male,Hyderabad,India,2025-12-22,Active,0.289,0
C10559,Rayaan,Mangal,63,Male,Nagpur,India,2023-10-27,Active,0.089,0
C10560,Champak,Narula,20,Male,Kolkata,India,2025-03-08,Active,0.507,0
C10561,Jeet,Pillai,46,Other,Nagpur,India,2024-10-29,Churned,0.189,1
C10562,Mugdha,Sarraf,41,Female,Bengaluru,India,2025-07-10,Active,0.186,0
C10563,Harinakshi,Grover,42,Female,Hyderabad,India,2025-04-23,Active,0.146,0
C10564,Widisha,Pillai,61,Other,Mumbai,India,2025-10-10,Active,0.089,0
C10565,Amara,Butala,68,Other,Hyderabad,India,2025-11-15,Active,0.417,0
C10566,Farhan,Sani,22,Female,Pune,India,2025-06-21,Active,0.472,0
C10567,Pranit,Memon,53,Other,Chennai,India,2026-03-24,Active,0.338,0
C10568,Harshil,Buch,36,Female,Nagpur,India,2025-01-11,Active,0.548,0
C10569,Chakrika,Mohan,39,Male,Nagpur,India,2025-01-22,Active,0.265,0
C10570,Pooja,Ganesan,40,Female,Chennai,India,2025-07-24,Active,0.228,0
C10571,Sachi,Panchal,26,Other,Pune,India,2026-08-07,Active,0.582,0
C10572,Brijesh,Pandit,37,Other,Chennai,India,2025-07-26,Active,0.168,0
C10573,Radhika,Maharaj,59,Female,Nagpur,India,2026-04-13,Churned,0.207,1
C10574,Dakshesh,Borde,60,Other,Pune,India,2026-05-21,Churned,0.66,1
C10575,Nidra,Patla,59,Other,Chennai,India,2026-07-09,Churned,0.485,1
C10576,Nathaniel,Balasubramanian,50,Female,Mumbai,India,2025-11-06,Active,0.071,0
C10577,Raksha,Banerjee,41,Female,Nagpur,India,2024-04-09,Active,0.07,0
C10578,Ekalinga,Keer,31,Female,Kolkata,India,2024-03-15,Churned,0.442,1
C10579,Jeevika,Pathak,30,Male,Nagpur,India,2026-05-30,Churned,0.166,1
C10580,Bachittar,Dube,27,Male,Bengaluru,India,2025-04-17,Active,0.267,0
C10581,Shivani,Prabhakar,68,Male,Mumbai,India,2026-07-21,Active,0.263,0
C10582,Sachi,Bose,60,Female,Nagpur,India,2025-03-31,Active,0.114,0
C10583,Laksh,Wagle,56,Female,Nagpur,India,2026-02-08,Churned,0.196,1
C10584,Mitali,Murthy,28,Male,Nagpur,India,2025-03-24,Active,0.463,0
C10585,Arya,Krish,64,Female,Mumbai,India,2026-06-06,Active,0.01,0
C10586,Atharv,Grewal,44,Female,Delhi,India,2024-02-24,Churned,0.142,1
C10587,Zarna,Ram,46,Other,Bengaluru,India,2025-10-15,Active,0.463,0
C10588,Jacob,Lala,66,Other,Kolkata,India,2026-01-20,Active,0.143,0
C10589,Sanaya,Kala,32,Other,Delhi,India,2024-10-09,Active,0.078,0
C10590,Bhavika,Swaminathan,37,Female,Delhi,India,2026-04-08,Active,0.076,0
C10591,Jason,Deshmukh,41,Other,Kolkata,India,2024-07-07,Active,0.176,0
C10592,Siya,Gera,47,Female,Chennai,India,2023-12-25,Churned,0.313,1
C10593,Gagan,Nagarajan,50,Other,Chennai,India,2025-07-23,Churned,0.49,1
C10594,Idika,Bhattacharyya,28,Male,Nagpur,India,2026-07-04,Active,0.149,0
C10595,Bina,Mital,34,Male,Kolkata,India,2026-01-02,Active,0.11,0
C10596,Owen,Pathak,41,Other,Pune,India,2024-05-02,Active,0.407,0
C10597,Udarsh,Dara,63,Other,Pune,India,2025-10-30,Active,0.135,0
C10598,Liam,Khalsa,36,Male,Nagpur,India,2024-07-09,Active,0.085,0
C10599,Atharv,Patel,35,Female,Nagpur,India,2025-10-07,Churned,0.497,1
C10600,Jyoti,Sibal,45,Male,Delhi,India,2026-01-08,Active,0.555,0
C10601,Kai,Chadha,70,Female,Hyderabad,India,2026-01-04,Active,0.156,0
C10602,Dayamai,Rao,19,Female,Mumbai,India,2023-12-12,Active,0.01,0
C10603,Nirja,Rout,43,Other,Hyderabad,India,2025-09-13,Churned,0.349,1
C10604,Ethan,Dass,33,Female,Pune,India,2026-02-10,Active,0.248,0
C10605,Ethan,Sengupta,41,Male,Mumbai,India,2025-01-05,Churned,0.027,1
C10606,Zansi,Padmanabhan,38,Male,Hyderabad,India,2025-08-24,Active,0.323,0
C10607,Qabil,Dayal,68,Male,Nagpur,India,2024-03-18,Churned,0.316,1
C10608,Yadavi,Bhakta,20,Female,Kolkata,India,2025-07-04,Active,0.449,0
C10609,Zarna,Dua,62,Male,Kolkata,India,2024-03-11,Churned,0.408,1
C10610,Nitesh,Edwin,46,Other,Mumbai,India,2024-12-16,Active,0.645,0
C10611,Umang,Pal,23,Male,Bengaluru,India,2025-01-14,Active,0.495,0
C10612,Bhanumati,Brar,31,Male,Chennai,India,2025-11-15,Churned,0.143,1
C10613,Ronith,Maharaj,25,Female,Delhi,India,2024-09-24,Active,0.042,0
C10614,Chavvi,Walla,37,Male,Mumbai,India,2024-03-13,Active,0.44,0
C10615,Yadavi,Ganguly,33,Female,Kolkata,India,2024-01-24,Active,0.198,0
C10616,Mitesh,Garg,22,Male,Kolkata,India,2026-03-08,Active,0.089,0
C10617,Geetika,Barman,56,Other,Mumbai,India,2026-06-20,Active,0.021,0
C10618,Finn,Bath,58,Other,Delhi,India,2023-10-15,Active,0.065,0
C10619,Alka,Kade,63,Male,Bengaluru,India,2026-05-24,Active,0.466,0
C10620,Omaja,Balasubramanian,45,Male,Hyderabad,India,2026-02-05,Active,0.177,0
C10621,Bimala,Mittal,33,Other,Chennai,India,2025-10-13,Churned,0.267,1
C10622,Yash,Ravi,29,Other,Pune,India,2025-09-20,Churned,0.177,1
C10623,Sudiksha,Bora,51,Female,Pune,India,2024-12-06,Active,0.176,0
C10624,Darpan,Dugar,51,Other,Mumbai,India,2026-08-05,Active,0.093,0
C10625,Ojasvi,Sule,42,Female,Mumbai,India,2025-07-14,Churned,0.572,1
C10626,Samar,Oak,58,Female,Hyderabad,India,2025-08-22,Active,0.38,0
C10627,Maanas,Munshi,34,Other,Mumbai,India,2026-03-31,Active,0.092,0
C10628,Hemani,Rastogi,40,Male,Hyderabad,India,2025-01-09,Churned,0.649,1
C10629,Kamala,Varma,33,Other,Pune,India,2024-03-22,Churned,0.6,1
C10630,Hitesh,Nagar,67,Other,Hyderabad,India,2026-01-20,Active,0.106,0
C10631,Unnati,Das,26,Male,Hyderabad,India,2024-09-10,Churned,0.207,1
C10632,Shivani,Kota,52,Female,Nagpur,India,2024-10-20,Active,0.281,0
C10633,Gunbir,Bedi,67,Other,Kolkata,India,2024-04-06,Active,0.401,0
C10634,Leena,Sahota,62,Female,Nagpur,India,2024-11-24,Active,0.439,0
C10635,Nathaniel,Narang,69,Male,Pune,India,2024-09-20,Active,0.44,0
C10636,Dhriti,Gupta,63,Female,Mumbai,India,2026-02-14,Churned,0.149,1
C10637,Wishi,Varma,36,Male,Mumbai,India,2024-05-05,Active,0.258,0
C10638,Wishi,Morar,68,Male,Mumbai,India,2025-08-26,Active,0.378,0
C10639,Arin,Chana,38,Female,Chennai,India,2025-10-12,Churned,0.024,1
C10640,Yashasvi,Shankar,70,Other,Kolkata,India,2025-05-03,Active,0.114,0
C10641,Tanveer,Pandit,34,Male,Delhi,India,2024-09-08,Churned,0.462,1
C10642,Chandresh,Manda,36,Female,Mumbai,India,2023-11-15,Active,0.156,0
C10643,Upma,Mangal,59,Female,Bengaluru,India,2025-10-08,Active,0.133,0
C10644,Abhiram,Chokshi,25,Female,Chennai,India,2025-12-12,Active,0.489,0
C10645,Krish,Lalla,43,Other,Kolkata,India,2025-07-01,Active,0.103,0
C10646,Neha,Pau,42,Female,Nagpur,India,2025-03-22,Active,0.44,0
C10647,Nandini,Behl,49,Other,Kolkata,India,2023-11-10,Churned,0.537,1
C10648,Robert,Patil,41,Other,Bengaluru,India,2026-02-02,Active,0.38,0
C10649,Bhavya,Borah,69,Male,Chennai,India,2026-01-07,Active,0.397,0
C10650,Yamini,Seshadri,23,Female,Nagpur,India,2025-04-23,Active,0.064,0
C10651,Ati,Dani,52,Female,Hyderabad,India,2026-01-02,Churned,0.103,1
C10652,Gunbir,Ramesh,24,Male,Hyderabad,India,2024-03-18,Active,0.185,0
C10653,Harinakshi,Pau,60,Female,Bengaluru,India,2025-04-02,Churned,0.221,1
C10654,Rushil,Upadhyay,46,Other,Chennai,India,2024-04-12,Churned,0.471,1
C10655,Xiti,Baria,28,Other,Kolkata,India,2025-05-16,Churned,0.434,1
C10656,Balvan,Devan,40,Female,Mumbai,India,2023-11-10,Churned,0.188,1
C10657,Urvi,Venkataraman,64,Female,Chennai,India,2025-01-30,Churned,0.435,1
C10658,Manthan,Varma,35,Other,Mumbai,India,2025-08-10,Churned,0.625,1
C10659,Falak,Nagar,22,Other,Chennai,India,2024-04-05,Churned,0.533,1
C10660,Maya,Mistry,41,Other,Nagpur,India,2024-05-10,Active,0.01,0
C10661,Gayathri,Tripathi,19,Male,Kolkata,India,2026-03-11,Active,0.405,0
C10662,Vrishti,Mistry,20,Male,Pune,India,2025-10-31,Active,0.167,0
C10663,Anay,Pillay,33,Other,Hyderabad,India,2025-09-07,Active,0.198,0
C10664,Imaran,Saha,41,Female,Mumbai,India,2025-01-27,Active,0.018,0
C10665,Darika,Bala,56,Male,Kolkata,India,2026-02-23,Active,0.166,0
C10666,Urvi,Lanka,41,Female,Kolkata,India,2026-03-16,Churned,0.356,1
C10667,Vedant,Behl,66,Male,Nagpur,India,2026-06-15,Churned,0.103,1
C10668,Varsha,Garde,51,Female,Chennai,India,2026-02-23,Active,0.197,0
C10669,Lajita,Divan,38,Other,Bengaluru,India,2025-11-23,Active,0.02,0
C10670,Xavier,Balay,33,Male,Mumbai,India,2026-07-24,Active,0.187,0
C10671,Imaran,Halder,65,Male,Kolkata,India,2026-02-06,Active,0.126,0
C10672,Ridhi,Murthy,51,Female,Pune,India,2023-09-30,Churned,0.567,1
C10673,Max,Sachar,34,Female,Kolkata,India,2025-06-12,Active,0.454,0
C10674,Samar,Roy,31,Other,Bengaluru,India,2026-08-08,Active,0.335,0
C10675,Urishilla,Bhatia,62,Female,Delhi,India,2025-10-19,Active,0.479,0
C10676,Zilmil,Johal,25,Male,Pune,India,2024-04-02,Active,0.187,0
C10677,Ekta,Sridhar,46,Male,Kolkata,India,2026-01-19,Churned,0.444,1
C10678,Krisha,Murthy,23,Other,Hyderabad,India,2025-11-25,Churned,0.449,1
C10679,Tripti,Walia,60,Female,Pune,India,2024-05-27,Active,0.27,0
C10680,Irya,Lalla,53,Other,Bengaluru,India,2025-02-13,Active,0.028,0
C10681,Veda,Handa,37,Male,Nagpur,India,2026-04-05,Active,0.571,0
C10682,Arya,Misra,68,Female,Delhi,India,2024-09-17,Active,0.342,0
C10683,Chameli,Mani,25,Male,Nagpur,India,2024-08-15,Active,0.073,0
C10684,Vrinda,Nadig,33,Female,Mumbai,India,2024-07-18,Active,0.072,0
C10685,Ikshita,Mahal,41,Other,Hyderabad,India,2025-09-15,Active,0.418,0
C10686,Jairaj,Raghavan,47,Other,Nagpur,India,2024-11-21,Active,0.277,0
C10687,Hemani,Dhingra,57,Male,Pune,India,2025-05-05,Active,0.185,0
C10688,Brijesh,Mani,37,Female,Kolkata,India,2024-11-25,Churned,0.505,1
C10689,Hiral,Sathe,51,Female,Chennai,India,2024-01-01,Active,0.445,0
C10690,Aahana,Srinivas,70,Other,Pune,India,2026-06-16,Active,0.216,0
C10691,Saksham,Yohannan,26,Female,Pune,India,2024-07-29,Active,0.096,0
C10692,Anita,Devan,46,Female,Hyderabad,India,2024-10-26,Active,0.397,0
C10693,Wriddhish,Kibe,26,Other,Nagpur,India,2024-02-17,Active,0.166,0
C10694,Upkaar,Kaul,67,Male,Chennai,India,2023-11-18,Active,0.157,0
C10695,Harish,Sachdev,50,Male,Pune,India,2023-11-21,Churned,0.577,1
C10696,Urmi,Chaudhry,51,Male,Bengaluru,India,2025-01-26,Active,0.104,0
C10697,Laksh,Ahluwalia,28,Male,Hyderabad,India,2026-07-25,Active,0.117,0
C10698,Nakul,Ray,63,Male,Hyderabad,India,2026-01-02,Churned,0.214,1
C10699,Vamakshi,Sood,51,Female,Pune,India,2026-06-11,Active,0.123,0
C10700,Ryan,Mani,34,Male,Bengaluru,India,2026-06-07,Active,0.162,0
C10701,Bhavika,Bhargava,26,Other,Bengaluru,India,2025-01-11,Active,0.017,0
C10702,Vincent,Warrior,57,Other,Pune,India,2024-01-17,Active,0.01,0
C10703,Parth,Sahni,50,Other,Nagpur,India,2023-10-28,Active,0.246,0
C10704,Balhaar,Ranganathan,55,Other,Nagpur,India,2024-05-31,Churned,0.384,1
C10705,Quincy,Mann,28,Other,Hyderabad,India,2025-10-09,Churned,0.239,1
C10706,Aditya,Misra,54,Male,Mumbai,India,2023-10-29,Active,0.501,0
C10707,Hredhaan,Nayak,23,Male,Bengaluru,India,2026-01-30,Active,0.327,0
C10708,Suhani,Viswanathan,59,Male,Chennai,India,2024-11-16,Active,0.053,0
C10709,Krish,Thaman,57,Other,Mumbai,India,2025-10-07,Active,0.084,0
C10710,Anjali,Hans,49,Other,Bengaluru,India,2025-08-28,Churned,0.425,1
C10711,Ganga,Gaba,59,Female,Kolkata,India,2024-02-22,Active,0.112,0
C10712,Aarini,Grewal,33,Other,Chennai,India,2025-08-13,Active,0.084,0
C10713,Geetika,Merchant,37,Female,Pune,India,2023-09-22,Churned,0.249,1
C10714,Reyansh,Gill,62,Male,Nagpur,India,2026-01-30,Active,0.01,0
C10715,Nidra,Sane,46,Female,Kolkata,India,2026-04-07,Churned,0.294,1
C10716,Falak,Chadha,47,Male,Hyderabad,India,2025-11-09,Active,0.445,0
C10717,Girish,Goyal,56,Male,Hyderabad,India,2025-05-15,Churned,0.529,1
C10718,Vansha,Naik,63,Female,Hyderabad,India,2024-04-06,Active,0.114,0
C10719,Abeer,Lal,43,Male,Hyderabad,India,2024-09-20,Active,0.031,0
C10720,Warinder,Sekhon,50,Other,Pune,India,2025-04-18,Active,0.27,0
C10721,Forum,Mittal,38,Male,Kolkata,India,2024-10-19,Active,0.197,0
C10722,Advay,Lal,25,Female,Kolkata,India,2026-02-21,Active,0.167,0
C10723,Jagvi,Keer,33,Male,Pune,India,2026-06-12,Active,0.167,0
C10724,Jagat,Shroff,21,Female,Chennai,India,2023-12-06,Active,0.149,0
C10725,Nathaniel,Ravi,57,Female,Delhi,India,2024-12-20,Churned,0.474,1
C10726,Yadavi,Mukhopadhyay,28,Female,Hyderabad,India,2026-08-01,Active,0.13,0
C10727,Jacob,Merchant,30,Male,Kolkata,India,2026-08-08,Churned,0.487,1
C10728,Timothy,Kanda,50,Female,Kolkata,India,2025-03-24,Churned,0.303,1
C10729,Vanya,Dua,37,Female,Mumbai,India,2024-03-26,Active,0.169,0
C10730,Kashvi,Sagar,23,Female,Kolkata,India,2025-08-07,Churned,0.602,1
C10731,Urishilla,Yogi,33,Male,Hyderabad,India,2026-08-26,Active,0.219,0
C10732,Tejas,Kota,21,Male,Bengaluru,India,2026-06-28,Churned,0.391,1
C10733,Finn,Vora,49,Other,Kolkata,India,2026-07-23,Active,0.2,0
C10734,Janaki,Brahmbhatt,36,Other,Mumbai,India,2025-07-25,Active,0.198,0
C10735,Isaac,Bhatia,24,Female,Nagpur,India,2026-01-24,Churned,0.287,1
C10736,Yashasvi,Jain,34,Other,Hyderabad,India,2025-12-29,Active,0.157,0
C10737,Mason,Gala,66,Female,Hyderabad,India,2026-02-06,Active,0.088,0
C10738,Zinal,Sathe,20,Female,Mumbai,India,2025-01-22,Active,0.113,0
C10739,Samesh,Suresh,54,Other,Delhi,India,2024-02-28,Churned,0.461,1
C10740,Yashvi,Sehgal,41,Other,Bengaluru,India,2024-01-20,Active,0.08,0
C10741,Sudiksha,Deo,22,Female,Kolkata,India,2023-11-26,Active,0.462,0
C10742,Ojasvi,Shan,66,Other,Bengaluru,India,2025-11-06,Active,0.234,0
C10743,Dalbir,Shere,70,Other,Pune,India,2026-01-24,Active,0.112,0
C10744,Darika,Bains,26,Male,Chennai,India,2026-07-12,Churned,0.52,1
C10745,Aachal,Aggarwal,41,Female,Hyderabad,India,2025-05-08,Active,0.119,0
C10746,Elijah,Bath,66,Male,Delhi,India,2024-08-04,Active,0.204,0
C10747,Hemangini,Bhatt,56,Other,Chennai,India,2025-06-20,Active,0.103,0
C10748,Darpan,Biswas,50,Male,Mumbai,India,2025-12-19,Active,0.06,0
C10749,Azad,Mangat,20,Male,Hyderabad,India,2025-09-03,Active,0.242,0
C10750,Pranit,Deshmukh,69,Female,Kolkata,India,2025-05-28,Churned,0.138,1
C10751,Osha,Prasad,27,Other,Nagpur,India,2026-05-24,Active,0.232,0
C10752,Saumya,Purohit,38,Other,Hyderabad,India,2025-04-17,Active,0.01,0
C10753,Faris,Zacharia,28,Female,Bengaluru,India,2025-04-06,Active,0.338,0
C10754,Ijaya,Dani,55,Female,Kolkata,India,2024-03-25,Active,0.238,0
C10755,Maya,Wadhwa,63,Other,Bengaluru,India,2024-06-04,Churned,0.361,1
C10756,Udant,Aggarwal,48,Male,Hyderabad,India,2024-03-16,Active,0.181,0
C10757,Chanchal,Sheth,39,Other,Pune,India,2023-10-06,Active,0.096,0
C10758,Panini,Wali,44,Other,Bengaluru,India,2026-07-13,Active,0.2,0
C10759,Victor,Kota,68,Other,Mumbai,India,2025-04-12,Churned,0.365,1
C10760,Hiral,Dubey,56,Female,Bengaluru,India,2025-08-16,Churned,0.304,1
C10761,Ranbir,Chowdhury,59,Other,Delhi,India,2024-11-02,Churned,0.386,1
C10762,Oni,Babu,64,Male,Kolkata,India,2023-10-21,Active,0.215,0
C10763,Samuel,Bhavsar,28,Other,Chennai,India,2024-09-08,Active,0.529,0
C10764,Bahadurjit,Sekhon,27,Other,Delhi,India,2024-02-04,Active,0.128,0
C10765,Chanakya,Konda,20,Other,Pune,India,2026-03-17,Active,0.46,0
C10766,Neelima,Sarna,30,Male,Kolkata,India,2023-11-08,Active,0.311,0
C10767,Teerth,Bhalla,38,Female,Nagpur,India,2024-08-30,Active,0.552,0
C10768,Yahvi,Mann,44,Other,Delhi,India,2024-04-05,Active,0.041,0
C10769,Eiravati,Nagi,44,Other,Kolkata,India,2024-08-29,Active,0.098,0
C10770,Chasmum,Dhar,65,Other,Mumbai,India,2024-09-03,Active,0.018,0
C10771,Timothy,Sachdev,63,Male,Delhi,India,2026-06-22,Active,0.171,0
C10772,Anvi,Bhat,53,Female,Kolkata,India,2024-12-10,Active,0.537,0
C10773,Parth,Sane,51,Female,Hyderabad,India,2026-01-12,Active,0.476,0
C10774,Warhi,Batta,29,Female,Hyderabad,India,2026-01-11,Active,0.381,0
C10775,Lakshmi,Vohra,52,Female,Bengaluru,India,2025-02-17,Active,0.01,0
C10776,Omaja,Rege,57,Female,Delhi,India,2025-01-08,Active,0.275,0
C10777,Charita,Puri,33,Female,Bengaluru,India,2024-04-19,Churned,0.182,1
C10778,Urvashi,Khosla,32,Female,Bengaluru,India,2024-06-12,Active,0.103,0
C10779,Charita,Dhawan,63,Male,Kolkata,India,2024-08-16,Active,0.161,0
C10780,Dalbir,Sachar,38,Female,Hyderabad,India,2025-08-20,Churned,0.184,1
C10781,Krish,Rama,53,Other,Bengaluru,India,2025-06-09,Active,0.435,0
C10782,Aadhya,Jani,36,Male,Chennai,India,2024-09-12,Active,0.258,0
C10783,Farhan,Sengupta,43,Female,Nagpur,India,2025-01-26,Active,0.482,0
C10784,George,Wason,36,Male,Bengaluru,India,2025-03-30,Active,0.367,0
C10785,Charan,Loyal,63,Male,Hyderabad,India,2024-06-22,Active,0.462,0
C10786,Balveer,Bora,46,Other,Bengaluru,India,2025-04-08,Active,0.239,0
C10787,Teerth,Srinivas,65,Female,Delhi,India,2024-06-19,Active,0.074,0
C10788,Gaurangi,Mitter,30,Other,Bengaluru,India,2024-07-21,Active,0.122,0
C10789,Siddharth,Gupta,53,Other,Bengaluru,India,2023-09-24,Churned,0.402,1
C10790,Varenya,Kibe,26,Male,Delhi,India,2024-03-01,Active,0.241,0
C10791,Samarth,Ranganathan,33,Male,Delhi,India,2026-08-16,Active,0.323,0
C10792,Ekanta,Mandal,58,Male,Mumbai,India,2024-09-06,Active,0.239,0
C10793,Unnati,Walla,24,Female,Hyderabad,India,2025-04-14,Active,0.199,0
C10794,Jagrati,Morar,63,Female,Pune,India,2026-06-04,Active,0.07,0
C10795,Jagvi,Varghese,61,Male,Mumbai,India,2024-10-11,Active,0.143,0
C10796,Unnati,Chaudhari,53,Male,Chennai,India,2025-10-12,Churned,0.069,1
C10797,Ekaja,Jani,59,Female,Kolkata,India,2025-08-30,Active,0.113,0
C10798,Dhriti,Sachdev,59,Male,Bengaluru,India,2025-03-29,Active,0.152,0
C10799,Timothy,Dhingra,38,Female,Mumbai,India,2023-11-11,Active,0.107,0
C10800,Advika,Sahni,67,Male,Delhi,India,2023-09-26,Churned,0.309,1
C10801,Michael,Hayre,52,Other,Mumbai,India,2024-12-02,Active,0.019,0
C10802,Victor,Raghavan,29,Female,Nagpur,India,2025-01-25,Active,0.103,0
C10803,Yatan,Tata,20,Female,Kolkata,India,2026-02-02,Active,0.107,0
C10804,Geetika,Kurian,29,Other,Bengaluru,India,2026-01-03,Active,0.01,0
C10805,Vritti,Sharma,20,Male,Bengaluru,India,2025-09-29,Active,0.103,0
C10806,Indira,Gara,54,Other,Pune,India,2024-05-19,Churned,0.388,1
C10807,Vrinda,Gour,39,Female,Kolkata,India,2024-04-05,Active,0.453,0
C10808,Daniel,Viswanathan,59,Other,Kolkata,India,2025-12-21,Active,0.233,0
C10809,Falan,Bava,26,Other,Kolkata,India,2023-10-23,Churned,0.479,1
C10810,Nitara,Devan,35,Male,Pune,India,2023-09-10,Active,0.136,0
C10811,Vihaan,Bir,39,Male,Kolkata,India,2026-05-07,Active,0.227,0
C10812,Aditya,Kamdar,59,Female,Nagpur,India,2024-04-22,Churned,0.136,1
C10813,Tamanna,Prakash,18,Other,Hyderabad,India,2025-10-25,Churned,0.498,1
C10814,Vasudha,Sura,68,Female,Delhi,India,2023-12-03,Churned,0.6,1
C10815,Abeer,Wali,29,Other,Chennai,India,2023-09-25,Active,0.19,0
C10816,Nisha,Arora,70,Female,Hyderabad,India,2026-01-04,Active,0.456,0
C10817,Anvi,Wason,23,Female,Pune,India,2023-09-26,Churned,0.546,1
C10818,Anay,Thakkar,29,Male,Kolkata,India,2024-11-19,Active,0.193,0
C10819,Qushi,Gola,38,Male,Mumbai,India,2026-08-20,Active,0.04,0
C10820,Gopal,Viswanathan,34,Female,Delhi,India,2024-02-14,Churned,0.479,1
C10821,Wridesh,Handa,46,Female,Hyderabad,India,2024-04-19,Active,0.054,0
C10822,Zayyan,Pandya,37,Other,Mumbai,India,2026-04-20,Churned,0.532,1
C10823,Mekhala,Brar,34,Other,Hyderabad,India,2024-10-20,Active,0.239,0
C10824,Nidra,Sharaf,62,Male,Mumbai,India,2025-04-02,Churned,0.313,1
C10825,Yagnesh,Kara,60,Male,Kolkata,India,2026-01-25,Active,0.178,0
C10826,Faris,Balay,37,Male,Chennai,India,2024-12-09,Active,0.01,0
C10827,Nidra,Raghavan,61,Other,Bengaluru,India,2024-01-24,Active,0.106,0
C10828,Vamakshi,Bhalla,62,Male,Bengaluru,India,2025-04-08,Churned,0.389,1
C10829,Aditya,Garg,41,Other,Delhi,India,2026-05-17,Active,0.135,0
C10830,Xalak,Saraf,32,Male,Kolkata,India,2024-01-07,Active,0.04,0
C10831,Garima,Chandran,27,Female,Hyderabad,India,2026-05-29,Active,0.24,0
C10832,Brijesh,Karpe,44,Other,Kolkata,India,2025-11-29,Active,0.472,0
C10833,Vaishnavi,Madan,66,Other,Delhi,India,2024-07-25,Churned,0.299,1
C10834,Falan,Mand,66,Male,Pune,India,2023-11-12,Churned,0.101,1
C10835,Bachittar,Gola,51,Female,Hyderabad,India,2025-12-22,Churned,0.392,1
C10836,Amol,Johal,22,Other,Pune,India,2025-01-01,Churned,0.338,1
C10837,Maanas,Rao,21,Other,Delhi,India,2026-02-28,Churned,0.387,1
C10838,Chandani,Gaba,54,Other,Nagpur,India,2023-12-29,Active,0.259,0
C10839,Wridesh,Ramachandran,28,Female,Kolkata,India,2026-01-24,Active,0.108,0
C10840,Garima,Rajagopalan,25,Other,Delhi,India,2026-07-18,Churned,0.497,1
C10841,Farhan,Tella,63,Other,Kolkata,India,2024-04-05,Churned,0.135,1
C10842,Chatresh,Chaudhari,23,Other,Kolkata,India,2025-02-19,Churned,0.244,1
C10843,Vincent,Borra,69,Male,Kolkata,India,2025-07-10,Churned,0.343,1
C10844,Mekhala,Narain,26,Other,Chennai,India,2025-02-11,Active,0.192,0
C10845,Anjali,Seshadri,47,Other,Mumbai,India,2023-10-17,Churned,0.241,1
C10846,Vedant,Parekh,53,Female,Bengaluru,India,2025-10-02,Active,0.197,0
C10847,Keya,Sankaran,64,Male,Chennai,India,2026-01-07,Active,0.44,0
C10848,Lajita,Chada,34,Male,Delhi,India,2024-06-15,Active,0.117,0
C10849,Chakrika,Koshy,55,Male,Mumbai,India,2026-04-18,Active,0.103,0
C10850,Fitan,Loyal,45,Female,Pune,India,2023-12-24,Active,0.396,0
C10851,Lajita,Dube,52,Male,Pune,India,2024-04-27,Active,0.097,0
C10852,Edhitha,Patel,48,Male,Bengaluru,India,2025-04-28,Active,0.131,0
C10853,Gavin,Ahluwalia,44,Male,Nagpur,India,2024-02-13,Active,0.124,0
C10854,Sai,Parsa,67,Other,Chennai,India,2024-12-22,Active,0.164,0
C10855,Harsh,Deo,41,Female,Kolkata,India,2024-10-24,Churned,0.462,1
C10856,Rachit,Sankar,42,Female,Pune,India,2024-01-14,Active,0.515,0
C10857,Yauvani,Reddy,61,Other,Nagpur,India,2025-07-29,Active,0.378,0
C10858,Atharv,Chakraborty,59,Female,Pune,India,2024-02-08,Churned,0.286,1
C10859,Girik,Nair,29,Other,Chennai,India,2025-03-03,Churned,0.386,1
C10860,Advik,Manne,51,Male,Delhi,India,2025-04-21,Active,0.498,0
C10861,Lipika,Chad,18,Male,Bengaluru,India,2025-06-04,Active,0.394,0
C10862,Xavier,Verma,47,Other,Chennai,India,2026-01-17,Active,0.51,0
C10863,Lajita,Gara,52,Female,Delhi,India,2024-05-21,Active,0.069,0
C10864,Amruta,Mitra,33,Female,Hyderabad,India,2024-04-03,Churned,0.351,1
C10865,Waida,Dhingra,27,Female,Delhi,India,2024-10-21,Churned,0.461,1
C10866,Oliver,Saran,64,Male,Mumbai,India,2023-12-08,Active,0.111,0
C10867,Oviya,Mistry,69,Other,Chennai,India,2024-11-02,Active,0.433,0
C10868,Faraj,Patel,57,Male,Delhi,India,2025-09-22,Churned,0.293,1
C10869,Yatin,Tandon,31,Male,Pune,India,2024-09-26,Active,0.225,0
C10870,Rohan,Shankar,56,Male,Kolkata,India,2026-03-11,Active,0.037,0
C10871,Krishna,Modi,56,Other,Mumbai,India,2024-02-14,Active,0.163,0
C10872,Meghana,Natarajan,33,Other,Mumbai,India,2023-09-11,Active,0.177,0
C10873,Lajita,Narayan,43,Female,Delhi,India,2026-04-21,Active,0.042,0
C10874,Gaurika,Sani,52,Male,Mumbai,India,2025-07-15,Active,0.302,0
C10875,Laban,Mital,26,Other,Bengaluru,India,2026-06-08,Active,0.476,0
C10876,Sai,Srinivas,32,Other,Hyderabad,India,2025-01-11,Active,0.234,0
C10877,Peter,Rao,54,Other,Hyderabad,India,2025-01-01,Active,0.231,0
C10878,Bishakha,Swaminathan,33,Female,Nagpur,India,2025-01-08,Churned,0.278,1
C10879,Xavier,Nanda,60,Other,Delhi,India,2026-02-11,Active,0.176,0
C10880,Avni,Ramaswamy,44,Female,Bengaluru,India,2025-04-07,Active,0.091,0
C10881,Ishaan,Iyengar,21,Other,Nagpur,India,2025-03-21,Churned,0.225,1
C10882,Pranit,Bala,58,Other,Chennai,India,2026-03-08,Active,0.09,0
C10883,Shaurya,Sarma,53,Female,Mumbai,India,2025-08-18,Active,0.415,0
C10884,Ekapad,Rege,40,Other,Chennai,India,2024-11-26,Active,0.174,0
C10885,Xalak,Dewan,68,Other,Hyderabad,India,2026-07-12,Active,0.038,0
C10886,Chavvi,Khurana,62,Female,Chennai,India,2026-05-11,Active,0.146,0
C10887,Mitesh,Sampath,27,Female,Chennai,India,2024-09-27,Churned,0.669,1
C10888,Ethan,Sen,29,Other,Kolkata,India,2025-04-08,Active,0.459,0
C10889,Varenya,Rattan,33,Male,Bengaluru,India,2026-03-17,Active,0.069,0
C10890,Yashawini,Sahota,63,Male,Kolkata,India,2025-12-09,Churned,0.325,1
C10891,Balhaar,Parsa,21,Other,Chennai,India,2025-12-23,Active,0.084,0
C10892,Frederick,Chopra,44,Other,Nagpur,India,2026-08-25,Churned,0.446,1
C10893,Isha,Ganesan,42,Male,Bengaluru,India,2024-09-20,Churned,0.566,1
C10894,Chaitanya,Ratta,31,Female,Pune,India,2026-06-02,Active,0.144,0
C10895,Qushi,Cherian,46,Female,Pune,India,2025-01-28,Active,0.407,0
C10896,Guneet,Kuruvilla,52,Other,Delhi,India,2023-09-17,Active,0.115,0
C10897,Yashvi,Venkataraman,21,Female,Chennai,India,2024-08-10,Active,0.051,0
C10898,Timothy,Sehgal,61,Other,Mumbai,India,2026-01-14,Active,0.484,0
C10899,Mahika,Sheth,22,Male,Delhi,India,2025-04-04,Active,0.172,0
C10900,Xiti,Dora,48,Male,Hyderabad,India,2026-07-22,Active,0.407,0
C10901,Aryan,Subramanian,37,Male,Delhi,India,2025-02-17,Churned,0.396,1
C10902,Chakrika,Sagar,30,Other,Pune,India,2024-02-10,Active,0.135,0
C10903,Jack,Dhar,65,Female,Delhi,India,2024-01-12,Active,0.135,0
C10904,Devika,Oza,62,Other,Delhi,India,2025-02-23,Active,0.366,0
C10905,Samuel,Verma,43,Male,Hyderabad,India,2025-08-08,Active,0.497,0
C10906,Ijaya,Soni,67,Female,Chennai,India,2025-09-20,Churned,0.446,1
C10907,Raksha,Sethi,47,Other,Hyderabad,India,2024-01-30,Active,0.427,0
C10908,Ekalinga,Mital,37,Female,Hyderabad,India,2025-01-08,Churned,0.258,1
C10909,Ishwar,Bajaj,50,Female,Kolkata,India,2023-11-09,Active,0.13,0
C10910,Ikbal,Gala,24,Other,Kolkata,India,2025-02-14,Active,0.162,0
C10911,Zaitra,Ghosh,66,Female,Delhi,India,2024-09-13,Active,0.401,0
C10912,Nathaniel,Narayanan,41,Female,Chennai,India,2026-01-05,Churned,0.442,1
C10913,Pooja,Shere,20,Other,Delhi,India,2026-01-17,Active,0.444,0
C10914,Nidhi,Gour,65,Male,Mumbai,India,2024-08-26,Churned,0.384,1
C10915,Rachana,Randhawa,34,Other,Chennai,India,2024-06-16,Active,0.38,0
C10916,Rudra,Sengupta,36,Male,Delhi,India,2023-10-16,Active,0.098,0
C10917,Pushti,Ramachandran,39,Male,Chennai,India,2026-03-08,Active,0.158,0
C10918,Tanish,Jha,54,Male,Kolkata,India,2023-09-07,Churned,0.461,1
C10919,Dev,Chaudry,53,Other,Hyderabad,India,2024-11-06,Active,0.093,0
C10920,Rachit,Pau,34,Female,Kolkata,India,2025-12-13,Active,0.173,0
C10921,Ronith,Shankar,47,Male,Hyderabad,India,2025-01-19,Active,0.117,0
C10922,Adweta,Suri,28,Male,Kolkata,India,2024-02-25,Active,0.144,0
C10923,Dhriti,Rama,29,Other,Mumbai,India,2025-11-28,Active,0.274,0
C10924,Manya,Comar,51,Male,Pune,India,2026-04-07,Active,0.492,0
C10925,Indira,Shankar,70,Other,Mumbai,India,2025-02-22,Active,0.189,0
C10926,Orinder,Mishra,66,Male,Chennai,India,2026-04-17,Churned,0.309,1
C10927,Frado,Desai,26,Other,Delhi,India,2026-04-12,Churned,0.466,1
C10928,Jacob,Khare,22,Other,Nagpur,India,2024-12-30,Active,0.472,0
C10929,Jackson,Goswami,18,Male,Kolkata,India,2024-12-18,Active,0.476,0
C10930,Lohit,Vaidya,41,Male,Kolkata,India,2025-04-02,Active,0.184,0
C10931,Omya,Devi,60,Female,Mumbai,India,2025-04-26,Churned,0.558,1
C10932,Leela,Sampath,18,Other,Chennai,India,2026-02-09,Active,0.298,0
C10933,Vidhi,Yogi,18,Male,Bengaluru,India,2024-06-15,Churned,0.178,1
C10934,Oscar,Ganesan,52,Female,Mumbai,India,2026-08-13,Active,0.384,0
C10935,Bhavya,Dey,50,Other,Chennai,India,2025-09-30,Active,0.013,0
C10936,Divya,Seshadri,69,Male,Pune,India,2024-06-17,Active,0.262,0
C10937,Chatresh,Parmer,24,Other,Nagpur,India,2026-04-20,Churned,0.231,1
C10938,Vedhika,Deshpande,33,Male,Bengaluru,India,2023-09-15,Active,0.173,0
C10939,Leena,Tiwari,70,Female,Bengaluru,India,2024-06-30,Active,0.239,0
C10940,Warda,Rege,68,Female,Pune,India,2026-06-11,Active,0.13,0
C10941,Vyanjana,Sagar,41,Female,Kolkata,India,2026-07-30,Active,0.069,0
C10942,Vrinda,Ganesh,54,Male,Delhi,India,2025-07-21,Churned,0.244,1
C10943,Azaan,Kannan,37,Other,Pune,India,2024-01-07,Active,0.096,0
C10944,Bachittar,Maharaj,59,Other,Mumbai,India,2024-11-27,Active,0.081,0
C10945,Bhavya,Ganguly,23,Female,Chennai,India,2024-08-15,Churned,0.173,1
C10946,Warhi,Vaidya,42,Other,Kolkata,India,2025-08-11,Active,0.09,0
C10947,Ishaan,Loyal,21,Other,Mumbai,India,2024-02-23,Active,0.18,0
C10948,Jeevika,Barman,62,Male,Pune,India,2025-12-22,Active,0.236,0
C10949,Tejas,Sandal,49,Female,Hyderabad,India,2025-07-17,Active,0.142,0
C10950,Yug,Mishra,54,Male,Mumbai,India,2024-02-07,Active,0.136,0
C10951,Shivani,Lall,32,Male,Kolkata,India,2023-10-21,Active,0.435,0
C10952,Gagan,Sarna,35,Male,Pune,India,2025-02-23,Active,0.176,0
C10953,Warjas,Kadakia,61,Female,Mumbai,India,2024-03-01,Active,0.175,0
C10954,Indali,Sangha,29,Female,Mumbai,India,2026-03-02,Active,0.276,0
C10955,Liam,Jhaveri,31,Other,Nagpur,India,2024-05-15,Active,0.213,0
C10956,Daniel,Panchal,66,Other,Chennai,India,2024-07-18,Churned,0.411,1
C10957,Avni,Yohannan,22,Female,Nagpur,India,2025-12-05,Active,0.2,0
C10958,Ekiya,Master,54,Male,Chennai,India,2024-05-19,Churned,0.525,1
C10959,Amara,Varkey,61,Other,Hyderabad,India,2024-11-23,Active,0.389,0
C10960,Girish,Deshmukh,42,Other,Nagpur,India,2026-07-22,Active,0.039,0
C10961,Daniel,Malhotra,68,Other,Pune,India,2025-06-01,Active,0.37,0
C10962,Jonathan,Deo,50,Other,Hyderabad,India,2026-06-15,Active,0.442,0
C10963,Madhav,Nagy,21,Male,Chennai,India,2024-09-22,Active,0.459,0
C10964,Maya,Suri,32,Male,Hyderabad,India,2024-09-19,Active,0.139,0
C10965,Amruta,Sachdeva,56,Other,Chennai,India,2024-04-08,Active,0.544,0
C10966,Siya,Borra,67,Female,Mumbai,India,2025-04-05,Active,0.158,0
C10967,Girik,Rau,58,Female,Kolkata,India,2026-05-12,Active,0.236,0
C10968,Arunima,Pillay,49,Male,Hyderabad,India,2025-11-09,Churned,0.448,1
C10969,Vinaya,Narang,53,Female,Chennai,India,2025-08-07,Active,0.027,0
C10970,Aarnav,Chander,29,Other,Chennai,India,2026-02-21,Active,0.13,0
C10971,Ishita,Bhatnagar,23,Other,Bengaluru,India,2025-08-13,Active,0.106,0
C10972,Mitali,Kamdar,69,Male,Pune,India,2025-12-09,Active,0.258,0
C10973,Siddharth,Talwar,23,Female,Nagpur,India,2025-06-29,Churned,0.659,1
C10974,Ekantika,Mander,42,Other,Nagpur,India,2024-10-22,Active,0.424,0
C10975,Kalpit,Sundaram,65,Female,Hyderabad,India,2025-02-06,Active,0.413,0
C10976,Chanakya,Batra,41,Male,Pune,India,2025-02-15,Active,0.409,0
C10977,Tripti,Babu,18,Female,Kolkata,India,2024-02-02,Churned,0.36,1
C10978,Nakul,Sastry,41,Female,Pune,India,2024-03-11,Churned,0.28,1
C10979,Aadi,Sangha,26,Male,Nagpur,India,2025-08-10,Active,0.464,0
C10980,Kevin,Mittal,45,Female,Chennai,India,2024-07-11,Active,0.064,0
C10981,Anusha,Chander,24,Male,Pune,India,2024-05-04,Active,0.312,0
C10982,Jalsa,Krishna,40,Other,Pune,India,2026-06-13,Active,0.414,0
C10983,Kamya,Gandhi,56,Other,Hyderabad,India,2024-01-07,Active,0.357,0
C10984,Meghana,Mody,42,Male,Bengaluru,India,2023-11-20,Active,0.018,0
C10985,Vivaan,Sanghvi,44,Female,Pune,India,2026-08-22,Active,0.233,0
C10986,Gavin,Chandran,64,Other,Delhi,India,2026-06-15,Churned,0.182,1
C10987,Tanay,Sood,54,Other,Nagpur,India,2023-09-02,Active,0.327,0
C10988,Kevin,Kara,61,Female,Nagpur,India,2023-12-31,Churned,0.13,1
C10989,Sai,Andra,26,Female,Bengaluru,India,2025-11-15,Active,0.126,0
C10990,Hemal,Dara,35,Female,Nagpur,India,2023-09-13,Churned,0.317,1
C10991,Kevin,Sridhar,22,Male,Chennai,India,2025-06-18,Active,0.119,0
C10992,Veer,Rajagopal,35,Female,Bengaluru,India,2023-12-20,Active,0.046,0
C10993,Harsh,Chauhan,48,Male,Hyderabad,India,2024-01-17,Active,0.193,0
C10994,Jhalak,Mistry,34,Male,Kolkata,India,2024-12-30,Active,0.373,0
C10995,Lavanya,Deol,56,Other,Delhi,India,2024-04-01,Churned,0.524,1
C10996,Luke,Biswas,47,Male,Nagpur,India,2026-05-24,Active,0.327,0
C10997,Abhiram,Gala,37,Male,Chennai,India,2025-12-03,Active,0.461,0
C10998,Indali,Kala,39,Other,Chennai,India,2025-07-15,Active,0.175,0
C10999,Max,Sabharwal,69,Female,Kolkata,India,2026-05-03,Active,0.176,0
C11000,Saanvi,Kalla,39,Female,Nagpur,India,2026-04-15,Active,0.086,0
C11001,Harish,Dey,37,Female,Delhi,India,2024-01-13,Active,0.506,0
C11002,Leena,Panchal,48,Female,Nagpur,India,2024-03-10,Active,0.571,0
C11003,Divya,Dey,43,Female,Bengaluru,India,2025-06-29,Churned,0.327,1
C11004,Aradhana,Chad,65,Other,Kolkata,India,2024-09-19,Churned,0.525,1
C11005,Bhavani,Bala,54,Male,Hyderabad,India,2024-09-20,Active,0.187,0
C11006,Charvi,Jha,42,Female,Chennai,India,2026-06-19,Active,0.383,0
C11007,Yashodhara,Gulati,41,Male,Delhi,India,2025-11-13,Active,0.271,0
C11008,Chakrika,Bhagat,55,Other,Nagpur,India,2025-05-01,Active,0.133,0
C11009,Warda,Raju,61,Other,Mumbai,India,2024-09-06,Churned,0.415,1
C11010,Wridesh,Tata,64,Female,Delhi,India,2024-02-23,Churned,0.382,1
C11011,Ekavir,Wable,46,Female,Pune,India,2026-05-19,Churned,0.576,1
C11012,Jalsa,Nadig,70,Female,Kolkata,India,2023-09-19,Active,0.294,0
C11013,Lila,Salvi,26,Other,Bengaluru,India,2024-03-24,Active,0.142,0
C11014,Orinder,Sinha,33,Female,Nagpur,India,2025-03-21,Churned,0.253,1
C11015,Anay,Bir,63,Female,Chennai,India,2023-12-23,Active,0.276,0
C11016,Adweta,Kale,22,Female,Kolkata,India,2023-09-22,Active,0.1,0
C11017,Darpan,Rao,55,Female,Chennai,India,2023-11-01,Churned,0.226,1
C11018,Bhavini,Thaker,52,Male,Hyderabad,India,2025-10-26,Active,0.361,0
C11019,Pallavi,Ratti,62,Other,Pune,India,2025-06-07,Active,0.111,0
C11020,Michael,Mall,24,Male,Hyderabad,India,2024-01-07,Active,0.203,0
C11021,Dayita,Brar,28,Other,Mumbai,India,2024-01-08,Active,0.385,0
C11022,Samar,Dugal,54,Other,Chennai,India,2025-11-03,Active,0.152,0
C11023,Eta,Raman,66,Female,Chennai,India,2025-12-12,Churned,0.466,1
C11024,Dominic,Mukherjee,24,Male,Pune,India,2026-02-27,Active,0.087,0
C11025,Rajeshri,Khare,34,Male,Delhi,India,2026-08-21,Active,0.134,0
C11026,Yash,Chadha,46,Female,Chennai,India,2023-11-29,Active,0.226,0
C11027,Jack,Setty,47,Other,Nagpur,India,2025-07-06,Churned,0.397,1
C11028,Christopher,More,40,Male,Kolkata,India,2026-04-09,Churned,0.485,1
C11029,Parth,Dar,24,Female,Chennai,India,2026-07-01,Active,0.226,0
C11030,Laksh,Apte,23,Male,Nagpur,India,2023-09-20,Active,0.145,0
C11031,Watika,Palan,40,Female,Hyderabad,India,2024-05-12,Churned,0.506,1
C11032,Zansi,Lad,47,Male,Kolkata,India,2025-11-21,Active,0.461,0
C11033,Kamya,Date,40,Female,Pune,India,2024-05-17,Churned,0.485,1
C11034,Jacob,Balan,46,Other,Kolkata,India,2024-10-22,Active,0.3,0
C11035,Pushti,Magar,38,Male,Bengaluru,India,2025-02-02,Active,0.196,0
C11036,Devansh,Lall,20,Other,Pune,India,2025-11-22,Active,0.476,0
C11037,Faraj,Taneja,19,Female,Pune,India,2026-02-12,Active,0.12,0
C11038,Yasti,Parsa,61,Male,Delhi,India,2025-08-08,Churned,0.468,1
C11039,Xalak,Ganesan,51,Male,Nagpur,India,2023-11-26,Active,0.324,0
C11040,Nakul,Kumer,39,Other,Chennai,India,2025-03-25,Churned,0.428,1
C11041,Jack,Kari,47,Male,Chennai,India,2024-02-07,Active,0.083,0
C11042,Aarnav,Basu,58,Male,Nagpur,India,2025-10-30,Churned,0.426,1
C11043,Yash,Batra,58,Other,Chennai,India,2023-09-20,Active,0.054,0
C11044,Januja,Rajagopal,43,Male,Delhi,India,2025-09-02,Active,0.191,0
C11045,Praneel,Banik,46,Other,Chennai,India,2024-04-21,Active,0.562,0
C11046,Oni,Kapur,42,Male,Delhi,India,2026-01-06,Churned,0.558,1
C11047,Yuvraj,Saha,31,Female,Pune,India,2025-01-12,Active,0.02,0
C11048,Anika,Brahmbhatt,54,Male,Nagpur,India,2025-01-10,Churned,0.209,1
C11049,Kashish,Dar,41,Female,Delhi,India,2026-02-04,Active,0.158,0
C11050,Charles,Gola,47,Male,Bengaluru,India,2025-10-19,Active,0.36,0
C11051,Zaitra,Batra,60,Female,Hyderabad,India,2024-08-12,Active,0.092,0
C11052,Ekapad,Shroff,56,Female,Chennai,India,2025-05-15,Churned,0.416,1
C11053,Deepa,Narang,55,Male,Hyderabad,India,2024-11-12,Active,0.229,0
C11054,Tanmayi,Anand,40,Female,Nagpur,India,2024-01-13,Active,0.086,0
C11055,Sai,Manne,70,Other,Bengaluru,India,2025-03-27,Churned,0.508,1
C11056,Daksha,Kibe,57,Other,Pune,India,2026-01-23,Active,0.194,0
C11057,Jyoti,Tak,61,Male,Hyderabad,India,2025-08-21,Active,0.018,0
C11058,Yatan,Dora,25,Male,Bengaluru,India,2024-06-30,Active,0.465,0
C11059,Nimrat,Bajwa,25,Male,Hyderabad,India,2023-09-10,Active,0.144,0
C11060,Hiral,Andra,62,Male,Chennai,India,2024-08-27,Churned,0.188,1
C11061,Aarav,Puri,44,Other,Nagpur,India,2025-02-02,Active,0.28,0
C11062,Hemang,Jha,54,Female,Chennai,India,2024-12-21,Active,0.097,0
C11063,Wazir,Saini,29,Female,Nagpur,India,2025-12-02,Active,0.328,0
C11064,Darpan,Dhar,53,Male,Kolkata,India,2025-10-04,Active,0.343,0
C11065,Girik,Bassi,36,Male,Nagpur,India,2024-11-08,Active,0.268,0
C11066,Zinal,Sachar,38,Female,Mumbai,India,2024-08-25,Active,0.096,0
C11067,Kashish,Shanker,40,Male,Kolkata,India,2026-08-24,Active,0.156,0
C11068,Girish,Tiwari,26,Male,Chennai,India,2024-01-10,Churned,0.472,1
C11069,Meera,Borde,53,Other,Kolkata,India,2024-03-26,Churned,0.488,1
C11070,David,Saran,44,Other,Kolkata,India,2026-03-08,Churned,0.349,1
C11071,Kalpit,Khalsa,44,Other,Kolkata,India,2026-06-26,Active,0.262,0
C11072,Advika,Murty,49,Male,Pune,India,2024-11-27,Active,0.551,0
C11073,Eta,Nadkarni,54,Male,Delhi,India,2025-05-03,Active,0.047,0
C11074,Anita,Kaur,36,Male,Bengaluru,India,2025-08-04,Active,0.526,0
C11075,Samaksh,Deshpande,32,Other,Bengaluru,India,2023-12-26,Active,0.049,0
C11076,Ikbal,Dugal,28,Female,Kolkata,India,2026-02-25,Active,0.334,0
C11077,Nitesh,Sengupta,53,Other,Pune,India,2024-02-12,Churned,0.271,1
C11078,Dipta,Ray,54,Male,Bengaluru,India,2025-08-24,Active,0.49,0
C11079,Ishita,Johal,67,Other,Hyderabad,India,2024-03-06,Active,0.594,0
C11080,Darika,Sheth,52,Male,Kolkata,India,2025-08-03,Active,0.195,0
C11081,Jagdish,Chana,52,Male,Chennai,India,2024-10-16,Active,0.145,0
C11082,Daksha,Baria,24,Other,Delhi,India,2024-05-02,Churned,0.335,1
C11083,Falak,Divan,37,Male,Kolkata,India,2024-07-31,Churned,0.627,1
C11084,Yuvraj,Parekh,34,Female,Pune,India,2024-01-20,Active,0.163,0
C11085,Yochana,Bawa,46,Male,Delhi,India,2025-05-08,Active,0.248,0
C11086,Chandani,Lad,31,Other,Hyderabad,India,2026-07-18,Active,0.149,0
C11087,Azaan,Ravel,63,Other,Chennai,India,2024-05-28,Churned,0.417,1
C11088,Zaid,Chandra,28,Other,Nagpur,India,2025-08-03,Churned,0.423,1
C11089,Harsh,Dey,68,Male,Delhi,India,2025-08-18,Active,0.028,0
C11090,Advik,Bhatia,69,Male,Hyderabad,India,2024-03-07,Active,0.149,0
C11091,Kalpit,Hora,52,Female,Nagpur,India,2024-08-11,Active,0.211,0
C11092,Kashish,Chad,38,Other,Bengaluru,India,2025-05-15,Active,0.353,0
C11093,Aashi,Borde,36,Other,Bengaluru,India,2026-02-21,Churned,0.165,1
C11094,Dhruv,Hora,50,Other,Pune,India,2023-10-04,Active,0.167,0
C11095,Sachi,Dave,26,Female,Mumbai,India,2026-05-31,Churned,0.559,1
C11096,Garima,Das,35,Other,Nagpur,India,2024-01-21,Churned,0.256,1
C11097,Triya,Bedi,62,Male,Delhi,India,2023-11-06,Active,0.167,0
C11098,Rachita,Rana,27,Other,Hyderabad,India,2024-05-18,Active,0.311,0
C11099,Ayushman,Raja,33,Other,Chennai,India,2025-10-10,Churned,0.226,1
C11100,Pooja,Gera,49,Male,Bengaluru,India,2026-07-28,Active,0.435,0
C11101,Tanish,Grover,58,Female,Chennai,India,2025-03-03,Active,0.378,0
C11102,Ati,Sehgal,46,Male,Pune,India,2024-11-01,Active,0.122,0
C11103,Bakhshi,Korpal,43,Other,Bengaluru,India,2024-04-18,Churned,0.154,1
C11104,Chakrika,Tara,62,Female,Kolkata,India,2026-06-02,Churned,0.358,1
C11105,Varenya,Bhat,49,Female,Mumbai,India,2025-06-02,Churned,0.429,1
C11106,Ati,Rajagopal,67,Other,Pune,India,2024-01-15,Churned,0.555,1
C11107,Oni,Iyengar,64,Female,Hyderabad,India,2024-04-01,Churned,0.482,1
C11108,Zaid,Bahl,22,Other,Chennai,India,2026-05-26,Active,0.373,0
C11109,Jagrati,Srinivasan,31,Female,Delhi,India,2025-04-17,Active,0.483,0
C11110,Vedhika,Padmanabhan,49,Female,Hyderabad,India,2025-12-24,Active,0.567,0
C11111,Yadavi,Nagy,36,Female,Nagpur,India,2026-01-26,Active,0.35,0
C11112,Anamika,Gole,54,Female,Hyderabad,India,2025-04-26,Active,0.31,0
C11113,Eiravati,Kanda,61,Male,Mumbai,India,2023-10-11,Active,0.181,0
C11114,Avni,Bhardwaj,24,Other,Kolkata,India,2023-10-16,Active,0.21,0
C11115,Ishita,Kaul,19,Male,Nagpur,India,2025-09-02,Active,0.13,0
C11116,Harish,Kota,46,Female,Mumbai,India,2024-05-05,Active,0.324,0
C11117,Wridesh,Lata,45,Male,Nagpur,India,2026-06-17,Churned,0.39,1
C11118,Daksh,Kanda,59,Female,Nagpur,India,2025-12-08,Active,0.147,0
C11119,Lipika,Pant,35,Male,Hyderabad,India,2026-02-11,Active,0.669,0
C11120,Patrick,Khalsa,34,Male,Hyderabad,India,2024-05-27,Active,0.108,0
C11121,Eesha,Parmer,60,Other,Nagpur,India,2026-03-09,Active,0.479,0
C11122,Ayaan,Pandey,21,Female,Bengaluru,India,2026-03-07,Churned,0.158,1
C11123,Lucky,Guha,64,Other,Delhi,India,2026-01-29,Active,0.186,0
C11124,Dayamai,Gill,45,Other,Pune,India,2025-10-04,Churned,0.336,1
C11125,Baljiwan,Chana,63,Male,Mumbai,India,2025-10-01,Active,0.36,0
C11126,Viraj,Kanda,31,Female,Pune,India,2023-11-27,Churned,0.109,1
C11127,Vanya,Acharya,26,Other,Delhi,India,2023-10-01,Churned,0.547,1
C11128,Saksham,De,51,Other,Kolkata,India,2025-01-28,Active,0.168,0
C11129,Peter,Naik,18,Male,Hyderabad,India,2025-02-11,Active,0.132,0
C11130,Anthony,Divan,70,Male,Chennai,India,2023-12-02,Active,0.262,0
C11131,Lucky,Choudhry,62,Male,Kolkata,India,2026-02-28,Active,0.257,0
C11132,Janya,Bora,22,Male,Chennai,India,2025-11-26,Active,0.489,0
C11133,Meghana,Chaudhuri,23,Other,Pune,India,2025-04-03,Active,0.061,0
C11134,Chasmum,Naidu,24,Female,Hyderabad,India,2025-02-04,Active,0.209,0
C11135,Nakul,Sarkar,37,Male,Chennai,India,2024-03-30,Active,0.124,0
C11136,Vidhi,Nadig,67,Male,Nagpur,India,2026-05-21,Active,0.41,0
C11137,Ishanvi,Kapoor,22,Other,Mumbai,India,2024-05-28,Active,0.299,0
C11138,Parth,Radhakrishnan,57,Other,Nagpur,India,2026-06-30,Churned,0.495,1
C11139,Chaitaly,Datta,46,Female,Delhi,India,2024-12-20,Active,0.374,0
C11140,Aarav,Raman,58,Other,Nagpur,India,2024-06-03,Active,0.463,0
C11141,Bachittar,Gopal,44,Other,Kolkata,India,2026-01-29,Active,0.425,0
C11142,Eesha,Kant,31,Male,Pune,India,2026-03-24,Active,0.247,0
C11143,Hemang,Taneja,26,Male,Chennai,India,2026-05-21,Active,0.194,0
C11144,Garima,Brahmbhatt,40,Female,Hyderabad,India,2024-04-06,Active,0.397,0
C11145,Idika,Nagarajan,68,Male,Delhi,India,2024-09-04,Active,0.528,0
C11146,Gaurang,Nayak,35,Other,Pune,India,2024-05-18,Active,0.141,0
C11147,Advay,Lanka,33,Other,Bengaluru,India,2025-07-25,Active,0.401,0
C11148,Zaid,Bir,67,Other,Mumbai,India,2024-07-22,Active,0.101,0
C11149,Aahana,Chokshi,60,Female,Delhi,India,2025-02-26,Active,0.102,0
C11150,Chanakya,Raju,51,Other,Delhi,India,2023-09-02,Active,0.191,0
C11151,Oni,Ganesan,65,Female,Bengaluru,India,2025-07-12,Active,0.16,0
C11152,Waida,Radhakrishnan,59,Male,Delhi,India,2025-06-05,Active,0.051,0
C11153,Keya,Chaudhuri,49,Female,Pune,India,2025-02-27,Active,0.093,0
C11154,Umang,Gaba,33,Female,Pune,India,2025-09-14,Active,0.189,0
C11155,Ethan,Bandi,51,Male,Hyderabad,India,2025-08-02,Active,0.311,0
C11156,Anmol,Nagar,38,Male,Chennai,India,2024-12-02,Churned,0.531,1
C11157,Henry,Borah,54,Female,Hyderabad,India,2024-10-10,Active,0.129,0
C11158,Onkar,Prashad,52,Other,Nagpur,India,2025-02-12,Active,0.099,0
C11159,Falan,Chander,66,Female,Pune,India,2024-05-07,Active,0.207,0
C11160,Vasudha,Balasubramanian,19,Other,Pune,India,2025-02-06,Active,0.342,0
C11161,Nitesh,Saraf,18,Female,Delhi,India,2025-07-02,Active,0.271,0
C11162,Chatresh,Chaudhuri,20,Male,Chennai,India,2024-05-02,Active,0.141,0
C11163,Samesh,Gupta,50,Female,Chennai,India,2025-01-27,Churned,0.482,1
C11164,Alka,Manda,45,Other,Chennai,India,2025-05-28,Active,0.482,0
C11165,Wazir,Char,23,Other,Nagpur,India,2024-12-05,Active,0.444,0
C11166,Maya,Swaminathan,35,Male,Bengaluru,India,2023-11-17,Active,0.126,0
C11167,Chatura,Patel,23,Other,Delhi,India,2024-04-26,Active,0.29,0
C11168,Prisha,Chahal,69,Male,Hyderabad,India,2023-09-06,Active,0.491,0
C11169,Varsha,Iyengar,43,Other,Pune,India,2024-12-01,Active,0.126,0
C11170,Atharv,Jhaveri,37,Other,Chennai,India,2024-01-29,Active,0.112,0
C11171,Bishakha,Bumb,64,Male,Mumbai,India,2024-05-23,Active,0.455,0
C11172,Jack,Morar,33,Male,Chennai,India,2025-09-05,Active,0.288,0
C11173,Urishilla,Suresh,25,Female,Mumbai,India,2025-05-10,Active,0.194,0
C11174,Alka,Chand,37,Other,Nagpur,India,2026-06-23,Active,0.448,0
C11175,Lila,Goyal,25,Male,Nagpur,India,2026-05-25,Active,0.059,0
C11176,Lakshmi,Pingle,62,Male,Nagpur,India,2025-03-30,Churned,0.464,1
C11177,Sanaya,Basu,49,Female,Bengaluru,India,2024-06-16,Churned,0.241,1
C11178,Ria,Shroff,28,Female,Nagpur,India,2024-10-14,Active,0.222,0
C11179,Upkaar,Luthra,65,Female,Pune,India,2024-10-14,Active,0.57,0
C11180,David,Dora,67,Male,Hyderabad,India,2026-01-24,Active,0.233,0
C11181,Gunbir,Chada,69,Female,Bengaluru,India,2026-08-17,Active,0.401,0
C11182,Hemangini,Sachdev,51,Male,Bengaluru,India,2026-07-04,Active,0.51,0
C11183,Utkarsh,Bhat,63,Other,Pune,India,2026-03-05,Active,0.058,0
C11184,Omya,Wason,49,Female,Hyderabad,India,2025-04-24,Active,0.092,0
C11185,Vaishnavi,Keer,21,Female,Nagpur,India,2026-08-03,Churned,0.334,1
C11186,Chandani,Brar,41,Male,Bengaluru,India,2025-09-09,Churned,0.165,1
C11187,Bakhshi,Thakkar,67,Male,Pune,India,2025-05-06,Active,0.269,0
C11188,Zansi,Din,32,Other,Mumbai,India,2026-02-04,Active,0.167,0
C11189,Saumya,Ghose,20,Male,Delhi,India,2024-03-05,Churned,0.431,1
C11190,Siddharth,Hans,20,Female,Hyderabad,India,2024-05-17,Churned,0.345,1
C11191,Brijesh,Sampath,42,Male,Nagpur,India,2024-03-15,Churned,0.282,1
C11192,Radhika,Jaggi,20,Other,Chennai,India,2023-12-31,Active,0.192,0
C11193,Manbir,Kuruvilla,32,Female,Delhi,India,2026-05-02,Active,0.212,0
C11194,Ekalinga,Chahal,44,Other,Hyderabad,India,2025-01-09,Active,0.117,0
C11195,Mekhala,Nanda,35,Male,Hyderabad,India,2025-04-25,Churned,0.351,1
C11196,Zinal,Shanker,25,Other,Mumbai,India,2024-11-03,Active,0.137,0
C11197,Oni,Chowdhury,29,Male,Mumbai,India,2023-09-20,Active,0.143,0
C11198,Mason,Divan,43,Male,Kolkata,India,2025-06-05,Active,0.089,0
C11199,Harish,Cherian,36,Female,Hyderabad,India,2026-01-28,Active,0.195,0
C11200,Harrison,Mangal,23,Other,Kolkata,India,2026-01-22,Active,0.145,0
C11201,Hemangini,Roy,18,Female,Delhi,India,2025-12-11,Active,0.134,0
C11202,Leela,Sunder,36,Other,Bengaluru,India,2024-10-15,Active,0.041,0
C11203,Urvashi,Barad,65,Other,Delhi,India,2026-02-05,Active,0.298,0
C11204,Anya,Rau,47,Female,Kolkata,India,2024-05-25,Active,0.136,0
C11205,Neelima,Barad,67,Male,Delhi,India,2024-04-11,Active,0.199,0
C11206,Garima,Khanna,27,Male,Chennai,India,2025-05-07,Active,0.369,0
C11207,Vaishnavi,Luthra,19,Male,Hyderabad,India,2023-11-16,Active,0.149,0
C11208,Anmol,Nazareth,58,Other,Mumbai,India,2025-04-01,Churned,0.151,1
C11209,Deepa,Mand,39,Male,Chennai,India,2024-12-14,Active,0.138,0
C11210,Guneet,Kari,65,Other,Bengaluru,India,2025-10-03,Active,0.383,0
C11211,Charita,Savant,24,Male,Delhi,India,2024-03-27,Active,0.016,0
C11212,Amruta,Saha,44,Female,Mumbai,India,2025-01-11,Active,0.176,0
C11213,Gaurav,Guha,27,Other,Bengaluru,India,2026-03-28,Churned,0.509,1
C11214,Siddharth,Ray,23,Male,Delhi,India,2025-07-18,Churned,0.392,1
C11215,Zaitra,Prakash,51,Female,Hyderabad,India,2025-09-22,Churned,0.131,1
C11216,Yutika,Dutt,47,Other,Pune,India,2023-11-27,Active,0.06,0
C11217,Deepa,Toor,55,Male,Nagpur,India,2023-12-11,Active,0.098,0
C11218,Krishna,Viswanathan,58,Female,Pune,India,2025-05-19,Active,0.276,0
C11219,Ayush,Ghose,55,Other,Mumbai,India,2026-01-31,Active,0.439,0
C11220,Sai,Bhardwaj,45,Other,Nagpur,India,2024-06-26,Active,0.454,0
C11221,Bachittar,Shan,33,Female,Bengaluru,India,2024-09-22,Active,0.385,0
C11222,Jalsa,Issac,38,Female,Hyderabad,India,2023-11-18,Churned,0.406,1
C11223,Jyoti,Shetty,38,Female,Bengaluru,India,2024-10-30,Active,0.124,0
C11224,Mekhala,Dasgupta,32,Male,Delhi,India,2025-10-24,Active,0.506,0
C11225,Azaan,Khurana,26,Other,Pune,India,2026-07-25,Active,0.186,0
C11226,Vrinda,Sehgal,27,Male,Nagpur,India,2025-04-01,Churned,0.407,1
C11227,Urvi,Palla,46,Female,Hyderabad,India,2024-06-02,Active,0.156,0
C11228,Nihal,Kuruvilla,44,Male,Hyderabad,India,2025-02-16,Active,0.438,0
C11229,Gautam,Mane,67,Male,Kolkata,India,2026-08-06,Active,0.344,0
C11230,Libni,Bawa,37,Female,Bengaluru,India,2023-10-13,Active,0.149,0
C11231,Tanish,Kant,25,Male,Nagpur,India,2024-05-11,Churned,0.199,1
C11232,Umang,Jhaveri,69,Other,Bengaluru,India,2026-06-02,Churned,0.442,1
C11233,Nimrat,Varghese,70,Other,Mumbai,India,2024-10-23,Active,0.462,0
C11234,Aditya,Som,31,Female,Nagpur,India,2023-10-02,Active,0.44,0
C11235,Oscar,Anand,23,Other,Delhi,India,2024-03-24,Active,0.298,0
C11236,Zayyan,Mody,40,Female,Mumbai,India,2024-08-13,Churned,0.123,1
C11237,Anvi,Sampath,61,Female,Bengaluru,India,2026-05-26,Active,0.271,0
C11238,Ikshita,Sharaf,70,Male,Mumbai,India,2025-04-07,Churned,0.533,1
C11239,Tejas,Shukla,43,Female,Delhi,India,2024-09-26,Active,0.113,0
C11240,Mekhala,Chaudry,24,Female,Pune,India,2024-12-13,Active,0.192,0
C11241,Yasti,Prasad,69,Male,Pune,India,2023-09-12,Churned,0.428,1
C11242,Barkha,Misra,18,Male,Delhi,India,2026-01-20,Active,0.344,0
C11243,Hritik,Subramaniam,26,Male,Chennai,India,2026-07-30,Churned,0.346,1
C11244,Gayathri,Malhotra,41,Other,Pune,India,2023-12-09,Churned,0.378,1
C11245,Ekta,Malhotra,55,Other,Bengaluru,India,2026-05-23,Active,0.539,0
C11246,Chanchal,Guha,70,Male,Mumbai,India,2024-10-10,Active,0.129,0
C11247,Zansi,Khosla,22,Male,Kolkata,India,2024-04-20,Active,0.176,0
C11248,Netra,Nagarajan,69,Male,Pune,India,2023-11-28,Active,0.151,0
C11249,Logan,Bal,69,Female,Pune,India,2026-07-24,Churned,0.458,1
C11250,Widisha,Merchant,20,Female,Mumbai,India,2026-06-15,Active,0.278,0
C11251,Omya,Ravel,28,Other,Chennai,India,2024-10-08,Churned,0.313,1
C11252,Balendra,Gupta,70,Other,Chennai,India,2025-04-26,Churned,0.157,1
C11253,Tristan,Warrior,49,Male,Chennai,India,2025-02-15,Active,0.1,0
C11254,Vamakshi,Parmer,61,Female,Nagpur,India,2026-05-19,Active,0.265,0
C11255,Charita,Garde,40,Male,Nagpur,India,2025-10-28,Churned,0.385,1
C11256,Pratyush,Memon,35,Female,Kolkata,India,2026-06-18,Churned,0.486,1
C11257,Urishilla,Dave,27,Male,Delhi,India,2024-01-30,Active,0.045,0
C11258,Qadim,Nayak,59,Female,Kolkata,India,2024-10-06,Churned,0.243,1
C11259,Gaurav,Kapadia,44,Other,Kolkata,India,2026-06-13,Active,0.482,0
C11260,Udant,Mohanty,21,Male,Bengaluru,India,2025-03-05,Active,0.069,0
C11261,Garima,Prabhu,42,Male,Chennai,India,2025-06-15,Active,0.299,0
C11262,Chaitaly,Sheth,30,Other,Delhi,India,2024-10-09,Active,0.43,0
C11263,Upma,Bera,58,Other,Mumbai,India,2024-03-01,Active,0.48,0
C11264,Ekavir,Sodhi,42,Other,Hyderabad,India,2026-05-13,Churned,0.101,1
C11265,Xiti,Dar,48,Other,Kolkata,India,2024-06-29,Churned,0.181,1
C11266,Lakshmi,Wagle,40,Other,Hyderabad,India,2026-07-24,Churned,0.248,1
C11267,Odika,Bhagat,42,Female,Nagpur,India,2024-12-07,Active,0.129,0
C11268,Laksh,Iyer,19,Female,Delhi,India,2024-04-22,Churned,0.254,1
C11269,Nimrat,Shankar,19,Female,Mumbai,India,2025-02-14,Active,0.554,0
C11270,Diya,Gole,69,Female,Hyderabad,India,2024-04-10,Churned,0.555,1
C11271,Vinaya,Natarajan,67,Other,Delhi,India,2024-01-04,Churned,0.246,1
C11272,Peter,Munshi,28,Male,Delhi,India,2026-05-08,Active,0.335,0
C11273,Dalbir,Agrawal,60,Male,Bengaluru,India,2026-05-13,Active,0.01,0
C11274,Anusha,Kadakia,52,Other,Mumbai,India,2025-08-03,Active,0.108,0
C11275,Nathan,Suri,66,Male,Chennai,India,2024-05-19,Active,0.121,0
C11276,Kai,Saraf,40,Male,Nagpur,India,2024-01-15,Active,0.235,0
C11277,Pushti,Raval,33,Other,Hyderabad,India,2026-05-12,Churned,0.261,1
C11278,Vansha,Rajagopal,69,Other,Hyderabad,India,2025-06-28,Churned,0.487,1
C11279,Baljiwan,Walla,55,Male,Hyderabad,India,2023-09-08,Active,0.252,0
C11280,Kashvi,Atwal,54,Other,Nagpur,India,2024-07-06,Active,0.308,0
C11281,Rayaan,Badami,54,Male,Kolkata,India,2025-01-13,Active,0.159,0
C11282,Aayush,Kothari,52,Female,Nagpur,India,2026-07-18,Active,0.585,0
C11283,Hemangini,Muni,49,Male,Pune,India,2024-08-17,Active,0.14,0
C11284,Harshil,Rajagopal,21,Male,Delhi,India,2024-03-19,Active,0.323,0
C11285,Damini,Ganesh,19,Other,Kolkata,India,2025-10-21,Churned,0.18,1
C11286,Chakradev,Misra,18,Female,Delhi,India,2023-12-11,Churned,0.121,1
C11287,Tamanna,Venkatesh,69,Male,Hyderabad,India,2024-11-25,Active,0.512,0
C11288,Geetika,Saraf,63,Male,Hyderabad,India,2026-03-15,Active,0.173,0
C11289,Krish,Oommen,21,Male,Nagpur,India,2026-08-02,Active,0.278,0
C11290,Jagrati,Guha,55,Other,Nagpur,India,2025-10-01,Active,0.216,0
C11291,Netra,Bahl,67,Male,Hyderabad,India,2024-05-14,Active,0.012,0
C11292,Udarsh,Deep,22,Female,Chennai,India,2024-08-20,Active,0.43,0
C11293,Anthony,Thaman,55,Male,Hyderabad,India,2024-07-25,Active,0.359,0
C11294,Jatin,Peri,37,Female,Nagpur,India,2024-05-20,Churned,0.387,1
C11295,Baljiwan,Prashad,28,Other,Chennai,India,2026-06-07,Active,0.254,0
C11296,Aadhya,Warrior,68,Other,Kolkata,India,2026-05-22,Churned,0.482,1
C11297,Chanakya,Bava,59,Female,Nagpur,India,2026-04-26,Churned,0.535,1
C11298,Hritik,Bahri,63,Other,Hyderabad,India,2026-06-25,Churned,0.494,1
C11299,Jack,Saha,32,Other,Nagpur,India,2023-11-14,Churned,0.527,1
C11300,Lajita,Dasgupta,42,Female,Bengaluru,India,2025-07-22,Active,0.408,0
C11301,Zayyan,Som,26,Male,Mumbai,India,2025-12-29,Active,0.143,0
C11302,Michael,Jha,62,Other,Chennai,India,2026-08-26,Active,0.175,0
C11303,Aditya,Mitra,67,Other,Mumbai,India,2026-08-15,Active,0.18,0
C11304,Harrison,Venkatesh,29,Other,Hyderabad,India,2025-06-15,Active,0.485,0
C11305,Laksh,Sahota,69,Other,Delhi,India,2024-10-24,Active,0.551,0
C11306,Yasti,Dalal,58,Other,Pune,India,2024-02-10,Active,0.564,0
C11307,Ishaan,Cherian,49,Male,Hyderabad,India,2024-11-13,Active,0.025,0
C11308,Rushil,Iyengar,65,Male,Delhi,India,2025-10-13,Active,0.432,0
C11309,Saksham,Parmar,40,Female,Nagpur,India,2024-10-13,Active,0.216,0
C11310,Nimrat,Merchant,58,Male,Hyderabad,India,2026-08-28,Active,0.464,0
C11311,Balveer,Taneja,46,Male,Bengaluru,India,2024-05-07,Churned,0.409,1
C11312,Vasana,Narayanan,31,Male,Pune,India,2024-07-19,Churned,0.143,1
C11313,Aarnav,Arya,40,Female,Pune,India,2024-08-30,Churned,0.138,1
C11314,Gaurav,Choudhry,64,Male,Mumbai,India,2026-07-10,Churned,0.389,1
C11315,Wakeeta,Dixit,42,Female,Chennai,India,2026-02-08,Active,0.449,0
C11316,Yasti,Borde,28,Female,Kolkata,India,2024-01-18,Churned,0.563,1
C11317,Aahana,Kashyap,42,Female,Chennai,India,2024-02-05,Active,0.25,0
C11318,Chaman,Lalla,24,Female,Delhi,India,2025-08-10,Active,0.171,0
C11319,Chandresh,Chaudhry,28,Female,Pune,India,2025-08-22,Active,0.097,0
C11320,Balveer,Mannan,69,Male,Bengaluru,India,2024-05-29,Churned,0.395,1
C11321,Dhriti,Sandhu,19,Female,Bengaluru,India,2025-03-13,Active,0.13,0
C11322,Girish,Bath,24,Male,Hyderabad,India,2024-02-28,Churned,0.458,1
C11323,Lakshit,Garde,28,Female,Nagpur,India,2023-09-16,Active,0.335,0
C11324,Ishita,Sarma,64,Male,Pune,India,2025-01-23,Active,0.496,0
C11325,Amrita,Chander,39,Other,Kolkata,India,2026-04-23,Active,0.243,0
C11326,Hema,Goswami,63,Male,Chennai,India,2025-04-01,Active,0.121,0
C11327,Nandini,Ratta,59,Male,Chennai,India,2024-02-24,Active,0.337,0
C11328,Anita,Rajan,28,Male,Pune,India,2025-08-10,Active,0.477,0
C11329,Vanya,Sama,39,Male,Delhi,India,2026-08-07,Churned,0.162,1
C11330,Ojas,Chowdhury,44,Other,Bengaluru,India,2026-06-04,Active,0.101,0
C11331,Daniel,Dutta,60,Female,Bengaluru,India,2024-03-24,Churned,0.347,1
C11332,Omaja,Subramanian,33,Male,Mumbai,India,2024-02-09,Active,0.022,0
C11333,Raksha,Golla,43,Other,Kolkata,India,2026-01-31,Active,0.541,0
C11334,Ladli,Parmer,27,Male,Hyderabad,India,2026-04-07,Active,0.164,0
C11335,Ayush,De,18,Female,Pune,India,2026-04-07,Active,0.254,0
C11336,Vinaya,Chowdhury,36,Other,Kolkata,India,2025-09-20,Active,0.164,0
C11337,Ridhi,Batra,30,Male,Mumbai,India,2025-05-31,Active,0.071,0
C11338,Advika,Murthy,31,Male,Bengaluru,India,2023-12-08,Active,0.239,0
C11339,Udarsh,Nigam,23,Female,Pune,India,2023-09-20,Active,0.417,0
C11340,Girish,Sant,37,Female,Kolkata,India,2025-11-15,Active,0.111,0
C11341,Yuvraj,Subramaniam,49,Other,Bengaluru,India,2026-06-24,Churned,0.227,1
C11342,Lekha,Dixit,23,Other,Chennai,India,2025-02-19,Active,0.101,0
C11343,Chatura,Apte,29,Female,Chennai,India,2026-01-15,Active,0.134,0
C11344,Naksh,Tiwari,41,Male,Kolkata,India,2026-05-27,Active,0.092,0
C11345,Warhi,Gandhi,20,Female,Kolkata,India,2025-08-30,Active,0.429,0
C11346,Vyanjana,Nagi,47,Female,Delhi,India,2023-12-26,Churned,0.533,1
C11347,Ganga,Mall,35,Other,Mumbai,India,2024-09-09,Active,0.301,0
C11348,Yashica,Kapoor,27,Other,Pune,India,2023-11-18,Active,0.096,0
C11349,Kritika,Rau,23,Other,Hyderabad,India,2026-01-03,Active,0.648,0
C11350,Farhan,Sharaf,69,Other,Chennai,India,2024-08-31,Churned,0.457,1
C11351,Sara,Chakrabarti,66,Other,Delhi,India,2025-07-22,Churned,0.052,1
C11352,Sanya,Mutti,53,Male,Chennai,India,2025-10-14,Active,0.413,0
C11353,Widisha,Badami,70,Other,Chennai,India,2024-03-03,Churned,0.257,1
C11354,Netra,Sachar,52,Other,Kolkata,India,2024-02-07,Active,0.412,0
C11355,Aadi,Chand,54,Male,Kolkata,India,2023-10-26,Active,0.182,0
C11356,Daksha,Trivedi,37,Male,Chennai,India,2026-03-27,Active,0.377,0
C11357,Samuel,Shan,63,Male,Nagpur,India,2026-01-21,Active,0.185,0
C11358,Januja,Bhagat,25,Female,Nagpur,India,2025-02-11,Active,0.01,0
C11359,Suhani,Narula,28,Male,Delhi,India,2024-08-12,Churned,0.165,1
C11360,Urvashi,Patla,26,Male,Chennai,India,2026-01-18,Active,0.265,0
C11361,Ishaan,Chatterjee,23,Other,Chennai,India,2025-08-03,Active,0.09,0
C11362,Tristan,Agate,30,Other,Nagpur,India,2026-06-20,Active,0.258,0
C11363,Isha,Manne,56,Female,Hyderabad,India,2025-02-12,Active,0.37,0
C11364,Kashvi,Cherian,64,Male,Pune,India,2025-12-29,Active,0.087,0
C11365,Nitesh,Tailor,42,Other,Chennai,India,2023-11-11,Active,0.275,0
C11366,Nimrat,Chhabra,53,Female,Bengaluru,India,2024-04-06,Active,0.455,0
C11367,Rohan,Guha,51,Female,Mumbai,India,2024-09-30,Churned,0.256,1
C11368,Maya,Kale,68,Other,Chennai,India,2024-03-06,Active,0.094,0
C11369,Rayaan,Nigam,25,Female,Nagpur,India,2025-08-10,Active,0.249,0
C11370,Oeshi,Batra,27,Other,Pune,India,2024-02-15,Active,0.096,0
C11371,Jatin,Seshadri,24,Other,Pune,India,2026-05-11,Active,0.517,0
C11372,Yamini,Desai,68,Female,Hyderabad,India,2025-08-11,Active,0.42,0
C11373,Aayush,Wali,44,Female,Chennai,India,2025-10-14,Churned,0.362,1
C11374,Rachita,Subramanian,59,Female,Kolkata,India,2023-11-15,Active,0.538,0
C11375,Peter,Ghose,20,Male,Bengaluru,India,2025-10-29,Churned,0.481,1
C11376,Hemang,Ram,43,Male,Chennai,India,2024-03-18,Churned,0.339,1
C11377,Ekanta,Thaman,20,Female,Hyderabad,India,2026-06-18,Active,0.026,0
C11378,Omya,Kothari,62,Male,Mumbai,India,2025-04-20,Active,0.172,0
C11379,Mitali,Oza,65,Female,Bengaluru,India,2024-10-30,Churned,0.227,1
C11380,Sneha,Deol,41,Male,Hyderabad,India,2024-11-30,Active,0.451,0
C11381,Nitara,Vala,70,Female,Bengaluru,India,2024-04-02,Active,0.495,0
C11382,Dipta,Kalla,35,Female,Pune,India,2024-12-08,Active,0.063,0
C11383,Shaurya,Mannan,32,Male,Bengaluru,India,2024-07-09,Churned,0.093,1
C11384,Hemani,Deo,65,Female,Hyderabad,India,2026-08-02,Active,0.153,0
C11385,Pranav,Thakur,35,Other,Chennai,India,2026-06-06,Active,0.23,0
C11386,Ekantika,D’Alia,56,Other,Pune,India,2025-12-21,Active,0.308,0
C11387,Varsha,Sahni,30,Female,Delhi,India,2025-03-01,Active,0.181,0
C11388,Bhavika,Sami,70,Female,Kolkata,India,2026-07-14,Active,0.235,0
C11389,Hredhaan,Bakshi,66,Other,Hyderabad,India,2023-09-20,Active,0.084,0
C11390,Maanav,Bera,70,Male,Nagpur,India,2025-04-14,Active,0.375,0
C11391,Daksh,Iyengar,22,Female,Chennai,India,2026-07-08,Churned,0.335,1
C11392,Naveen,Mangat,26,Other,Mumbai,India,2024-10-19,Active,0.098,0
C11393,Zashil,Dhingra,29,Male,Delhi,India,2026-07-28,Active,0.385,0
C11394,Chakrika,Jani,21,Male,Mumbai,India,2023-12-06,Active,0.396,0
C11395,Bachittar,Parmer,47,Male,Hyderabad,India,2025-12-19,Churned,0.275,1
C11396,Harsh,Kapur,63,Male,Bengaluru,India,2025-08-04,Churned,0.471,1
C11397,Lopa,Khanna,41,Female,Chennai,India,2026-06-02,Active,0.357,0
C11398,Bhavna,Batta,58,Male,Mumbai,India,2025-11-02,Churned,0.444,1
C11399,Lila,Saha,33,Female,Kolkata,India,2025-04-15,Churned,0.487,1
C11400,Dhriti,Bhagat,56,Female,Nagpur,India,2026-07-31,Active,0.598,0
C11401,Zayan,Jain,48,Other,Hyderabad,India,2023-09-21,Churned,0.309,1
C11402,Saanvi,Kar,40,Male,Bengaluru,India,2026-04-22,Churned,0.424,1
C11403,Jhalak,Hegde,65,Other,Pune,India,2026-05-12,Churned,0.202,1
C11404,Chaitaly,Sen,36,Male,Chennai,India,2024-06-27,Active,0.376,0
C11405,Falan,Grover,21,Male,Delhi,India,2024-06-02,Active,0.278,0
C11406,Yoshita,Dar,32,Other,Delhi,India,2024-05-27,Active,0.325,0
C11407,Banjeet,Sangha,61,Male,Bengaluru,India,2025-04-08,Active,0.247,0
C11408,Aishani,De,59,Female,Mumbai,India,2024-11-07,Active,0.157,0
C11409,Aadhya,Ahluwalia,67,Other,Mumbai,India,2024-05-07,Active,0.13,0
C11410,Unnati,Dubey,48,Male,Nagpur,India,2025-01-26,Active,0.01,0
C11411,Mitesh,Naidu,56,Male,Delhi,India,2023-11-02,Active,0.093,0
C11412,Charan,Mitra,34,Other,Bengaluru,India,2026-03-16,Active,0.143,0
C11413,Ishita,Bora,63,Other,Bengaluru,India,2025-10-02,Active,0.132,0
C11414,Thomas,Gour,45,Female,Hyderabad,India,2025-01-06,Active,0.073,0
C11415,Ekansh,Tiwari,47,Female,Delhi,India,2025-11-17,Active,0.523,0
C11416,Ojasvi,Yadav,47,Female,Chennai,India,2024-05-05,Churned,0.428,1
C11417,George,Palla,55,Male,Mumbai,India,2025-05-19,Active,0.112,0
C11418,Tanay,Narula,50,Other,Hyderabad,India,2024-08-09,Churned,0.44,1
C11419,Jalsa,Memon,53,Other,Bengaluru,India,2025-01-27,Active,0.579,0
C11420,Vaishnavi,Andra,37,Other,Pune,India,2024-08-05,Active,0.176,0
C11421,Hiral,Sehgal,48,Male,Hyderabad,India,2024-02-26,Active,0.219,0
C11422,Yagnesh,Baral,35,Other,Hyderabad,India,2024-09-08,Churned,0.392,1
C11423,Ekani,Raj,35,Female,Bengaluru,India,2026-07-27,Active,0.358,0
C11424,Libni,Kunda,30,Male,Delhi,India,2024-02-24,Active,0.079,0
C11425,Barkha,Bakshi,21,Other,Chennai,India,2025-12-18,Active,0.536,0
C11426,Kavya,Varkey,60,Female,Nagpur,India,2025-11-11,Active,0.216,0
C11427,Sanaya,Sur,64,Male,Kolkata,India,2025-10-30,Active,0.019,0
C11428,Chaman,Hans,36,Female,Chennai,India,2023-11-08,Active,0.24,0
C11429,Yoshita,Butala,43,Female,Mumbai,India,2025-01-10,Active,0.102,0
C11430,Oliver,Yogi,55,Other,Delhi,India,2024-01-28,Active,0.084,0
C11431,Abhimanyu,Bhatti,39,Other,Delhi,India,2025-12-07,Active,0.267,0
C11432,Tanay,Samra,61,Other,Kolkata,India,2024-07-24,Churned,0.475,1
C11433,Samesh,Yogi,60,Female,Bengaluru,India,2024-02-09,Active,0.144,0
C11434,Radhika,Bora,28,Other,Nagpur,India,2026-08-27,Churned,0.452,1
C11435,Mitesh,Bajwa,36,Male,Kolkata,India,2026-08-01,Active,0.108,0
C11436,Garima,Barad,26,Other,Bengaluru,India,2025-08-14,Churned,0.589,1
C11437,Ethan,Bhagat,64,Other,Nagpur,India,2024-01-14,Active,0.269,0
C11438,Zayan,Bobal,61,Female,Pune,India,2024-06-03,Active,0.158,0
C11439,Vedant,Kuruvilla,32,Female,Delhi,India,2026-02-10,Active,0.3,0
C11440,Lipika,Seshadri,65,Female,Chennai,India,2025-05-26,Active,0.059,0
C11441,Nidhi,Sant,68,Female,Hyderabad,India,2026-05-07,Churned,0.313,1
C11442,Anay,Ramachandran,34,Other,Bengaluru,India,2025-01-04,Active,0.121,0
C11443,Jagat,Warrior,47,Male,Kolkata,India,2026-07-12,Active,0.01,0
C11444,Dev,Bath,21,Other,Pune,India,2023-09-10,Active,0.231,0
C11445,Elijah,Parmar,48,Male,Pune,India,2026-08-24,Churned,0.181,1
C11446,Hitesh,Mann,61,Female,Bengaluru,India,2025-10-21,Churned,0.433,1
C11447,Charvi,Chadha,44,Male,Nagpur,India,2026-08-01,Active,0.177,0
C11448,Raksha,Raj,26,Male,Hyderabad,India,2024-11-11,Churned,0.415,1
C11449,Azaan,Som,44,Other,Kolkata,India,2025-05-06,Active,0.234,0
C11450,Thomas,Deshpande,27,Female,Nagpur,India,2024-04-30,Active,0.123,0
C11451,Chakrika,Dhawan,67,Male,Kolkata,India,2025-04-30,Churned,0.493,1
C11452,Kashvi,Apte,39,Other,Nagpur,India,2024-12-07,Active,0.5,0
C11453,Lohit,Dasgupta,38,Other,Mumbai,India,2026-01-07,Active,0.532,0
C11454,Abdul,Ramesh,18,Female,Bengaluru,India,2023-11-04,Active,0.397,0
C11455,Frederick,Mody,31,Male,Nagpur,India,2025-12-13,Active,0.21,0
C11456,Hemangini,Kakar,49,Male,Nagpur,India,2024-07-23,Active,0.203,0
C11457,Yauvani,Dhar,57,Female,Chennai,India,2025-06-03,Churned,0.323,1
C11458,Qarin,Kant,43,Female,Kolkata,India,2024-05-08,Active,0.102,0
C11459,Zayyan,Hari,42,Male,Mumbai,India,2026-04-16,Churned,0.254,1
C11460,Pratyush,Bhagat,52,Male,Hyderabad,India,2024-02-26,Active,0.042,0
C11461,Triya,Bora,18,Female,Delhi,India,2025-12-31,Churned,0.333,1
C11462,Ekalinga,Krishna,19,Other,Mumbai,India,2024-11-25,Active,0.162,0
C11463,Rudra,Sur,58,Other,Delhi,India,2024-01-31,Churned,0.137,1
C11464,Ishanvi,Dave,32,Other,Hyderabad,India,2025-01-26,Churned,0.281,1
C11465,Wahab,Chaudhry,37,Male,Pune,India,2026-07-09,Active,0.255,0
C11466,Ekaraj,Hari,42,Other,Bengaluru,India,2024-11-16,Churned,0.459,1
C11467,Vedika,Seshadri,28,Male,Mumbai,India,2025-01-06,Churned,0.488,1
C11468,Damini,Dua,37,Female,Kolkata,India,2025-01-23,Active,0.071,0
C11469,Janya,Mutti,64,Other,Hyderabad,India,2026-01-26,Active,0.158,0
C11470,Om,Agrawal,45,Other,Nagpur,India,2025-06-27,Active,0.395,0
C11471,Yatin,Kant,39,Female,Hyderabad,India,2024-12-30,Churned,0.427,1
C11472,Rajata,Malhotra,66,Male,Nagpur,India,2026-05-23,Active,0.21,0
C11473,Krish,Narula,69,Female,Mumbai,India,2025-03-12,Active,0.256,0
C11474,Turvi,Sehgal,32,Male,Nagpur,India,2025-09-15,Active,0.051,0
C11475,Dalaja,Sur,31,Other,Mumbai,India,2025-03-11,Churned,0.417,1
C11476,Ikbal,Gill,55,Other,Nagpur,India,2026-01-04,Active,0.263,0
C11477,Finn,Mand,25,Female,Mumbai,India,2026-05-30,Active,0.251,0
C11478,Ronith,Lall,42,Other,Bengaluru,India,2024-04-05,Churned,0.672,1
C11479,Faraj,Borra,67,Other,Mumbai,India,2026-05-01,Churned,0.173,1
C11480,Yashica,Balasubramanian,56,Male,Pune,India,2023-09-29,Churned,0.207,1
C11481,Nidhi,Kala,59,Male,Mumbai,India,2026-02-20,Active,0.42,0
C11482,Abha,Zacharia,62,Male,Chennai,India,2023-10-27,Churned,0.134,1
C11483,Manthan,Pau,46,Female,Pune,India,2025-09-03,Active,0.166,0
C11484,Udant,Mannan,53,Female,Kolkata,India,2025-05-02,Churned,0.473,1
C11485,Ucchal,Thaker,62,Male,Delhi,India,2024-03-26,Active,0.095,0
C11486,Gautam,Ranganathan,62,Other,Mumbai,India,2025-11-01,Active,0.038,0
C11487,Yadavi,Anne,37,Female,Pune,India,2025-03-19,Churned,0.459,1
C11488,William,Gandhi,60,Other,Bengaluru,India,2026-06-26,Active,0.138,0
C11489,Logan,Sehgal,57,Other,Nagpur,India,2025-11-07,Active,0.184,0
C11490,Praneel,Dhingra,44,Male,Pune,India,2024-05-05,Churned,0.55,1
C11491,Jagrati,Baria,36,Male,Pune,India,2025-09-21,Active,0.224,0
C11492,Vinaya,Kata,49,Male,Delhi,India,2024-08-05,Churned,0.25,1
C11493,Aishani,Pingle,67,Female,Delhi,India,2023-12-07,Churned,0.135,1
C11494,Brijesh,Jhaveri,40,Other,Chennai,India,2024-08-29,Active,0.255,0
C11495,Jalsa,Rama,36,Male,Mumbai,India,2025-11-13,Churned,0.252,1
C11496,Suhani,Batra,53,Female,Delhi,India,2025-08-30,Active,0.198,0
C11497,Ekiya,Chauhan,62,Female,Hyderabad,India,2023-11-01,Active,0.435,0
C11498,Anusha,Lall,33,Male,Mumbai,India,2026-08-29,Churned,0.493,1
C11499,Owen,Puri,60,Male,Pune,India,2026-02-15,Active,0.016,0
C11500,Kritika,Pau,54,Other,Kolkata,India,2026-06-12,Churned,0.209,1
C11501,Faras,Varughese,27,Male,Pune,India,2026-03-01,Active,0.147,0
C11502,Krisha,Kapoor,64,Other,Pune,India,2024-09-25,Active,0.125,0
C11503,Nidra,Pandit,34,Other,Delhi,India,2025-11-11,Active,0.157,0
C11504,Vidhi,Subramaniam,47,Female,Bengaluru,India,2025-02-17,Active,0.171,0
C11505,Abeer,Thaker,47,Male,Pune,India,2026-03-27,Active,0.067,0
C11506,Ria,Gandhi,70,Male,Mumbai,India,2024-04-03,Active,0.155,0
C11507,Faraj,Varkey,36,Female,Hyderabad,India,2024-08-23,Active,0.111,0
C11508,Avni,Kakar,45,Other,Pune,India,2026-05-27,Active,0.462,0
C11509,Rachit,Dugar,24,Male,Mumbai,India,2024-04-21,Active,0.453,0
C11510,Jagat,Karpe,26,Other,Nagpur,India,2025-03-16,Churned,0.387,1
C11511,Ganga,Comar,39,Female,Kolkata,India,2025-06-06,Active,0.209,0
C11512,Varenya,Srinivas,57,Female,Pune,India,2025-09-18,Active,0.369,0
C11513,Neel,Roy,41,Female,Nagpur,India,2024-07-24,Active,0.406,0
C11514,Yagnesh,Bassi,25,Female,Chennai,India,2023-10-05,Churned,0.574,1
C11515,Naveen,Desai,47,Female,Chennai,India,2024-03-17,Churned,0.397,1
C11516,Yauvani,Baral,62,Female,Chennai,India,2026-05-05,Active,0.22,0
C11517,Manan,Bhalla,59,Male,Pune,India,2026-02-05,Active,0.255,0
C11518,Aarna,Gole,26,Other,Mumbai,India,2024-05-16,Active,0.108,0
C11519,Nidra,Bahl,28,Male,Chennai,India,2025-11-11,Churned,0.523,1
C11520,Bhanumati,Chada,55,Female,Kolkata,India,2026-06-24,Active,0.107,0
C11521,Saumya,Sinha,29,Other,Chennai,India,2024-08-02,Churned,0.268,1
C11522,Onkar,Kanda,67,Female,Mumbai,India,2025-09-18,Active,0.191,0
C11523,Luke,Gopal,61,Other,Nagpur,India,2025-05-31,Churned,0.454,1
C11524,Yasti,Lalla,48,Female,Pune,India,2026-04-26,Active,0.122,0
C11525,Hema,Setty,44,Female,Mumbai,India,2024-05-18,Active,0.04,0
C11526,Ekapad,Karpe,22,Female,Hyderabad,India,2026-03-15,Active,0.251,0
C11527,Lekha,Deo,18,Other,Delhi,India,2025-04-10,Active,0.127,0
C11528,Amol,Jain,60,Female,Pune,India,2024-02-16,Churned,0.146,1
C11529,Yamini,Saini,45,Other,Delhi,India,2025-11-21,Active,0.16,0
C11530,Gopal,Goel,48,Female,Chennai,India,2024-04-20,Churned,0.158,1
C11531,Balvan,Wali,27,Other,Mumbai,India,2025-09-09,Active,0.51,0
C11532,Jacob,Chander,18,Other,Nagpur,India,2025-10-21,Active,0.29,0
C11533,Kalpit,Zacharia,50,Female,Kolkata,India,2025-09-19,Active,0.145,0
C11534,Raagini,Vig,28,Male,Kolkata,India,2023-09-02,Churned,0.182,1
C11535,Kamala,Bassi,38,Male,Hyderabad,India,2025-06-15,Active,0.125,0
C11536,Pushti,Karnik,35,Male,Delhi,India,2026-08-19,Active,0.071,0
C11537,Lakshmi,Palla,53,Other,Chennai,India,2025-09-18,Active,0.361,0
C11538,Guneet,Sandal,43,Male,Pune,India,2026-03-04,Churned,0.36,1
C11539,Aachal,Sood,47,Female,Kolkata,India,2024-03-26,Active,0.175,0
C11540,Fiyaz,Mander,23,Female,Kolkata,India,2024-08-27,Active,0.015,0
C11541,Nilima,Kurian,38,Male,Kolkata,India,2026-03-18,Churned,0.304,1
C11542,Abdul,Amble,65,Other,Mumbai,India,2024-06-20,Active,0.4,0
C11543,Jacob,Venkatesh,24,Female,Chennai,India,2026-02-14,Churned,0.47,1
C11544,Keya,Jha,20,Other,Mumbai,India,2023-09-12,Active,0.441,0
C11545,Diya,Rege,70,Male,Bengaluru,India,2026-08-04,Active,0.438,0
C11546,Hredhaan,Dubey,50,Other,Delhi,India,2025-03-16,Churned,0.445,1
C11547,Zehaan,Lal,59,Other,Kolkata,India,2025-06-23,Active,0.14,0
C11548,Pallavi,Pau,39,Female,Mumbai,India,2025-12-11,Churned,0.419,1
C11549,Anya,Ranganathan,70,Male,Kolkata,India,2026-04-08,Active,0.278,0
C11550,Odika,Subramanian,39,Other,Kolkata,India,2024-07-13,Active,0.181,0
C11551,Kamala,Sule,63,Other,Hyderabad,India,2024-06-04,Churned,0.309,1
C11552,Damyanti,Padmanabhan,63,Female,Pune,India,2024-09-29,Active,0.091,0
C11553,Lakshit,Dani,24,Other,Delhi,India,2025-05-11,Active,0.226,0
C11554,Sanya,Edwin,18,Female,Hyderabad,India,2024-08-22,Active,0.552,0
C11555,Tanish,Trivedi,58,Female,Hyderabad,India,2024-02-03,Churned,0.459,1
C11556,Hamsini,Ben,62,Male,Mumbai,India,2025-05-15,Active,0.144,0
C11557,Lopa,Ahluwalia,28,Female,Nagpur,India,2024-05-07,Active,0.351,0
C11558,Maanav,Sinha,70,Other,Chennai,India,2024-01-20,Churned,0.5,1
C11559,Radhika,Chakrabarti,24,Female,Delhi,India,2026-03-21,Active,0.404,0
C11560,Adya,Kapadia,30,Male,Chennai,India,2023-12-09,Active,0.405,0
C11561,Fariq,Barad,31,Female,Delhi,India,2025-03-30,Active,0.507,0
C11562,Nandini,Verma,63,Female,Pune,India,2025-04-20,Active,0.106,0
C11563,Dakshesh,Gill,66,Female,Mumbai,India,2024-11-19,Active,0.253,0
C11564,Warda,Sarna,58,Other,Pune,India,2026-05-22,Active,0.167,0
C11565,Saksham,Vasa,67,Female,Kolkata,India,2023-09-17,Churned,0.275,1
C11566,Robert,Bandi,60,Other,Nagpur,India,2024-11-18,Churned,0.661,1
C11567,Yashvi,Varty,49,Male,Mumbai,India,2026-03-20,Active,0.173,0
C11568,Vincent,Gara,53,Female,Kolkata,India,2026-08-21,Active,0.25,0
C11569,Balendra,Parsa,50,Male,Nagpur,India,2026-07-14,Active,0.154,0
C11570,Aadi,Dugar,64,Male,Pune,India,2024-09-06,Active,0.452,0
C11571,Anya,Ratta,42,Other,Hyderabad,India,2024-01-13,Churned,0.417,1
C11572,Megha,Ravi,50,Female,Chennai,India,2025-03-02,Active,0.138,0
C11573,Sai,Vasa,56,Other,Delhi,India,2026-02-27,Active,0.407,0
C11574,Ekapad,Chana,35,Female,Hyderabad,India,2023-09-24,Active,0.09,0
C11575,Bhavani,Pall,36,Female,Nagpur,India,2026-01-01,Churned,0.559,1
C11576,Aradhana,Kara,26,Female,Bengaluru,India,2025-02-21,Active,0.563,0
C11577,Robert,Sha,62,Other,Hyderabad,India,2026-03-30,Active,0.151,0
C11578,Aayush,Lal,63,Other,Delhi,India,2025-05-20,Active,0.144,0
C11579,Niharika,Toor,30,Male,Bengaluru,India,2024-05-29,Active,0.194,0
C11580,Elijah,Thakur,61,Female,Nagpur,India,2024-02-13,Active,0.382,0
C11581,Harini,Dada,63,Other,Nagpur,India,2024-12-01,Active,0.444,0
C11582,Aarini,Yogi,50,Other,Hyderabad,India,2025-11-06,Churned,0.53,1
C11583,Zashil,Savant,63,Male,Hyderabad,India,2026-02-10,Active,0.01,0
C11584,Veda,Kohli,53,Female,Chennai,India,2025-04-08,Active,0.273,0
C11585,Tara,Sharma,61,Other,Bengaluru,India,2025-02-09,Active,0.076,0
C11586,Ayaan,Subramaniam,45,Male,Pune,India,2026-02-28,Active,0.246,0
C11587,Aarna,Bir,19,Female,Nagpur,India,2024-02-28,Active,0.416,0
C11588,Thomas,Karpe,21,Other,Mumbai,India,2025-04-17,Active,0.387,0
C11589,Nitara,Pandit,30,Female,Nagpur,India,2025-01-03,Churned,0.146,1
C11590,Aditya,Lall,36,Other,Bengaluru,India,2025-11-11,Active,0.081,0
C11591,Bhavna,Chander,27,Male,Bengaluru,India,2024-09-20,Active,0.491,0
C11592,Hema,Borra,31,Other,Mumbai,India,2025-05-12,Active,0.411,0
C11593,Pranav,Soni,40,Female,Pune,India,2026-01-09,Active,0.202,0
C11594,Irya,Kamdar,57,Other,Delhi,India,2024-12-31,Active,0.136,0
C11595,Amruta,Goswami,65,Other,Chennai,India,2026-02-08,Churned,0.663,1
C11596,Ranveer,Tara,33,Other,Bengaluru,India,2026-07-28,Churned,0.281,1
C11597,Wahab,Khurana,62,Other,Mumbai,India,2024-07-07,Active,0.195,0
C11598,Samuel,Karnik,42,Female,Chennai,India,2024-10-17,Active,0.135,0
C11599,Zaid,Parekh,68,Other,Hyderabad,India,2024-07-11,Churned,0.344,1
C11600,Hredhaan,Dar,53,Male,Mumbai,India,2024-04-30,Active,0.11,0
C11601,Waida,Ahuja,65,Female,Delhi,India,2023-12-31,Active,0.055,0
C11602,Brijesh,Subramaniam,57,Female,Delhi,India,2025-12-20,Active,0.019,0
C11603,Divya,Tailor,58,Other,Hyderabad,India,2025-03-30,Churned,0.548,1
C11604,Anvi,Swaminathan,66,Other,Delhi,India,2026-02-09,Active,0.186,0
C11605,Yasti,Mammen,67,Other,Delhi,India,2024-06-11,Active,0.124,0
C11606,Tristan,Dave,36,Female,Nagpur,India,2025-05-11,Active,0.196,0
C11607,Pallavi,Sridhar,61,Male,Nagpur,India,2023-11-24,Active,0.198,0
C11608,Bachittar,Thakkar,29,Other,Pune,India,2025-12-19,Active,0.203,0
C11609,Meera,Ghosh,42,Male,Chennai,India,2025-02-21,Active,0.397,0
C11610,Jai,Vasa,35,Other,Bengaluru,India,2025-08-11,Churned,0.452,1
C11611,Diya,Anand,26,Male,Bengaluru,India,2025-08-15,Active,0.531,0
C11612,Shivansh,Raghavan,18,Female,Kolkata,India,2023-09-19,Active,0.488,0
C11613,Harrison,Nanda,63,Male,Mumbai,India,2026-02-19,Churned,0.497,1
C11614,Aashi,Grover,27,Female,Mumbai,India,2025-03-15,Active,0.424,0
C11615,Adya,Khalsa,67,Other,Bengaluru,India,2025-12-31,Active,0.111,0
C11616,Urishilla,Oza,49,Other,Hyderabad,India,2024-10-23,Active,0.052,0
C11617,Qarin,Tara,22,Other,Hyderabad,India,2025-03-22,Active,0.325,0
C11618,Shivansh,Saini,51,Male,Nagpur,India,2025-06-20,Active,0.139,0
C11619,Kashish,Patla,51,Male,Nagpur,India,2026-08-24,Churned,0.322,1
C11620,Ati,Seshadri,44,Other,Chennai,India,2025-05-15,Active,0.162,0
C11621,Karan,Karnik,23,Female,Delhi,India,2024-06-06,Active,0.442,0
C11622,Anamika,Keer,31,Other,Hyderabad,India,2024-02-03,Active,0.234,0
C11623,Rachana,Raj,39,Female,Bengaluru,India,2026-01-10,Active,0.4,0
C11624,Madhav,Doctor,31,Other,Kolkata,India,2024-07-01,Active,0.23,0
C11625,Aditya,Goda,53,Other,Mumbai,India,2025-09-04,Churned,0.487,1
C11626,Xalak,Desai,25,Other,Hyderabad,India,2025-06-16,Active,0.133,0
C11627,Zansi,Walla,46,Male,Delhi,India,2026-05-07,Active,0.461,0
C11628,Vidhi,Mital,20,Other,Hyderabad,India,2025-01-03,Active,0.114,0
C11629,Champak,Rao,42,Male,Chennai,India,2024-09-24,Active,0.249,0
C11630,Nihal,Bhasin,34,Other,Bengaluru,India,2024-02-01,Churned,0.119,1
C11631,Aachal,Soni,19,Other,Hyderabad,India,2024-07-31,Active,0.2,0
C11632,Gopal,Sengupta,50,Other,Kolkata,India,2026-05-06,Active,0.142,0
C11633,Abha,Patel,49,Male,Bengaluru,India,2025-02-01,Active,0.459,0
C11634,Aarini,Padmanabhan,59,Male,Hyderabad,India,2025-03-13,Active,0.347,0
C11635,Nisha,Dara,50,Male,Pune,India,2023-10-01,Active,0.243,0
C11636,Rushil,Yohannan,28,Other,Mumbai,India,2025-02-27,Active,0.125,0
C11637,Bhavani,Pant,58,Male,Delhi,India,2024-05-29,Active,0.172,0
C11638,Yashvi,Sura,60,Other,Delhi,India,2025-01-18,Active,0.084,0
C11639,Farhan,Raj,61,Female,Pune,India,2025-07-26,Active,0.164,0
C11640,Bhavini,Sheth,31,Other,Chennai,India,2026-04-11,Churned,0.533,1
C11641,Maanav,Ganesh,59,Male,Nagpur,India,2026-05-09,Active,0.045,0
C11642,Geetika,Sama,19,Female,Hyderabad,India,2026-05-23,Churned,0.185,1
C11643,Nidhi,Bora,20,Male,Pune,India,2026-05-08,Active,0.547,0
C11644,Neel,Oza,21,Male,Bengaluru,India,2024-01-01,Churned,0.419,1
C11645,Dipta,Nadig,53,Male,Delhi,India,2024-08-20,Active,0.19,0
C11646,Bishakha,Loke,34,Female,Chennai,India,2026-06-11,Churned,0.407,1
C11647,Megha,Madan,46,Other,Chennai,India,2026-03-29,Active,0.419,0
C11648,Janani,Verma,45,Female,Mumbai,India,2025-07-23,Active,0.177,0
C11649,Odika,Ganesh,42,Other,Pune,India,2025-07-31,Active,0.245,0
C11650,Arin,Dass,52,Male,Pune,India,2024-06-12,Active,0.038,0
C11651,Zayan,Buch,66,Other,Mumbai,India,2024-08-30,Churned,0.443,1
C11652,Ojas,Ranganathan,62,Male,Hyderabad,India,2024-07-24,Active,0.556,0
C11653,Girish,Bhatt,50,Male,Bengaluru,India,2024-02-08,Active,0.322,0
C11654,Chatura,Bal,68,Other,Bengaluru,India,2025-09-05,Active,0.217,0
C11655,Fiyaz,Chawla,56,Male,Bengaluru,India,2025-05-09,Active,0.337,0
C11656,Nachiket,Chad,66,Female,Chennai,India,2024-10-12,Churned,0.572,1
C11657,Madhavi,More,43,Other,Mumbai,India,2026-06-14,Active,0.171,0
C11658,Yug,Mander,48,Male,Delhi,India,2024-08-22,Active,0.202,0
C11659,Jonathan,Deep,26,Other,Chennai,India,2025-07-20,Active,0.448,0
C11660,Onkar,Balakrishnan,68,Other,Bengaluru,India,2025-11-27,Churned,0.56,1
C11661,Ishanvi,Nanda,58,Male,Bengaluru,India,2023-10-25,Active,0.455,0
C11662,Unni,Zachariah,61,Other,Hyderabad,India,2025-09-09,Active,0.327,0
C11663,Sai,Deshmukh,18,Other,Nagpur,India,2024-10-28,Churned,0.458,1
C11664,Peter,Shan,25,Male,Mumbai,India,2026-08-19,Churned,0.56,1
C11665,Radhika,Viswanathan,54,Other,Chennai,India,2026-05-08,Active,0.114,0
C11666,Dayita,Palan,52,Other,Pune,India,2026-05-21,Churned,0.262,1
C11667,Utkarsh,Chakraborty,37,Male,Hyderabad,India,2025-09-18,Active,0.117,0
C11668,Darika,Pau,31,Female,Nagpur,India,2025-07-18,Active,0.189,0
C11669,Abha,Dugal,28,Male,Delhi,India,2025-06-02,Churned,0.471,1
C11670,Advaith,Acharya,57,Female,Delhi,India,2024-12-15,Churned,0.46,1
C11671,Laban,Padmanabhan,25,Male,Mumbai,India,2025-11-21,Active,0.189,0
C11672,Upasna,Warrior,66,Other,Kolkata,India,2024-11-19,Active,0.293,0
C11673,Vyanjana,Sood,59,Other,Pune,India,2023-09-13,Active,0.147,0
C11674,Aditya,Sani,36,Other,Pune,India,2024-12-09,Active,0.127,0
C11675,Vihaan,Amble,34,Male,Delhi,India,2024-11-29,Active,0.361,0
C11676,Kashvi,Gulati,64,Other,Kolkata,India,2025-12-30,Active,0.021,0
C11677,Rajeshri,Rana,39,Female,Nagpur,India,2025-06-01,Active,0.491,0
C11678,Nihal,Ramakrishnan,60,Other,Delhi,India,2024-09-23,Active,0.199,0
C11679,Thomas,Lall,24,Female,Pune,India,2025-04-10,Active,0.07,0
C11680,Pahal,Khatri,30,Female,Kolkata,India,2024-01-02,Churned,0.582,1
C11681,Anita,Mane,46,Female,Bengaluru,India,2025-11-11,Active,0.08,0
C11682,Amruta,Sachar,62,Other,Nagpur,India,2026-06-04,Active,0.069,0
C11683,Ekapad,Gopal,54,Other,Hyderabad,India,2024-06-19,Active,0.274,0
C11684,Bimala,Choudhry,69,Female,Chennai,India,2024-03-31,Active,0.032,0
C11685,Tamanna,Sethi,28,Male,Hyderabad,India,2026-05-17,Churned,0.599,1
C11686,Vyanjana,Guha,33,Male,Chennai,India,2024-10-27,Active,0.202,0
C11687,Anirudh,Doshi,35,Female,Nagpur,India,2025-01-11,Active,0.126,0
C11688,Anthony,Grewal,61,Other,Hyderabad,India,2023-11-17,Churned,0.561,1
C11689,Baghyawati,Luthra,48,Female,Kolkata,India,2024-02-06,Active,0.376,0
C11690,Raksha,Anand,40,Female,Kolkata,India,2024-03-13,Active,0.109,0
C11691,Gautam,Dora,53,Male,Nagpur,India,2024-08-27,Active,0.037,0
C11692,Wakeeta,Kalla,59,Other,Pune,India,2023-09-23,Active,0.303,0
C11693,Osha,Muni,35,Male,Delhi,India,2025-02-13,Churned,0.183,1
C11694,Kamya,Sheth,34,Other,Pune,India,2025-10-14,Churned,0.504,1
C11695,Azad,Narayanan,64,Male,Mumbai,India,2026-08-18,Active,0.234,0
C11696,Madhav,Bhalla,50,Other,Mumbai,India,2024-01-03,Churned,0.412,1
C11697,Manya,Bora,70,Other,Chennai,India,2024-10-18,Active,0.389,0
C11698,Upma,Golla,67,Other,Delhi,India,2025-12-22,Churned,0.27,1
C11699,Zashil,Raj,20,Other,Bengaluru,India,2024-06-25,Churned,0.283,1
C11700,Jairaj,Kothari,52,Other,Kolkata,India,2023-09-20,Active,0.325,0
C11701,Saanvi,Kota,59,Male,Hyderabad,India,2025-04-20,Active,0.487,0
C11702,Rushil,Sharma,43,Male,Bengaluru,India,2023-10-23,Active,0.58,0
C11703,Sathvik,Solanki,26,Female,Pune,India,2024-01-24,Active,0.155,0
C11704,Devika,Naidu,43,Female,Mumbai,India,2025-04-27,Churned,0.336,1
C11705,Brijesh,Verma,60,Male,Nagpur,India,2024-05-04,Active,0.204,0
C11706,Zehaan,Srivastava,66,Other,Nagpur,India,2024-03-08,Active,0.521,0
C11707,Chanchal,Issac,46,Male,Nagpur,India,2026-05-19,Active,0.102,0
C11708,Charles,Kamdar,54,Other,Nagpur,India,2025-03-13,Active,0.258,0
C11709,Warinder,Saraf,65,Other,Kolkata,India,2024-02-23,Active,0.181,0
C11710,Alexander,Ganesh,40,Male,Delhi,India,2025-01-17,Active,0.523,0
C11711,Jagdish,Randhawa,66,Female,Delhi,India,2024-11-02,Churned,0.376,1
C11712,Aditya,Basak,22,Female,Hyderabad,India,2024-09-12,Active,0.176,0
C11713,Vaishnavi,Dubey,32,Male,Delhi,India,2026-02-19,Churned,0.464,1
C11714,Gaurav,Kothari,51,Female,Chennai,India,2025-03-30,Churned,0.386,1
C11715,Xalak,Chand,48,Female,Mumbai,India,2024-05-02,Active,0.386,0
C11716,Hamsini,Bhasin,20,Other,Hyderabad,India,2026-08-01,Churned,0.238,1
C11717,Ishani,Dube,24,Other,Bengaluru,India,2023-12-02,Active,0.306,0
C11718,Hredhaan,Dass,65,Female,Nagpur,India,2026-08-25,Active,0.251,0
C11719,Viraj,Nadig,42,Other,Chennai,India,2025-09-27,Churned,0.423,1
C11720,Idika,Sarna,41,Other,Pune,India,2026-01-15,Churned,0.473,1
C11721,Ansh,Purohit,51,Female,Chennai,India,2024-06-26,Active,0.134,0
C11722,Krish,Krishna,32,Other,Chennai,India,2025-03-10,Churned,0.421,1
C11723,Vedhika,Sarma,40,Female,Kolkata,India,2023-11-01,Active,0.198,0
C11724,Chaitaly,Suri,68,Female,Mumbai,India,2026-01-16,Active,0.26,0
C11725,Rachit,Pall,50,Male,Kolkata,India,2024-06-21,Active,0.459,0
C11726,Upadhriti,Maharaj,28,Male,Pune,India,2025-01-15,Churned,0.425,1
C11727,Naveen,Biswas,50,Other,Bengaluru,India,2026-03-19,Active,0.168,0
C11728,Mohammed,Sengupta,31,Male,Nagpur,India,2025-12-04,Active,0.194,0
C11729,Adya,Peri,28,Female,Pune,India,2024-12-03,Churned,0.33,1
C11730,Aadi,Toor,60,Male,Chennai,India,2025-08-06,Active,0.32,0
C11731,Qasim,Bahl,69,Female,Pune,India,2025-04-11,Active,0.428,0
C11732,Januja,Khare,48,Other,Kolkata,India,2026-04-20,Churned,0.544,1
C11733,Dev,Yohannan,48,Male,Nagpur,India,2025-01-11,Active,0.268,0
C11734,Ranveer,Viswanathan,59,Female,Mumbai,India,2025-04-24,Churned,0.346,1
C11735,Widisha,Dube,33,Male,Nagpur,India,2026-07-28,Active,0.564,0
C11736,Barkha,Naidu,54,Other,Nagpur,India,2026-04-10,Churned,0.732,1
C11737,Ekanta,Choudhry,26,Other,Mumbai,India,2025-05-29,Active,0.241,0
C11738,Ekalinga,Bassi,54,Male,Mumbai,India,2024-01-28,Active,0.164,0
C11739,Pranav,Balay,28,Female,Nagpur,India,2024-03-20,Churned,0.576,1
C11740,Hredhaan,Sunder,51,Female,Mumbai,India,2024-07-10,Active,0.249,0
C11741,Hardik,Balay,64,Other,Bengaluru,India,2024-06-24,Churned,0.495,1
C11742,Lipika,Suri,23,Male,Kolkata,India,2026-02-04,Churned,0.108,1
C11743,Aahana,Bawa,56,Female,Kolkata,India,2025-11-25,Active,0.288,0
C11744,Timothy,Bobal,28,Male,Chennai,India,2025-03-23,Active,0.415,0
C11745,Sathvik,Swamy,56,Male,Nagpur,India,2023-09-21,Active,0.103,0
C11746,Upadhriti,Bhat,57,Other,Bengaluru,India,2024-01-03,Active,0.188,0
C11747,Ojasvi,Pillay,28,Other,Hyderabad,India,2025-03-14,Churned,0.568,1
C11748,Amaira,Wadhwa,47,Other,Pune,India,2023-11-30,Active,0.146,0
C11749,Ekavir,Modi,32,Female,Chennai,India,2023-11-03,Churned,0.466,1
C11750,Tarak,Venkataraman,26,Male,Mumbai,India,2023-12-31,Active,0.2,0
C11751,Harrison,Kashyap,30,Other,Chennai,India,2024-01-29,Active,0.129,0
C11752,Lekha,Gupta,70,Male,Pune,India,2025-12-04,Active,0.4,0
C11753,Yuvraj,Gola,29,Female,Mumbai,India,2024-06-27,Active,0.27,0
C11754,Ojasvi,Cherian,68,Other,Pune,India,2026-01-15,Active,0.177,0
C11755,Ishita,Shanker,23,Female,Nagpur,India,2026-05-20,Active,0.165,0
C11756,Prisha,Chawla,56,Other,Mumbai,India,2026-08-27,Active,0.134,0
C11757,Pranit,Ratti,67,Other,Chennai,India,2024-05-17,Churned,0.378,1
C11758,Geetika,Dugar,51,Female,Hyderabad,India,2025-10-24,Churned,0.465,1
C11759,Saanvi,Pandey,20,Other,Chennai,India,2025-12-08,Active,0.01,0
C11760,Ekta,Prabhu,32,Female,Chennai,India,2025-01-02,Active,0.107,0
C11761,Qushi,Naik,40,Other,Pune,India,2025-06-02,Active,0.503,0
C11762,Wridesh,Kala,45,Male,Bengaluru,India,2026-04-03,Active,0.357,0
C11763,Aachal,Parsa,48,Male,Pune,India,2025-04-05,Active,0.497,0
C11764,Sara,Ranganathan,36,Other,Chennai,India,2025-08-03,Churned,0.577,1
C11765,Bakhshi,Mane,34,Male,Mumbai,India,2023-09-01,Churned,0.677,1
C11766,Amol,Vasa,63,Other,Mumbai,India,2026-03-14,Active,0.108,0
C11767,Chasmum,Ahuja,54,Other,Pune,India,2024-03-28,Active,0.333,0
C11768,Tristan,Kala,51,Male,Chennai,India,2024-12-10,Active,0.423,0
C11769,Anthony,Majumdar,59,Male,Hyderabad,India,2025-01-02,Active,0.126,0
C11770,Yasti,Dubey,44,Female,Pune,India,2026-01-08,Active,0.147,0
C11771,Baljiwan,Sharma,27,Female,Bengaluru,India,2024-01-25,Active,0.101,0
C11772,Nachiket,Devi,34,Other,Chennai,India,2025-03-06,Active,0.415,0
C11773,Jeevika,Krish,54,Female,Bengaluru,India,2024-10-16,Active,0.086,0
C11774,Aahana,Mital,61,Female,Delhi,India,2024-08-27,Active,0.088,0
C11775,Mugdha,Kalla,44,Other,Kolkata,India,2024-01-21,Active,0.13,0
C11776,Ekta,Subramanian,29,Female,Kolkata,India,2023-12-29,Active,0.08,0
C11777,Vinaya,Chandran,34,Female,Hyderabad,India,2024-05-26,Active,0.358,0
C11778,Charita,Barad,67,Other,Chennai,India,2026-03-13,Active,0.314,0
C11779,Lakshmi,Brar,65,Male,Pune,India,2026-02-12,Active,0.127,0
C11780,Gaurika,Pall,65,Male,Kolkata,India,2023-11-26,Active,0.108,0
C11781,Omaja,Dara,68,Other,Nagpur,India,2025-07-06,Active,0.031,0
C11782,Advay,Raja,24,Male,Chennai,India,2024-08-18,Active,0.106,0
C11783,Dalaja,Viswanathan,68,Female,Mumbai,India,2023-11-24,Active,0.226,0
C11784,Eiravati,Zacharia,28,Female,Mumbai,India,2023-11-03,Active,0.157,0
C11785,Mason,Narain,69,Male,Nagpur,India,2026-01-25,Active,0.078,0
C11786,Timothy,Dua,48,Other,Chennai,India,2025-10-20,Active,0.131,0
C11787,Maya,Sehgal,23,Male,Bengaluru,India,2023-11-18,Churned,0.084,1
C11788,Yamini,Chana,32,Female,Pune,India,2026-03-13,Active,0.419,0
C11789,Rachana,Mann,56,Male,Chennai,India,2024-08-10,Active,0.02,0
C11790,Manbir,Deo,43,Other,Bengaluru,India,2025-05-05,Active,0.154,0
C11791,Fitan,Soni,63,Other,Mumbai,India,2025-02-04,Churned,0.298,1
C11792,Chandran,Rastogi,67,Male,Kolkata,India,2026-02-04,Churned,0.416,1
C11793,Frederick,Rastogi,46,Male,Delhi,India,2024-10-12,Active,0.221,0
C11794,Radha,De,60,Other,Bengaluru,India,2025-10-19,Active,0.125,0
C11795,Vasana,Hora,30,Male,Delhi,India,2024-03-28,Active,0.263,0
C11796,Megha,Hayre,57,Male,Mumbai,India,2025-09-27,Active,0.395,0
C11797,Yatin,Kibe,41,Male,Mumbai,India,2026-01-19,Active,0.137,0
C11798,Amaira,Sani,28,Male,Bengaluru,India,2023-12-21,Active,0.149,0
C11799,Gaurav,Chowdhury,67,Female,Hyderabad,India,2025-01-15,Active,0.023,0
C11800,Odika,Sampath,60,Female,Chennai,India,2026-07-10,Active,0.037,0
C11801,Ijaya,Halder,55,Male,Mumbai,India,2025-03-21,Active,0.114,0
C11802,Hemangini,Bajwa,65,Other,Pune,India,2025-01-11,Active,0.099,0
C11803,Omkaar,Palla,23,Other,Bengaluru,India,2024-12-17,Active,0.122,0
C11804,Riya,Dhingra,64,Other,Hyderabad,India,2026-04-15,Active,0.263,0
C11805,Chaitanya,Kaur,40,Female,Delhi,India,2025-07-16,Churned,0.573,1
C11806,Kashvi,Dugal,56,Male,Kolkata,India,2024-07-07,Active,0.157,0
C11807,Isaiah,Bhagat,43,Other,Mumbai,India,2024-01-12,Churned,0.517,1
C11808,Manbir,Mani,34,Male,Chennai,India,2024-09-12,Active,0.037,0
C11809,Hemal,Choudhry,50,Male,Pune,India,2023-09-22,Active,0.056,0
C11810,Shivani,Sinha,50,Female,Hyderabad,India,2024-12-17,Active,0.48,0
C11811,Garima,Kadakia,25,Other,Bengaluru,India,2023-10-06,Active,0.367,0
C11812,Siddharth,Jani,52,Other,Bengaluru,India,2025-12-14,Churned,0.202,1
C11813,Aarna,Subramanian,62,Female,Chennai,India,2025-12-27,Active,0.505,0
C11814,Lohit,Badami,54,Female,Delhi,India,2026-04-25,Churned,0.3,1
C11815,Caleb,Kumer,66,Female,Kolkata,India,2025-04-08,Churned,0.559,1
C11816,Darpan,Mander,61,Female,Mumbai,India,2024-05-22,Active,0.155,0
C11817,Anika,Bera,48,Male,Bengaluru,India,2024-07-08,Active,0.476,0
C11818,Abhiram,Bhavsar,22,Female,Delhi,India,2025-08-23,Active,0.159,0
C11819,Anika,Parsa,61,Other,Delhi,India,2025-04-26,Active,0.322,0
C11820,Anirudh,Master,69,Female,Chennai,India,2024-02-15,Active,0.209,0
C11821,Libni,Kashyap,40,Other,Mumbai,India,2026-06-05,Churned,0.504,1
C11822,Yashoda,Chaudhary,62,Female,Delhi,India,2025-04-14,Active,0.347,0
C11823,Vedhika,Wali,36,Male,Chennai,India,2025-01-03,Active,0.076,0
C11824,Quincy,Issac,61,Other,Hyderabad,India,2024-01-15,Active,0.129,0
C11825,Tanvi,Bains,22,Other,Nagpur,India,2025-10-17,Churned,0.16,1
C11826,Yug,Wagle,48,Female,Hyderabad,India,2023-11-01,Active,0.257,0
C11827,Gauri,Suri,31,Other,Bengaluru,India,2024-12-17,Active,0.183,0
C11828,Naksh,Badami,29,Other,Delhi,India,2025-05-04,Active,0.483,0
C11829,Indira,Pant,49,Other,Delhi,India,2025-02-20,Active,0.414,0
C11830,Chasmum,Keer,33,Other,Delhi,India,2026-04-29,Churned,0.542,1
C11831,Anya,Bhatia,34,Male,Delhi,India,2025-10-18,Active,0.381,0
C11832,Aarini,Ram,30,Male,Hyderabad,India,2026-04-30,Active,0.105,0
C11833,Ati,Kar,27,Male,Pune,India,2023-10-16,Active,0.155,0
C11834,Harita,Ramaswamy,23,Other,Kolkata,India,2024-04-23,Active,0.264,0
C11835,Laksh,Chahal,57,Male,Mumbai,India,2026-06-17,Active,0.102,0
C11836,Utkarsh,Sahni,48,Female,Hyderabad,India,2025-04-16,Active,0.174,0
C11837,Michael,Sandhu,49,Other,Bengaluru,India,2024-09-08,Active,0.402,0
C11838,Forum,Sen,49,Male,Bengaluru,India,2024-12-29,Active,0.061,0
C11839,Karan,Jhaveri,43,Male,Nagpur,India,2025-12-21,Active,0.267,0
C11840,Lakshit,Jain,21,Other,Chennai,India,2026-06-10,Active,0.46,0
C11841,Dayamai,Viswanathan,48,Other,Mumbai,India,2024-04-02,Active,0.655,0
C11842,Qushi,Dhillon,50,Female,Chennai,India,2024-03-29,Active,0.177,0
C11843,Nakul,Nadkarni,61,Male,Kolkata,India,2026-06-16,Churned,0.548,1
C11844,Jagat,Gour,25,Other,Kolkata,India,2023-12-15,Active,0.573,0
C11845,Madhav,Balan,38,Other,Mumbai,India,2025-01-06,Active,0.587,0
C11846,Odika,Sabharwal,18,Other,Delhi,India,2025-01-08,Churned,0.483,1
C11847,Saanvi,Mahal,42,Other,Pune,India,2024-12-15,Active,0.558,0
C11848,Raghav,Chhabra,38,Female,Bengaluru,India,2024-04-24,Active,0.415,0
C11849,Qasim,Bal,29,Other,Bengaluru,India,2024-03-23,Churned,0.576,1
C11850,Amara,Kashyap,33,Female,Kolkata,India,2026-04-08,Active,0.193,0
C11851,Vincent,Kashyap,57,Female,Hyderabad,India,2026-03-15,Active,0.061,0
C11852,Atharv,Parmer,29,Female,Chennai,India,2026-08-03,Churned,0.512,1
C11853,Vansha,Desai,31,Female,Hyderabad,India,2024-01-02,Churned,0.495,1
C11854,Upasna,Prakash,41,Female,Bengaluru,India,2025-10-20,Active,0.554,0
C11855,Lila,Swamy,46,Male,Nagpur,India,2024-06-12,Active,0.028,0
C11856,Laksh,Gade,54,Other,Delhi,India,2025-09-06,Active,0.01,0
C11857,Upkaar,Bali,70,Male,Bengaluru,India,2024-06-27,Active,0.301,0
C11858,Alexander,Madan,69,Male,Chennai,India,2025-05-27,Active,0.399,0
C11859,Tristan,Jain,42,Male,Nagpur,India,2025-06-03,Active,0.114,0
C11860,Dominic,Goel,69,Other,Nagpur,India,2024-07-14,Active,0.124,0
C11861,Vrishti,Nair,48,Male,Nagpur,India,2025-07-14,Churned,0.214,1
C11862,Yatin,Sane,44,Female,Nagpur,India,2025-08-11,Active,0.174,0
C11863,Benjamin,Rai,58,Other,Hyderabad,India,2025-05-21,Churned,0.437,1
C11864,Meera,Yadav,68,Female,Bengaluru,India,2024-12-30,Active,0.406,0
C11865,Balvan,Verma,34,Other,Mumbai,India,2025-11-24,Active,0.096,0
C11866,Siya,Shan,43,Male,Nagpur,India,2024-02-17,Active,0.015,0
C11867,Yatan,Venkataraman,21,Male,Bengaluru,India,2023-11-05,Active,0.395,0
C11868,Meghana,Baral,48,Other,Pune,India,2025-12-14,Active,0.205,0
C11869,Lila,Varty,46,Other,Hyderabad,India,2026-01-14,Churned,0.466,1
C11870,Chandran,Gupta,34,Female,Hyderabad,India,2026-05-07,Active,0.075,0
C11871,Ria,Rao,53,Other,Bengaluru,India,2024-11-26,Active,0.09,0
C11872,Bhavika,Shenoy,40,Male,Chennai,India,2024-12-17,Active,0.476,0
C11873,Pahal,Menon,25,Female,Delhi,India,2024-05-16,Active,0.081,0
C11874,Chatura,Varughese,54,Other,Nagpur,India,2026-04-10,Active,0.246,0
C11875,Ubika,Seth,67,Female,Hyderabad,India,2024-04-08,Churned,0.14,1
C11876,Xiti,Chowdhury,38,Other,Kolkata,India,2024-01-19,Churned,0.24,1
C11877,Krishna,Ramaswamy,67,Other,Kolkata,India,2024-06-06,Active,0.131,0
C11878,Ekiya,Seshadri,23,Female,Bengaluru,India,2025-06-04,Active,0.107,0
C11879,Praneel,Setty,47,Other,Nagpur,India,2023-10-09,Active,0.098,0
C11880,Saksham,Sha,28,Other,Hyderabad,India,2026-03-06,Active,0.123,0
C11881,Zashil,Naik,44,Other,Chennai,India,2024-01-19,Churned,0.392,1
C11882,Nihal,Dasgupta,22,Male,Nagpur,India,2026-08-10,Active,0.453,0
C11883,Ishaan,Sengupta,39,Male,Hyderabad,India,2024-01-20,Active,0.129,0
C11884,Janani,Chada,38,Other,Bengaluru,India,2026-05-12,Active,0.14,0
C11885,Leena,Vaidya,63,Female,Chennai,India,2025-11-22,Active,0.596,0
C11886,Nathaniel,Radhakrishnan,35,Female,Hyderabad,India,2026-04-08,Churned,0.305,1
C11887,Lajita,Bassi,65,Other,Kolkata,India,2026-01-02,Active,0.214,0
C11888,Gautami,Doctor,44,Male,Nagpur,India,2024-05-23,Churned,0.396,1
C11889,Maanav,Gola,19,Male,Delhi,India,2024-05-09,Churned,0.462,1
C11890,Oni,Morar,60,Female,Pune,India,2023-11-19,Churned,0.246,1
C11891,Sanaya,Mani,31,Male,Chennai,India,2024-12-24,Active,0.34,0
C11892,Pratyush,Dalal,24,Male,Pune,India,2026-05-01,Active,0.081,0
C11893,Samaksh,Aggarwal,48,Other,Mumbai,India,2024-03-23,Active,0.08,0
C11894,Zehaan,Arora,19,Female,Pune,India,2026-04-25,Churned,0.538,1
C11895,Widisha,Tara,24,Female,Nagpur,India,2025-08-13,Churned,0.362,1
C11896,Abdul,Tak,23,Other,Chennai,India,2025-12-23,Active,0.351,0
C11897,Teerth,Soni,37,Male,Delhi,India,2024-09-04,Active,0.139,0
C11898,Nimrat,Sathe,65,Female,Kolkata,India,2025-08-05,Churned,0.383,1
C11899,Abeer,Konda,58,Male,Nagpur,India,2024-01-02,Active,0.233,0
C11900,Arunima,Johal,51,Male,Mumbai,India,2025-12-29,Active,0.197,0
C11901,Qasim,Divan,20,Other,Hyderabad,India,2023-11-15,Churned,0.43,1
C11902,Ikshita,Bansal,38,Female,Kolkata,India,2023-11-25,Churned,0.382,1
C11903,Bachittar,Misra,52,Female,Kolkata,India,2024-04-13,Churned,0.106,1
C11904,Gagan,Bawa,26,Other,Nagpur,India,2025-01-27,Active,0.043,0
C11905,Omaja,Gokhale,55,Other,Kolkata,India,2024-02-17,Active,0.105,0
C11906,Bhavani,Goel,58,Other,Chennai,India,2024-05-08,Active,0.149,0
C11907,Jagvi,Banik,51,Other,Bengaluru,India,2025-08-08,Active,0.023,0
C11908,Chandani,Naidu,40,Female,Delhi,India,2024-01-23,Churned,0.425,1
C11909,Ladli,Bir,69,Male,Kolkata,India,2025-03-26,Active,0.116,0
C11910,Dhruv,Master,37,Female,Chennai,India,2025-06-25,Active,0.162,0
C11911,Krish,Dara,34,Male,Bengaluru,India,2025-09-01,Active,0.415,0
C11912,Anvi,Narayan,18,Male,Nagpur,India,2026-08-15,Active,0.381,0
C11913,Odika,Vohra,40,Female,Kolkata,India,2025-11-27,Active,0.421,0
C11914,Shaurya,Bhardwaj,52,Male,Kolkata,India,2024-07-22,Active,0.227,0
C11915,Gagan,Sule,66,Female,Bengaluru,India,2024-02-17,Active,0.464,0
C11916,Bhavna,Sane,18,Female,Bengaluru,India,2026-08-05,Churned,0.418,1
C11917,Edhitha,Lad,56,Male,Mumbai,India,2026-04-03,Active,0.082,0
C11918,Irya,Dayal,53,Female,Delhi,India,2025-11-25,Active,0.046,0
C11919,Watika,Venkatesh,44,Other,Chennai,India,2026-04-12,Active,0.093,0
C11920,Widisha,Tailor,43,Male,Nagpur,India,2026-05-09,Churned,0.493,1
C11921,Viraj,Mannan,63,Other,Chennai,India,2024-06-06,Active,0.233,0
C11922,Aarav,Dani,42,Male,Bengaluru,India,2024-06-27,Active,0.128,0
C11923,Udyati,Dalal,23,Female,Delhi,India,2023-10-08,Active,0.196,0
C11924,Oeshi,Sachdev,51,Other,Bengaluru,India,2024-07-19,Churned,0.477,1
C11925,Gauri,Palla,36,Other,Bengaluru,India,2023-11-10,Active,0.451,0
C11926,Simon,Apte,44,Male,Pune,India,2026-01-18,Active,0.242,0
C11927,Saksham,Manda,29,Male,Bengaluru,India,2026-05-23,Churned,0.461,1
C11928,Ekansh,Morar,25,Other,Kolkata,India,2024-09-30,Active,0.546,0
C11929,Yashawini,Naik,57,Female,Bengaluru,India,2024-12-10,Active,0.035,0
C11930,Ishaan,Nath,62,Other,Kolkata,India,2023-09-10,Active,0.12,0
C11931,Meghana,Balakrishnan,30,Female,Mumbai,India,2025-02-12,Active,0.261,0
C11932,Rishi,Narayanan,27,Male,Mumbai,India,2024-05-30,Active,0.317,0
C11933,Varenya,Som,29,Male,Bengaluru,India,2025-02-06,Active,0.111,0
C11934,Laban,Subramaniam,35,Male,Kolkata,India,2023-10-26,Churned,0.441,1
C11935,Triveni,Yadav,64,Male,Delhi,India,2024-04-29,Active,0.146,0
C11936,Turvi,Sachdev,23,Male,Mumbai,India,2025-02-02,Active,0.14,0
C11937,Chandani,Mutti,49,Male,Hyderabad,India,2023-11-27,Churned,0.316,1
C11938,Anirudh,Joshi,44,Female,Kolkata,India,2026-01-10,Active,0.234,0
C11939,Garima,Pandya,41,Female,Mumbai,India,2026-02-13,Active,0.117,0
C11940,Manthan,Mand,39,Male,Nagpur,India,2023-12-12,Active,0.636,0
C11941,Harinakshi,Prashad,21,Female,Chennai,India,2023-10-19,Churned,0.53,1
C11942,Noah,Ramachandran,22,Other,Kolkata,India,2026-05-01,Active,0.276,0
C11943,Jackson,Morar,29,Male,Bengaluru,India,2024-06-18,Churned,0.389,1
C11944,Azad,Magar,70,Female,Mumbai,India,2025-01-01,Active,0.292,0
C11945,Gabriel,Taneja,25,Other,Delhi,India,2025-06-04,Active,0.443,0
C11946,Kamya,Seth,42,Female,Delhi,India,2024-09-04,Active,0.075,0
C11947,Tarak,Vohra,65,Male,Delhi,India,2024-12-14,Active,0.068,0
C11948,Parth,Choudhury,47,Other,Pune,India,2024-12-13,Churned,0.553,1
C11949,Baljiwan,Jaggi,51,Other,Delhi,India,2025-04-04,Churned,0.395,1
C11950,Sachi,Toor,48,Female,Bengaluru,India,2024-01-22,Active,0.054,0
C11951,Vasudha,Tella,38,Male,Mumbai,India,2023-10-09,Active,0.323,0
C11952,Ranveer,Oak,65,Other,Pune,India,2024-04-27,Active,0.272,0
C11953,Dayita,Narang,34,Female,Bengaluru,India,2025-09-21,Churned,0.564,1
C11954,Guneet,Varty,30,Female,Mumbai,India,2024-04-10,Active,0.151,0
C11955,Kevin,Jha,60,Male,Pune,India,2026-07-18,Active,0.357,0
C11956,Tripti,Ram,33,Other,Chennai,India,2023-10-27,Active,0.404,0
C11957,Jack,Agrawal,38,Male,Nagpur,India,2025-11-20,Churned,0.081,1
C11958,Chaitanya,Chahal,68,Female,Pune,India,2024-12-27,Active,0.327,0
C11959,Unni,Batra,43,Male,Mumbai,India,2025-01-30,Active,0.173,0
C11960,Devika,Bajaj,20,Other,Kolkata,India,2024-02-08,Active,0.147,0
C11961,Devika,Kadakia,62,Other,Nagpur,India,2026-02-14,Active,0.275,0
C11962,Sai,Hans,41,Male,Delhi,India,2025-01-11,Active,0.158,0
C11963,Aradhana,Walia,28,Female,Pune,India,2024-11-19,Active,0.279,0
C11964,Ridhi,Dalal,61,Other,Hyderabad,India,2025-01-08,Active,0.16,0
C11965,Manthan,Dugar,66,Other,Mumbai,India,2024-10-28,Active,0.149,0
C11966,Ishwar,Aurora,21,Female,Nagpur,India,2024-10-30,Active,0.094,0
C11967,Yoshita,Chaudry,62,Other,Pune,India,2026-04-25,Active,0.242,0
C11968,Inaya,Nagar,26,Female,Delhi,India,2024-07-17,Active,0.131,0
C11969,Lohit,Mander,38,Other,Hyderabad,India,2024-10-26,Active,0.242,0
C11970,Yash,Garg,69,Female,Delhi,India,2026-02-08,Active,0.317,0
C11971,Deepa,Nigam,19,Other,Chennai,India,2023-12-20,Churned,0.176,1
C11972,Sachi,Bedi,40,Other,Nagpur,India,2025-12-18,Active,0.108,0
C11973,Ayush,Sinha,34,Male,Kolkata,India,2024-03-21,Active,0.11,0
C11974,Chandresh,Cherian,63,Female,Bengaluru,India,2026-07-16,Active,0.166,0
C11975,Chatura,Chadha,52,Other,Kolkata,India,2025-04-18,Active,0.366,0
C11976,Manya,Gola,30,Other,Nagpur,India,2025-06-24,Churned,0.402,1
C11977,Sanaya,Parekh,52,Female,Hyderabad,India,2026-08-30,Active,0.177,0
C11978,Gaurangi,Hora,64,Female,Bengaluru,India,2024-12-29,Churned,0.323,1
C11979,Farhan,Shroff,56,Other,Nagpur,India,2026-07-09,Active,0.573,0
C11980,Karan,Chander,22,Other,Nagpur,India,2026-01-30,Active,0.305,0
C11981,Upadhriti,Chatterjee,46,Female,Bengaluru,India,2026-08-21,Active,0.537,0
C11982,Dayita,Shroff,52,Female,Kolkata,India,2025-08-08,Active,0.233,0
C11983,Vincent,Kapur,18,Other,Chennai,India,2025-08-31,Active,0.01,0
C11984,Aarna,Patla,64,Male,Mumbai,India,2024-04-11,Active,0.361,0
C11985,Qadim,Narayanan,57,Female,Delhi,India,2025-05-02,Active,0.259,0
C11986,Sudiksha,Sura,38,Other,Pune,India,2025-01-17,Active,0.277,0
C11987,Dhruv,Soman,60,Other,Chennai,India,2023-10-18,Churned,0.328,1
C11988,Indali,Srinivas,30,Other,Kolkata,India,2024-02-23,Churned,0.107,1
C11989,Onkar,Mandal,67,Other,Nagpur,India,2025-08-17,Active,0.037,0
C11990,Joshua,Trivedi,57,Female,Hyderabad,India,2025-02-23,Active,0.105,0
C11991,Nidra,Chhabra,44,Other,Hyderabad,India,2024-02-07,Churned,0.413,1
C11992,Ekavir,Mittal,25,Male,Pune,India,2025-01-19,Active,0.422,0
C11993,Triya,Rattan,20,Male,Nagpur,India,2025-12-06,Churned,0.162,1
C11994,Odika,Khare,20,Male,Pune,India,2026-03-06,Active,0.09,0
C11995,Yagnesh,Dutt,49,Male,Pune,India,2026-04-22,Churned,0.334,1
C11996,Leena,Bhatti,20,Other,Chennai,India,2025-09-19,Active,0.488,0
C11997,Sathvik,Sankar,60,Female,Bengaluru,India,2025-02-11,Active,0.455,0
C11998,Hema,Keer,21,Female,Delhi,India,2025-07-08,Active,0.149,0
C11999,Faras,Sur,56,Other,Pune,India,2024-05-26,Active,0.413,0
C12000,Ubika,Nanda,18,Male,Kolkata,India,2024-02-25,Active,0.453,0
C12001,Gunbir,Saxena,23,Female,Mumbai,India,2026-01-10,Churned,0.537,1
C12002,Darika,Ravi,41,Other,Chennai,India,2024-05-31,Active,0.156,0
C12003,Ikbal,Raghavan,70,Female,Mumbai,India,2023-12-18,Active,0.095,0
C12004,Warda,Bhat,70,Other,Bengaluru,India,2025-01-21,Active,0.336,0
C12005,Teerth,Dewan,51,Male,Pune,India,2024-01-19,Active,0.648,0
C12006,Aadi,Din,37,Male,Delhi,India,2026-02-19,Active,0.183,0
C12007,Manthan,Sethi,51,Male,Pune,India,2026-06-23,Active,0.55,0
C12008,Bishakha,Ramakrishnan,64,Male,Chennai,India,2025-12-04,Active,0.244,0
C12009,Sanya,Hayre,30,Male,Delhi,India,2026-04-14,Churned,0.389,1
C12010,Edhitha,Mistry,54,Other,Nagpur,India,2024-07-16,Active,0.03,0
C12011,Daksha,Saran,53,Other,Chennai,India,2026-02-02,Active,0.621,0
C12012,Gaurav,Anand,65,Male,Hyderabad,India,2025-02-16,Churned,0.247,1
C12013,Yashvi,Raval,61,Female,Chennai,India,2026-04-07,Active,0.067,0
C12014,Chaitaly,Bhatia,24,Male,Nagpur,India,2024-03-17,Active,0.52,0
C12015,Chatresh,Acharya,53,Female,Hyderabad,India,2025-03-27,Active,0.174,0
C12016,Jagrati,Choudhary,60,Male,Kolkata,India,2026-08-28,Active,0.067,0
C12017,Azaan,Keer,40,Female,Hyderabad,India,2024-11-12,Churned,0.388,1
C12018,Meera,Nadkarni,41,Female,Chennai,India,2025-07-02,Churned,0.416,1
C12019,Nidra,Raj,70,Other,Hyderabad,India,2025-04-17,Active,0.198,0
C12020,Siddharth,Ghose,56,Male,Delhi,India,2025-07-08,Active,0.146,0
C12021,Liam,Guha,42,Other,Bengaluru,India,2025-09-07,Active,0.667,0
C12022,Leena,Parsa,41,Female,Kolkata,India,2026-01-10,Active,0.047,0
C12023,Mitesh,Mani,43,Male,Mumbai,India,2025-06-10,Active,0.221,0
C12024,Jeremiah,Desai,36,Other,Mumbai,India,2026-07-07,Active,0.363,0
C12025,Ekbal,Babu,51,Male,Bengaluru,India,2023-09-19,Active,0.165,0
C12026,Vidhi,Sarkar,18,Female,Delhi,India,2024-04-11,Churned,0.473,1
C12027,Frado,Devan,31,Female,Mumbai,India,2024-03-29,Active,0.382,0
C12028,Ojasvi,Shah,67,Other,Bengaluru,India,2026-05-25,Active,0.358,0
C12029,Pavani,Gole,53,Other,Nagpur,India,2026-08-16,Active,0.382,0
C12030,Yashodhara,Samra,24,Male,Kolkata,India,2025-08-06,Churned,0.189,1
C12031,Shivani,Rajagopalan,40,Male,Nagpur,India,2026-01-05,Active,0.309,0
C12032,Upkaar,Grewal,34,Female,Delhi,India,2025-03-05,Active,0.157,0
C12033,Abhimanyu,Tara,32,Female,Bengaluru,India,2025-06-21,Active,0.487,0
C12034,Yachana,Luthra,23,Other,Chennai,India,2024-09-02,Churned,0.393,1
C12035,Jeevika,Bandi,54,Male,Pune,India,2025-05-31,Churned,0.547,1
C12036,Vasudha,Pillay,64,Female,Kolkata,India,2023-10-29,Active,0.212,0
C12037,Vasatika,Buch,29,Female,Pune,India,2024-02-23,Churned,0.459,1
C12038,Ati,Shroff,56,Other,Bengaluru,India,2024-04-08,Active,0.298,0
C12039,Farhan,Virk,20,Other,Chennai,India,2025-11-12,Active,0.143,0
C12040,Gaurang,Korpal,23,Male,Hyderabad,India,2026-04-05,Active,0.077,0
C12041,Faras,Zacharia,40,Female,Chennai,India,2025-09-03,Active,0.469,0
C12042,Devika,Bera,25,Male,Mumbai,India,2026-02-17,Churned,0.363,1
C12043,Advay,Singh,58,Other,Chennai,India,2025-02-15,Active,0.422,0
C12044,Yauvani,Singh,21,Female,Mumbai,India,2025-08-06,Active,0.313,0
C12045,Garima,Sama,38,Other,Nagpur,India,2026-02-08,Active,0.415,0
C12046,Chaitaly,Mann,38,Other,Delhi,India,2025-03-02,Active,0.253,0
C12047,Balendra,Modi,27,Male,Chennai,India,2024-05-18,Churned,0.448,1
C12048,Abha,Bhat,46,Other,Pune,India,2026-01-23,Active,0.433,0
C12049,Urvashi,Gara,32,Female,Bengaluru,India,2026-05-05,Active,0.181,0
C12050,Charan,Manne,68,Female,Nagpur,India,2026-02-06,Active,0.026,0
C12051,Avi,Mangat,26,Female,Pune,India,2026-04-27,Active,0.243,0
C12052,Fitan,Date,48,Other,Mumbai,India,2025-09-23,Active,0.455,0
C12053,Faraj,Mall,53,Female,Bengaluru,India,2025-10-25,Active,0.11,0
C12054,Kevin,Mand,23,Female,Chennai,India,2024-09-26,Active,0.197,0
C12055,Aarini,Atwal,67,Other,Nagpur,India,2024-11-01,Active,0.269,0
C12056,Owen,Dora,66,Male,Kolkata,India,2024-02-21,Active,0.156,0
C12057,Sanya,Pingle,53,Male,Kolkata,India,2026-06-20,Active,0.407,0
C12058,Advika,Keer,43,Other,Delhi,India,2024-05-30,Active,0.16,0
C12059,Pratyush,Wable,53,Other,Delhi,India,2025-09-23,Active,0.192,0
C12060,Hemal,Chad,33,Male,Bengaluru,India,2023-10-22,Active,0.194,0
C12061,Mitesh,Tandon,67,Female,Hyderabad,India,2024-04-13,Active,0.209,0
C12062,Leela,Khanna,61,Other,Pune,India,2025-06-03,Active,0.07,0
C12063,Ria,Ganesh,25,Other,Chennai,India,2026-06-23,Churned,0.359,1
C12064,Hemani,Bhagat,45,Female,Hyderabad,India,2024-07-24,Churned,0.068,1
C12065,Aishani,D’Alia,30,Female,Hyderabad,India,2026-05-25,Active,0.13,0
C12066,Oliver,Shetty,56,Other,Mumbai,India,2023-11-21,Active,0.207,0
C12067,Vamakshi,Mitra,67,Female,Nagpur,India,2025-05-12,Active,0.146,0
C12068,Vivaan,Raghavan,40,Other,Kolkata,India,2025-09-09,Active,0.459,0
C12069,Madhavi,Som,57,Male,Kolkata,India,2026-07-28,Active,0.073,0
C12070,Maanav,Wali,20,Male,Delhi,India,2024-10-12,Active,0.247,0
C12071,Advik,Mani,61,Female,Nagpur,India,2025-07-07,Active,0.334,0
C12072,Lavanya,Mutti,66,Other,Pune,India,2025-07-29,Churned,0.189,1
C12073,Benjamin,Chatterjee,25,Other,Mumbai,India,2025-12-02,Active,0.272,0
C12074,Irya,Sankaran,33,Other,Nagpur,India,2025-12-04,Active,0.34,0
C12075,Anjali,Nayak,70,Female,Mumbai,India,2026-04-06,Active,0.073,0
C12076,Amara,Chaudhari,39,Other,Pune,India,2024-10-24,Active,0.212,0
C12077,Mahika,Shenoy,37,Female,Kolkata,India,2024-10-01,Active,0.251,0
C12078,Wyatt,Hayer,19,Female,Delhi,India,2026-07-16,Active,0.125,0
C12079,Geetika,Gole,65,Other,Delhi,India,2025-11-16,Churned,0.154,1
C12080,Advaith,Anand,31,Other,Bengaluru,India,2024-12-30,Active,0.396,0
C12081,Advik,Sabharwal,53,Female,Nagpur,India,2023-12-15,Active,0.131,0
C12082,Hemang,Sehgal,62,Other,Mumbai,India,2024-01-30,Active,0.155,0
C12083,Theodore,Mander,42,Other,Mumbai,India,2025-02-28,Active,0.061,0
C12084,Reyansh,Bandi,34,Male,Mumbai,India,2024-09-26,Active,0.104,0
C12085,George,Bhandari,36,Male,Bengaluru,India,2023-10-07,Active,0.211,0
C12086,Teerth,Dara,21,Female,Mumbai,India,2026-03-11,Churned,0.168,1
C12087,Gabriel,De,22,Female,Bengaluru,India,2024-03-05,Active,0.424,0
C12088,Qasim,Choudhry,60,Other,Hyderabad,India,2025-04-07,Churned,0.167,1
C12089,Qarin,Kulkarni,24,Male,Bengaluru,India,2026-08-16,Churned,0.238,1
C12090,Unni,Borra,59,Female,Delhi,India,2024-12-01,Active,0.513,0
C12091,Sudiksha,Malhotra,42,Other,Pune,India,2026-05-20,Churned,0.34,1
C12092,Ekiya,Kurian,38,Female,Pune,India,2025-06-25,Active,0.148,0
C12093,Ethan,Malhotra,29,Male,Kolkata,India,2024-05-09,Active,0.193,0
C12094,Lavanya,Rama,53,Other,Mumbai,India,2023-12-06,Active,0.193,0
C12095,Darpan,Kuruvilla,20,Male,Bengaluru,India,2025-01-29,Active,0.069,0
C12096,Pranav,Sastry,39,Female,Chennai,India,2024-10-16,Churned,0.155,1
C12097,Vyanjana,Iyer,65,Male,Mumbai,India,2023-12-17,Churned,0.43,1
C12098,Maya,Gokhale,40,Other,Hyderabad,India,2026-04-06,Active,0.442,0
C12099,Vyanjana,Chopra,40,Other,Bengaluru,India,2026-05-30,Active,0.403,0
C12100,Raagini,Kamdar,33,Other,Bengaluru,India,2024-04-11,Active,0.294,0
C12101,Hitesh,Sathe,69,Male,Bengaluru,India,2026-04-11,Active,0.165,0
C12102,Harshil,Banerjee,42,Male,Bengaluru,India,2024-10-07,Churned,0.193,1
C12103,Ekavir,Krishna,32,Male,Hyderabad,India,2023-12-23,Active,0.411,0
C12104,Anirudh,Tank,43,Other,Nagpur,India,2025-07-24,Active,0.159,0
C12105,Aadi,Barad,23,Other,Chennai,India,2024-04-19,Active,0.109,0
C12106,Madhavi,Lata,51,Other,Delhi,India,2026-06-29,Active,0.311,0
C12107,Forum,Raman,44,Male,Nagpur,India,2024-04-23,Active,0.304,0
C12108,Aarush,Varma,45,Female,Hyderabad,India,2026-02-09,Churned,0.444,1
C12109,Vanya,Sarin,46,Other,Nagpur,India,2025-10-02,Active,0.154,0
C12110,Ekaraj,Zachariah,31,Other,Nagpur,India,2025-05-20,Active,0.469,0
C12111,Aarush,Rajagopalan,55,Other,Delhi,India,2024-08-16,Churned,0.511,1
C12112,Vasatika,Dara,26,Female,Nagpur,India,2026-08-06,Active,0.09,0
C12113,Jagrati,Nath,45,Male,Nagpur,India,2026-01-29,Churned,0.358,1
C12114,Chavvi,Rattan,38,Male,Pune,India,2026-07-26,Active,0.136,0
C12115,Gautam,Pau,29,Female,Nagpur,India,2023-11-25,Active,0.297,0
C12116,Harini,Buch,64,Male,Hyderabad,India,2025-12-09,Active,0.15,0
C12117,Bimala,Jain,44,Female,Bengaluru,India,2025-08-15,Churned,0.136,1
C12118,Balveer,Rajagopalan,46,Other,Bengaluru,India,2024-06-01,Active,0.402,0
C12119,Rayaan,Mistry,27,Male,Pune,India,2026-06-23,Churned,0.286,1
C12120,Madhavi,Chhabra,26,Male,Mumbai,India,2026-08-17,Active,0.25,0
C12121,Jagrati,Sur,66,Other,Bengaluru,India,2026-05-07,Active,0.148,0
C12122,Raksha,Gupta,56,Other,Delhi,India,2024-01-10,Active,0.076,0
C12123,Balendra,Hans,56,Male,Delhi,India,2024-04-05,Churned,0.341,1
C12124,William,Suresh,61,Male,Hyderabad,India,2023-10-10,Active,0.205,0
C12125,Dev,Zachariah,23,Other,Kolkata,India,2025-04-26,Churned,0.558,1
C12126,Darika,Tata,26,Other,Kolkata,India,2026-05-27,Active,0.218,0
C12127,Shivani,Babu,63,Other,Hyderabad,India,2025-12-08,Active,0.034,0
C12128,Harinakshi,Bhalla,29,Female,Kolkata,India,2023-10-28,Churned,0.416,1
C12129,Brijesh,Ravi,48,Male,Nagpur,India,2025-02-06,Active,0.28,0
C12130,Siddharth,Virk,30,Male,Mumbai,India,2024-03-02,Active,0.215,0
C12131,Manthan,Kaul,44,Male,Bengaluru,India,2025-08-13,Active,0.112,0
C12132,Balhaar,Dhaliwal,44,Male,Delhi,India,2023-12-21,Active,0.441,0
C12133,Anirudh,Sinha,66,Male,Pune,India,2025-09-29,Active,0.066,0
C12134,Chakradev,Kibe,29,Female,Kolkata,India,2026-04-18,Active,0.545,0
C12135,Kalpit,Atwal,62,Female,Kolkata,India,2026-08-25,Churned,0.381,1
C12136,Chandresh,Mohanty,33,Female,Chennai,India,2024-05-25,Churned,0.215,1
C12137,Tanmayi,Garde,67,Male,Chennai,India,2024-01-30,Active,0.015,0
C12138,Devansh,Cherian,64,Female,Chennai,India,2026-03-07,Churned,0.44,1
C12139,Widisha,Kannan,57,Other,Mumbai,India,2024-02-25,Active,0.42,0
C12140,Samaksh,Sandhu,51,Male,Kolkata,India,2023-12-08,Active,0.493,0
C12141,Neelima,Nair,47,Male,Delhi,India,2025-02-06,Active,0.116,0
C12142,Laksh,Nagy,51,Other,Chennai,India,2024-03-06,Active,0.101,0
C12143,Chakradev,Ghose,65,Male,Chennai,India,2024-07-28,Active,0.155,0
C12144,Dev,Dara,51,Other,Mumbai,India,2025-02-03,Active,0.087,0
C12145,Lohit,Sagar,30,Female,Kolkata,India,2024-10-30,Churned,0.415,1
C12146,Kala,Gala,43,Female,Bengaluru,India,2024-05-19,Active,0.354,0
C12147,Yagnesh,Baria,47,Male,Chennai,India,2025-07-13,Churned,0.237,1
C12148,Harish,Puri,36,Other,Mumbai,India,2024-03-26,Active,0.19,0
C12149,Amol,Sur,62,Other,Nagpur,India,2024-05-03,Active,0.114,0
C12150,Abeer,Amble,47,Other,Kolkata,India,2024-01-04,Active,0.123,0
C12151,Gaurav,Mander,23,Other,Pune,India,2024-06-05,Active,0.01,0
C12152,Vamakshi,Date,29,Other,Nagpur,India,2025-06-08,Active,0.256,0
C12153,Luke,Madan,43,Female,Hyderabad,India,2024-07-17,Active,0.163,0
C12154,Shravya,Sabharwal,46,Male,Nagpur,India,2025-11-21,Active,0.128,0
C12155,Owen,Barad,47,Other,Delhi,India,2024-09-06,Churned,0.483,1
C12156,Pranit,Tata,47,Male,Bengaluru,India,2026-03-15,Active,0.028,0
C12157,Gaurang,Mitra,38,Other,Nagpur,India,2026-04-08,Churned,0.312,1
C12158,Omya,Agrawal,63,Other,Pune,India,2025-02-22,Active,0.577,0
C12159,Warinder,Handa,23,Male,Kolkata,India,2026-01-14,Active,0.072,0
C12160,Girish,Pathak,58,Female,Pune,India,2024-03-01,Churned,0.521,1
C12161,Yashica,Kanda,51,Other,Chennai,India,2025-12-17,Churned,0.358,1
C12162,Sathvik,Malhotra,64,Other,Nagpur,India,2025-08-22,Active,0.167,0
C12163,Rishi,Chowdhury,42,Other,Chennai,India,2023-11-22,Churned,0.181,1
C12164,Urvi,Tank,20,Male,Hyderabad,India,2024-04-19,Churned,0.082,1
C12165,Nathaniel,Bassi,54,Other,Nagpur,India,2024-05-31,Active,0.109,0
C12166,Januja,Mane,28,Male,Nagpur,India,2023-11-23,Active,0.428,0
C12167,Radhika,Krishnamurthy,67,Other,Mumbai,India,2024-07-22,Active,0.344,0
C12168,Sudiksha,Bassi,44,Female,Bengaluru,India,2025-02-01,Active,0.288,0
C12169,Charles,Yogi,64,Female,Bengaluru,India,2024-02-10,Churned,0.29,1
C12170,Nakul,Balakrishnan,58,Male,Pune,India,2024-05-31,Active,0.138,0
C12171,Yutika,D’Alia,26,Male,Mumbai,India,2025-09-23,Active,0.224,0
C12172,Wahab,Saxena,57,Female,Mumbai,India,2023-12-20,Active,0.082,0
C12173,Eshana,Saini,47,Female,Kolkata,India,2026-03-09,Active,0.239,0
C12174,Eshana,Karpe,52,Male,Kolkata,India,2024-07-05,Active,0.16,0
C12175,Eshana,Kari,33,Male,Kolkata,India,2024-02-19,Churned,0.463,1
C12176,Warjas,Sachar,47,Female,Kolkata,India,2024-01-31,Active,0.178,0
C12177,Keya,Kannan,23,Other,Mumbai,India,2024-07-07,Churned,0.421,1
C12178,Urishilla,Sundaram,33,Other,Bengaluru,India,2023-12-24,Churned,0.454,1
C12179,Rajata,Dhillon,57,Other,Delhi,India,2023-11-24,Active,0.202,0
C12180,Suhani,Gokhale,21,Male,Nagpur,India,2024-08-01,Active,0.257,0
C12181,Kashvi,Deshpande,21,Other,Hyderabad,India,2025-04-24,Active,0.186,0
C12182,Rishi,Parmer,20,Male,Mumbai,India,2025-08-12,Active,0.076,0
C12183,Samaksh,Nayak,60,Other,Bengaluru,India,2024-10-23,Churned,0.403,1
C12184,Azad,Bhasin,39,Male,Mumbai,India,2024-03-16,Active,0.108,0
C12185,Laban,Choudhry,24,Female,Nagpur,India,2024-11-09,Active,0.316,0
C12186,Tara,Sahota,28,Other,Bengaluru,India,2025-08-24,Active,0.02,0
C12187,Hemal,Kannan,57,Other,Nagpur,India,2024-05-23,Active,0.105,0
C12188,Naksh,Garde,47,Other,Hyderabad,India,2024-12-02,Active,0.351,0
C12189,Victor,Chadha,20,Male,Bengaluru,India,2026-02-15,Active,0.138,0
C12190,Vrinda,Kalita,38,Female,Chennai,India,2025-06-01,Churned,0.495,1
C12191,Urvashi,Shere,70,Male,Chennai,India,2026-03-07,Active,0.486,0
C12192,Akshay,Sangha,53,Male,Bengaluru,India,2024-11-07,Active,0.237,0
C12193,Yug,Narang,48,Male,Pune,India,2024-09-18,Churned,0.568,1
C12194,Tristan,Dixit,62,Female,Hyderabad,India,2025-07-06,Active,0.176,0
C12195,Abdul,Sahni,51,Female,Delhi,India,2026-02-08,Active,0.19,0
C12196,Banjeet,Singhal,62,Male,Mumbai,India,2023-11-08,Active,0.099,0
C12197,Bahadurjit,Sandal,24,Other,Pune,India,2025-10-23,Active,0.395,0
C12198,Meera,Srinivas,48,Other,Bengaluru,India,2025-12-04,Churned,0.495,1
C12199,Guneet,Sethi,45,Other,Hyderabad,India,2026-08-18,Active,0.51,0
C12200,Wridesh,Chacko,34,Other,Hyderabad,India,2025-10-09,Active,0.117,0
C12201,Advik,Ray,26,Other,Kolkata,India,2026-01-15,Active,0.312,0
C12202,Kevin,Parmer,51,Other,Kolkata,India,2024-08-04,Active,0.025,0
C12203,William,Chana,49,Male,Delhi,India,2024-12-03,Active,0.179,0
C12204,Varsha,Mody,63,Female,Delhi,India,2023-09-25,Active,0.195,0
C12205,Tripti,Bajwa,18,Male,Mumbai,India,2024-05-09,Active,0.138,0
C12206,Ubika,Devi,47,Other,Pune,India,2025-08-07,Active,0.408,0
C12207,Nidra,Goyal,65,Male,Chennai,India,2026-08-28,Active,0.167,0
C12208,Ucchal,Agarwal,44,Male,Hyderabad,India,2025-03-29,Active,0.221,0
C12209,Ekavir,Rajan,40,Other,Delhi,India,2026-05-02,Active,0.442,0
C12210,Gaurangi,Wali,18,Other,Delhi,India,2026-08-09,Active,0.434,0
C12211,Chaman,Sandhu,62,Female,Bengaluru,India,2023-10-21,Churned,0.19,1
C12212,Sarthak,Buch,68,Male,Bengaluru,India,2024-10-24,Active,0.14,0
C12213,Gautami,Bhakta,37,Other,Hyderabad,India,2026-04-21,Active,0.132,0
C12214,Januja,Behl,67,Male,Pune,India,2025-11-08,Active,0.424,0
C12215,Leela,Pau,61,Female,Hyderabad,India,2024-02-20,Churned,0.318,1
C12216,Banjeet,Pau,43,Other,Mumbai,India,2025-08-23,Active,0.418,0
C12217,Parth,Bhavsar,29,Male,Hyderabad,India,2025-03-23,Churned,0.148,1
C12218,Samarth,Devi,39,Other,Kolkata,India,2026-01-19,Active,0.407,0
C12219,William,Zacharia,48,Male,Nagpur,India,2025-02-02,Churned,0.435,1
C12220,Vanya,Kadakia,48,Male,Kolkata,India,2024-02-24,Active,0.529,0
C12221,Ekani,Pandit,52,Female,Kolkata,India,2024-08-16,Churned,0.237,1
C12222,Yahvi,Sampath,68,Female,Mumbai,India,2024-10-20,Active,0.422,0
C12223,Chatura,Bhatnagar,51,Female,Hyderabad,India,2024-11-04,Churned,0.291,1
C12224,Hemani,Sethi,53,Other,Mumbai,India,2025-04-02,Active,0.198,0
C12225,Yachana,Vyas,31,Other,Hyderabad,India,2025-09-25,Churned,0.513,1
C12226,Upma,Wali,69,Female,Pune,India,2024-03-09,Active,0.042,0
C12227,Brinda,Seth,27,Female,Mumbai,India,2026-07-20,Churned,0.263,1
C12228,Jhalak,Bhatti,39,Female,Nagpur,India,2026-04-22,Active,0.567,0
C12229,Tanvi,Chahal,54,Other,Chennai,India,2024-06-19,Active,0.299,0
C12230,Mahika,Gola,29,Other,Pune,India,2024-01-03,Active,0.142,0
C12231,Faraj,Chopra,68,Female,Hyderabad,India,2024-11-21,Active,0.24,0
C12232,Anya,Choudhury,63,Male,Bengaluru,India,2024-05-13,Active,0.5,0
C12233,Manbir,Taneja,44,Male,Kolkata,India,2026-08-18,Active,0.248,0
C12234,Samarth,Verma,33,Female,Kolkata,India,2024-04-21,Active,0.013,0
C12235,Arin,Memon,37,Male,Bengaluru,India,2026-05-02,Churned,0.195,1
C12236,Kevin,Som,29,Male,Hyderabad,India,2025-06-09,Churned,0.091,1
C12237,Osha,Sawhney,68,Male,Delhi,India,2025-02-20,Active,0.321,0
C12238,Ansh,Manne,23,Female,Mumbai,India,2026-05-29,Churned,0.547,1
C12239,Dev,Bains,69,Female,Nagpur,India,2024-06-20,Active,0.442,0
C12240,Zinal,Nayak,30,Female,Kolkata,India,2024-08-26,Active,0.389,0
C12241,Hemal,Narain,64,Other,Bengaluru,India,2025-06-01,Active,0.116,0
C12242,Sai,Shankar,67,Female,Nagpur,India,2025-09-25,Active,0.135,0
C12243,Kevin,Mohan,67,Male,Nagpur,India,2024-12-16,Churned,0.401,1
C12244,Abha,Karan,31,Other,Mumbai,India,2024-05-24,Active,0.153,0
C12245,Kamya,Mani,47,Female,Pune,India,2025-09-22,Active,0.078,0
C12246,Manbir,Pandit,18,Female,Mumbai,India,2023-11-13,Churned,0.506,1
C12247,Tamanna,Ganesan,61,Other,Pune,India,2024-11-15,Churned,0.237,1
C12248,Naveen,Wason,39,Female,Mumbai,India,2026-04-19,Active,0.154,0
C12249,Qabil,Gill,24,Other,Bengaluru,India,2024-11-17,Active,0.229,0
C12250,Mitesh,Edwin,19,Other,Bengaluru,India,2026-08-12,Active,0.326,0
C12251,Jackson,Barman,58,Male,Hyderabad,India,2024-09-04,Active,0.46,0
C12252,Jonathan,Sastry,30,Male,Bengaluru,India,2025-01-04,Active,0.209,0
C12253,Kala,Gour,35,Other,Hyderabad,India,2024-10-09,Active,0.33,0
C12254,Bakhshi,Nadig,67,Female,Pune,India,2024-07-15,Active,0.073,0
C12255,Manbir,Pradhan,35,Male,Nagpur,India,2025-02-16,Churned,0.458,1
C12256,Nicholas,Walla,35,Male,Mumbai,India,2025-07-28,Active,0.017,0
C12257,Jairaj,Bakshi,57,Other,Pune,India,2024-12-12,Churned,0.509,1
C12258,Xalak,Dhillon,31,Other,Hyderabad,India,2025-05-21,Active,0.535,0
C12259,Ekaja,Dugal,53,Female,Bengaluru,India,2025-08-12,Churned,0.202,1
C12260,Yashica,Narula,27,Other,Bengaluru,India,2023-09-07,Active,0.4,0
C12261,Chakrika,Som,54,Male,Nagpur,India,2026-06-02,Active,0.286,0
C12262,Manan,Sathe,22,Female,Hyderabad,India,2024-11-24,Active,0.269,0
C12263,Isaiah,Srinivas,52,Female,Mumbai,India,2025-02-08,Active,0.361,0
C12264,Liam,Dada,26,Male,Kolkata,India,2023-11-02,Churned,0.255,1
C12265,Aryan,Ratti,61,Male,Pune,India,2024-12-22,Active,0.537,0
C12266,Thomas,Sehgal,42,Male,Pune,India,2026-04-17,Active,0.227,0
C12267,George,Narain,45,Female,Nagpur,India,2025-03-09,Active,0.025,0
C12268,Robert,Vyas,63,Other,Kolkata,India,2023-11-25,Active,0.286,0
C12269,Arunima,Hayre,57,Female,Bengaluru,India,2024-08-11,Active,0.043,0
C12270,Fiyaz,Yohannan,39,Male,Pune,India,2023-10-06,Active,0.108,0
C12271,Gagan,Vala,66,Female,Nagpur,India,2025-07-23,Active,0.017,0
C12272,Robert,Swaminathan,23,Other,Kolkata,India,2025-05-05,Active,0.421,0
C12273,Yasti,Bhalla,24,Female,Bengaluru,India,2025-01-06,Churned,0.42,1
C12274,Jalsa,Rao,61,Other,Kolkata,India,2026-07-02,Churned,0.481,1
C12275,Prisha,Pingle,48,Male,Delhi,India,2024-04-17,Churned,0.247,1
C12276,Kashish,Arora,27,Other,Bengaluru,India,2025-04-22,Active,0.473,0
C12277,Hemani,Panchal,41,Female,Nagpur,India,2024-11-16,Active,0.095,0
C12278,Sanaya,Chahal,62,Other,Hyderabad,India,2024-12-22,Active,0.276,0
C12279,Sachi,Sagar,68,Female,Kolkata,India,2024-08-01,Active,0.066,0
C12280,Bhavya,Gade,49,Male,Pune,India,2025-07-19,Churned,0.173,1
C12281,Oeshi,Dewan,48,Male,Hyderabad,India,2025-06-20,Active,0.452,0
C12282,Gabriel,Dhawan,48,Female,Nagpur,India,2026-03-01,Active,0.238,0
C12283,Chavvi,Soman,36,Female,Nagpur,India,2024-07-19,Churned,0.203,1
C12284,Gautami,Bhatti,50,Male,Chennai,India,2025-11-25,Active,0.126,0
C12285,Keya,Chakrabarti,70,Other,Pune,India,2026-03-06,Active,0.094,0
C12286,Nimrat,Mahajan,38,Other,Pune,India,2023-09-11,Churned,0.33,1
C12287,Parth,Shere,68,Female,Kolkata,India,2025-06-05,Active,0.024,0
C12288,Laksh,Iyengar,43,Other,Chennai,India,2026-01-30,Active,0.556,0
C12289,Lakshmi,Mann,33,Other,Delhi,India,2024-06-15,Active,0.221,0
C12290,Vritti,Basak,53,Male,Kolkata,India,2026-01-08,Active,0.178,0
C12291,Daksha,Tak,42,Male,Hyderabad,India,2024-12-13,Active,0.093,0
C12292,Ubika,Kapur,31,Other,Chennai,India,2026-01-16,Churned,0.578,1
C12293,Aarnav,Dube,68,Female,Hyderabad,India,2023-10-12,Churned,0.219,1
C12294,Charita,Sodhi,52,Other,Delhi,India,2024-10-13,Active,0.039,0
C12295,Bhavna,Sahni,29,Other,Pune,India,2024-03-11,Active,0.247,0
C12296,Vyanjana,Konda,65,Other,Kolkata,India,2024-06-05,Active,0.058,0
C12297,Jagdish,Malhotra,25,Other,Kolkata,India,2023-10-15,Active,0.05,0
C12298,Ekalinga,Pathak,38,Other,Pune,India,2025-10-05,Active,0.223,0
C12299,Vasana,Sarin,70,Female,Nagpur,India,2026-02-19,Active,0.705,0
C12300,Vamakshi,Dar,37,Female,Pune,India,2024-10-05,Active,0.141,0
C12301,Yauvani,Badal,56,Male,Chennai,India,2025-04-02,Churned,0.32,1
C12302,Nicholas,Bhardwaj,38,Female,Mumbai,India,2024-10-08,Active,0.191,0
C12303,Ekaja,Shenoy,23,Male,Nagpur,India,2024-04-15,Churned,0.325,1
C12304,Krishna,Parikh,55,Other,Mumbai,India,2026-08-12,Active,0.265,0
C12305,Chatresh,Mahajan,66,Male,Nagpur,India,2024-05-11,Active,0.246,0
C12306,Oni,Parekh,46,Other,Bengaluru,India,2025-03-15,Active,0.134,0
C12307,Bimala,Manne,42,Other,Kolkata,India,2023-11-15,Active,0.049,0
C12308,Faraj,Varkey,30,Male,Hyderabad,India,2025-12-01,Active,0.105,0
C12309,Qadim,Chandra,37,Other,Bengaluru,India,2024-06-28,Churned,0.411,1
C12310,Oliver,Naidu,45,Other,Hyderabad,India,2026-03-19,Active,0.03,0
C12311,Charvi,Madan,23,Other,Mumbai,India,2025-01-04,Active,0.166,0
C12312,Janani,Char,57,Other,Chennai,India,2026-07-31,Active,0.015,0
C12313,Indira,Dhawan,26,Female,Mumbai,India,2025-12-09,Active,0.095,0
C12314,Laksh,Vasa,41,Other,Mumbai,India,2023-09-21,Churned,0.533,1
C12315,Kashish,Sundaram,18,Other,Hyderabad,India,2024-11-11,Active,0.145,0
C12316,Harini,Gaba,25,Female,Mumbai,India,2025-06-02,Active,0.512,0
C12317,Tejas,Dubey,33,Female,Chennai,India,2024-02-07,Churned,0.16,1
C12318,Timothy,Guha,58,Female,Chennai,India,2025-10-21,Churned,0.094,1
C12319,Ishaan,Sahni,43,Female,Chennai,India,2026-01-15,Churned,0.413,1
C12320,Faraj,Dada,52,Male,Nagpur,India,2025-08-16,Churned,0.555,1
C12321,Anay,Srinivasan,48,Male,Delhi,India,2024-03-22,Active,0.275,0
C12322,Devika,Patil,53,Female,Hyderabad,India,2025-02-22,Active,0.266,0
C12323,Riya,Virk,44,Male,Bengaluru,India,2024-04-03,Active,0.171,0
C12324,Orinder,Modi,60,Male,Nagpur,India,2025-02-13,Active,0.148,0
C12325,Jagat,Kapadia,18,Male,Mumbai,India,2023-10-15,Active,0.187,0
C12326,Lucky,Karan,27,Other,Kolkata,India,2024-03-18,Active,0.185,0
C12327,Jeremiah,Kadakia,60,Female,Nagpur,India,2024-12-21,Active,0.148,0
C12328,Farhan,Sandal,23,Male,Chennai,India,2024-03-21,Active,0.038,0
C12329,Isaac,Brahmbhatt,47,Other,Chennai,India,2026-08-09,Active,0.084,0
C12330,Veda,Sankar,57,Male,Kolkata,India,2023-09-30,Active,0.119,0
C12331,Ronith,Chokshi,50,Female,Kolkata,India,2023-11-06,Active,0.051,0
C12332,Yochana,Bhargava,42,Female,Delhi,India,2023-10-21,Churned,0.446,1
C12333,Jagat,Kulkarni,29,Female,Mumbai,India,2025-08-29,Active,0.263,0
C12334,Dominic,Mitra,54,Female,Delhi,India,2023-11-07,Active,0.111,0
C12335,Advaith,Char,63,Other,Bengaluru,India,2026-07-04,Churned,0.647,1
C12336,Samesh,Iyengar,44,Other,Hyderabad,India,2024-03-11,Active,0.116,0
C12337,Indali,Balakrishnan,20,Male,Kolkata,India,2024-06-14,Active,0.253,0
C12338,Madhav,Mall,63,Female,Pune,India,2024-01-20,Churned,0.141,1
C12339,Ijaya,Pandey,55,Female,Pune,India,2026-02-17,Active,0.01,0
C12340,Xiti,Khurana,27,Other,Bengaluru,India,2024-05-07,Churned,0.548,1
C12341,Ekansh,Chaudhary,47,Other,Pune,India,2025-10-24,Active,0.327,0
C12342,Akshay,Wadhwa,51,Other,Pune,India,2026-02-15,Active,0.294,0
C12343,Rehaan,Manda,33,Female,Pune,India,2024-08-03,Active,0.078,0
C12344,Aayush,Chaudhary,61,Other,Bengaluru,India,2024-05-24,Active,0.414,0
C12345,Yamini,Soman,57,Male,Hyderabad,India,2024-07-29,Churned,0.134,1
C12346,Qasim,Sarraf,52,Male,Kolkata,India,2025-03-23,Active,0.217,0
C12347,Hredhaan,Golla,47,Other,Kolkata,India,2026-07-13,Active,0.284,0
C12348,Ladli,Samra,54,Other,Hyderabad,India,2025-03-05,Churned,0.344,1
C12349,Yoshita,Kari,44,Female,Bengaluru,India,2024-07-29,Active,0.051,0
C12350,Isaiah,Murthy,36,Male,Mumbai,India,2025-05-26,Churned,0.114,1
C12351,Unnati,Choudhary,62,Other,Bengaluru,India,2024-03-11,Active,0.025,0
C12352,Laban,Tandon,64,Other,Bengaluru,India,2025-11-16,Churned,0.546,1
C12353,Bhavya,Baria,21,Other,Kolkata,India,2025-03-15,Active,0.042,0
C12354,Falak,Tak,55,Male,Mumbai,India,2024-01-06,Active,0.579,0
C12355,Lekha,Mander,60,Female,Mumbai,India,2024-02-27,Active,0.282,0
C12356,Devika,Sawhney,36,Female,Pune,India,2025-08-10,Active,0.342,0
C12357,Nikita,Mannan,26,Other,Pune,India,2024-08-16,Active,0.026,0
C12358,Ranbir,Boase,68,Female,Bengaluru,India,2025-06-26,Active,0.151,0
C12359,Jhalak,Gola,26,Other,Bengaluru,India,2025-09-08,Churned,0.54,1
C12360,Vyanjana,Cheema,35,Female,Mumbai,India,2023-09-20,Churned,0.124,1
C12361,Raksha,Virk,65,Male,Nagpur,India,2025-05-08,Active,0.265,0
C12362,Frederick,Dar,55,Other,Nagpur,India,2026-06-20,Active,0.2,0
C12363,Megha,Rattan,60,Female,Hyderabad,India,2024-04-10,Active,0.022,0
C12364,Harsh,Ganguly,69,Male,Bengaluru,India,2026-08-15,Churned,0.492,1
C12365,Januja,Issac,68,Other,Delhi,India,2023-12-10,Active,0.174,0
C12366,Sai,Raval,49,Male,Mumbai,India,2025-02-08,Active,0.112,0
C12367,Viraj,Samra,39,Male,Nagpur,India,2024-03-09,Churned,0.152,1
C12368,Arya,Mahajan,56,Male,Kolkata,India,2025-10-15,Active,0.043,0
C12369,Mugdha,Parekh,66,Female,Chennai,India,2026-05-28,Active,0.151,0
C12370,Nidhi,Sundaram,33,Other,Kolkata,India,2025-09-09,Churned,0.417,1
C12371,Arya,Din,64,Other,Nagpur,India,2025-11-03,Active,0.072,0
C12372,Hritik,Das,31,Other,Hyderabad,India,2025-08-07,Churned,0.01,1
C12373,Vrishti,Tank,21,Other,Bengaluru,India,2024-09-24,Active,0.203,0
C12374,Krish,Balan,66,Male,Mumbai,India,2024-08-24,Active,0.169,0
C12375,Chatresh,Bir,28,Female,Chennai,India,2024-02-02,Churned,0.439,1
C12376,Avi,Gola,48,Female,Kolkata,India,2025-10-13,Active,0.414,0
C12377,Eta,Dua,65,Other,Delhi,India,2025-04-17,Active,0.168,0
C12378,Gopal,Bose,42,Other,Chennai,India,2024-12-14,Churned,0.466,1
C12379,Zinal,Tailor,48,Female,Nagpur,India,2026-06-23,Active,0.101,0
C12380,Saksham,Memon,51,Female,Mumbai,India,2025-08-24,Churned,0.196,1
C12381,Widisha,Swaminathan,36,Female,Chennai,India,2026-06-25,Churned,0.448,1
C12382,Advika,Oza,61,Female,Mumbai,India,2025-10-24,Active,0.255,0
C12383,Andrew,Balay,24,Other,Hyderabad,India,2025-12-18,Churned,0.234,1
C12384,Jagat,Rajagopal,45,Other,Bengaluru,India,2025-06-30,Active,0.086,0
C12385,Divya,Puri,39,Female,Bengaluru,India,2025-07-31,Active,0.301,0
C12386,Tripti,Banik,69,Male,Bengaluru,India,2025-07-19,Active,0.181,0
C12387,Peter,Mitter,59,Other,Chennai,India,2023-10-22,Churned,0.403,1
C12388,Vyanjana,Sankar,47,Other,Delhi,India,2024-05-12,Active,0.114,0
C12389,Devika,Ramachandran,64,Other,Delhi,India,2024-03-27,Active,0.4,0
C12390,Imaran,Swaminathan,51,Female,Nagpur,India,2025-09-27,Active,0.204,0
C12391,Upma,Soni,38,Other,Mumbai,India,2026-06-22,Active,0.087,0
C12392,Naksh,Toor,61,Male,Pune,India,2026-01-21,Active,0.236,0
C12393,Mahika,Lall,18,Female,Pune,India,2023-11-26,Active,0.422,0
C12394,Krishna,Pandit,51,Male,Kolkata,India,2025-10-08,Churned,0.568,1
C12395,Ekani,Bhat,40,Male,Bengaluru,India,2024-11-15,Active,0.629,0
C12396,Chakradev,Dave,34,Male,Mumbai,India,2023-10-14,Churned,0.391,1
C12397,Ikshita,Bala,19,Other,Pune,India,2025-03-23,Active,0.186,0
C12398,Harita,Rai,21,Other,Delhi,India,2026-04-29,Active,0.13,0
C12399,Priya,Pai,56,Other,Pune,India,2024-01-30,Churned,0.496,1
C12400,Nisha,Panchal,63,Male,Pune,India,2025-03-09,Active,0.112,0
C12401,Yash,Kota,56,Male,Chennai,India,2023-11-27,Active,0.012,0
C12402,Devika,Chad,60,Other,Nagpur,India,2024-08-30,Active,0.191,0
C12403,Dominic,Mody,25,Other,Nagpur,India,2026-08-04,Active,0.182,0
C12404,Geetika,Gara,34,Female,Kolkata,India,2024-02-25,Churned,0.188,1
C12405,Eshana,Barad,60,Male,Kolkata,India,2023-10-01,Active,0.105,0
C12406,Pahal,Varma,35,Female,Hyderabad,India,2025-08-16,Active,0.097,0
C12407,Amara,Bahri,34,Male,Pune,India,2025-06-16,Active,0.301,0
C12408,Upasna,Bains,35,Male,Chennai,India,2026-08-17,Churned,0.407,1
C12409,Krishna,Ramakrishnan,42,Female,Mumbai,India,2025-01-04,Active,0.091,0
C12410,Guneet,Suresh,34,Female,Nagpur,India,2025-01-13,Active,0.339,0
C12411,Samesh,Nayar,46,Male,Kolkata,India,2024-02-03,Active,0.028,0
C12412,Yadavi,Nori,30,Other,Chennai,India,2025-10-11,Active,0.418,0
C12413,Chandani,Patla,29,Other,Kolkata,India,2024-05-16,Active,0.134,0
C12414,Saksham,Taneja,24,Male,Chennai,India,2025-07-09,Active,0.349,0
C12415,Faqid,Wason,31,Other,Pune,India,2026-05-15,Active,0.431,0
C12416,Bhavna,Lanka,46,Other,Bengaluru,India,2024-07-29,Churned,0.46,1
C12417,Chameli,Ratti,24,Male,Pune,India,2023-11-13,Active,0.165,0
C12418,George,Chandran,22,Other,Bengaluru,India,2024-08-16,Active,0.355,0
C12419,Gayathri,Mahajan,67,Female,Mumbai,India,2026-03-08,Active,0.138,0
C12420,Vaishnavi,Sane,49,Male,Mumbai,India,2023-12-14,Active,0.104,0
C12421,Idika,Bose,20,Other,Chennai,India,2024-07-22,Churned,0.276,1
C12422,Chasmum,Thaman,35,Male,Hyderabad,India,2026-06-09,Active,0.115,0
C12423,Rachita,Zacharia,43,Other,Mumbai,India,2024-12-09,Active,0.098,0
C12424,Ryan,Sachdeva,50,Other,Kolkata,India,2024-12-30,Active,0.425,0
C12425,Zayan,Varma,48,Female,Chennai,India,2025-05-17,Active,0.476,0
C12426,Pranit,Bahl,64,Male,Delhi,India,2025-08-05,Active,0.278,0
C12427,Zaitra,Grover,18,Female,Kolkata,India,2026-05-03,Active,0.158,0
C12428,Xalak,Kala,25,Other,Hyderabad,India,2026-02-13,Active,0.693,0
C12429,Unni,Loyal,39,Other,Bengaluru,India,2026-06-23,Churned,0.095,1
C12430,Radha,Bhasin,43,Male,Pune,India,2026-05-18,Churned,0.172,1
C12431,Sai,Patla,41,Other,Hyderabad,India,2025-11-20,Churned,0.543,1
C12432,Manbir,Khosla,23,Female,Bengaluru,India,2025-08-19,Active,0.337,0
C12433,Charita,Saran,59,Male,Nagpur,India,2024-04-21,Churned,0.511,1
C12434,Eiravati,Bhatt,53,Male,Chennai,India,2025-05-30,Active,0.436,0
C12435,Samar,Sachar,60,Male,Bengaluru,India,2026-05-12,Churned,0.54,1
C12436,Bhavini,Dyal,62,Female,Pune,India,2024-10-19,Active,0.218,0
C12437,Warinder,Ravi,58,Other,Hyderabad,India,2024-10-03,Active,0.5,0
C12438,Ishaan,Doctor,49,Male,Kolkata,India,2024-09-05,Active,0.33,0
C12439,Ayaan,Korpal,65,Male,Nagpur,India,2024-06-25,Active,0.06,0
C12440,Ucchal,Sunder,20,Male,Mumbai,India,2024-12-26,Churned,0.336,1
C12441,Rajata,Sami,64,Other,Delhi,India,2026-01-17,Active,0.17,0
C12442,Balhaar,Jaggi,49,Female,Pune,India,2026-06-01,Active,0.18,0
C12443,Anjali,Deshpande,68,Other,Bengaluru,India,2024-05-05,Churned,0.391,1
C12444,Aarna,Mall,49,Other,Kolkata,India,2023-10-16,Active,0.284,0
C12445,Patrick,Basak,19,Male,Hyderabad,India,2026-06-20,Active,0.01,0
C12446,Anmol,Bhakta,21,Female,Mumbai,India,2025-09-24,Active,0.212,0
C12447,Dipta,Misra,43,Male,Delhi,India,2024-01-09,Active,0.541,0
C12448,Niharika,Patla,69,Other,Kolkata,India,2023-12-08,Active,0.139,0
C12449,Gautam,Ranganathan,61,Other,Nagpur,India,2026-07-10,Active,0.395,0
C12450,Warinder,Choudhury,65,Other,Delhi,India,2024-04-06,Active,0.089,0
C12451,Xiti,Dara,22,Male,Nagpur,India,2026-02-03,Active,0.081,0
C12452,Zayan,Taneja,49,Other,Mumbai,India,2025-11-19,Active,0.092,0
C12453,Wazir,Das,48,Other,Mumbai,India,2024-01-19,Active,0.093,0
C12454,Forum,Ramakrishnan,33,Other,Nagpur,India,2024-12-30,Active,0.397,0
C12455,Pallavi,Kamdar,18,Male,Mumbai,India,2024-09-01,Active,0.254,0
C12456,Hredhaan,Gill,37,Male,Kolkata,India,2024-04-12,Active,0.188,0
C12457,Anvi,Sarraf,57,Male,Pune,India,2024-07-29,Active,0.283,0
C12458,Aachal,Bhalla,70,Male,Pune,India,2025-05-27,Churned,0.397,1
C12459,Kavya,Chowdhury,49,Other,Delhi,India,2025-10-01,Active,0.113,0
C12460,Pallavi,Soman,22,Male,Chennai,India,2025-01-04,Active,0.176,0
C12461,Yatin,Mall,39,Other,Chennai,India,2026-07-27,Churned,0.495,1
C12462,Janani,Soman,38,Male,Nagpur,India,2024-04-13,Churned,0.44,1
C12463,Darika,Bail,38,Male,Mumbai,India,2025-03-25,Active,0.01,0
C12464,Bakhshi,Bhagat,55,Male,Hyderabad,India,2026-05-30,Active,0.347,0
C12465,Wriddhish,Kulkarni,22,Male,Bengaluru,India,2026-08-08,Churned,0.174,1
C12466,Leena,More,27,Female,Nagpur,India,2026-01-06,Active,0.192,0
C12467,Janani,Dara,62,Female,Nagpur,India,2026-05-20,Active,0.496,0
C12468,Warjas,Savant,46,Male,Mumbai,India,2025-12-09,Active,0.629,0
C12469,Abhiram,Ramaswamy,26,Male,Chennai,India,2025-04-26,Active,0.171,0
C12470,Charvi,Chana,67,Male,Mumbai,India,2024-10-01,Churned,0.456,1
C12471,Chameli,Kade,49,Male,Mumbai,India,2024-08-31,Active,0.114,0
C12472,Reva,Nadig,18,Male,Pune,India,2024-05-06,Active,0.335,0
C12473,Niharika,Bandi,63,Other,Bengaluru,India,2026-05-29,Churned,0.479,1
C12474,Faris,Swamy,44,Other,Kolkata,India,2024-10-30,Active,0.142,0
C12475,Nitara,Natarajan,62,Male,Delhi,India,2025-09-01,Churned,0.261,1
C12476,Harish,Dyal,27,Other,Bengaluru,India,2025-06-18,Active,0.14,0
C12477,Advika,Toor,51,Female,Chennai,India,2026-08-21,Active,0.14,0
C12478,Indira,Salvi,33,Male,Mumbai,India,2023-12-13,Active,0.225,0
C12479,Eta,Setty,56,Male,Kolkata,India,2026-03-24,Active,0.136,0
C12480,Ayaan,Ben,57,Male,Bengaluru,India,2026-08-15,Churned,0.399,1
C12481,Qarin,Sawhney,40,Female,Mumbai,India,2026-05-24,Active,0.135,0
C12482,Laban,Aggarwal,53,Male,Delhi,India,2026-05-23,Churned,0.409,1
C12483,Ryan,Mody,25,Other,Pune,India,2025-05-15,Active,0.048,0
C12484,Fitan,Choudhry,57,Female,Delhi,India,2024-12-31,Active,0.097,0
C12485,Zaid,Varty,47,Other,Delhi,India,2024-05-03,Active,0.496,0
C12486,Kalpit,Roy,35,Male,Delhi,India,2026-06-05,Churned,0.428,1
C12487,Siya,Sridhar,25,Male,Kolkata,India,2025-01-09,Churned,0.433,1
C12488,Abha,Ghose,49,Male,Nagpur,India,2024-03-26,Active,0.025,0
C12489,Falak,Manda,60,Male,Mumbai,India,2026-08-03,Active,0.412,0
C12490,Frado,Sachdeva,59,Female,Bengaluru,India,2024-07-05,Active,0.3,0
C12491,Qabil,Ramaswamy,31,Female,Bengaluru,India,2025-03-25,Active,0.098,0
C12492,Udarsh,Bail,39,Other,Kolkata,India,2025-04-09,Churned,0.366,1
C12493,Veer,Chakraborty,20,Male,Mumbai,India,2023-10-06,Active,0.155,0
C12494,Rushil,Lala,52,Male,Nagpur,India,2025-08-19,Churned,0.553,1
C12495,Om,Bawa,68,Male,Kolkata,India,2026-08-25,Churned,0.473,1
C12496,Pushti,Lad,50,Male,Pune,India,2025-05-15,Active,0.398,0
C12497,Gaurav,Pillai,33,Other,Kolkata,India,2024-04-19,Active,0.134,0
C12498,Jacob,Atwal,55,Other,Hyderabad,India,2024-05-22,Churned,0.487,1
C12499,Radhika,Setty,44,Male,Hyderabad,India,2025-11-25,Active,0.092,0
C12500,Warda,Dani,32,Male,Hyderabad,India,2026-07-13,Active,0.182,0
C12501,Samar,Halder,32,Male,Delhi,India,2024-08-14,Active,0.339,0
C12502,Bhavna,Talwar,65,Female,Delhi,India,2024-10-18,Active,0.565,0
C12503,Kalpit,Sankar,42,Male,Pune,India,2025-04-16,Active,0.187,0
C12504,Tanveer,Mandal,48,Other,Kolkata,India,2024-07-17,Churned,0.258,1
C12505,Ranbir,Sahota,21,Female,Nagpur,India,2026-07-18,Active,0.118,0
C12506,Nilima,Dhingra,31,Other,Kolkata,India,2024-06-07,Active,0.117,0
C12507,Bina,Lala,29,Female,Hyderabad,India,2023-10-15,Active,0.054,0
C12508,Shravya,Kothari,26,Female,Delhi,India,2024-08-31,Active,0.12,0
C12509,Tara,Chada,58,Female,Bengaluru,India,2025-03-28,Active,0.01,0
C12510,Upasna,Deol,30,Female,Nagpur,India,2023-09-17,Churned,0.236,1
C12511,Mitali,Kala,20,Other,Mumbai,India,2025-01-15,Active,0.447,0
C12512,Pallavi,Kunda,35,Male,Pune,India,2025-04-18,Churned,0.475,1
C12513,Girish,Bhargava,47,Female,Chennai,India,2023-12-23,Active,0.193,0
C12514,Gaurangi,Keer,28,Female,Delhi,India,2023-11-20,Active,0.126,0
C12515,Irya,Bath,36,Other,Nagpur,India,2025-09-01,Active,0.273,0
C12516,Zehaan,Thaman,68,Other,Nagpur,India,2023-09-09,Active,0.28,0
C12517,Lakshmi,Mittal,54,Other,Delhi,India,2026-04-20,Active,0.056,0
C12518,Kamala,Deo,23,Female,Kolkata,India,2025-05-06,Active,0.117,0
C12519,Benjamin,Gola,31,Other,Kolkata,India,2026-01-17,Churned,0.162,1
C12520,Omkaar,Thakur,47,Female,Mumbai,India,2024-10-09,Churned,0.453,1
C12521,Harinakshi,Sidhu,64,Female,Delhi,India,2025-10-05,Active,0.226,0
C12522,Gaurav,Nadig,33,Female,Chennai,India,2024-03-23,Churned,0.499,1
C12523,Rachita,Dhar,55,Male,Nagpur,India,2025-12-02,Active,0.062,0
C12524,Jackson,Munshi,54,Male,Chennai,India,2024-10-09,Active,0.149,0
C12525,Joshua,Tata,20,Male,Kolkata,India,2023-11-08,Active,0.413,0
C12526,Jalsa,Sani,64,Other,Mumbai,India,2024-11-10,Churned,0.22,1
C12527,Adya,Lalla,45,Other,Chennai,India,2024-11-13,Active,0.119,0
C12528,Dhriti,Sarin,48,Other,Pune,India,2025-11-12,Active,0.294,0
C12529,Diya,Swamy,46,Female,Delhi,India,2024-05-14,Active,0.424,0
C12530,Ria,Bera,23,Other,Mumbai,India,2024-04-22,Active,0.156,0
C12531,Manthan,Bhagat,62,Other,Chennai,India,2024-06-20,Churned,0.093,1
C12532,Qadim,Banik,31,Male,Hyderabad,India,2024-08-23,Active,0.63,0
C12533,Abha,Gade,36,Male,Pune,India,2025-08-31,Active,0.174,0
C12534,Rajata,D’Alia,19,Female,Bengaluru,India,2025-08-26,Active,0.197,0
C12535,Banjeet,Sathe,28,Other,Kolkata,India,2025-10-08,Active,0.572,0
C12536,Vedhika,Shankar,54,Other,Mumbai,India,2025-03-07,Active,0.055,0
C12537,Isaiah,Divan,47,Female,Nagpur,India,2025-10-05,Active,0.529,0
C12538,Ikshita,Chander,63,Female,Nagpur,India,2024-03-11,Active,0.397,0
C12539,Bhanumati,Gole,68,Female,Kolkata,India,2024-07-13,Active,0.441,0
C12540,Yashoda,Mahajan,63,Other,Mumbai,India,2024-05-19,Active,0.048,0
C12541,Simon,Agrawal,58,Male,Chennai,India,2026-01-22,Active,0.187,0
C12542,Pranit,Saha,62,Female,Mumbai,India,2025-11-26,Active,0.164,0
C12543,Yatin,Tara,36,Female,Bengaluru,India,2023-12-29,Active,0.199,0
C12544,Girindra,Narasimhan,62,Other,Delhi,India,2026-07-18,Active,0.077,0
C12545,Bhavani,Dara,68,Other,Pune,India,2023-10-11,Active,0.158,0
C12546,Kashvi,Cherian,57,Female,Mumbai,India,2025-05-05,Active,0.01,0
C12547,Mitesh,Balakrishnan,50,Other,Hyderabad,India,2025-01-15,Active,0.463,0
C12548,Triveni,Srinivasan,21,Male,Chennai,India,2024-01-04,Active,0.085,0
C12549,Amruta,Ahluwalia,41,Female,Mumbai,India,2025-08-06,Active,0.184,0
C12550,Caleb,Sethi,41,Female,Nagpur,India,2025-01-24,Active,0.142,0
C12551,Kai,Kakar,59,Other,Pune,India,2025-01-17,Active,0.145,0
C12552,Barkha,Naidu,53,Other,Delhi,India,2023-11-15,Active,0.157,0
C12553,Ekavir,Raj,26,Female,Delhi,India,2023-11-26,Active,0.432,0
C12554,Mohini,Kumer,52,Male,Kolkata,India,2024-01-22,Active,0.287,0
C12555,Wriddhish,Rastogi,65,Other,Delhi,India,2024-06-03,Churned,0.157,1
C12556,Ansh,Joshi,66,Other,Delhi,India,2024-01-17,Churned,0.197,1
C12557,Lipika,Rau,38,Female,Bengaluru,India,2024-05-11,Active,0.24,0
C12558,Mitesh,Dara,50,Other,Chennai,India,2024-11-16,Active,0.129,0
C12559,Vritti,Sankaran,35,Male,Pune,India,2024-12-07,Active,0.376,0
C12560,Karan,Parmer,41,Female,Kolkata,India,2024-12-25,Active,0.156,0
C12561,Gopal,Pillai,49,Other,Pune,India,2026-06-30,Churned,0.332,1
C12562,Ryan,Suri,48,Other,Bengaluru,India,2025-11-05,Active,0.406,0
C12563,Lipika,Soni,46,Other,Hyderabad,India,2025-07-23,Active,0.271,0
C12564,Pallavi,Chana,69,Other,Pune,India,2024-10-22,Active,0.355,0
C12565,Jyoti,Grewal,30,Female,Pune,India,2025-06-18,Active,0.034,0
C12566,Pooja,Chander,23,Female,Nagpur,India,2025-07-06,Churned,0.636,1
C12567,Yochana,Om,36,Male,Pune,India,2023-11-02,Active,0.41,0
C12568,Udarsh,Dubey,28,Female,Pune,India,2025-08-21,Active,0.396,0
C12569,Fiyaz,Mannan,62,Male,Kolkata,India,2025-10-09,Active,0.14,0
C12570,Rajeshri,Buch,27,Male,Mumbai,India,2025-08-28,Churned,0.368,1
C12571,Charita,Dixit,36,Female,Nagpur,India,2025-09-11,Active,0.458,0
C12572,Charita,Kothari,48,Female,Chennai,India,2024-03-17,Churned,0.238,1
C12573,Prisha,Merchant,46,Other,Mumbai,India,2025-11-21,Active,0.041,0
C12574,Champak,Bose,36,Male,Pune,India,2026-01-31,Churned,0.245,1
C12575,Yochana,Chokshi,19,Male,Hyderabad,India,2023-11-10,Active,0.442,0
C12576,Pavani,Sachar,44,Other,Hyderabad,India,2025-11-02,Active,0.431,0
C12577,Ucchal,Kulkarni,59,Other,Hyderabad,India,2024-01-25,Active,0.171,0
C12578,Aachal,Bumb,49,Other,Kolkata,India,2025-03-06,Active,0.068,0
C12579,Amol,Comar,47,Female,Nagpur,India,2025-10-22,Churned,0.398,1
C12580,Turvi,Gola,68,Female,Nagpur,India,2026-06-24,Active,0.527,0
C12581,Maya,Bath,68,Female,Delhi,India,2024-06-10,Active,0.462,0
C12582,Omaja,Mishra,48,Female,Bengaluru,India,2024-01-08,Active,0.113,0
C12583,Suhani,Sengupta,67,Male,Nagpur,India,2024-12-31,Churned,0.115,1
C12584,Alka,Om,40,Female,Kolkata,India,2026-04-27,Active,0.401,0
C12585,Siddharth,Goyal,28,Other,Nagpur,India,2024-06-17,Active,0.12,0
C12586,Aashi,Cherian,63,Other,Bengaluru,India,2023-12-31,Active,0.293,0
C12587,Andrew,Ahluwalia,29,Male,Nagpur,India,2025-07-05,Active,0.182,0
C12588,Jackson,Arya,28,Male,Pune,India,2025-05-06,Churned,0.445,1
C12589,Vansha,Sharma,20,Female,Nagpur,India,2024-05-24,Active,0.439,0
C12590,Nidhi,Sur,46,Female,Hyderabad,India,2026-08-10,Churned,0.354,1
C12591,Jalsa,Rana,29,Male,Mumbai,India,2024-12-14,Churned,0.339,1
C12592,Gagan,Dass,60,Female,Hyderabad,India,2024-12-14,Churned,0.393,1
C12593,Akshay,Halder,27,Female,Kolkata,India,2024-03-28,Churned,0.475,1
C12594,Amol,Guha,52,Male,Bengaluru,India,2024-02-21,Active,0.448,0
C12595,Shaurya,Srivastava,25,Male,Chennai,India,2023-10-12,Active,0.244,0
C12596,Maanav,Khurana,49,Male,Kolkata,India,2026-06-04,Churned,0.513,1
C12597,Rayaan,Chadha,38,Male,Mumbai,India,2025-07-08,Churned,0.257,1
C12598,Ubika,Divan,65,Other,Hyderabad,India,2024-12-11,Churned,0.32,1
C12599,Pahal,Bains,59,Other,Bengaluru,India,2025-09-06,Active,0.154,0
C12600,Ojas,Dua,48,Female,Nagpur,India,2024-02-28,Active,0.419,0
C12601,Sai,Sundaram,69,Other,Kolkata,India,2026-08-27,Churned,0.51,1
C12602,Anmol,Sengupta,39,Other,Pune,India,2025-09-02,Churned,0.314,1
C12603,Xavier,Jaggi,64,Female,Mumbai,India,2026-02-26,Active,0.498,0
C12604,Manya,Behl,26,Other,Pune,India,2024-12-02,Active,0.18,0
C12605,Abhiram,Chauhan,37,Male,Chennai,India,2025-01-31,Active,0.337,0
C12606,Rachana,Sagar,57,Male,Kolkata,India,2026-05-07,Active,0.495,0
C12607,Bina,Bansal,40,Male,Hyderabad,India,2025-10-10,Churned,0.433,1
C12608,Mugdha,Sunder,21,Other,Delhi,India,2025-09-27,Churned,0.419,1
C12609,Vinaya,Kata,55,Other,Delhi,India,2025-11-06,Active,0.224,0
C12610,Anirudh,Sami,68,Female,Delhi,India,2023-12-04,Active,0.353,0
C12611,Diya,Bhatt,19,Male,Kolkata,India,2026-02-12,Active,0.11,0
C12612,Omisha,Solanki,61,Other,Pune,India,2024-10-21,Active,0.017,0
C12613,Warda,Palan,50,Female,Delhi,India,2024-02-29,Active,0.62,0
C12614,Rajata,Bail,49,Female,Mumbai,India,2025-07-28,Churned,0.538,1
C12615,Bhavna,Handa,60,Female,Chennai,India,2024-05-08,Active,0.015,0
C12616,Hemangini,Sarma,27,Other,Chennai,India,2025-08-29,Active,0.166,0
C12617,Yashica,Kanda,41,Female,Hyderabad,India,2024-08-26,Active,0.25,0
C12618,Harinakshi,Sidhu,18,Female,Hyderabad,India,2026-03-01,Active,0.35,0
C12619,Chaaya,Ramakrishnan,40,Female,Kolkata,India,2024-03-22,Churned,0.449,1
C12620,Jagvi,Sodhi,53,Male,Delhi,India,2025-06-09,Active,0.084,0
C12621,Sarthak,Mandal,64,Female,Chennai,India,2024-05-09,Active,0.098,0
C12622,Gabriel,Subramanian,69,Female,Bengaluru,India,2026-08-08,Active,0.05,0
C12623,Oscar,Iyengar,28,Other,Chennai,India,2024-03-19,Active,0.072,0
C12624,Vyanjana,Chaudhuri,64,Female,Nagpur,India,2024-04-30,Churned,0.56,1
C12625,Wakeeta,Mitter,55,Other,Pune,India,2025-06-08,Active,0.446,0
C12626,Shaurya,Batta,27,Male,Bengaluru,India,2024-08-30,Churned,0.139,1
C12627,Jagrati,Lal,48,Other,Hyderabad,India,2023-09-29,Active,0.47,0
C12628,Nathan,Ghosh,22,Other,Chennai,India,2025-03-08,Churned,0.566,1
C12629,Azad,Bhatt,23,Male,Chennai,India,2025-10-22,Active,0.107,0
C12630,Qushi,Comar,58,Female,Chennai,India,2025-02-06,Churned,0.142,1
C12631,Utkarsh,Dara,29,Other,Kolkata,India,2026-04-17,Active,0.1,0
C12632,Udarsh,Sur,63,Other,Nagpur,India,2026-01-21,Active,0.136,0
C12633,Harini,Pant,30,Male,Chennai,India,2024-10-05,Active,0.197,0
C12634,Amara,Dora,36,Other,Kolkata,India,2023-11-12,Active,0.129,0
C12635,Yutika,Chawla,20,Female,Bengaluru,India,2026-08-08,Active,0.586,0
C12636,Raksha,Shankar,49,Other,Kolkata,India,2023-11-18,Active,0.399,0
C12637,Hitesh,Chaudry,32,Male,Mumbai,India,2024-02-20,Active,0.13,0
C12638,Benjamin,Tripathi,27,Female,Bengaluru,India,2026-01-21,Active,0.147,0
C12639,Oliver,Dalal,58,Other,Kolkata,India,2024-02-11,Active,0.317,0
C12640,Janaki,Dugar,25,Other,Bengaluru,India,2024-07-16,Active,0.274,0
C12641,Riya,Toor,44,Male,Kolkata,India,2024-11-27,Active,0.099,0
C12642,Hardik,Dube,62,Other,Delhi,India,2025-10-14,Churned,0.498,1
C12643,Januja,Natt,19,Male,Bengaluru,India,2026-06-02,Churned,0.526,1
C12644,Jason,Jaggi,49,Male,Hyderabad,India,2024-04-02,Active,0.398,0
C12645,Ojasvi,Ahuja,55,Female,Chennai,India,2025-07-14,Churned,0.41,1
C12646,Urvi,Om,34,Other,Kolkata,India,2024-09-16,Active,0.208,0
C12647,Yashasvi,Garg,62,Male,Hyderabad,India,2024-11-19,Active,0.254,0
C12648,Amaira,Pradhan,50,Other,Mumbai,India,2024-01-11,Active,0.457,0
C12649,Jalsa,Korpal,34,Male,Mumbai,India,2025-06-06,Active,0.347,0
C12650,Oviya,Kari,27,Female,Kolkata,India,2024-04-23,Active,0.043,0
C12651,Pushti,Sachdev,62,Male,Hyderabad,India,2024-04-02,Active,0.178,0
C12652,Tara,Varty,28,Male,Bengaluru,India,2025-05-28,Churned,0.376,1
C12653,Janaki,Balan,41,Female,Hyderabad,India,2026-07-26,Active,0.423,0
C12654,Madhav,Anne,21,Female,Bengaluru,India,2025-07-19,Active,0.378,0
C12655,Ekaraj,Chad,51,Other,Pune,India,2025-11-12,Churned,0.669,1
C12656,Divya,Ratti,50,Male,Nagpur,India,2025-02-07,Active,0.114,0
C12657,Radha,Bhat,66,Male,Nagpur,India,2024-05-13,Churned,0.573,1
C12658,Balhaar,Dora,52,Female,Hyderabad,India,2025-05-03,Active,0.201,0
C12659,Dalbir,Venkatesh,70,Other,Bengaluru,India,2026-02-09,Churned,0.428,1
C12660,Oni,Ratti,35,Other,Hyderabad,India,2024-12-03,Active,0.114,0
C12661,Daksha,Murthy,24,Other,Hyderabad,India,2026-07-24,Active,0.278,0
C12662,Abhiram,Mammen,70,Male,Mumbai,India,2025-02-16,Churned,0.22,1
C12663,Manan,Raval,26,Other,Bengaluru,India,2025-11-28,Active,0.01,0
C12664,Samesh,Sathe,41,Female,Chennai,India,2025-07-25,Active,0.088,0
C12665,Hemani,Ravel,39,Male,Pune,India,2026-08-19,Active,0.224,0
C12666,Charvi,Chad,31,Male,Delhi,India,2024-07-03,Active,0.406,0
C12667,Gaurika,Ramakrishnan,30,Other,Pune,India,2023-10-28,Active,0.489,0
C12668,Zinal,Zachariah,44,Female,Pune,India,2024-03-14,Churned,0.397,1
C12669,Tanay,Chander,25,Male,Mumbai,India,2024-11-15,Active,0.213,0
C12670,Devika,Verma,48,Female,Bengaluru,India,2025-11-03,Active,0.191,0
C12671,Nathaniel,Bajaj,62,Female,Nagpur,India,2025-02-11,Churned,0.461,1
C12672,Aarna,Khurana,70,Female,Hyderabad,India,2023-10-14,Active,0.01,0
C12673,Pahal,Tiwari,29,Other,Bengaluru,India,2024-12-16,Active,0.096,0
C12674,Darpan,Pradhan,19,Other,Pune,India,2024-02-19,Active,0.381,0
C12675,Yashica,Pandya,32,Male,Nagpur,India,2024-10-08,Active,0.195,0
C12676,Champak,Dash,62,Male,Bengaluru,India,2024-03-11,Churned,0.573,1
C12677,Chanchal,Ahluwalia,26,Male,Nagpur,India,2025-07-29,Active,0.109,0
C12678,Harinakshi,Keer,23,Female,Pune,India,2025-08-04,Active,0.283,0
C12679,Vivaan,Palla,22,Male,Kolkata,India,2026-02-20,Active,0.017,0
C12680,Bhavani,Dey,66,Female,Mumbai,India,2024-12-08,Active,0.315,0
C12681,Zinal,Kota,30,Male,Mumbai,India,2025-04-09,Active,0.06,0
C12682,Falak,Varty,68,Other,Mumbai,India,2024-02-11,Active,0.054,0
C12683,Reyansh,Patel,48,Male,Bengaluru,India,2026-02-21,Churned,0.132,1
C12684,Guneet,Din,20,Male,Bengaluru,India,2025-08-06,Active,0.391,0
C12685,Nisha,Bumb,60,Male,Pune,India,2025-06-23,Active,0.377,0
C12686,David,Sandal,68,Male,Delhi,India,2024-01-22,Active,0.618,0
C12687,Vamakshi,Kala,55,Male,Nagpur,India,2024-03-21,Churned,0.343,1
C12688,Faras,Pingle,60,Female,Mumbai,India,2025-07-25,Churned,0.428,1
C12689,Neha,Venkataraman,23,Male,Bengaluru,India,2026-07-18,Active,0.458,0
C12690,Aishani,Tara,55,Female,Hyderabad,India,2025-05-06,Active,0.161,0
C12691,Pallavi,Sarraf,28,Other,Delhi,India,2026-05-16,Active,0.202,0
C12692,Vrishti,Saha,50,Other,Pune,India,2026-08-06,Active,0.206,0
C12693,Maanas,Tiwari,24,Other,Mumbai,India,2024-05-10,Active,0.145,0
C12694,Vedhika,Shankar,51,Male,Delhi,India,2024-03-16,Churned,0.045,1
C12695,Yochana,Wadhwa,36,Male,Mumbai,India,2024-03-19,Churned,0.387,1
C12696,Simon,Shah,64,Male,Delhi,India,2024-03-02,Active,0.094,0
C12697,Bachittar,Dugar,50,Other,Kolkata,India,2025-09-05,Active,0.167,0
C12698,Kala,Dani,41,Other,Nagpur,India,2026-01-16,Active,0.372,0
C12699,Nilima,Choudhary,46,Other,Pune,India,2026-03-23,Active,0.489,0
C12700,Kala,Mann,29,Female,Chennai,India,2024-03-06,Churned,0.219,1
C12701,Michael,Dalal,45,Male,Delhi,India,2023-11-02,Churned,0.174,1
C12702,Dalaja,Prasad,44,Male,Hyderabad,India,2025-03-31,Active,0.276,0
C12703,Chaitaly,Sunder,25,Female,Pune,India,2024-12-15,Active,0.035,0
C12704,Luke,Dhar,51,Male,Kolkata,India,2023-10-14,Active,0.497,0
C12705,Oviya,Bava,66,Female,Bengaluru,India,2026-03-04,Active,0.212,0
C12706,Bhanumati,Kale,53,Other,Mumbai,India,2024-12-18,Active,0.149,0
C12707,Vrinda,Agate,23,Female,Kolkata,India,2024-06-11,Active,0.474,0
C12708,Ikshita,Bir,25,Female,Bengaluru,India,2024-03-09,Active,0.285,0
C12709,Omisha,Srivastava,47,Other,Bengaluru,India,2023-11-09,Active,0.115,0
C12710,Dayita,Sethi,61,Female,Delhi,India,2026-02-07,Active,0.449,0
C12711,Krishna,Soman,53,Female,Bengaluru,India,2025-02-06,Active,0.119,0
C12712,Kevin,Devi,45,Male,Pune,India,2026-03-29,Active,0.177,0
C12713,Triveni,Sengupta,69,Female,Hyderabad,India,2025-10-24,Active,0.224,0
C12714,Saumya,Dixit,29,Male,Kolkata,India,2026-07-03,Active,0.578,0
C12715,Gaurav,Rout,61,Male,Chennai,India,2025-01-18,Active,0.168,0
C12716,Viraj,Rana,46,Other,Pune,India,2025-04-24,Active,0.141,0
C12717,Chakradev,Savant,25,Male,Chennai,India,2025-02-08,Active,0.468,0
C12718,Gaurang,Gandhi,43,Other,Pune,India,2024-11-04,Churned,0.54,1
C12719,Dayamai,Dasgupta,65,Male,Pune,India,2023-10-09,Active,0.101,0
C12720,Frederick,Hans,41,Male,Hyderabad,India,2026-05-28,Churned,0.303,1
C12721,Chatresh,Vig,30,Other,Chennai,India,2026-04-19,Active,0.126,0
C12722,Vamakshi,Thakkar,25,Male,Chennai,India,2024-06-21,Churned,0.193,1
C12723,Jai,Wali,64,Female,Bengaluru,India,2023-09-29,Active,0.187,0
C12724,Anirudh,Maharaj,66,Other,Bengaluru,India,2024-06-06,Churned,0.515,1
C12725,Yatan,Sawhney,66,Other,Chennai,India,2024-07-16,Active,0.234,0
C12726,Ekani,Ratti,40,Female,Chennai,India,2024-01-10,Active,0.229,0
C12727,Chakradev,Swamy,49,Other,Bengaluru,India,2026-03-03,Active,0.021,0
C12728,Harini,Sarkar,27,Female,Pune,India,2023-10-07,Active,0.47,0
C12729,Oeshi,Bajwa,25,Female,Kolkata,India,2024-06-07,Active,0.217,0
C12730,Edhitha,Raja,49,Male,Nagpur,India,2025-11-29,Churned,0.198,1
C12731,Gavin,Contractor,19,Male,Mumbai,India,2024-10-04,Active,0.16,0
C12732,Om,Mangal,22,Female,Mumbai,India,2024-02-02,Active,0.01,0
C12733,Qadim,Kumer,29,Female,Hyderabad,India,2024-04-11,Active,0.207,0
C12734,Mitesh,Mohanty,27,Female,Pune,India,2024-01-18,Churned,0.158,1
C12735,Omkaar,Bhargava,66,Male,Kolkata,India,2025-05-25,Active,0.464,0
C12736,Eshana,Golla,68,Female,Delhi,India,2026-04-12,Active,0.069,0
C12737,Dalbir,Misra,36,Other,Kolkata,India,2023-10-13,Active,0.106,0
C12738,Hardik,Nagarajan,49,Other,Bengaluru,India,2025-04-28,Active,0.081,0
C12739,Nitara,Naik,52,Female,Mumbai,India,2024-04-09,Churned,0.413,1
C12740,Keya,Dara,66,Male,Chennai,India,2024-10-05,Active,0.457,0
C12741,Samaksh,Khatri,25,Female,Kolkata,India,2023-11-20,Active,0.181,0
C12742,Warjas,Tailor,38,Female,Kolkata,India,2026-03-16,Active,0.225,0
C12743,Yamini,Rajan,47,Male,Mumbai,India,2025-10-30,Churned,0.549,1
C12744,Amruta,Bhat,29,Other,Bengaluru,India,2024-02-26,Active,0.203,0
C12745,Ucchal,Ray,63,Male,Kolkata,India,2025-01-07,Churned,0.441,1
C12746,Veda,Balakrishnan,45,Male,Bengaluru,India,2023-12-11,Active,0.096,0
C12747,Vivaan,Bahl,63,Female,Kolkata,India,2025-05-26,Active,0.137,0
C12748,Harrison,Koshy,66,Male,Kolkata,India,2024-10-23,Active,0.527,0
C12749,Jeremiah,Modi,60,Other,Kolkata,India,2026-01-09,Churned,0.158,1
C12750,Niharika,Sehgal,48,Other,Nagpur,India,2026-01-30,Churned,0.537,1
C12751,Xiti,Jani,50,Male,Chennai,India,2024-01-09,Active,0.052,0
C12752,Kashvi,Zachariah,34,Female,Chennai,India,2024-04-09,Active,0.103,0
C12753,Yatan,Yogi,57,Other,Hyderabad,India,2024-05-19,Active,0.331,0
C12754,Siya,Barman,67,Female,Hyderabad,India,2025-06-20,Active,0.45,0
C12755,Ucchal,Mann,21,Male,Mumbai,India,2023-09-02,Active,0.506,0
C12756,Oliver,Acharya,26,Female,Hyderabad,India,2026-06-11,Churned,0.263,1
C12757,Vasatika,Mahajan,69,Other,Mumbai,India,2023-12-03,Active,0.087,0
C12758,Zashil,Rai,66,Other,Hyderabad,India,2026-03-17,Churned,0.491,1
C12759,Simon,Uppal,42,Male,Chennai,India,2025-02-27,Churned,0.411,1
C12760,Chakradev,Edwin,40,Female,Chennai,India,2024-11-11,Active,0.191,0
C12761,Ekaraj,Mital,40,Male,Delhi,India,2025-12-08,Active,0.163,0
C12762,Megha,Das,33,Male,Bengaluru,India,2024-01-18,Active,0.065,0
C12763,Ati,Sankaran,55,Male,Pune,India,2024-04-04,Active,0.353,0
C12764,Yamini,Nadkarni,37,Male,Hyderabad,India,2024-07-24,Active,0.464,0
C12765,Hema,Lal,28,Male,Hyderabad,India,2026-07-26,Active,0.044,0
C12766,Anjali,Korpal,20,Female,Chennai,India,2025-08-04,Active,0.385,0
C12767,Ekanta,Om,54,Other,Chennai,India,2026-06-25,Active,0.069,0
C12768,Tripti,Narasimhan,35,Male,Kolkata,India,2024-07-24,Active,0.416,0
C12769,Kiaan,Agate,55,Male,Hyderabad,India,2023-09-25,Churned,0.215,1
C12770,Vamakshi,Agrawal,42,Other,Chennai,India,2026-04-03,Active,0.203,0
C12771,Oscar,Sachdev,38,Other,Pune,India,2023-09-15,Active,0.091,0
C12772,Vrinda,Ramaswamy,69,Female,Pune,India,2026-01-11,Active,0.167,0
C12773,Finn,Brahmbhatt,62,Other,Delhi,India,2025-12-14,Active,0.063,0
C12774,Azaan,Saxena,39,Female,Hyderabad,India,2025-12-15,Active,0.191,0
C12775,Jatin,Pandit,28,Other,Bengaluru,India,2026-07-11,Active,0.026,0
C12776,Ishita,Ram,41,Female,Delhi,India,2025-04-07,Active,0.206,0
C12777,Abhiram,Dash,49,Other,Pune,India,2024-06-02,Churned,0.574,1
C12778,Kamala,Hans,52,Male,Bengaluru,India,2025-08-19,Active,0.163,0
C12779,Aditya,Kant,34,Male,Bengaluru,India,2025-07-22,Active,0.111,0
C12780,Avni,Parmar,54,Female,Delhi,India,2023-10-01,Active,0.308,0
C12781,Gautam,Mitter,57,Other,Pune,India,2024-06-24,Churned,0.134,1
C12782,Vivaan,Tak,63,Other,Pune,India,2024-08-09,Active,0.226,0
C12783,Balhaar,Mand,55,Female,Bengaluru,India,2025-03-17,Active,0.493,0
C12784,Shaurya,Amble,22,Other,Kolkata,India,2025-10-05,Active,0.17,0
C12785,Meghana,Choudhry,45,Male,Hyderabad,India,2024-07-01,Churned,0.364,1
C12786,Xiti,Tak,68,Male,Bengaluru,India,2024-11-04,Active,0.398,0
C12787,Rishi,Gill,50,Female,Chennai,India,2024-05-22,Churned,0.562,1
C12788,Kabir,Bhattacharyya,60,Other,Hyderabad,India,2023-12-11,Active,0.145,0
C12789,Aashi,Kari,30,Female,Chennai,India,2024-03-16,Churned,0.245,1
C12790,Anusha,Handa,34,Other,Kolkata,India,2025-11-21,Active,0.491,0
C12791,Arin,Walia,60,Other,Nagpur,India,2026-07-20,Active,0.184,0
C12792,Zayyan,Setty,19,Other,Nagpur,India,2026-04-12,Active,0.263,0
C12793,Prisha,Ben,54,Female,Delhi,India,2023-09-04,Active,0.126,0
C12794,Rachana,Ray,60,Other,Kolkata,India,2025-01-14,Active,0.223,0
C12795,Jairaj,Vasa,35,Other,Chennai,India,2024-10-30,Active,0.273,0
C12796,Warhi,Pathak,54,Other,Mumbai,India,2025-08-25,Active,0.431,0
C12797,Caleb,Kapur,51,Male,Hyderabad,India,2025-11-12,Churned,0.287,1
C12798,Arunima,Salvi,47,Male,Delhi,India,2023-11-12,Active,0.036,0
C12799,Saumya,Mutti,27,Other,Bengaluru,India,2025-12-06,Active,0.266,0
C12800,Manya,Hayer,45,Female,Hyderabad,India,2023-09-09,Churned,0.646,1
C12801,Finn,Bakshi,22,Other,Delhi,India,2025-02-01,Active,0.327,0
C12802,Pallavi,Borde,44,Female,Bengaluru,India,2024-08-16,Active,0.013,0
C12803,Ronith,Gala,59,Male,Bengaluru,India,2024-09-23,Active,0.104,0
C12804,Deepa,Bhatnagar,61,Other,Delhi,India,2025-01-24,Churned,0.267,1
C12805,Gunbir,Bala,43,Male,Pune,India,2026-04-30,Active,0.375,0
C12806,Rachana,Bajwa,27,Male,Mumbai,India,2025-09-15,Churned,0.408,1
C12807,Gaurika,Krishna,33,Female,Kolkata,India,2026-03-09,Active,0.482,0
C12808,Hritik,Solanki,49,Other,Chennai,India,2024-09-18,Churned,0.422,1
C12809,Harini,Bhagat,45,Other,Mumbai,India,2024-09-05,Active,0.488,0
C12810,Zinal,Khalsa,30,Male,Bengaluru,India,2025-01-31,Active,0.205,0
C12811,Reva,Chandran,26,Male,Bengaluru,India,2023-12-23,Churned,0.49,1
C12812,Sanya,Dash,68,Female,Nagpur,India,2026-04-29,Active,0.162,0
C12813,Darsh,Bandi,59,Male,Kolkata,India,2024-01-11,Active,0.085,0
C12814,Dhriti,Bhattacharyya,68,Male,Mumbai,India,2025-04-09,Active,0.424,0
C12815,David,Sathe,23,Female,Bengaluru,India,2024-03-17,Active,0.435,0
C12816,Charvi,Sankaran,22,Female,Hyderabad,India,2023-11-25,Churned,0.456,1
C12817,Harsh,Bhalla,60,Other,Pune,India,2023-12-12,Active,0.419,0
C12818,Charles,Menon,43,Other,Nagpur,India,2026-01-16,Active,0.268,0
C12819,Neelima,Char,33,Male,Pune,India,2025-04-15,Churned,0.459,1
C12820,Nirja,Kaul,51,Other,Bengaluru,India,2026-04-16,Active,0.01,0
C12821,Advaith,Setty,49,Male,Delhi,India,2026-03-20,Active,0.157,0
C12822,Ucchal,Sangha,56,Male,Hyderabad,India,2025-04-19,Active,0.033,0
C12823,Harrison,Nori,39,Other,Chennai,India,2026-04-21,Active,0.54,0
C12824,Atharv,Setty,69,Other,Delhi,India,2026-06-08,Churned,0.483,1
C12825,Falguni,Hans,45,Male,Nagpur,India,2025-11-12,Active,0.243,0
C12826,Harshil,Arora,24,Male,Delhi,India,2024-02-15,Churned,0.454,1
C12827,Ekansh,Hari,35,Female,Chennai,India,2026-03-13,Active,0.021,0
C12828,Jonathan,Upadhyay,34,Other,Mumbai,India,2026-02-07,Active,0.213,0
C12829,Isha,Sama,49,Other,Hyderabad,India,2024-10-03,Churned,0.468,1
C12830,Sai,Grewal,62,Male,Hyderabad,India,2025-09-17,Active,0.176,0
C12831,Laksh,Basu,52,Female,Kolkata,India,2024-09-12,Active,0.118,0
C12832,Joshua,Muni,61,Male,Bengaluru,India,2023-12-03,Churned,0.561,1
C12833,Rajata,Varghese,68,Male,Hyderabad,India,2026-02-25,Churned,0.642,1
C12834,Ishita,Mukhopadhyay,48,Other,Hyderabad,India,2026-06-09,Churned,0.47,1
C12835,Madhav,Din,70,Female,Mumbai,India,2026-02-23,Churned,0.406,1
C12836,Dayamai,Oza,59,Other,Mumbai,India,2025-08-30,Active,0.385,0
C12837,Jyoti,Anand,65,Other,Mumbai,India,2024-11-26,Active,0.064,0
C12838,Maanav,Bhandari,62,Other,Delhi,India,2025-11-13,Active,0.176,0
C12839,Yashica,Bhagat,34,Other,Chennai,India,2024-09-03,Active,0.158,0
C12840,Hemangini,Hayre,37,Other,Hyderabad,India,2025-06-17,Active,0.251,0
C12841,Saksham,Biswas,69,Other,Pune,India,2024-07-08,Active,0.204,0
C12842,Ranbir,Soni,52,Male,Kolkata,India,2025-02-12,Active,0.271,0
C12843,Unni,Narula,42,Male,Chennai,India,2026-08-15,Active,0.194,0
C12844,Gautami,Mistry,34,Female,Pune,India,2026-02-15,Churned,0.3,1
C12845,Falguni,Gaba,70,Male,Bengaluru,India,2025-06-12,Active,0.215,0
C12846,Suhani,Basak,31,Male,Kolkata,India,2024-02-10,Active,0.423,0
C12847,Theodore,Aggarwal,58,Female,Chennai,India,2025-10-10,Churned,0.548,1
C12848,Udant,Karpe,68,Male,Bengaluru,India,2026-05-20,Active,0.455,0
C12849,Tanay,Khare,23,Female,Kolkata,India,2025-08-25,Active,0.225,0
C12850,Garima,Prashad,65,Female,Hyderabad,India,2025-09-16,Active,0.278,0
C12851,Mugdha,Gour,63,Female,Pune,India,2024-07-15,Active,0.129,0
C12852,Janani,Anne,70,Male,Bengaluru,India,2023-09-11,Active,0.136,0
C12853,Ishita,Balan,50,Male,Hyderabad,India,2023-12-24,Active,0.572,0
C12854,Ishwar,Dhar,44,Other,Hyderabad,India,2026-01-09,Active,0.09,0
C12855,Ria,Hayer,47,Other,Mumbai,India,2024-11-25,Churned,0.246,1
C12856,Jagvi,Bassi,66,Male,Nagpur,India,2026-05-08,Churned,0.317,1
C12857,Rushil,Hora,58,Female,Nagpur,India,2023-10-17,Churned,0.345,1
C12858,Owen,Kanda,18,Female,Delhi,India,2024-11-15,Active,0.168,0
C12859,Owen,Nori,58,Female,Hyderabad,India,2024-10-12,Active,0.399,0
C12860,Yatan,Gokhale,54,Male,Pune,India,2026-01-09,Active,0.109,0
C12861,Anthony,Goda,28,Male,Nagpur,India,2024-07-01,Active,0.11,0
C12862,Harrison,Bail,56,Other,Chennai,India,2024-10-11,Active,0.26,0
C12863,Laksh,Raghavan,68,Female,Kolkata,India,2026-07-19,Active,0.093,0
C12864,Indrajit,Nigam,48,Other,Nagpur,India,2026-06-14,Active,0.4,0
C12865,Dalaja,Shan,34,Male,Hyderabad,India,2024-07-23,Churned,0.117,1
C12866,Kala,Pradhan,69,Female,Delhi,India,2024-09-08,Active,0.462,0
C12867,Onveer,Vyas,23,Female,Hyderabad,India,2026-06-23,Active,0.246,0
C12868,Radha,Bhattacharyya,29,Female,Chennai,India,2026-04-26,Active,0.248,0
C12869,Maanas,De,54,Male,Mumbai,India,2024-03-03,Active,0.463,0
C12870,Rehaan,Walia,19,Other,Delhi,India,2024-06-21,Active,0.01,0
C12871,Kavya,Nadkarni,23,Female,Delhi,India,2025-04-10,Churned,0.489,1
C12872,Pushti,Konda,34,Other,Nagpur,India,2026-03-20,Churned,0.263,1
C12873,Ranbir,Wason,21,Female,Chennai,India,2023-11-11,Active,0.196,0
C12874,Manthan,Narang,56,Female,Nagpur,India,2024-11-30,Churned,0.247,1
C12875,Chatresh,Mammen,23,Female,Nagpur,India,2024-09-18,Active,0.179,0
C12876,Yashoda,Suresh,54,Male,Mumbai,India,2024-03-15,Churned,0.324,1
C12877,Finn,Singhal,63,Other,Chennai,India,2024-07-22,Active,0.211,0
C12878,Dhruv,Ganesh,67,Female,Kolkata,India,2026-06-27,Active,0.571,0
C12879,Lipika,Upadhyay,25,Male,Delhi,India,2025-10-30,Active,0.063,0
C12880,Wishi,Venkataraman,30,Female,Bengaluru,India,2025-04-04,Active,0.524,0
C12881,Praneel,Nagy,65,Female,Chennai,India,2025-08-22,Churned,0.556,1
C12882,Vasudha,Talwar,26,Female,Delhi,India,2025-04-03,Active,0.174,0
C12883,Amrita,Rattan,56,Male,Bengaluru,India,2025-09-05,Churned,0.267,1
C12884,Balhaar,Johal,64,Other,Delhi,India,2026-05-19,Active,0.125,0
C12885,Samaksh,Seth,44,Male,Chennai,India,2024-08-07,Churned,0.127,1
C12886,Meghana,Kamdar,68,Male,Mumbai,India,2024-08-30,Active,0.263,0
C12887,Pavani,Purohit,36,Female,Delhi,India,2024-12-19,Active,0.206,0
C12888,Naksh,Prasad,57,Female,Delhi,India,2026-02-04,Active,0.183,0
C12889,Frado,Desai,41,Other,Kolkata,India,2024-09-30,Active,0.243,0
C12890,Chakrika,Saxena,23,Male,Kolkata,India,2024-01-09,Active,0.162,0
C12891,Indira,Karpe,26,Female,Chennai,India,2025-11-14,Active,0.565,0
C12892,Benjamin,Shroff,61,Male,Chennai,India,2026-02-24,Active,0.36,0
C12893,Gayathri,Sandhu,63,Female,Bengaluru,India,2025-11-04,Churned,0.152,1
C12894,Unni,Sankaran,22,Male,Mumbai,India,2025-08-01,Churned,0.507,1
C12895,Jhalak,Tank,21,Female,Delhi,India,2025-05-28,Active,0.5,0
C12896,Anjali,Raja,48,Female,Mumbai,India,2025-01-05,Churned,0.407,1
C12897,Praneel,Sathe,18,Female,Chennai,India,2023-10-09,Churned,0.177,1
C12898,Alka,Borra,37,Female,Hyderabad,India,2024-08-29,Churned,0.33,1
C12899,Fitan,Menon,26,Other,Mumbai,India,2025-03-11,Churned,0.114,1
C12900,Yochana,Brar,55,Male,Bengaluru,India,2025-10-19,Active,0.576,0
C12901,Vedant,Chaudhari,28,Other,Kolkata,India,2024-11-03,Active,0.13,0
C12902,Ekbal,Parsa,39,Female,Nagpur,India,2024-03-03,Churned,0.277,1
C12903,Sai,Nath,23,Female,Chennai,India,2023-10-30,Active,0.418,0
C12904,Forum,Krishna,27,Female,Pune,India,2024-07-02,Churned,0.134,1
C12905,Anvi,Halder,38,Male,Nagpur,India,2024-12-14,Active,0.163,0
C12906,Lakshit,Lal,49,Female,Hyderabad,India,2026-03-27,Churned,0.167,1
C12907,Chandani,Manda,45,Female,Bengaluru,India,2023-09-14,Active,0.162,0
C12908,Netra,Ravi,57,Female,Hyderabad,India,2025-02-20,Active,0.407,0
C12909,Advik,Sodhi,45,Male,Hyderabad,India,2026-02-17,Active,0.112,0
C12910,Yauvani,Dixit,65,Female,Nagpur,India,2026-06-13,Active,0.173,0
C12911,Vedant,Karan,53,Other,Kolkata,India,2025-05-10,Active,0.264,0
C12912,Urvi,Kaur,21,Male,Nagpur,India,2024-07-23,Churned,0.321,1
C12913,Upadhriti,Shenoy,21,Male,Nagpur,India,2025-11-10,Active,0.417,0
C12914,Frederick,Munshi,20,Female,Bengaluru,India,2025-02-11,Active,0.544,0
C12915,Pushti,Sahni,28,Other,Kolkata,India,2024-06-18,Active,0.136,0
C12916,Reva,Sengupta,45,Male,Kolkata,India,2024-07-22,Active,0.38,0
C12917,Ayushman,Prasad,20,Female,Hyderabad,India,2026-01-15,Active,0.182,0
C12918,Kabir,Mody,63,Other,Kolkata,India,2024-04-03,Active,0.18,0
C12919,Xalak,Pant,47,Female,Pune,India,2023-09-16,Active,0.189,0
C12920,Umang,Saini,64,Male,Pune,India,2025-02-09,Churned,0.44,1
C12921,Netra,Yogi,40,Male,Delhi,India,2025-06-23,Active,0.142,0
C12922,Eshana,Bajaj,36,Male,Nagpur,India,2024-12-09,Active,0.309,0
C12923,Azad,Dewan,65,Other,Bengaluru,India,2026-01-29,Active,0.567,0
C12924,Ganga,Raman,54,Other,Delhi,India,2024-04-26,Active,0.021,0
C12925,Samarth,Raman,55,Male,Nagpur,India,2025-04-15,Active,0.132,0
C12926,Libni,Guha,44,Male,Delhi,India,2023-12-08,Churned,0.416,1
C12927,Ikbal,Narasimhan,67,Female,Pune,India,2025-09-07,Churned,0.485,1
C12928,Siya,Modi,39,Male,Bengaluru,India,2026-02-01,Active,0.121,0
C12929,Onveer,Chawla,61,Other,Pune,India,2024-01-23,Active,0.114,0
C12930,Peter,Balay,43,Female,Pune,India,2026-07-15,Active,0.01,0
C12931,Vrinda,Bala,38,Male,Mumbai,India,2026-08-06,Active,0.046,0
C12932,Rushil,Boase,23,Female,Kolkata,India,2024-06-17,Active,0.381,0
C12933,Bhanumati,Jha,47,Other,Bengaluru,India,2025-04-22,Active,0.172,0
C12934,Bishakha,Viswanathan,56,Other,Mumbai,India,2024-08-28,Active,0.253,0
C12935,Suhani,Bhandari,39,Male,Kolkata,India,2023-12-18,Active,0.261,0
C12936,Zarna,Apte,38,Other,Nagpur,India,2025-03-26,Active,0.201,0
C12937,Eta,Roy,31,Male,Bengaluru,India,2024-05-24,Active,0.063,0
C12938,Naksh,Choudhry,38,Male,Pune,India,2025-04-30,Active,0.042,0
C12939,Omya,Sridhar,53,Other,Chennai,India,2024-03-19,Churned,0.587,1
C12940,Lopa,Jhaveri,23,Female,Bengaluru,India,2023-12-16,Active,0.125,0
C12941,Samesh,Mukherjee,29,Male,Chennai,India,2024-03-20,Active,0.02,0
C12942,Vaishnavi,Dutt,23,Male,Delhi,India,2025-07-03,Churned,0.336,1
C12943,Dayita,Jain,28,Female,Chennai,India,2026-03-26,Active,0.298,0
C12944,Tara,Majumdar,36,Other,Nagpur,India,2025-10-20,Churned,0.137,1
C12945,Abhimanyu,Dhar,25,Female,Kolkata,India,2024-07-10,Active,0.18,0
C12946,Devansh,Rastogi,69,Female,Bengaluru,India,2025-07-24,Churned,0.472,1
C12947,Yatin,Vora,61,Other,Nagpur,India,2026-03-28,Active,0.349,0
C12948,Vritti,Sharma,40,Other,Pune,India,2025-01-23,Active,0.046,0
C12949,Balveer,Chand,41,Other,Delhi,India,2025-08-19,Active,0.391,0
C12950,Tanmayi,Palan,49,Female,Chennai,India,2024-11-21,Active,0.195,0
C12951,Chameli,Raman,48,Female,Chennai,India,2026-08-23,Churned,0.543,1
C12952,Parth,Sagar,23,Female,Hyderabad,India,2026-04-10,Active,0.163,0
C12953,Praneel,Sankaran,57,Male,Chennai,India,2024-09-22,Active,0.29,0
C12954,Leena,Goswami,58,Female,Pune,India,2025-08-12,Churned,0.525,1
C12955,Girish,Ramaswamy,20,Other,Hyderabad,India,2026-08-21,Active,0.422,0
C12956,Caleb,Khatri,47,Other,Delhi,India,2026-08-21,Churned,0.521,1
C12957,Anusha,Yogi,59,Other,Nagpur,India,2024-05-03,Active,0.171,0
C12958,Ekalinga,Kalla,49,Other,Pune,India,2024-11-27,Active,0.352,0
C12959,Nisha,Dara,36,Female,Chennai,India,2025-10-06,Active,0.198,0
C12960,Faraj,Cheema,23,Female,Bengaluru,India,2025-03-26,Active,0.029,0
C12961,Eshana,Rout,27,Male,Bengaluru,India,2025-10-23,Active,0.011,0
C12962,Nitesh,Krishnan,33,Other,Chennai,India,2025-08-01,Churned,0.397,1
C12963,Yashawini,Basu,36,Other,Mumbai,India,2024-07-19,Churned,0.425,1
C12964,Avi,Bora,53,Male,Mumbai,India,2025-08-18,Active,0.158,0
C12965,Triya,Raj,50,Male,Chennai,India,2026-05-20,Churned,0.441,1
C12966,Mohini,Hayer,44,Male,Kolkata,India,2025-02-15,Active,0.01,0
C12967,Baljiwan,Anne,60,Other,Bengaluru,India,2025-05-09,Churned,0.125,1
C12968,Ishwar,Deshpande,40,Female,Pune,India,2024-09-24,Churned,0.519,1
C12969,Ucchal,Sundaram,67,Other,Mumbai,India,2025-01-21,Active,0.468,0
C12970,Ekansh,Butala,25,Other,Kolkata,India,2025-08-17,Active,0.524,0
C12971,Xavier,Sarma,29,Male,Chennai,India,2025-12-30,Active,0.421,0
C12972,Urishilla,Mallick,20,Male,Chennai,India,2024-04-05,Churned,0.182,1
C12973,Onkar,Badami,63,Female,Hyderabad,India,2024-05-08,Active,0.277,0
C12974,Harish,Goel,55,Other,Kolkata,India,2026-03-31,Active,0.364,0
C12975,Jeet,Warrior,66,Other,Kolkata,India,2024-11-30,Churned,0.348,1
C12976,Om,Brahmbhatt,57,Female,Hyderabad,India,2025-04-30,Active,0.115,0
C12977,Advay,Mahajan,69,Male,Delhi,India,2026-07-09,Churned,0.459,1
C12978,Ridhi,Parmar,29,Male,Bengaluru,India,2024-04-26,Churned,0.384,1
C12979,Tarak,Banerjee,61,Male,Chennai,India,2024-06-03,Active,0.031,0
C12980,Tarak,Sathe,52,Male,Mumbai,India,2026-07-15,Churned,0.257,1
C12981,Champak,Virk,43,Male,Mumbai,India,2026-08-18,Churned,0.42,1
C12982,Harshil,Ramakrishnan,28,Other,Kolkata,India,2026-05-23,Churned,0.441,1
C12983,Darika,Sawhney,47,Other,Chennai,India,2026-08-08,Active,0.048,0
C12984,Aayush,Bava,60,Other,Kolkata,India,2023-11-21,Active,0.171,0
C12985,Saksham,Krish,37,Other,Hyderabad,India,2025-04-09,Churned,0.194,1
C12986,William,Iyengar,62,Other,Chennai,India,2025-04-04,Active,0.159,0
C12987,Amol,Sama,69,Female,Pune,India,2024-01-20,Churned,0.381,1
C12988,Akshay,Nazareth,26,Male,Mumbai,India,2023-10-14,Churned,0.129,1
C12989,Dev,Kannan,30,Male,Mumbai,India,2024-06-25,Active,0.405,0
C12990,Oliver,Ganesh,62,Male,Mumbai,India,2024-01-29,Active,0.154,0
C12991,Ojasvi,Vala,31,Female,Nagpur,India,2023-11-08,Active,0.145,0
C12992,Eta,Naidu,59,Male,Chennai,India,2024-02-15,Active,0.176,0
C12993,Ranveer,Johal,58,Other,Delhi,India,2026-01-21,Active,0.394,0
C12994,Megha,Sangha,23,Female,Kolkata,India,2025-12-20,Churned,0.237,1
C12995,Vincent,Kala,27,Female,Chennai,India,2024-03-06,Churned,0.317,1
C12996,Ishanvi,Naik,19,Male,Nagpur,India,2024-02-12,Active,0.381,0
C12997,Alexander,Ratti,27,Other,Kolkata,India,2024-05-27,Active,0.046,0
C12998,Diya,Arora,49,Female,Mumbai,India,2026-06-12,Active,0.187,0
C12999,Simon,Shanker,46,Other,Delhi,India,2025-04-27,Churned,0.55,1
C13000,Dominic,Mallick,30,Female,Chennai,India,2024-08-07,Active,0.529,0
C13001,Jyoti,Bassi,21,Female,Mumbai,India,2026-06-06,Active,0.415,0
C13002,Tejas,Roy,24,Other,Chennai,India,2023-12-14,Churned,0.387,1
C13003,Xalak,Chaudry,44,Female,Bengaluru,India,2024-12-12,Churned,0.166,1
C13004,Onveer,Krishnamurthy,20,Female,Chennai,India,2025-12-11,Active,0.152,0
C13005,Ekta,Rama,49,Other,Kolkata,India,2024-01-26,Active,0.243,0
C13006,Kiaan,Natarajan,32,Other,Mumbai,India,2026-07-20,Churned,0.46,1
C13007,Eesha,Subramaniam,51,Male,Chennai,India,2024-05-30,Active,0.248,0
C13008,Gautami,Badami,54,Female,Pune,India,2023-12-14,Active,0.145,0
C13009,Saumya,Raja,35,Other,Chennai,India,2026-04-03,Active,0.093,0
C13010,Viraj,Thakur,48,Male,Kolkata,India,2025-11-02,Active,0.355,0
C13011,Agastya,Kaul,57,Other,Hyderabad,India,2026-03-01,Active,0.142,0
C13012,Jeet,More,46,Other,Chennai,India,2023-10-03,Active,0.486,0
C13013,Priya,Kohli,19,Male,Bengaluru,India,2024-09-02,Active,0.309,0
C13014,Fariq,Bhasin,64,Male,Kolkata,India,2026-04-20,Active,0.467,0
C13015,Kavya,Tara,40,Female,Delhi,India,2024-04-01,Active,0.172,0
C13016,Saksham,Doshi,50,Male,Hyderabad,India,2024-12-04,Active,0.162,0
C13017,Samarth,Barad,56,Other,Kolkata,India,2025-04-06,Active,0.229,0
C13018,Sachi,Narasimhan,26,Female,Chennai,India,2024-09-04,Active,0.444,0
C13019,Arunima,Nadkarni,44,Other,Hyderabad,India,2024-03-27,Churned,0.471,1
C13020,Balveer,Verma,68,Female,Nagpur,India,2026-05-27,Churned,0.413,1
C13021,Bhavya,Bajwa,57,Male,Bengaluru,India,2025-06-06,Active,0.639,0
C13022,Garima,Oommen,62,Other,Pune,India,2024-08-21,Active,0.143,0
C13023,Samesh,Zacharia,60,Female,Nagpur,India,2024-09-11,Active,0.17,0
C13024,Yuvraj,Kapadia,29,Male,Nagpur,India,2023-11-24,Active,0.111,0
C13025,Lakshmi,Verma,56,Female,Pune,India,2026-04-02,Churned,0.381,1
C13026,Qadim,Sathe,68,Female,Kolkata,India,2025-01-12,Churned,0.531,1
C13027,Abeer,Bhattacharyya,37,Male,Delhi,India,2026-05-06,Active,0.534,0
C13028,Ekaraj,Hans,53,Male,Mumbai,India,2025-10-03,Active,0.165,0
C13029,Lohit,Jayaraman,40,Female,Hyderabad,India,2023-11-20,Active,0.447,0
C13030,Gavin,Ghose,61,Male,Nagpur,India,2024-03-14,Churned,0.385,1
C13031,Samarth,Keer,70,Other,Mumbai,India,2026-03-09,Active,0.04,0
C13032,Farhan,Sandhu,69,Male,Hyderabad,India,2025-10-28,Active,0.379,0
C13033,Deepa,Gala,45,Male,Delhi,India,2025-08-26,Churned,0.224,1
C13034,Yash,Samra,25,Other,Delhi,India,2024-07-03,Active,0.229,0
C13035,Yuvraj,Mitter,49,Female,Hyderabad,India,2024-06-01,Active,0.091,0
C13036,Saumya,Jaggi,68,Female,Mumbai,India,2024-11-17,Active,0.375,0
C13037,Vasana,Buch,67,Other,Bengaluru,India,2024-10-27,Active,0.267,0
C13038,Mitali,Purohit,27,Other,Pune,India,2025-03-12,Active,0.431,0
C13039,Urishilla,Sastry,63,Male,Kolkata,India,2024-05-18,Active,0.132,0
C13040,Yashasvi,Sant,69,Female,Pune,India,2025-06-18,Active,0.535,0
C13041,Vasatika,Bahri,24,Other,Pune,India,2024-04-30,Churned,0.345,1
C13042,Prisha,Chacko,70,Other,Mumbai,India,2025-04-15,Active,0.218,0
C13043,Michael,Gill,50,Male,Nagpur,India,2024-12-10,Active,0.104,0
C13044,Lajita,Sheth,58,Male,Delhi,India,2024-10-04,Active,0.156,0
C13045,Sudiksha,Mander,41,Male,Bengaluru,India,2024-12-19,Active,0.371,0
C13046,Vasana,Bora,63,Female,Kolkata,India,2025-04-05,Active,0.142,0
C13047,Laban,Singh,64,Male,Nagpur,India,2025-01-30,Active,0.314,0
C13048,Mohammed,Gupta,59,Female,Hyderabad,India,2024-07-01,Churned,0.42,1
C13049,Agastya,Tella,70,Male,Pune,India,2023-09-07,Churned,0.255,1
C13050,Vyanjana,Ravel,30,Female,Chennai,India,2025-04-04,Churned,0.5,1
C13051,Megha,Prakash,67,Male,Delhi,India,2025-06-07,Churned,0.335,1
C13052,Vrishti,Morar,69,Female,Hyderabad,India,2025-04-19,Active,0.032,0
C13053,Ekavir,Rege,36,Other,Nagpur,India,2026-05-23,Active,0.313,0
C13054,Jeet,Rajan,23,Female,Hyderabad,India,2023-10-31,Active,0.529,0
C13055,Nicholas,Hari,63,Female,Hyderabad,India,2026-01-26,Churned,0.32,1
C13056,Aadhya,Pall,58,Other,Delhi,India,2025-07-09,Active,0.278,0
C13057,Vrinda,Pillay,27,Other,Chennai,India,2025-10-31,Active,0.192,0
C13058,Dalbir,Rajan,68,Male,Nagpur,India,2026-08-17,Churned,0.327,1
C13059,Yatin,Kibe,69,Female,Chennai,India,2025-06-20,Churned,0.066,1
C13060,Bakhshi,Pathak,44,Female,Hyderabad,India,2025-09-12,Churned,0.427,1
C13061,Ayaan,Divan,19,Female,Nagpur,India,2026-05-08,Active,0.01,0
C13062,Tamanna,Din,67,Male,Pune,India,2024-10-10,Churned,0.18,1
C13063,Yug,Edwin,23,Female,Hyderabad,India,2024-09-30,Churned,0.26,1
C13064,Jackson,Chanda,43,Male,Chennai,India,2023-09-20,Active,0.381,0
C13065,Leena,Rao,21,Female,Mumbai,India,2026-05-29,Active,0.315,0
C13066,Faris,Vasa,60,Other,Nagpur,India,2026-02-27,Active,0.218,0
C13067,Pallavi,Gandhi,54,Male,Bengaluru,India,2024-06-20,Active,0.154,0
C13068,Zayyan,Mittal,44,Female,Bengaluru,India,2025-06-25,Active,0.382,0
C13069,Lavanya,Morar,64,Other,Hyderabad,India,2025-10-17,Churned,0.141,1
C13070,Gaurav,Chopra,40,Male,Bengaluru,India,2025-06-01,Churned,0.264,1
C13071,Hemangini,Dhar,51,Other,Nagpur,India,2026-05-16,Active,0.227,0
C13072,Shaurya,Rao,62,Female,Kolkata,India,2024-10-22,Churned,0.411,1
C13073,Darika,Ahuja,59,Male,Kolkata,India,2026-08-21,Active,0.178,0
C13074,Vyanjana,Agarwal,62,Female,Chennai,India,2024-05-19,Active,0.351,0
C13075,Ekaraj,Sahni,67,Male,Bengaluru,India,2024-01-29,Churned,0.163,1
C13076,Omaja,Mani,23,Male,Hyderabad,India,2025-11-24,Active,0.138,0
C13077,Onkar,Goda,42,Other,Nagpur,India,2025-07-01,Active,0.085,0
C13078,Quincy,Desai,51,Other,Bengaluru,India,2025-04-05,Active,0.169,0
C13079,Vidhi,Gopal,31,Male,Bengaluru,India,2024-07-04,Churned,0.304,1
C13080,Imaran,Seshadri,51,Female,Nagpur,India,2025-10-20,Churned,0.344,1
C13081,Simon,Grewal,19,Male,Bengaluru,India,2026-01-28,Active,0.415,0
C13082,Daniel,Goswami,33,Female,Chennai,India,2024-07-09,Active,0.025,0
C13083,Aashi,Rege,50,Male,Mumbai,India,2024-06-25,Active,0.405,0
C13084,Ikbal,Ganesan,41,Female,Hyderabad,India,2025-07-16,Churned,0.441,1
C13085,Chaaya,Chada,25,Male,Pune,India,2024-01-02,Active,0.406,0
C13086,Jeet,Malhotra,46,Female,Mumbai,India,2025-04-09,Active,0.155,0
C13087,Hema,Balan,47,Female,Delhi,India,2023-12-09,Active,0.085,0
C13088,Wahab,Sridhar,69,Other,Delhi,India,2026-02-26,Active,0.051,0
C13089,Harrison,Andra,40,Female,Bengaluru,India,2025-09-23,Active,0.356,0
C13090,Amaira,Amble,60,Other,Nagpur,India,2023-12-04,Active,0.02,0
C13091,Benjamin,Chatterjee,63,Female,Delhi,India,2026-06-30,Active,0.059,0
C13092,Abhimanyu,Prashad,24,Female,Delhi,India,2024-07-24,Churned,0.192,1
C13093,Zinal,Lata,70,Female,Kolkata,India,2026-03-25,Churned,0.482,1
C13094,Urvashi,Nazareth,24,Male,Chennai,India,2025-09-24,Active,0.559,0
C13095,Pushti,Nayar,44,Male,Pune,India,2026-03-27,Active,0.394,0
C13096,Hemal,Murty,21,Female,Nagpur,India,2025-03-29,Active,0.07,0
C13097,Jalsa,Rastogi,48,Male,Kolkata,India,2024-09-07,Churned,0.078,1
C13098,Dakshesh,Parekh,22,Female,Chennai,India,2025-04-10,Active,0.449,0
C13099,Harish,Aggarwal,55,Other,Chennai,India,2025-01-26,Active,0.104,0
C13100,Neelima,Dewan,34,Other,Kolkata,India,2025-08-10,Active,0.401,0
C13101,Jason,Wali,58,Female,Kolkata,India,2023-10-10,Active,0.47,0
C13102,Yuvraj,Pillay,62,Female,Chennai,India,2024-11-08,Active,0.342,0
C13103,Vaishnavi,Varma,70,Male,Nagpur,India,2025-08-03,Churned,0.509,1
C13104,Raghav,Aggarwal,50,Male,Kolkata,India,2025-06-03,Active,0.506,0
C13105,Ekanta,Badal,63,Female,Nagpur,India,2026-05-19,Active,0.22,0
C13106,Jagvi,Bath,63,Other,Pune,India,2026-05-12,Active,0.45,0
C13107,Sachi,Kaur,62,Male,Kolkata,India,2025-01-18,Active,0.34,0
C13108,Vedhika,Ratta,48,Male,Nagpur,India,2026-03-31,Churned,0.357,1
C13109,Finn,Pall,53,Female,Pune,India,2026-04-09,Active,0.245,0
C13110,Vamakshi,Chaudhry,56,Female,Pune,India,2025-06-26,Active,0.137,0
C13111,Chaaya,Hayer,25,Female,Bengaluru,India,2025-04-20,Churned,0.56,1
C13112,Zinal,Thaman,20,Other,Nagpur,India,2024-04-10,Active,0.099,0
C13113,Joshua,Tank,25,Female,Bengaluru,India,2023-10-20,Active,0.011,0
C13114,Charvi,Sibal,41,Female,Bengaluru,India,2024-01-14,Active,0.012,0
C13115,Sanaya,D’Alia,49,Male,Nagpur,India,2024-05-19,Active,0.158,0
C13116,Wridesh,Kohli,27,Other,Chennai,India,2025-09-19,Churned,0.158,1
C13117,Onkar,Chakraborty,21,Female,Bengaluru,India,2024-07-25,Active,0.455,0
C13118,Radhika,Balakrishnan,31,Male,Kolkata,India,2024-02-11,Churned,0.438,1
C13119,Eta,Rajagopal,18,Male,Hyderabad,India,2024-05-06,Active,0.164,0
C13120,Thomas,Kurian,22,Male,Chennai,India,2024-11-09,Churned,0.387,1
C13121,Vamakshi,Dasgupta,48,Other,Bengaluru,India,2026-07-01,Active,0.272,0
C13122,Laban,Warrior,54,Female,Hyderabad,India,2026-06-30,Active,0.204,0
C13123,Vyanjana,Chana,68,Female,Kolkata,India,2026-05-12,Active,0.256,0
C13124,Gaurangi,Kapur,64,Other,Nagpur,India,2026-08-10,Churned,0.317,1
C13125,Dhruv,Oza,66,Male,Kolkata,India,2026-02-11,Active,0.452,0
C13126,Lakshmi,Sarkar,66,Female,Kolkata,India,2025-04-08,Active,0.046,0
C13127,Udant,Lad,27,Other,Hyderabad,India,2024-08-28,Active,0.434,0
C13128,Bina,Chahal,23,Other,Chennai,India,2024-02-27,Active,0.22,0
C13129,Gaurav,Oak,42,Male,Chennai,India,2024-02-21,Active,0.242,0
C13130,Raghav,D’Alia,39,Other,Mumbai,India,2026-03-08,Active,0.184,0
C13131,Jhalak,Datta,60,Female,Bengaluru,India,2026-02-06,Churned,0.492,1
C13132,Lajita,Agarwal,59,Male,Nagpur,India,2024-12-30,Churned,0.096,1
C13133,David,Wason,63,Male,Bengaluru,India,2024-12-26,Active,0.264,0
C13134,Lipika,Sampath,53,Other,Pune,India,2024-06-21,Active,0.578,0
C13135,Janya,Date,59,Other,Pune,India,2025-01-09,Active,0.13,0
C13136,Tristan,Chhabra,30,Other,Mumbai,India,2025-11-16,Churned,0.435,1
C13137,Aditya,Yohannan,54,Other,Delhi,India,2025-05-07,Active,0.307,0
C13138,Diya,Dhillon,66,Female,Mumbai,India,2025-08-16,Active,0.239,0
C13139,Theodore,Tata,25,Other,Nagpur,India,2024-12-05,Active,0.126,0
C13140,Tamanna,Din,19,Female,Delhi,India,2026-07-23,Active,0.084,0
C13141,Bhanumati,Dhingra,33,Other,Kolkata,India,2026-03-23,Active,0.263,0
C13142,Bakhshi,Nagarajan,23,Other,Hyderabad,India,2026-06-30,Active,0.256,0
C13143,Yadavi,Dasgupta,43,Other,Mumbai,India,2024-12-23,Active,0.321,0
C13144,Vanya,Kale,49,Male,Hyderabad,India,2024-10-29,Active,0.267,0
C13145,Bishakha,Puri,45,Male,Chennai,India,2025-10-08,Active,0.197,0
C13146,Gauri,Dua,19,Other,Hyderabad,India,2023-12-01,Active,0.014,0
C13147,Umang,Ben,42,Female,Pune,India,2024-07-24,Active,0.175,0
C13148,Vinaya,Ramanathan,25,Male,Nagpur,India,2024-06-05,Churned,0.317,1
C13149,Nathaniel,Bains,36,Male,Nagpur,India,2024-12-08,Active,0.285,0
C13150,Manya,Nazareth,34,Male,Nagpur,India,2025-12-30,Active,0.252,0
C13151,Urvashi,Pall,37,Female,Nagpur,India,2025-06-18,Active,0.378,0
C13152,Mahika,Bora,21,Other,Hyderabad,India,2025-04-30,Active,0.149,0
C13153,Barkha,Mandal,29,Male,Mumbai,India,2025-11-28,Active,0.218,0
C13154,Robert,Ramesh,37,Female,Pune,India,2026-08-17,Active,0.518,0
C13155,Karan,Naik,38,Male,Chennai,India,2024-01-30,Active,0.053,0
C13156,Chatura,Modi,38,Female,Chennai,India,2026-02-18,Active,0.216,0
C13157,Nihal,Devan,70,Male,Mumbai,India,2025-08-11,Active,0.217,0
C13158,Vasudha,Manne,30,Male,Delhi,India,2025-07-18,Churned,0.278,1
C13159,Shaurya,Kamdar,49,Other,Chennai,India,2024-04-12,Active,0.372,0
C13160,Aditya,Pathak,25,Female,Mumbai,India,2024-06-30,Active,0.245,0
C13161,Harsh,Divan,38,Female,Chennai,India,2026-02-11,Active,0.142,0
C13162,Prisha,Ganguly,22,Female,Mumbai,India,2025-04-07,Active,0.235,0
C13163,Gopal,Parekh,44,Other,Delhi,India,2023-11-27,Active,0.208,0
C13164,Praneel,Ben,19,Female,Pune,India,2025-09-06,Active,0.395,0
C13165,Yutika,Nigam,33,Other,Nagpur,India,2024-03-01,Active,0.227,0
C13166,Radha,Dixit,37,Other,Chennai,India,2026-03-10,Churned,0.484,1
C13167,Netra,Konda,46,Male,Delhi,India,2026-05-01,Active,0.454,0
C13168,Jagat,Khosla,68,Male,Hyderabad,India,2023-10-23,Churned,0.304,1
C13169,Vrinda,Mittal,52,Male,Delhi,India,2025-05-09,Active,0.017,0
C13170,Orinder,Prashad,52,Female,Kolkata,India,2026-08-04,Active,0.626,0
C13171,Gaurav,Sheth,20,Male,Kolkata,India,2026-08-10,Active,0.125,0
C13172,Lavanya,Maharaj,57,Female,Nagpur,India,2026-06-07,Churned,0.545,1
C13173,Sai,Pillai,18,Male,Kolkata,India,2026-05-10,Active,0.122,0
C13174,Jagdish,Dada,35,Other,Bengaluru,India,2023-09-19,Churned,0.107,1
C13175,Jairaj,Suresh,61,Female,Hyderabad,India,2024-01-07,Churned,0.36,1
C13176,Yashodhara,Kar,58,Male,Bengaluru,India,2026-05-24,Active,0.081,0
C13177,Varsha,Mahal,20,Male,Pune,India,2023-10-06,Active,0.01,0
C13178,Girindra,Golla,37,Male,Chennai,India,2026-08-13,Churned,0.092,1
C13179,Veda,Saraf,62,Male,Nagpur,India,2025-04-19,Active,0.054,0
C13180,Jeremiah,Chaudhary,64,Other,Bengaluru,India,2024-12-07,Churned,0.375,1
C13181,Devansh,Yogi,45,Male,Hyderabad,India,2025-01-18,Active,0.436,0
C13182,Nidra,Bahri,61,Female,Bengaluru,India,2024-06-14,Active,0.504,0
C13183,Vrinda,Bhatt,66,Other,Kolkata,India,2025-05-04,Active,0.146,0
C13184,Jeet,Johal,35,Male,Hyderabad,India,2025-11-15,Active,0.366,0
C13185,Jacob,Golla,39,Male,Kolkata,India,2026-06-20,Churned,0.35,1
C13186,Pranit,Ahluwalia,56,Female,Mumbai,India,2026-03-19,Active,0.316,0
C13187,Sanya,Murthy,62,Male,Mumbai,India,2026-01-09,Churned,0.274,1
C13188,Balveer,Dave,56,Female,Mumbai,India,2024-03-10,Active,0.321,0
C13189,Samuel,Edwin,18,Other,Nagpur,India,2026-02-10,Churned,0.174,1
C13190,Aahana,Banerjee,44,Other,Kolkata,India,2024-01-15,Churned,0.377,1
C13191,Jeet,Toor,66,Female,Pune,India,2024-01-10,Active,0.46,0
C13192,Januja,Garg,68,Other,Pune,India,2024-12-07,Active,0.103,0
C13193,Aadi,Kothari,52,Male,Kolkata,India,2025-06-19,Churned,0.526,1
C13194,Chakradhar,Venkataraman,61,Male,Hyderabad,India,2024-12-10,Active,0.136,0
C13195,Sai,Dey,70,Female,Hyderabad,India,2024-11-29,Churned,0.508,1
C13196,Vritti,Munshi,42,Male,Mumbai,India,2026-02-13,Active,0.089,0
C13197,Indira,Yohannan,25,Female,Hyderabad,India,2025-11-20,Active,0.175,0
C13198,Shaurya,Chaudhary,30,Female,Mumbai,India,2025-11-02,Active,0.099,0
C13199,Chaitanya,Khalsa,32,Other,Mumbai,India,2026-06-26,Active,0.15,0
C13200,Raghav,Dhar,66,Female,Hyderabad,India,2023-10-28,Churned,0.344,1
C13201,Tanveer,Desai,30,Male,Bengaluru,India,2024-12-09,Churned,0.448,1
C13202,Tarak,Parmer,69,Other,Delhi,India,2026-03-24,Churned,0.32,1
C13203,Kabir,Sami,32,Female,Hyderabad,India,2024-11-04,Churned,0.306,1
C13204,Aadhya,Lad,20,Female,Kolkata,India,2023-12-25,Active,0.183,0
C13205,Nihal,Ratta,63,Other,Delhi,India,2025-04-16,Churned,0.431,1
C13206,Fiyaz,Kumar,18,Male,Chennai,India,2025-08-09,Active,0.405,0
C13207,Pavani,Dhar,25,Female,Kolkata,India,2026-07-17,Active,0.566,0
C13208,Samar,Bobal,28,Other,Delhi,India,2025-12-11,Active,0.02,0
C13209,Amruta,Hans,60,Other,Nagpur,India,2026-05-06,Churned,0.219,1
C13210,Yasti,Gade,22,Other,Nagpur,India,2025-04-01,Active,0.376,0
C13211,Mitesh,Mutti,65,Male,Nagpur,India,2025-06-13,Active,0.179,0
C13212,Ladli,Bal,34,Other,Delhi,India,2025-07-05,Active,0.01,0
C13213,Yug,Brahmbhatt,51,Other,Bengaluru,India,2026-03-26,Active,0.344,0
C13214,Jeet,Wali,30,Other,Mumbai,India,2024-10-24,Churned,0.395,1
C13215,Niharika,Bhatti,62,Other,Bengaluru,India,2024-02-18,Active,0.207,0
C13216,Gaurav,Patil,61,Other,Kolkata,India,2025-01-24,Churned,0.452,1
C13217,Anjali,Dhingra,18,Female,Mumbai,India,2025-01-31,Active,0.468,0
C13218,Anusha,Anne,38,Female,Chennai,India,2024-08-16,Active,0.257,0
C13219,Krishna,Kapadia,35,Male,Kolkata,India,2024-01-31,Active,0.055,0
C13220,Henry,Dasgupta,49,Female,Mumbai,India,2025-04-11,Active,0.013,0
C13221,Damini,Suri,64,Male,Mumbai,India,2024-05-30,Active,0.027,0
C13222,Ikshita,Manda,35,Female,Kolkata,India,2024-01-27,Active,0.152,0
C13223,Anika,Chaudhary,38,Male,Chennai,India,2026-01-04,Active,0.06,0
C13224,Onkar,Nadkarni,30,Female,Pune,India,2023-11-14,Active,0.197,0
C13225,Pratyush,Pai,54,Male,Delhi,India,2025-04-28,Active,0.086,0
C13226,Neha,Sood,62,Female,Pune,India,2026-07-19,Churned,0.484,1
C13227,Joshua,Lad,33,Male,Nagpur,India,2026-03-09,Active,0.273,0
C13228,Yochana,Dugal,39,Female,Pune,India,2023-09-15,Active,0.171,0
C13229,Jonathan,Dhar,58,Other,Pune,India,2026-06-18,Active,0.212,0
C13230,Amara,Bera,19,Female,Chennai,India,2025-04-11,Active,0.104,0
C13231,Kamala,Krish,69,Male,Hyderabad,India,2026-05-20,Churned,0.607,1
C13232,Omya,Shankar,34,Male,Pune,India,2026-07-20,Active,0.175,0
C13233,Reva,Pandya,48,Male,Hyderabad,India,2024-06-11,Active,0.381,0
C13234,Yadavi,Mangat,21,Female,Delhi,India,2025-08-29,Active,0.054,0
C13235,Priya,Verma,22,Other,Kolkata,India,2024-11-02,Churned,0.473,1
C13236,Dalaja,Chahal,66,Male,Kolkata,India,2024-08-21,Active,0.166,0
C13237,Niharika,Munshi,55,Male,Pune,India,2024-12-18,Churned,0.065,1
C13238,Fariq,Bose,21,Male,Chennai,India,2024-01-19,Churned,0.371,1
C13239,Girik,Gandhi,38,Other,Pune,India,2024-09-07,Active,0.332,0
C13240,Dakshesh,Chad,68,Male,Mumbai,India,2026-02-10,Active,0.133,0
C13241,Waida,Anne,69,Female,Mumbai,India,2024-11-18,Churned,0.539,1
C13242,Yashoda,Deshpande,37,Other,Chennai,India,2025-06-20,Active,0.312,0
C13243,Widisha,Varma,22,Male,Mumbai,India,2025-09-15,Active,0.199,0
C13244,Jeet,Ravi,53,Male,Bengaluru,India,2026-07-31,Active,0.275,0
C13245,Ranveer,Amble,42,Female,Pune,India,2023-09-22,Churned,0.522,1
C13246,Hemani,Konda,57,Female,Delhi,India,2025-06-22,Active,0.06,0
C13247,Brijesh,Sen,56,Other,Mumbai,India,2026-06-24,Active,0.221,0
C13248,Umang,Gill,47,Female,Kolkata,India,2024-05-19,Active,0.577,0
C13249,Jeevika,Deol,68,Female,Pune,India,2023-12-26,Active,0.337,0
C13250,Ira,Behl,39,Other,Mumbai,India,2025-11-06,Active,0.202,0
C13251,Warhi,Raghavan,47,Other,Hyderabad,India,2025-06-18,Active,0.02,0
C13252,Kashvi,Chowdhury,55,Male,Pune,India,2024-05-22,Active,0.427,0
C13253,Zaid,Zacharia,24,Male,Pune,India,2025-02-07,Active,0.188,0
C13254,Bina,Mistry,55,Male,Nagpur,India,2024-03-02,Churned,0.157,1
C13255,Chaaya,Lanka,58,Other,Bengaluru,India,2025-09-20,Active,0.265,0
C13256,Aarnav,Ramesh,40,Female,Kolkata,India,2024-07-27,Churned,0.385,1
C13257,Dalaja,Varma,64,Other,Kolkata,India,2024-08-03,Churned,0.465,1
C13258,Ubika,Sura,29,Male,Nagpur,India,2023-10-26,Active,0.531,0
C13259,Ishani,Ahuja,69,Male,Mumbai,India,2023-11-29,Churned,0.485,1
C13260,Triveni,Narasimhan,26,Female,Chennai,India,2026-04-14,Active,0.098,0
C13261,Irya,Chhabra,50,Other,Hyderabad,India,2024-12-07,Active,0.023,0
C13262,Inaya,Grewal,37,Other,Nagpur,India,2023-09-09,Active,0.409,0
C13263,Isha,Andra,27,Female,Bengaluru,India,2025-05-17,Churned,0.107,1
C13264,Raagini,Swamy,56,Female,Bengaluru,India,2024-02-05,Churned,0.252,1
C13265,Frado,Wadhwa,41,Male,Nagpur,India,2024-07-03,Churned,0.517,1
C13266,Mitesh,Roy,21,Male,Mumbai,India,2025-11-07,Churned,0.455,1
C13267,Vinaya,Amble,45,Female,Delhi,India,2024-03-11,Active,0.323,0
C13268,Zashil,Kara,30,Other,Delhi,India,2024-04-29,Active,0.488,0
C13269,Megha,Prasad,68,Male,Hyderabad,India,2025-09-01,Active,0.067,0
C13270,Janya,Sangha,30,Other,Kolkata,India,2024-12-08,Active,0.046,0
C13271,Amruta,Chopra,62,Other,Kolkata,India,2024-06-10,Churned,0.319,1
C13272,Reva,Edwin,56,Other,Hyderabad,India,2025-07-13,Active,0.177,0
C13273,Irya,Saraf,55,Other,Hyderabad,India,2024-04-05,Active,0.449,0
C13274,Jagrati,Issac,57,Female,Chennai,India,2023-09-10,Active,0.156,0
C13275,Ranveer,Mane,39,Male,Pune,India,2024-02-19,Active,0.414,0
C13276,Kiaan,Rana,47,Male,Kolkata,India,2023-11-02,Active,0.133,0
C13277,Garima,Balay,32,Male,Delhi,India,2025-06-16,Active,0.389,0
C13278,Rushil,Srinivas,62,Male,Kolkata,India,2024-05-07,Active,0.176,0
C13279,Amaira,Dani,57,Male,Delhi,India,2026-06-30,Active,0.217,0
C13280,Vrinda,Tandon,48,Other,Hyderabad,India,2025-06-16,Churned,0.075,1
C13281,Joshua,Nair,69,Other,Chennai,India,2026-07-26,Active,0.024,0
C13282,Yachana,Ramachandran,31,Female,Nagpur,India,2025-05-14,Active,0.098,0
C13283,Imaran,Chokshi,70,Male,Hyderabad,India,2024-03-23,Active,0.115,0
C13284,Jonathan,Dugal,18,Male,Hyderabad,India,2023-10-03,Churned,0.55,1
C13285,Xiti,Arya,19,Other,Pune,India,2025-02-16,Active,0.039,0
C13286,Warjas,Ben,27,Female,Kolkata,India,2026-07-30,Active,0.456,0
C13287,Hema,Sanghvi,30,Other,Hyderabad,India,2026-07-20,Churned,0.188,1
C13288,Abhiram,Saraf,20,Male,Delhi,India,2026-03-16,Active,0.188,0
C13289,Bimala,Manda,30,Female,Nagpur,India,2025-09-15,Active,0.092,0
C13290,Fitan,Sanghvi,32,Female,Nagpur,India,2025-09-24,Churned,0.437,1
C13291,Michael,Vaidya,39,Other,Delhi,India,2024-09-19,Churned,0.168,1
C13292,Zaid,Mand,29,Male,Mumbai,India,2024-06-17,Active,0.174,0
C13293,Adya,Kota,29,Female,Pune,India,2024-02-26,Active,0.167,0
C13294,Pushti,Issac,19,Other,Nagpur,India,2026-07-02,Active,0.127,0
C13295,Harshil,Thakkar,42,Other,Pune,India,2025-09-06,Churned,0.419,1
C13296,Pratyush,Gulati,39,Male,Bengaluru,India,2026-04-07,Active,0.345,0
C13297,Manthan,Karnik,47,Male,Hyderabad,India,2026-03-07,Active,0.138,0
C13298,Kevin,Rattan,69,Female,Nagpur,India,2024-03-06,Active,0.375,0
C13299,Anusha,Handa,51,Other,Chennai,India,2023-10-30,Active,0.112,0
C13300,Pooja,Badami,63,Male,Pune,India,2024-04-15,Churned,0.572,1
C13301,Ryan,Chand,27,Male,Delhi,India,2026-04-15,Active,0.353,0
C13302,Lajita,Reddy,30,Other,Chennai,India,2023-11-19,Active,0.037,0
C13303,Damini,Kashyap,62,Female,Hyderabad,India,2025-11-24,Active,0.132,0
C13304,Gayathri,Sandhu,56,Female,Delhi,India,2024-08-10,Active,0.393,0
C13305,Darsh,Uppal,20,Other,Delhi,India,2025-09-14,Active,0.394,0
C13306,Charan,Modi,52,Female,Nagpur,India,2025-06-25,Active,0.167,0
C13307,Amruta,Patla,38,Male,Mumbai,India,2024-02-18,Active,0.255,0
C13308,Indali,Sahota,58,Female,Nagpur,India,2024-11-09,Churned,0.31,1
C13309,Ekaja,Batta,50,Other,Kolkata,India,2024-09-18,Active,0.2,0
C13310,Banjeet,Acharya,31,Other,Pune,India,2024-06-09,Active,0.23,0
C13311,Ekanta,Kala,68,Female,Pune,India,2023-11-20,Active,0.241,0
C13312,Urmi,Mammen,28,Other,Chennai,India,2024-11-17,Active,0.149,0
C13313,Harrison,Sankar,66,Other,Hyderabad,India,2026-03-31,Active,0.182,0
C13314,Zayyan,Swamy,49,Other,Kolkata,India,2024-06-14,Active,0.181,0
C13315,Gaurika,Modi,29,Female,Hyderabad,India,2025-03-18,Active,0.156,0
C13316,Gunbir,Arya,51,Other,Kolkata,India,2024-02-21,Active,0.341,0
C13317,Kalpit,Narula,63,Female,Kolkata,India,2026-07-27,Active,0.397,0
C13318,Janaki,Wadhwa,35,Other,Chennai,India,2025-03-14,Active,0.164,0
C13319,Kamya,Khanna,58,Other,Mumbai,India,2026-03-28,Active,0.271,0
C13320,Anya,Kade,31,Male,Delhi,India,2026-06-07,Active,0.109,0
C13321,Leena,Chahal,46,Male,Chennai,India,2026-02-24,Active,0.176,0
C13322,Kalpit,Dara,31,Female,Chennai,India,2024-02-13,Active,0.049,0
C13323,Rayaan,Hans,42,Other,Nagpur,India,2023-11-03,Active,0.507,0
C13324,Sanaya,Chaudhary,41,Female,Pune,India,2026-08-30,Churned,0.17,1
C13325,Hemal,Mitra,26,Male,Bengaluru,India,2023-12-26,Churned,0.469,1
C13326,Saksham,Walla,46,Other,Hyderabad,India,2025-09-06,Active,0.089,0
C13327,Caleb,Datta,32,Other,Mumbai,India,2024-04-26,Active,0.432,0
C13328,Omya,Krishnan,47,Other,Hyderabad,India,2024-06-24,Active,0.274,0
C13329,Idika,Pau,45,Female,Kolkata,India,2026-01-18,Active,0.225,0
C13330,Jacob,Sarin,45,Female,Hyderabad,India,2025-07-28,Active,0.443,0
C13331,Vasudha,Saini,69,Female,Hyderabad,India,2023-12-15,Active,0.157,0
C13332,Yahvi,Bains,35,Female,Mumbai,India,2025-11-22,Churned,0.335,1
C13333,Anusha,Dayal,29,Female,Delhi,India,2024-05-17,Churned,0.269,1
C13334,Chakradev,Bhat,34,Other,Pune,India,2024-11-23,Churned,0.433,1
C13335,Ranveer,Rao,40,Male,Bengaluru,India,2026-08-13,Active,0.095,0
C13336,Yochana,Borde,50,Other,Pune,India,2025-10-08,Active,0.135,0
C13337,Raksha,Upadhyay,68,Female,Delhi,India,2024-05-15,Active,0.105,0
C13338,Madhavi,Rattan,24,Male,Pune,India,2025-04-19,Churned,0.263,1
C13339,Anita,Jhaveri,41,Male,Delhi,India,2026-04-01,Active,0.313,0
C13340,Aarush,Dutta,39,Male,Hyderabad,India,2024-06-12,Active,0.156,0
C13341,Tejas,Andra,34,Female,Bengaluru,India,2026-02-05,Active,0.146,0
C13342,Tamanna,Thakur,30,Other,Nagpur,India,2025-11-05,Active,0.266,0
C13343,Aashi,Mitter,66,Other,Bengaluru,India,2025-11-24,Active,0.169,0
C13344,Chaman,Loyal,18,Female,Bengaluru,India,2024-08-08,Active,0.517,0
C13345,Jagat,Garg,70,Female,Chennai,India,2026-01-05,Active,0.304,0
C13346,Chakradev,Walla,43,Other,Mumbai,India,2024-08-13,Active,0.079,0
C13347,Bishakha,Baral,48,Other,Nagpur,India,2024-09-05,Churned,0.468,1
C13348,Manbir,Mall,43,Male,Delhi,India,2026-05-21,Churned,0.356,1
C13349,Anamika,Behl,64,Other,Delhi,India,2024-03-25,Active,0.166,0
C13350,Yuvraj,Kade,48,Male,Kolkata,India,2026-05-25,Active,0.081,0
C13351,Jack,Agarwal,64,Female,Hyderabad,India,2025-12-09,Active,0.057,0
C13352,Idika,Pillay,68,Male,Hyderabad,India,2026-06-04,Active,0.118,0
C13353,Fiyaz,Lalla,30,Female,Chennai,India,2025-01-17,Churned,0.526,1
C13354,Nilima,Menon,31,Female,Kolkata,India,2024-03-26,Active,0.393,0
C13355,Dakshesh,Anne,53,Male,Hyderabad,India,2025-01-17,Churned,0.246,1
C13356,Theodore,Mammen,26,Other,Nagpur,India,2025-03-06,Active,0.31,0
C13357,Aahana,Babu,37,Other,Mumbai,India,2024-06-01,Churned,0.471,1
C13358,Hitesh,Raja,49,Other,Hyderabad,India,2025-12-13,Active,0.466,0
C13359,Aarini,Jhaveri,39,Male,Chennai,India,2026-06-12,Active,0.309,0
C13360,Thomas,Nair,45,Other,Chennai,India,2025-07-18,Active,0.123,0
C13361,Samar,Rana,66,Other,Bengaluru,India,2024-10-22,Active,0.227,0
C13362,Sanaya,Kata,38,Other,Mumbai,India,2024-04-29,Active,0.383,0
C13363,Jyoti,Divan,54,Male,Nagpur,India,2025-07-06,Active,0.54,0
C13364,Girik,Tandon,27,Female,Chennai,India,2025-09-14,Active,0.434,0
C13365,Tripti,Goyal,42,Male,Chennai,India,2024-06-08,Churned,0.276,1
C13366,Ranbir,Swaminathan,22,Other,Chennai,India,2024-05-31,Active,0.526,0
C13367,Baghyawati,Bail,30,Female,Pune,India,2024-06-07,Active,0.093,0
C13368,Nicholas,Goel,39,Other,Kolkata,India,2024-12-25,Active,0.316,0
C13369,Raghav,Boase,58,Female,Pune,India,2025-05-05,Active,0.094,0
C13370,Ekbal,Sandhu,28,Male,Nagpur,India,2024-04-10,Churned,0.424,1
C13371,Suhani,Rau,20,Other,Kolkata,India,2024-09-15,Active,0.397,0
C13372,Laksh,Arora,19,Male,Delhi,India,2024-02-03,Churned,0.457,1
C13373,Harish,Purohit,22,Female,Bengaluru,India,2026-03-26,Churned,0.328,1
C13374,Ansh,Choudhary,31,Male,Bengaluru,India,2025-04-19,Active,0.148,0
C13375,Caleb,Deo,60,Other,Pune,India,2023-09-22,Active,0.179,0
C13376,Fiyaz,Loyal,47,Male,Hyderabad,India,2024-09-20,Active,0.029,0
C13377,Agastya,Andra,51,Male,Nagpur,India,2024-04-09,Active,0.43,0
C13378,Hamsini,Chada,38,Female,Chennai,India,2024-02-13,Active,0.23,0
C13379,Liam,Srinivasan,28,Male,Nagpur,India,2024-07-11,Active,0.384,0
C13380,Sachi,Gade,52,Female,Kolkata,India,2026-01-22,Active,0.48,0
C13381,Garima,Srinivas,65,Male,Chennai,India,2024-12-21,Active,0.258,0
C13382,Yagnesh,Bhalla,31,Male,Delhi,India,2024-04-28,Active,0.296,0
C13383,Amara,Dasgupta,37,Female,Kolkata,India,2025-12-23,Active,0.079,0
C13384,Chaitanya,Chauhan,28,Other,Bengaluru,India,2023-10-03,Active,0.278,0
C13385,Chaman,Chauhan,55,Male,Kolkata,India,2025-12-25,Active,0.318,0
C13386,Ojasvi,Dhar,35,Male,Mumbai,India,2025-11-03,Churned,0.311,1
C13387,Udarsh,Bajwa,27,Female,Pune,India,2023-09-02,Active,0.144,0
C13388,Prisha,Rajan,70,Female,Delhi,India,2024-08-18,Active,0.143,0
C13389,Ira,Mangat,51,Female,Kolkata,India,2024-04-16,Active,0.224,0
C13390,Leena,Chowdhury,47,Female,Mumbai,India,2024-08-16,Active,0.179,0
C13391,Omkaar,Choudhary,65,Male,Bengaluru,India,2025-10-04,Active,0.036,0
C13392,Harsh,Manda,59,Female,Hyderabad,India,2024-08-14,Active,0.45,0
C13393,Faraj,Nath,62,Other,Bengaluru,India,2025-03-09,Active,0.073,0
C13394,Jalsa,Chad,43,Other,Nagpur,India,2024-03-02,Churned,0.274,1
C13395,Matthew,Gokhale,44,Male,Nagpur,India,2023-11-07,Active,0.085,0
C13396,Gaurika,Golla,57,Other,Chennai,India,2025-06-27,Active,0.233,0
C13397,Pavani,Doctor,47,Female,Nagpur,India,2026-07-22,Active,0.34,0
C13398,Charvi,Mangat,62,Other,Pune,India,2026-07-03,Active,0.347,0
C13399,Hemang,Madan,43,Other,Mumbai,India,2025-02-23,Active,0.196,0
C13400,Jyoti,Lanka,33,Male,Bengaluru,India,2025-10-15,Active,0.41,0
C13401,Aarnav,Dixit,58,Other,Bengaluru,India,2023-12-28,Active,0.336,0
C13402,Manan,Nagarajan,60,Male,Delhi,India,2026-06-15,Active,0.422,0
C13403,Madhavi,Sekhon,49,Female,Pune,India,2024-04-17,Churned,0.273,1
C13404,Ekalinga,Chowdhury,41,Male,Pune,India,2025-09-13,Active,0.074,0
C13405,Prisha,Mallick,50,Female,Chennai,India,2026-02-14,Active,0.413,0
C13406,Gautam,Naidu,46,Male,Bengaluru,India,2024-04-12,Active,0.307,0
C13407,Qabil,Rajan,31,Other,Mumbai,India,2024-03-17,Active,0.081,0
C13408,Eiravati,Talwar,47,Male,Pune,India,2025-03-01,Active,0.148,0
C13409,Vasana,Sachdev,58,Other,Kolkata,India,2025-06-20,Churned,0.324,1
C13410,Gauri,Devi,42,Female,Chennai,India,2026-03-23,Active,0.186,0
C13411,Yatan,Rajagopal,30,Female,Mumbai,India,2026-06-12,Active,0.448,0
C13412,Widisha,Yohannan,18,Female,Pune,India,2025-06-12,Churned,0.098,1
C13413,Waida,Walia,63,Male,Hyderabad,India,2025-12-08,Churned,0.422,1
C13414,Victor,Rajagopalan,60,Other,Kolkata,India,2025-12-11,Active,0.1,0
C13415,Oviya,Vyas,49,Female,Pune,India,2024-01-08,Active,0.468,0
C13416,Theodore,Chahal,23,Other,Delhi,India,2026-02-14,Active,0.193,0
C13417,Janaki,Agate,63,Female,Nagpur,India,2024-08-31,Churned,0.451,1
C13418,Anay,Patil,48,Female,Nagpur,India,2024-07-12,Active,0.39,0
C13419,Urvi,Deol,28,Male,Pune,India,2026-01-15,Active,0.117,0
C13420,Darpan,Palla,29,Female,Pune,India,2024-02-19,Churned,0.196,1
C13421,Liam,Menon,52,Other,Chennai,India,2025-03-14,Active,0.471,0
C13422,Maanas,Sama,28,Male,Mumbai,India,2025-08-16,Active,0.392,0
C13423,Shivansh,Kapur,61,Female,Nagpur,India,2024-09-11,Active,0.391,0
C13424,Lakshit,Dalal,46,Female,Nagpur,India,2023-11-26,Active,0.192,0
C13425,Luke,Purohit,31,Other,Mumbai,India,2026-08-16,Active,0.16,0
C13426,Panini,Prabhu,61,Other,Delhi,India,2023-10-11,Churned,0.173,1
C13427,Hitesh,Borah,46,Other,Mumbai,India,2023-11-24,Churned,0.391,1
C13428,Nakul,Balan,58,Other,Pune,India,2025-09-10,Active,0.102,0
C13429,Jasmit,Dhaliwal,42,Other,Bengaluru,India,2024-04-16,Active,0.463,0
C13430,Yash,Bose,46,Male,Mumbai,India,2024-01-01,Churned,0.471,1
C13431,Omaja,Doctor,21,Female,Delhi,India,2023-09-20,Churned,0.487,1
C13432,Upma,Dey,33,Female,Delhi,India,2024-06-10,Active,0.196,0
C13433,Chandani,Singhal,30,Male,Mumbai,India,2025-11-28,Active,0.233,0
C13434,Geetika,Sawhney,44,Male,Mumbai,India,2025-06-01,Active,0.119,0
C13435,Agastya,Mangat,39,Male,Pune,India,2026-05-29,Churned,0.238,1
C13436,Nachiket,Bhasin,32,Male,Nagpur,India,2024-02-20,Active,0.13,0
C13437,Azad,Ghose,64,Male,Mumbai,India,2026-05-26,Active,0.542,0
C13438,Naveen,Apte,44,Other,Pune,India,2025-10-21,Active,0.086,0
C13439,Pallavi,Sha,70,Female,Hyderabad,India,2025-05-08,Active,0.199,0
C13440,Aarna,Thaker,53,Other,Delhi,India,2026-01-08,Active,0.077,0
C13441,Utkarsh,Sampath,57,Male,Chennai,India,2024-12-19,Active,0.657,0
C13442,Anita,Chanda,45,Male,Delhi,India,2024-05-01,Active,0.212,0
C13443,Krishna,Dass,31,Male,Hyderabad,India,2025-11-19,Churned,0.394,1
C13444,Nandini,Bhalla,38,Male,Mumbai,India,2024-07-26,Active,0.021,0
C13445,Manya,Gour,43,Other,Hyderabad,India,2024-08-06,Active,0.015,0
C13446,Faras,Sidhu,18,Female,Delhi,India,2026-01-16,Churned,0.146,1
C13447,Dhriti,Ravel,47,Male,Pune,India,2025-09-11,Active,0.273,0
C13448,Nitesh,Bhagat,60,Female,Hyderabad,India,2025-04-14,Churned,0.529,1
C13449,Panini,Hayer,20,Male,Delhi,India,2025-03-31,Active,0.161,0
C13450,Ikbal,Chawla,44,Female,Kolkata,India,2024-10-24,Active,0.032,0
C13451,Janani,Nayak,24,Other,Nagpur,India,2023-12-30,Active,0.103,0
C13452,Wriddhish,Manda,34,Male,Hyderabad,India,2023-10-14,Active,0.154,0
C13453,Hredhaan,Bhattacharyya,58,Other,Chennai,India,2024-05-10,Active,0.206,0
C13454,Advay,More,61,Other,Nagpur,India,2024-07-26,Churned,0.423,1
C13455,Saksham,Bali,39,Male,Hyderabad,India,2024-06-18,Active,0.165,0
C13456,Amruta,Chada,60,Female,Pune,India,2024-09-08,Churned,0.222,1
C13457,Chaitanya,Sule,39,Male,Kolkata,India,2026-02-02,Active,0.32,0
C13458,Chanakya,Murty,42,Other,Delhi,India,2023-11-10,Active,0.029,0
C13459,Dayamai,Anand,50,Other,Mumbai,India,2024-01-23,Churned,0.418,1
C13460,Barkha,Rao,32,Male,Pune,India,2025-03-08,Active,0.312,0
C13461,Robert,Murty,37,Male,Chennai,India,2025-10-17,Active,0.393,0
C13462,Ishani,Dayal,66,Male,Pune,India,2025-04-29,Active,0.401,0
C13463,Gunbir,Narula,21,Male,Hyderabad,India,2026-08-27,Active,0.062,0
C13464,Yahvi,Chaudhuri,49,Female,Delhi,India,2025-05-25,Active,0.12,0
C13465,Mason,Bajwa,27,Female,Delhi,India,2025-10-20,Active,0.07,0
C13466,Lavanya,Sood,59,Male,Delhi,India,2026-03-01,Active,0.212,0
C13467,Baljiwan,Mannan,64,Other,Kolkata,India,2026-02-27,Active,0.523,0
C13468,Max,Sheth,65,Female,Nagpur,India,2024-05-08,Active,0.245,0
C13469,Girik,Kata,35,Female,Mumbai,India,2024-01-01,Active,0.112,0
C13470,Lohit,Dyal,51,Female,Bengaluru,India,2024-07-31,Active,0.63,0
C13471,Zaitra,Virk,66,Male,Delhi,India,2025-10-19,Churned,0.161,1
C13472,Sara,Deep,64,Female,Hyderabad,India,2025-02-12,Active,0.547,0
C13473,Bina,Parsa,33,Male,Mumbai,India,2025-02-08,Active,0.137,0
C13474,Raagini,Baral,60,Male,Delhi,India,2026-04-26,Active,0.394,0
C13475,Lila,Khare,56,Female,Hyderabad,India,2026-07-27,Active,0.268,0
C13476,Falan,Dua,29,Female,Mumbai,India,2024-07-21,Churned,0.555,1
C13477,Widisha,Chatterjee,22,Female,Pune,India,2026-01-28,Active,0.345,0
C13478,Luke,More,30,Male,Nagpur,India,2023-09-24,Active,0.382,0
C13479,Gagan,Tara,31,Male,Pune,India,2025-12-28,Active,0.054,0
C13480,Suhani,Murthy,29,Other,Delhi,India,2024-01-25,Churned,0.55,1
C13481,Chakrika,Edwin,33,Other,Pune,India,2024-05-21,Active,0.153,0
C13482,Ati,Patla,45,Other,Kolkata,India,2023-12-15,Active,0.325,0
C13483,Gaurav,Bobal,37,Male,Delhi,India,2025-03-02,Active,0.41,0
C13484,Triveni,Kuruvilla,33,Female,Nagpur,India,2024-06-05,Active,0.084,0
C13485,Aahana,Sathe,56,Male,Bengaluru,India,2025-09-05,Active,0.446,0
C13486,Logan,Dasgupta,36,Other,Kolkata,India,2026-06-07,Active,0.32,0
C13487,Vinaya,Baral,58,Male,Bengaluru,India,2026-01-31,Active,0.186,0
C13488,Bhavini,Rattan,68,Female,Pune,India,2025-03-18,Active,0.355,0
C13489,Kai,Sastry,41,Female,Chennai,India,2025-05-28,Churned,0.255,1
C13490,Yauvani,Murthy,28,Female,Kolkata,India,2025-03-23,Active,0.377,0
C13491,Fiyaz,Sachdev,45,Other,Chennai,India,2025-04-03,Active,0.099,0
C13492,Shivani,Lall,66,Male,Kolkata,India,2025-10-25,Churned,0.493,1
C13493,Brijesh,Bhandari,19,Female,Chennai,India,2026-07-27,Active,0.264,0
C13494,Abhiram,Dubey,23,Female,Nagpur,India,2024-09-15,Active,0.123,0
C13495,Bina,Prashad,53,Other,Nagpur,India,2024-02-11,Active,0.496,0
C13496,Mohini,Bora,34,Female,Kolkata,India,2024-05-03,Active,0.275,0
C13497,Lipika,Shere,37,Female,Bengaluru,India,2024-08-12,Active,0.324,0
C13498,Girik,Palla,42,Other,Kolkata,India,2026-07-06,Active,0.093,0
C13499,Upadhriti,Warrior,22,Female,Nagpur,India,2025-08-24,Active,0.067,0
C13500,Ikbal,Chada,63,Female,Delhi,India,2025-08-23,Active,0.365,0
C13501,Hritik,Ranganathan,27,Male,Mumbai,India,2024-06-07,Active,0.184,0
C13502,Ryan,Ratti,18,Other,Hyderabad,India,2025-07-04,Active,0.233,0
C13503,Dhruv,Nadig,49,Female,Chennai,India,2025-01-23,Active,0.335,0
C13504,Vedika,Kala,43,Other,Hyderabad,India,2025-02-13,Active,0.233,0
C13505,Vamakshi,Contractor,42,Female,Bengaluru,India,2026-08-26,Active,0.254,0
C13506,Suhani,Barad,59,Other,Pune,India,2024-11-06,Churned,0.205,1
C13507,Nachiket,Singhal,44,Male,Pune,India,2025-12-25,Active,0.128,0
C13508,Tanay,Nagarajan,42,Other,Nagpur,India,2024-04-14,Churned,0.35,1
C13509,Azad,Rai,30,Female,Bengaluru,India,2026-01-30,Active,0.424,0
C13510,Janaki,Sani,67,Other,Hyderabad,India,2023-12-06,Active,0.136,0
C13511,Tanay,Bhagat,50,Other,Kolkata,India,2025-09-05,Active,0.155,0
C13512,Arin,Sampath,58,Other,Hyderabad,India,2024-07-25,Active,0.196,0
C13513,Zayyan,Goda,62,Male,Chennai,India,2024-10-24,Active,0.16,0
C13514,Lucky,Biswas,45,Other,Delhi,India,2024-01-08,Active,0.01,0
C13515,Nidhi,Bumb,33,Female,Mumbai,India,2024-10-30,Active,0.338,0
C13516,Siya,Saini,70,Female,Mumbai,India,2024-12-07,Active,0.247,0
C13517,Tanish,Lad,62,Other,Nagpur,India,2025-11-24,Active,0.359,0
C13518,Chatura,Chanda,34,Other,Kolkata,India,2024-06-12,Active,0.045,0
C13519,Hema,Mishra,61,Male,Bengaluru,India,2025-06-27,Active,0.426,0
C13520,Rushil,Palla,33,Other,Nagpur,India,2024-05-13,Active,0.234,0
C13521,Vasatika,Soman,18,Male,Pune,India,2025-06-13,Active,0.478,0
C13522,Naveen,Sarkar,59,Other,Chennai,India,2025-12-10,Active,0.445,0
C13523,Lopa,Anne,43,Other,Pune,India,2025-03-04,Active,0.573,0
C13524,Rushil,Brahmbhatt,51,Male,Chennai,India,2026-01-19,Active,0.173,0
C13525,Maanav,Naik,28,Female,Bengaluru,India,2026-07-04,Active,0.401,0
C13526,Edhitha,Atwal,62,Female,Chennai,India,2026-06-28,Active,0.268,0
C13527,Tara,Divan,55,Female,Chennai,India,2024-04-21,Active,0.273,0
C13528,Edhitha,Comar,66,Other,Pune,India,2025-10-15,Active,0.049,0
C13529,Niharika,Lall,24,Other,Hyderabad,India,2026-07-13,Active,0.18,0
C13530,Aarush,Seshadri,70,Male,Bengaluru,India,2025-11-17,Churned,0.27,1
C13531,Shivani,Chatterjee,65,Male,Chennai,India,2024-03-14,Active,0.274,0
C13532,Tejas,Guha,62,Female,Mumbai,India,2023-10-27,Active,0.148,0
C13533,Ojas,Purohit,28,Female,Mumbai,India,2025-06-14,Churned,0.413,1
C13534,Ijaya,Kadakia,24,Male,Chennai,India,2024-08-01,Active,0.103,0
C13535,Akshay,Prabhakar,51,Female,Bengaluru,India,2024-06-23,Active,0.015,0
C13536,Amol,Mittal,64,Female,Nagpur,India,2025-03-19,Active,0.217,0
C13537,Yadavi,Dash,29,Female,Nagpur,India,2024-12-20,Active,0.242,0
C13538,Xalak,Shah,63,Male,Delhi,India,2026-08-22,Active,0.23,0
C13539,Nirja,Pandey,49,Male,Pune,India,2025-06-05,Churned,0.387,1
C13540,Pooja,Virk,46,Other,Delhi,India,2025-03-01,Active,0.056,0
C13541,Ishaan,Goda,29,Male,Mumbai,India,2025-02-03,Active,0.134,0
C13542,Priya,Prakash,65,Male,Delhi,India,2025-08-13,Active,0.243,0
C13543,Nicholas,Sarin,34,Female,Kolkata,India,2024-06-01,Active,0.545,0
C13544,Bhavani,Sarkar,58,Other,Pune,India,2025-04-15,Churned,0.545,1
C13545,Bhanumati,Chaudhary,58,Male,Pune,India,2026-05-13,Active,0.511,0
C13546,Hemang,Chakraborty,36,Male,Chennai,India,2024-01-15,Active,0.01,0
C13547,Amol,Sabharwal,25,Female,Pune,India,2026-06-06,Active,0.349,0
C13548,Watika,Chaudhry,39,Male,Delhi,India,2024-02-09,Active,0.036,0
C13549,Sachi,Thakur,48,Female,Pune,India,2026-05-12,Active,0.164,0
C13550,Bachittar,Mann,18,Male,Bengaluru,India,2026-02-19,Churned,0.304,1
C13551,Siddharth,Kapoor,66,Male,Mumbai,India,2025-06-15,Active,0.181,0
C13552,Lakshmi,Contractor,24,Male,Mumbai,India,2025-08-07,Active,0.276,0
C13553,Upasna,Dash,42,Other,Bengaluru,India,2024-06-30,Active,0.206,0
C13554,Ucchal,Sachar,49,Female,Hyderabad,India,2025-02-26,Active,0.01,0
C13555,Meghana,Amble,56,Female,Hyderabad,India,2026-05-29,Active,0.188,0
C13556,Udarsh,Tripathi,41,Other,Hyderabad,India,2025-04-04,Churned,0.172,1
C13557,Amrita,Lalla,38,Male,Hyderabad,India,2024-11-14,Active,0.291,0
C13558,Oeshi,Khurana,60,Female,Chennai,India,2024-12-21,Churned,0.232,1
C13559,Oeshi,Bali,57,Male,Hyderabad,India,2023-09-07,Active,0.38,0
C13560,Atharv,Dube,39,Male,Mumbai,India,2023-09-25,Churned,0.469,1
C13561,Zilmil,Nadkarni,47,Other,Chennai,India,2025-04-04,Active,0.171,0
C13562,Onkar,Sani,64,Male,Mumbai,India,2025-02-02,Active,0.053,0
C13563,Mahika,Hans,56,Male,Bengaluru,India,2024-09-10,Active,0.141,0
C13564,Maya,Behl,62,Male,Hyderabad,India,2026-04-15,Active,0.01,0
C13565,Pushti,Dave,46,Other,Kolkata,India,2026-02-14,Churned,0.512,1
C13566,Madhavi,Ghose,50,Female,Delhi,India,2026-05-16,Active,0.328,0
C13567,Eesha,Varughese,18,Other,Hyderabad,India,2025-05-19,Active,0.467,0
C13568,Rajeshri,Kashyap,19,Other,Hyderabad,India,2024-05-04,Active,0.129,0
C13569,Jonathan,Thaman,20,Other,Hyderabad,India,2024-02-02,Active,0.337,0
C13570,Manya,Lad,61,Female,Delhi,India,2024-03-02,Active,0.147,0
C13571,Nathan,Naidu,56,Female,Chennai,India,2026-01-06,Active,0.295,0
C13572,Girik,Chander,65,Other,Pune,India,2024-07-13,Active,0.157,0
C13573,Rajeshri,Apte,40,Female,Kolkata,India,2023-10-10,Churned,0.573,1
C13574,Michael,Bala,60,Other,Pune,India,2026-05-04,Active,0.155,0
C13575,Farhan,Raja,64,Female,Bengaluru,India,2026-04-18,Active,0.344,0
C13576,Kalpit,Setty,56,Male,Nagpur,India,2023-10-10,Active,0.077,0
C13577,Ishita,Grover,51,Other,Mumbai,India,2026-05-13,Churned,0.476,1
C13578,Tristan,Mishra,26,Female,Pune,India,2024-09-07,Churned,0.507,1
C13579,Yatan,Radhakrishnan,37,Other,Kolkata,India,2024-06-28,Active,0.052,0
C13580,Charan,Maharaj,28,Female,Pune,India,2024-10-09,Active,0.411,0
C13581,Maanas,Bajaj,48,Other,Delhi,India,2024-01-07,Active,0.173,0
C13582,Harshil,Choudhry,33,Male,Nagpur,India,2026-05-19,Churned,0.543,1
C13583,Jason,Chhabra,66,Other,Pune,India,2025-08-14,Active,0.451,0
C13584,Barkha,Lala,24,Female,Mumbai,India,2024-04-08,Active,0.466,0
C13585,Girik,Brahmbhatt,28,Female,Chennai,India,2024-06-07,Active,0.426,0
C13586,Janaki,Johal,67,Female,Delhi,India,2025-10-07,Active,0.048,0
C13587,Harrison,Swaminathan,64,Female,Kolkata,India,2025-04-30,Churned,0.418,1
C13588,Odika,Borah,60,Male,Nagpur,India,2023-10-05,Active,0.49,0
C13589,Faraj,Kade,52,Other,Kolkata,India,2025-09-25,Active,0.199,0
C13590,Oni,Prashad,23,Other,Hyderabad,India,2026-08-03,Active,0.101,0
C13591,Shravya,Dyal,32,Other,Pune,India,2024-12-31,Active,0.123,0
C13592,Chanchal,Anne,59,Female,Chennai,India,2024-06-06,Churned,0.258,1
C13593,Azad,Dalal,63,Other,Chennai,India,2024-06-04,Churned,0.323,1
C13594,Idika,Sule,59,Other,Chennai,India,2025-02-14,Active,0.059,0
C13595,Abdul,Dutt,69,Male,Delhi,India,2026-04-11,Active,0.13,0
C13596,Aachal,Dara,34,Male,Bengaluru,India,2025-11-19,Active,0.486,0
C13597,Ayushman,Wason,23,Male,Pune,India,2024-06-26,Active,0.05,0
C13598,Zarna,Vala,39,Other,Delhi,India,2023-10-06,Active,0.161,0
C13599,Tarak,Patla,65,Male,Hyderabad,India,2024-04-24,Churned,0.413,1
C13600,Teerth,Balan,26,Female,Chennai,India,2024-02-26,Churned,0.173,1
C13601,Lakshit,Kannan,54,Other,Mumbai,India,2025-01-21,Active,0.117,0
C13602,Jonathan,Loyal,37,Male,Delhi,India,2024-01-08,Active,0.532,0
C13603,Vasatika,Iyengar,42,Female,Hyderabad,India,2024-10-30,Active,0.573,0
C13604,Ijaya,Menon,67,Female,Nagpur,India,2024-01-21,Active,0.205,0
C13605,Warhi,Sarin,51,Other,Delhi,India,2025-08-26,Active,0.138,0
C13606,Mugdha,Hans,24,Female,Mumbai,India,2025-11-05,Active,0.346,0
C13607,Oscar,Hora,52,Female,Hyderabad,India,2024-09-23,Active,0.027,0
C13608,Avni,Ramaswamy,27,Female,Delhi,India,2026-08-03,Active,0.115,0
C13609,Devika,Gandhi,49,Other,Kolkata,India,2024-02-07,Active,0.237,0
C13610,Vinaya,Sant,27,Other,Bengaluru,India,2024-07-16,Churned,0.194,1
C13611,Pallavi,Magar,27,Other,Mumbai,India,2025-07-25,Active,0.575,0
C13612,Hritik,Rajagopal,56,Female,Bengaluru,India,2025-01-08,Active,0.393,0
C13613,Ryan,Pandit,50,Other,Pune,India,2025-06-28,Churned,0.57,1
C13614,Devansh,Sengupta,35,Other,Kolkata,India,2025-04-03,Active,0.436,0
C13615,Bahadurjit,Vaidya,58,Male,Kolkata,India,2024-05-17,Active,0.195,0
C13616,Nimrat,Memon,36,Other,Chennai,India,2024-09-28,Active,0.201,0
C13617,Indira,Rao,21,Female,Nagpur,India,2026-03-27,Active,0.385,0
C13618,Ishwar,Gole,70,Other,Delhi,India,2023-10-17,Active,0.334,0
C13619,Pushti,Grewal,64,Male,Mumbai,India,2025-01-14,Churned,0.141,1
C13620,Yatan,Bora,67,Male,Kolkata,India,2025-03-09,Active,0.146,0
C13621,Kamya,Prabhu,64,Female,Bengaluru,India,2024-07-31,Churned,0.562,1
C13622,Dipta,Das,70,Other,Nagpur,India,2024-04-13,Active,0.312,0
C13623,Eiravati,Apte,19,Other,Chennai,India,2023-09-15,Active,0.528,0
C13624,Tanay,Shroff,39,Female,Kolkata,India,2025-01-23,Churned,0.167,1
C13625,Ekanta,Kaul,40,Female,Chennai,India,2026-01-29,Active,0.096,0
C13626,Dominic,Rajan,22,Other,Bengaluru,India,2026-01-20,Churned,0.565,1
C13627,Simon,Vyas,36,Other,Delhi,India,2024-11-14,Churned,0.427,1
C13628,Harshil,Mall,62,Other,Chennai,India,2024-08-03,Active,0.212,0
C13629,Falan,Sama,24,Male,Hyderabad,India,2026-04-02,Active,0.105,0
C13630,Radhika,Nadkarni,66,Other,Mumbai,India,2026-07-26,Active,0.452,0
C13631,Rudra,Hegde,63,Female,Kolkata,India,2025-01-10,Active,0.206,0
C13632,Wakeeta,Tara,59,Male,Nagpur,India,2023-11-17,Active,0.447,0
C13633,Anvi,Sama,46,Other,Kolkata,India,2023-11-12,Active,0.461,0
C13634,Jeet,Sethi,36,Male,Delhi,India,2024-03-04,Active,0.499,0
C13635,Eta,Rajagopal,31,Other,Delhi,India,2024-05-23,Active,0.198,0
C13636,Ansh,Mane,65,Other,Mumbai,India,2024-09-02,Churned,0.262,1
C13637,Aayush,Shenoy,41,Other,Pune,India,2023-09-28,Active,0.244,0
C13638,Karan,Rau,61,Male,Chennai,India,2024-11-15,Churned,0.143,1
C13639,Balveer,Nazareth,45,Other,Nagpur,India,2023-10-28,Active,0.41,0
C13640,Amol,Boase,21,Male,Hyderabad,India,2026-05-29,Active,0.176,0
C13641,Girish,Sagar,48,Male,Mumbai,India,2025-08-30,Active,0.437,0
C13642,Anvi,Nadig,25,Other,Hyderabad,India,2024-12-11,Active,0.114,0
C13643,Mugdha,Buch,55,Female,Nagpur,India,2025-02-19,Active,0.321,0
C13644,Dhriti,Tak,58,Other,Chennai,India,2026-01-12,Active,0.354,0
C13645,Champak,Ramaswamy,33,Male,Pune,India,2026-04-09,Churned,0.495,1
C13646,Suhani,Tak,33,Female,Kolkata,India,2024-12-07,Active,0.372,0
C13647,Jairaj,Prakash,37,Other,Nagpur,India,2026-05-23,Active,0.491,0
C13648,Harshil,Balakrishnan,59,Other,Chennai,India,2026-04-17,Churned,0.496,1
C13649,Champak,Anne,67,Other,Pune,India,2024-08-13,Active,0.496,0
C13650,Henry,Naidu,67,Female,Chennai,India,2024-04-03,Churned,0.516,1
C13651,Rajata,Kara,35,Other,Kolkata,India,2026-08-04,Active,0.093,0
C13652,Gaurang,Halder,41,Male,Pune,India,2024-05-22,Churned,0.307,1
C13653,Abdul,Ben,25,Male,Pune,India,2025-03-27,Active,0.01,0
C13654,Caleb,Choudhry,49,Other,Delhi,India,2024-10-08,Active,0.083,0
C13655,Daksha,Borde,19,Other,Kolkata,India,2023-11-14,Active,0.079,0
C13656,Forum,Raghavan,35,Other,Pune,India,2024-10-14,Active,0.277,0
C13657,Onkar,Devi,68,Other,Nagpur,India,2024-10-24,Active,0.43,0
C13658,Triveni,Dar,42,Female,Chennai,India,2026-02-23,Churned,0.187,1
C13659,Eiravati,Divan,37,Other,Nagpur,India,2024-03-15,Active,0.01,0
C13660,Odika,Sekhon,24,Female,Pune,India,2026-02-24,Churned,0.524,1
C13661,Jason,Vig,63,Other,Nagpur,India,2026-07-05,Active,0.105,0
C13662,Wridesh,Sridhar,43,Other,Mumbai,India,2025-11-28,Active,0.228,0
C13663,Vrishti,Mand,43,Other,Kolkata,India,2026-06-24,Active,0.487,0
C13664,Vasudha,Kara,22,Other,Pune,India,2025-01-13,Churned,0.501,1
C13665,Aishani,Minhas,66,Male,Pune,India,2024-01-21,Active,0.419,0
C13666,Ira,Kibe,29,Other,Nagpur,India,2024-01-07,Active,0.102,0
C13667,Samesh,Brahmbhatt,18,Other,Kolkata,India,2026-06-21,Active,0.174,0
C13668,Warda,Bhasin,69,Female,Pune,India,2023-12-26,Active,0.215,0
C13669,Agastya,Kalita,20,Male,Delhi,India,2024-07-27,Active,0.385,0
C13670,Lekha,Guha,59,Male,Pune,India,2025-08-28,Active,0.245,0
C13671,Henry,Oak,53,Female,Mumbai,India,2025-09-27,Active,0.344,0
C13672,Yoshita,Munshi,23,Male,Bengaluru,India,2024-07-21,Active,0.449,0
C13673,Sudiksha,Dube,41,Other,Nagpur,India,2024-12-28,Active,0.381,0
C13674,Hitesh,De,45,Other,Mumbai,India,2025-10-23,Active,0.145,0
C13675,Januja,Rajan,33,Female,Mumbai,India,2024-08-05,Churned,0.171,1
C13676,Yochana,Jain,51,Female,Kolkata,India,2025-08-03,Active,0.313,0
C13677,Raghav,Biswas,26,Other,Kolkata,India,2025-05-14,Active,0.15,0
C13678,Pallavi,Gala,62,Female,Hyderabad,India,2024-11-05,Active,0.097,0
C13679,Damyanti,Chaudry,56,Other,Delhi,India,2026-08-02,Churned,0.398,1
C13680,Triya,Chhabra,62,Male,Mumbai,India,2024-04-16,Active,0.02,0
C13681,Wridesh,Babu,33,Male,Delhi,India,2024-02-19,Active,0.45,0
C13682,Rachit,Loke,27,Female,Delhi,India,2025-08-16,Churned,0.154,1
C13683,Vamakshi,Wali,26,Other,Delhi,India,2023-10-15,Active,0.428,0
C13684,Indira,Lanka,55,Female,Bengaluru,India,2025-08-04,Active,0.149,0
C13685,Frado,Pandya,26,Other,Chennai,India,2024-03-02,Churned,0.499,1
C13686,Simon,Dora,22,Other,Bengaluru,India,2025-07-02,Churned,0.467,1
C13687,Yadavi,Sankar,34,Female,Nagpur,India,2025-05-09,Active,0.26,0
C13688,Gauri,Bera,43,Female,Pune,India,2025-10-29,Active,0.392,0
C13689,Anjali,Pingle,34,Other,Chennai,India,2025-07-17,Active,0.303,0
C13690,Chandran,Raja,62,Male,Delhi,India,2024-01-30,Active,0.059,0
C13691,Rishi,Menon,22,Other,Bengaluru,India,2025-06-18,Active,0.143,0
C13692,Neha,Goda,58,Other,Delhi,India,2024-06-21,Churned,0.599,1
C13693,Anya,Wagle,63,Female,Nagpur,India,2026-03-11,Active,0.169,0
C13694,Wakeeta,Venkataraman,44,Male,Hyderabad,India,2026-04-01,Churned,0.309,1
C13695,Ikbal,Bedi,68,Female,Chennai,India,2025-07-05,Active,0.129,0
C13696,Yuvraj,Choudhry,19,Other,Delhi,India,2026-06-01,Active,0.245,0
C13697,Ishwar,Bera,22,Female,Pune,India,2024-08-07,Active,0.181,0
C13698,Amaira,Khare,52,Male,Chennai,India,2023-10-26,Active,0.408,0
C13699,Harrison,Majumdar,22,Female,Pune,India,2023-12-12,Churned,0.196,1
C13700,Nidhi,Ramanathan,41,Female,Bengaluru,India,2024-08-17,Active,0.369,0
C13701,Harrison,Kannan,27,Male,Bengaluru,India,2025-05-03,Active,0.107,0
C13702,Amrita,Tandon,18,Male,Chennai,India,2026-08-10,Active,0.057,0
C13703,Onveer,Jani,32,Female,Pune,India,2024-07-16,Active,0.336,0
C13704,Bhavna,Mani,68,Male,Nagpur,India,2025-02-22,Churned,0.247,1
C13705,Girindra,Goyal,51,Other,Bengaluru,India,2023-09-05,Active,0.018,0
C13706,Vansha,Mody,55,Female,Pune,India,2025-10-21,Active,0.422,0
C13707,William,Garde,51,Female,Bengaluru,India,2026-08-04,Active,0.105,0
C13708,Ekaraj,Ganesan,53,Female,Pune,India,2025-01-02,Active,0.149,0
C13709,Gaurangi,Shah,21,Male,Hyderabad,India,2024-06-18,Active,0.53,0
C13710,Agastya,Som,66,Female,Nagpur,India,2024-04-08,Churned,0.489,1
C13711,Gaurika,Bail,40,Other,Chennai,India,2025-06-26,Churned,0.6,1
C13712,Aishani,Bose,48,Other,Nagpur,India,2024-06-02,Active,0.219,0
C13713,Aditya,Pandey,34,Male,Nagpur,India,2024-05-23,Active,0.127,0
C13714,Aarav,Suresh,60,Male,Nagpur,India,2025-09-06,Active,0.19,0
C13715,Urmi,Choudhary,42,Other,Bengaluru,India,2024-09-19,Churned,0.546,1
C13716,Anay,Mannan,21,Other,Hyderabad,India,2023-11-10,Active,0.029,0
C13717,Yahvi,Ganesh,63,Male,Chennai,India,2024-08-20,Active,0.119,0
C13718,Girindra,Chaudhry,63,Female,Nagpur,India,2024-04-15,Churned,0.302,1
C13719,Gautami,Sethi,46,Female,Kolkata,India,2024-12-17,Active,0.021,0
C13720,Indali,Kurian,50,Female,Bengaluru,India,2025-10-02,Active,0.108,0
C13721,Vidhi,Kulkarni,45,Other,Delhi,India,2026-06-27,Active,0.364,0
C13722,Tara,Arya,37,Other,Pune,India,2025-03-19,Active,0.093,0
C13723,Charvi,Nath,37,Female,Hyderabad,India,2025-03-01,Active,0.034,0
C13724,Veda,Chowdhury,23,Other,Pune,India,2025-11-13,Active,0.156,0
C13725,Zilmil,Bail,22,Other,Delhi,India,2024-10-24,Active,0.065,0
C13726,Nirja,Kannan,23,Male,Mumbai,India,2024-04-17,Active,0.234,0
C13727,Lucky,Parikh,23,Other,Bengaluru,India,2026-06-21,Churned,0.427,1
C13728,Azaan,Konda,53,Female,Mumbai,India,2025-10-13,Churned,0.167,1
C13729,Raagini,Parsa,45,Other,Nagpur,India,2026-02-14,Active,0.461,0
C13730,Gaurav,Hari,48,Female,Pune,India,2024-07-17,Active,0.423,0
C13731,Hritik,Mahal,43,Male,Delhi,India,2025-04-09,Active,0.448,0
C13732,Shivani,Vyas,65,Male,Chennai,India,2026-05-01,Active,0.341,0
C13733,Alka,Palla,62,Other,Hyderabad,India,2024-05-29,Active,0.437,0
C13734,Mahika,Sahni,33,Other,Mumbai,India,2025-01-27,Churned,0.464,1
C13735,Dayamai,Halder,56,Female,Nagpur,India,2024-11-03,Active,0.541,0
C13736,Zinal,Oza,61,Other,Delhi,India,2023-11-03,Active,0.462,0
C13737,Jason,Sant,29,Male,Hyderabad,India,2026-04-09,Active,0.487,0
C13738,Idika,Mani,26,Other,Hyderabad,India,2025-08-07,Active,0.29,0
C13739,Abhiram,Tara,21,Female,Kolkata,India,2024-02-19,Active,0.217,0
C13740,Manan,Shukla,42,Male,Hyderabad,India,2026-07-31,Active,0.167,0
C13741,Mason,Virk,25,Female,Delhi,India,2026-07-24,Active,0.214,0
C13742,Nicholas,Mitter,52,Male,Bengaluru,India,2024-11-24,Active,0.044,0
C13743,Bhavya,Bhattacharyya,37,Female,Bengaluru,India,2025-09-26,Active,0.12,0
C13744,Alexander,Setty,34,Male,Mumbai,India,2024-12-01,Churned,0.122,1
C13745,Teerth,Mandal,65,Other,Chennai,India,2023-11-03,Active,0.16,0
C13746,Jatin,Bera,31,Female,Mumbai,India,2026-03-10,Active,0.111,0
C13747,Damini,Ahluwalia,47,Other,Kolkata,India,2025-09-28,Active,0.414,0
C13748,Indira,Acharya,21,Female,Mumbai,India,2025-06-30,Active,0.086,0
C13749,Zayan,Devi,57,Female,Hyderabad,India,2023-11-17,Churned,0.387,1
C13750,Bhanumati,Thakkar,37,Female,Pune,India,2025-02-26,Active,0.321,0
C13751,Mohammed,Chadha,18,Female,Nagpur,India,2026-06-30,Active,0.054,0
C13752,Luke,Hegde,43,Female,Mumbai,India,2024-10-25,Active,0.393,0
C13753,Faris,Mannan,24,Female,Kolkata,India,2025-07-03,Churned,0.436,1
C13754,Azad,Solanki,30,Male,Nagpur,India,2024-08-05,Active,0.291,0
C13755,Yuvraj,Raju,44,Male,Kolkata,India,2025-03-04,Churned,0.241,1
C13756,Mohini,Chaudhari,18,Male,Bengaluru,India,2025-06-18,Churned,0.164,1
C13757,Chasmum,Mukhopadhyay,32,Female,Chennai,India,2024-10-10,Active,0.302,0
C13758,Rajata,Naidu,41,Female,Hyderabad,India,2024-05-27,Churned,0.361,1
C13759,Liam,Iyengar,45,Male,Bengaluru,India,2026-02-15,Active,0.329,0
C13760,Krishna,Saha,24,Female,Kolkata,India,2024-09-23,Active,0.259,0
C13761,Ryan,Mitra,28,Male,Hyderabad,India,2026-01-09,Active,0.117,0
C13762,Frederick,Mishra,65,Female,Mumbai,India,2024-12-17,Churned,0.536,1
C13763,Triya,Goswami,40,Other,Delhi,India,2026-01-28,Active,0.135,0
C13764,Rajeshri,Char,25,Male,Bengaluru,India,2025-04-07,Active,0.159,0
C13765,Riya,Munshi,20,Male,Chennai,India,2024-04-03,Active,0.464,0
C13766,Ishita,Sidhu,44,Other,Hyderabad,India,2025-10-22,Active,0.01,0
C13767,Prisha,Shukla,20,Male,Delhi,India,2025-03-04,Active,0.022,0
C13768,Nirja,Shenoy,48,Other,Bengaluru,India,2025-06-15,Churned,0.484,1
C13769,Avi,Sama,25,Female,Kolkata,India,2023-10-13,Active,0.379,0
C13770,Logan,Mittal,53,Female,Nagpur,India,2024-01-16,Churned,0.62,1
C13771,Yauvani,Prakash,38,Female,Chennai,India,2024-09-11,Active,0.099,0
C13772,Chaaya,Bera,26,Male,Pune,India,2024-03-16,Churned,0.439,1
C13773,Jeremiah,Rau,68,Male,Nagpur,India,2025-05-02,Active,0.317,0
C13774,Abeer,Shere,27,Female,Mumbai,India,2026-07-07,Active,0.158,0
C13775,Triveni,Bhagat,67,Other,Delhi,India,2025-11-13,Active,0.263,0
C13776,Christopher,Madan,21,Other,Hyderabad,India,2024-01-10,Active,0.395,0
C13777,Hredhaan,Nath,45,Other,Mumbai,India,2026-06-06,Churned,0.546,1
C13778,Gunbir,Mannan,45,Female,Bengaluru,India,2026-03-12,Active,0.143,0
C13779,Vasatika,Narula,36,Female,Pune,India,2026-01-26,Active,0.199,0
C13780,Jairaj,Vaidya,66,Female,Delhi,India,2023-12-04,Active,0.053,0
C13781,Samarth,Varty,57,Male,Nagpur,India,2023-11-22,Churned,0.474,1
C13782,Warhi,Deshpande,33,Female,Pune,India,2024-04-11,Active,0.191,0
C13783,Mohammed,Mitra,34,Other,Delhi,India,2024-08-13,Churned,0.23,1
C13784,Deepa,Ahuja,60,Female,Delhi,India,2026-05-03,Active,0.272,0
C13785,Sai,Contractor,48,Other,Pune,India,2025-09-23,Active,0.382,0
C13786,Aadi,Dua,62,Other,Nagpur,India,2023-12-14,Churned,0.517,1
C13787,Jai,Venkatesh,30,Other,Nagpur,India,2026-03-26,Active,0.195,0
C13788,Yug,Jayaraman,32,Male,Nagpur,India,2024-01-29,Active,0.401,0
C13789,Urvi,Bakshi,43,Male,Bengaluru,India,2024-02-08,Churned,0.558,1
C13790,Sachi,Raman,30,Male,Chennai,India,2025-10-25,Active,0.172,0
C13791,Jairaj,Mital,19,Other,Delhi,India,2023-11-26,Active,0.167,0
C13792,Veda,Gour,23,Male,Chennai,India,2025-05-21,Active,0.18,0
C13793,Abha,Sarna,44,Other,Bengaluru,India,2024-08-30,Active,0.153,0
C13794,Jatin,Sankaran,62,Other,Delhi,India,2026-06-19,Churned,0.422,1
C13795,Anthony,Goyal,32,Female,Chennai,India,2024-04-15,Active,0.252,0
C13796,Wridesh,Garde,48,Male,Chennai,India,2024-04-08,Churned,0.499,1
C13797,Sai,Soni,59,Male,Bengaluru,India,2025-11-03,Churned,0.252,1
C13798,Bimala,Mann,25,Female,Hyderabad,India,2025-09-16,Churned,0.412,1
C13799,Harish,Tailor,35,Female,Chennai,India,2026-07-03,Active,0.601,0
C13800,Anvi,Raman,33,Female,Mumbai,India,2025-03-24,Active,0.35,0
C13801,Hredhaan,Shetty,29,Male,Mumbai,India,2025-04-22,Active,0.067,0
C13802,Pavani,Divan,21,Other,Hyderabad,India,2025-06-09,Churned,0.458,1
C13803,Bhanumati,Shankar,31,Female,Kolkata,India,2023-10-14,Churned,0.432,1
C13804,Lopa,Apte,35,Other,Pune,India,2024-03-05,Active,0.299,0
C13805,Chavvi,Bandi,45,Male,Bengaluru,India,2026-02-18,Active,0.434,0
C13806,Sai,Basak,49,Female,Hyderabad,India,2026-05-30,Active,0.131,0
C13807,Liam,Sidhu,37,Male,Pune,India,2025-03-05,Active,0.32,0
C13808,Aradhana,Andra,60,Male,Nagpur,India,2025-08-13,Active,0.205,0
C13809,Ishita,Tella,39,Female,Hyderabad,India,2024-05-03,Churned,0.282,1
C13810,Shivansh,Palla,65,Other,Hyderabad,India,2025-10-21,Churned,0.577,1
C13811,Madhavi,Varghese,33,Other,Bengaluru,India,2025-11-24,Active,0.086,0
C13812,Owen,Doshi,31,Other,Chennai,India,2023-12-07,Churned,0.396,1
C13813,Harinakshi,Sharaf,23,Male,Nagpur,India,2025-02-28,Active,0.151,0
C13814,Arya,Mitter,58,Other,Pune,India,2024-04-05,Active,0.169,0
C13815,Ekansh,Sule,20,Other,Delhi,India,2025-05-04,Active,0.19,0
C13816,Urmi,Gole,30,Other,Kolkata,India,2025-04-07,Active,0.299,0
C13817,Yashica,Vora,24,Male,Hyderabad,India,2026-02-11,Churned,0.513,1
C13818,Kai,Naik,37,Other,Kolkata,India,2024-10-07,Active,0.467,0
C13819,Ijaya,Raval,66,Male,Nagpur,India,2026-03-03,Churned,0.433,1
C13820,Chakradev,Balan,20,Male,Delhi,India,2023-12-14,Active,0.106,0
C13821,Vincent,Char,44,Other,Bengaluru,India,2024-05-05,Active,0.125,0
C13822,Hitesh,Tata,66,Other,Hyderabad,India,2026-06-30,Active,0.144,0
C13823,Vamakshi,Naik,41,Female,Pune,India,2026-07-22,Active,0.016,0
C13824,Warjas,Cheema,45,Male,Kolkata,India,2024-08-25,Active,0.431,0
C13825,Leena,Salvi,44,Other,Mumbai,India,2024-05-28,Active,0.332,0
C13826,David,Krishna,28,Other,Bengaluru,India,2023-12-09,Active,0.407,0
C13827,Baljiwan,Bora,62,Male,Bengaluru,India,2024-02-25,Active,0.01,0
C13828,Kavya,Balan,20,Other,Mumbai,India,2025-07-17,Churned,0.375,1
C13829,Ekani,Chokshi,68,Other,Delhi,India,2024-05-28,Active,0.172,0
C13830,Shivani,Purohit,65,Female,Kolkata,India,2026-08-21,Active,0.048,0
C13831,Ryan,Hayre,61,Other,Pune,India,2024-03-25,Active,0.304,0
C13832,Vritti,Sarma,28,Female,Chennai,India,2024-09-27,Active,0.258,0
C13833,Bhavika,Kar,53,Female,Chennai,India,2026-07-21,Active,0.036,0
C13834,Neel,Saraf,56,Female,Delhi,India,2024-07-09,Churned,0.544,1
C13835,Rehaan,Chadha,29,Male,Nagpur,India,2025-11-30,Active,0.167,0
C13836,Arjun,Char,54,Male,Mumbai,India,2026-02-21,Churned,0.657,1
C13837,Bahadurjit,Dey,68,Other,Kolkata,India,2024-07-13,Churned,0.488,1
C13838,Jagvi,Reddy,50,Other,Bengaluru,India,2023-09-09,Active,0.232,0
C13839,Ekbal,Oak,37,Male,Bengaluru,India,2026-01-30,Churned,0.175,1
C13840,Watika,Gupta,63,Female,Pune,India,2024-06-14,Active,0.307,0
C13841,Urvi,Tella,28,Male,Mumbai,India,2024-07-19,Active,0.174,0
C13842,Ishanvi,Devi,52,Male,Bengaluru,India,2025-02-28,Active,0.061,0
C13843,Reva,Sane,20,Other,Nagpur,India,2023-12-14,Active,0.189,0
C13844,Krisha,Bobal,35,Male,Bengaluru,India,2026-04-29,Active,0.375,0
C13845,Farhan,Datta,68,Male,Delhi,India,2026-02-01,Churned,0.611,1
C13846,Chanchal,Chaudhuri,70,Male,Pune,India,2025-11-12,Churned,0.307,1
C13847,Wishi,Kashyap,18,Other,Hyderabad,India,2024-03-02,Active,0.026,0
C13848,Ganga,Bajaj,58,Other,Hyderabad,India,2023-11-19,Active,0.274,0
C13849,Bimala,Krishnamurthy,38,Male,Bengaluru,India,2024-08-14,Active,0.141,0
C13850,Ishita,Bir,64,Male,Chennai,India,2025-04-29,Active,0.214,0
C13851,Bhavna,Borde,57,Female,Hyderabad,India,2024-05-03,Active,0.2,0
C13852,Wyatt,Vasa,21,Other,Mumbai,India,2025-12-09,Active,0.344,0
C13853,Xiti,Muni,70,Female,Delhi,India,2026-04-07,Active,0.255,0
C13854,Dakshesh,Choudhry,64,Female,Nagpur,India,2025-05-13,Churned,0.255,1
C13855,Urishilla,Lall,34,Male,Pune,India,2026-02-22,Churned,0.384,1
C13856,Ayushman,Bali,64,Other,Chennai,India,2026-06-11,Active,0.083,0
C13857,Oviya,Lal,59,Female,Delhi,India,2025-02-07,Active,0.024,0
C13858,Gaurika,Bhargava,70,Female,Delhi,India,2024-07-08,Churned,0.107,1
C13859,Samarth,Narayan,38,Female,Delhi,India,2024-04-04,Churned,0.402,1
C13860,David,Keer,55,Other,Chennai,India,2026-06-27,Churned,0.443,1
C13861,Elijah,Banik,27,Female,Delhi,India,2025-10-06,Churned,0.435,1
C13862,Ekavir,Saha,64,Other,Chennai,India,2025-02-19,Active,0.101,0
C13863,Faris,Srinivas,41,Male,Kolkata,India,2026-03-18,Active,0.47,0
C13864,Anika,Barman,23,Female,Nagpur,India,2024-03-20,Active,0.16,0
C13865,Balendra,Taneja,47,Male,Nagpur,India,2024-02-09,Churned,0.493,1
C13866,Umang,Palla,30,Other,Kolkata,India,2025-10-28,Active,0.133,0
C13867,Vanya,Mitter,64,Male,Bengaluru,India,2025-07-02,Churned,0.38,1
C13868,Ansh,Bhakta,19,Female,Nagpur,India,2024-08-19,Active,0.01,0
C13869,Rohan,Warrior,29,Female,Delhi,India,2023-10-11,Active,0.191,0
C13870,Ladli,Badami,22,Male,Pune,India,2026-04-02,Active,0.147,0
C13871,Vasatika,Ben,45,Male,Kolkata,India,2026-01-06,Active,0.44,0
C13872,Krishna,Dass,59,Female,Pune,India,2025-04-24,Active,0.154,0
C13873,Prisha,Devi,64,Other,Nagpur,India,2025-06-29,Active,0.126,0
C13874,Raksha,Dalal,64,Male,Pune,India,2024-02-27,Active,0.247,0
C13875,Jhalak,Pandey,42,Female,Mumbai,India,2026-04-14,Active,0.33,0
C13876,Hemal,Sarkar,25,Male,Mumbai,India,2024-06-27,Active,0.116,0
C13877,Wazir,Kata,26,Male,Pune,India,2023-11-29,Active,0.313,0
C13878,Advaith,Karan,35,Male,Mumbai,India,2024-01-21,Active,0.025,0
C13879,Chakradev,Aurora,68,Male,Pune,India,2025-06-03,Churned,0.426,1
C13880,Dakshesh,Bose,52,Other,Hyderabad,India,2024-09-23,Active,0.269,0
C13881,Jonathan,Sarna,63,Male,Delhi,India,2023-11-28,Active,0.161,0
C13882,Barkha,Bassi,26,Female,Kolkata,India,2024-06-07,Active,0.269,0
C13883,Inaya,Konda,70,Male,Bengaluru,India,2024-12-31,Active,0.146,0
C13884,Kai,Rao,39,Female,Nagpur,India,2024-11-28,Active,0.508,0
C13885,Jason,Bose,33,Male,Bengaluru,India,2025-09-13,Active,0.09,0
C13886,Zashil,Jha,58,Other,Pune,India,2023-12-28,Churned,0.43,1
C13887,Ishanvi,Kannan,19,Male,Pune,India,2025-10-08,Active,0.175,0
C13888,Chasmum,Peri,52,Female,Pune,India,2025-07-21,Active,0.113,0
C13889,Brinda,Konda,50,Female,Nagpur,India,2026-01-04,Active,0.034,0
C13890,Amara,Nagar,18,Male,Mumbai,India,2025-11-27,Churned,0.57,1
C13891,Yahvi,Chawla,32,Female,Chennai,India,2026-08-19,Active,0.276,0
C13892,Hiral,Roy,27,Female,Bengaluru,India,2023-11-23,Active,0.388,0
C13893,Vedika,Mammen,32,Other,Chennai,India,2026-04-24,Churned,0.574,1
C13894,Samar,Devan,61,Other,Pune,India,2023-12-31,Churned,0.414,1
C13895,Vihaan,Mody,49,Male,Pune,India,2025-11-18,Active,0.082,0
C13896,Shivansh,Das,32,Male,Bengaluru,India,2026-01-07,Active,0.155,0
C13897,Lucky,Banik,40,Male,Hyderabad,India,2025-04-01,Active,0.273,0
C13898,Ria,Setty,25,Female,Pune,India,2024-08-31,Active,0.153,0
C13899,Ansh,Tara,20,Other,Nagpur,India,2024-02-25,Active,0.194,0
C13900,Anamika,Mall,29,Female,Hyderabad,India,2023-10-23,Active,0.103,0
C13901,Leena,Mital,56,Male,Chennai,India,2026-03-02,Active,0.184,0
C13902,Darpan,Mallick,27,Other,Bengaluru,India,2024-01-10,Active,0.449,0
C13903,Leena,Tandon,57,Female,Hyderabad,India,2026-04-05,Active,0.212,0
C13904,Lavanya,Rajagopalan,24,Female,Kolkata,India,2023-09-30,Churned,0.172,1
C13905,Chaitanya,Kapur,60,Female,Bengaluru,India,2025-07-21,Active,0.106,0
C13906,Ladli,Gour,69,Other,Pune,India,2024-07-16,Active,0.352,0
C13907,Raagini,Walia,68,Male,Nagpur,India,2026-06-22,Active,0.41,0
C13908,Dalaja,Balay,67,Other,Nagpur,India,2023-11-21,Active,0.173,0
C13909,Ijaya,Bal,38,Male,Chennai,India,2025-12-20,Churned,0.125,1
C13910,Gayathri,Lala,46,Other,Kolkata,India,2026-04-03,Active,0.091,0
C13911,Tarak,Bala,70,Male,Pune,India,2026-03-07,Active,0.035,0
C13912,Radha,Sane,54,Female,Bengaluru,India,2025-02-11,Churned,0.341,1
C13913,Ikbal,Rama,27,Male,Hyderabad,India,2023-11-28,Churned,0.425,1
C13914,Bhavna,Warrior,26,Male,Chennai,India,2026-07-20,Active,0.094,0
C13915,Panini,Venkataraman,40,Female,Kolkata,India,2025-08-21,Active,0.056,0
C13916,Nicholas,Raj,45,Female,Chennai,India,2024-10-09,Active,0.02,0
C13917,Wazir,Deo,56,Other,Hyderabad,India,2025-08-26,Active,0.101,0
C13918,Avni,Mahal,26,Other,Delhi,India,2023-09-24,Active,0.316,0
C13919,Zaid,Merchant,42,Female,Kolkata,India,2024-01-11,Active,0.161,0
C13920,Megha,Barad,52,Other,Kolkata,India,2025-02-06,Churned,0.518,1
C13921,Anusha,Pathak,52,Other,Delhi,India,2026-04-14,Active,0.237,0
C13922,Zashil,Arora,42,Male,Chennai,India,2024-10-22,Active,0.187,0
C13923,Damyanti,Nagi,51,Other,Delhi,India,2024-03-12,Active,0.262,0
C13924,Praneel,Sawhney,62,Male,Delhi,India,2024-10-15,Churned,0.563,1
C13925,Anay,Sarraf,41,Male,Delhi,India,2025-08-19,Active,0.412,0
C13926,Unnati,Bansal,19,Female,Kolkata,India,2023-09-14,Active,0.03,0
C13927,Varsha,Kamdar,26,Male,Mumbai,India,2025-03-11,Active,0.159,0
C13928,Dalbir,Buch,40,Female,Nagpur,India,2025-05-27,Active,0.15,0
C13929,Dipta,Bhatt,36,Female,Nagpur,India,2024-11-03,Active,0.041,0
C13930,Pranit,Kuruvilla,53,Female,Delhi,India,2025-07-16,Active,0.014,0
C13931,Aashi,Talwar,31,Male,Mumbai,India,2024-11-02,Active,0.486,0
C13932,Utkarsh,Ghosh,65,Male,Pune,India,2024-03-16,Churned,0.401,1
C13933,Chandran,Kaul,62,Other,Nagpur,India,2024-04-16,Churned,0.412,1
C13934,Balvan,Gour,42,Other,Mumbai,India,2024-02-25,Active,0.399,0
C13935,Yashawini,Sarraf,62,Female,Hyderabad,India,2026-07-30,Active,0.266,0
C13936,Edhitha,Barman,21,Other,Pune,India,2026-02-17,Active,0.084,0
C13937,Vedant,Bhat,60,Other,Pune,India,2026-01-07,Churned,0.474,1
C13938,Aarini,Babu,48,Other,Nagpur,India,2024-10-07,Active,0.454,0
C13939,Ira,Zachariah,19,Male,Hyderabad,India,2026-07-20,Active,0.545,0
C13940,Wahab,Palla,27,Male,Delhi,India,2023-11-09,Active,0.145,0
C13941,Faras,Tripathi,22,Male,Chennai,India,2024-02-17,Active,0.155,0
C13942,Isaiah,Vaidya,27,Male,Kolkata,India,2025-07-21,Churned,0.155,1
C13943,Warjas,Jani,65,Male,Bengaluru,India,2023-12-30,Churned,0.19,1
C13944,Kamya,Sagar,48,Female,Hyderabad,India,2025-01-19,Active,0.201,0
C13945,Pooja,Mandal,46,Other,Mumbai,India,2023-12-20,Active,0.112,0
C13946,Aryan,Narain,36,Male,Nagpur,India,2024-04-10,Active,0.165,0
C13947,Jagvi,Nayak,21,Other,Mumbai,India,2026-03-31,Active,0.08,0
C13948,Kavya,Singhal,56,Male,Nagpur,India,2025-05-27,Churned,0.229,1
C13949,Azaan,Dyal,18,Female,Chennai,India,2024-11-30,Active,0.171,0
C13950,Chaitanya,Mannan,61,Female,Bengaluru,India,2025-03-26,Churned,0.306,1
C13951,Atharv,Cherian,54,Other,Bengaluru,India,2024-04-21,Active,0.638,0
C13952,Siddharth,Munshi,63,Male,Chennai,India,2026-04-04,Churned,0.207,1
C13953,Yashoda,Padmanabhan,28,Female,Pune,India,2025-11-02,Churned,0.084,1
C13954,Kritika,Bali,51,Female,Nagpur,India,2024-07-30,Active,0.093,0
C13955,Mason,Raj,65,Male,Chennai,India,2026-06-17,Churned,0.519,1
C13956,Farhan,Brahmbhatt,57,Male,Delhi,India,2026-06-05,Active,0.188,0
C13957,Yahvi,Sahota,43,Male,Pune,India,2024-08-14,Active,0.454,0
C13958,Jairaj,Wable,70,Other,Kolkata,India,2025-12-16,Active,0.3,0
C13959,Urmi,Vohra,48,Female,Chennai,India,2023-11-19,Active,0.168,0
C13960,Ridhi,Nadig,70,Female,Nagpur,India,2025-11-17,Active,0.191,0
C13961,Robert,Memon,21,Female,Chennai,India,2024-10-23,Active,0.165,0
C13962,Falguni,Kibe,30,Female,Pune,India,2024-09-14,Active,0.398,0
C13963,Vihaan,Shah,24,Male,Hyderabad,India,2025-03-16,Active,0.394,0
C13964,Jack,Khosla,56,Female,Mumbai,India,2025-01-02,Churned,0.315,1
C13965,Nimrat,Pathak,33,Female,Nagpur,India,2025-07-23,Active,0.307,0
C13966,Indira,Tiwari,52,Male,Pune,India,2024-01-02,Churned,0.312,1
C13967,Janaki,Sule,31,Other,Mumbai,India,2023-12-28,Active,0.44,0
C13968,Victor,Sen,66,Female,Delhi,India,2026-03-29,Active,0.126,0
C13969,Victor,Dass,53,Male,Mumbai,India,2025-06-12,Active,0.231,0
C13970,Yash,Reddy,33,Female,Pune,India,2025-12-14,Active,0.516,0
C13971,Lakshit,Lad,54,Other,Mumbai,India,2026-07-14,Churned,0.516,1
C13972,Harita,Murthy,54,Female,Mumbai,India,2024-11-19,Active,0.42,0
C13973,Finn,Rege,21,Female,Pune,India,2024-03-02,Active,0.038,0
C13974,Yashasvi,Divan,37,Male,Hyderabad,India,2025-06-16,Churned,0.542,1
C13975,Warda,Hora,66,Female,Chennai,India,2026-02-11,Active,0.173,0
C13976,Sudiksha,Aurora,50,Male,Hyderabad,India,2024-06-06,Active,0.195,0
C13977,Jai,Sahota,66,Female,Hyderabad,India,2024-05-17,Active,0.44,0
C13978,Upma,Chaudhuri,26,Other,Pune,India,2024-10-14,Active,0.189,0
C13979,Bahadurjit,Sankar,39,Female,Pune,India,2024-03-15,Active,0.067,0
C13980,Ojas,Bora,50,Male,Mumbai,India,2023-10-08,Active,0.115,0
C13981,Yutika,Wagle,55,Female,Kolkata,India,2024-03-24,Active,0.088,0
C13982,Pahal,Pandya,55,Male,Bengaluru,India,2025-04-25,Active,0.413,0
C13983,Neelima,Khurana,28,Male,Kolkata,India,2024-03-16,Active,0.06,0
C13984,Jagat,Nayar,23,Other,Pune,India,2024-11-29,Active,0.227,0
C13985,Hritik,Bath,63,Male,Delhi,India,2025-02-04,Active,0.042,0
C13986,Isha,Sen,69,Other,Nagpur,India,2023-12-24,Active,0.098,0
C13987,Shivani,Sarin,67,Other,Nagpur,India,2025-05-28,Churned,0.496,1
C13988,Vansha,Desai,50,Other,Hyderabad,India,2024-11-23,Active,0.152,0
C13989,Yashodhara,Chacko,46,Male,Hyderabad,India,2024-06-11,Active,0.192,0
C13990,Abhimanyu,Pingle,36,Female,Chennai,India,2024-04-24,Active,0.173,0
C13991,Sudiksha,Raghavan,20,Other,Chennai,India,2026-07-13,Active,0.4,0
C13992,Reva,Goda,33,Male,Pune,India,2025-01-10,Active,0.369,0
C13993,Ati,Chatterjee,27,Other,Kolkata,India,2025-10-30,Active,0.194,0
C13994,Chameli,Tak,24,Male,Nagpur,India,2024-08-26,Active,0.458,0
C13995,Chanakya,Vasa,67,Female,Pune,India,2025-02-11,Active,0.079,0
C13996,Yashoda,Sandhu,49,Male,Kolkata,India,2025-11-24,Active,0.145,0
C13997,Ekantika,Rajagopalan,38,Male,Bengaluru,India,2024-11-17,Active,0.327,0
C13998,Pranav,Dhar,28,Male,Bengaluru,India,2025-01-07,Active,0.012,0
C13999,Shivansh,Sani,54,Female,Hyderabad,India,2023-11-05,Active,0.421,0
C14000,Arunima,Murthy,23,Male,Nagpur,India,2025-11-15,Active,0.491,0
C14001,Idika,Mane,63,Female,Bengaluru,India,2024-02-02,Active,0.152,0
C14002,Jagat,Mani,48,Female,Kolkata,India,2024-05-15,Churned,0.49,1
C14003,Vidhi,Sarna,59,Male,Pune,India,2024-10-30,Active,0.537,0
C14004,Omkaar,Mani,54,Female,Mumbai,India,2024-08-13,Active,0.256,0
C14005,Hitesh,Kata,41,Female,Chennai,India,2024-10-08,Active,0.249,0
C14006,Arya,Dhaliwal,44,Other,Nagpur,India,2026-07-02,Active,0.164,0
C14007,Samuel,Trivedi,46,Female,Hyderabad,India,2024-01-28,Active,0.444,0
C14008,Ayaan,Baral,41,Male,Chennai,India,2024-05-20,Active,0.168,0
C14009,Robert,Ahuja,50,Female,Bengaluru,India,2025-12-17,Active,0.347,0
C14010,Atharv,Pingle,61,Male,Mumbai,India,2025-09-28,Churned,0.346,1
C14011,Baghyawati,Sandhu,65,Male,Mumbai,India,2024-07-12,Churned,0.55,1
C14012,Jonathan,Setty,27,Male,Bengaluru,India,2025-07-23,Active,0.38,0
C14013,Imaran,Dar,42,Male,Chennai,India,2024-12-02,Active,0.103,0
C14014,Rachana,Tak,22,Male,Chennai,India,2025-07-22,Active,0.163,0
C14015,Gabriel,Devan,47,Other,Pune,India,2024-10-13,Active,0.152,0
C14016,Jackson,Pandya,40,Female,Kolkata,India,2024-11-06,Active,0.265,0
C14017,Tristan,Borde,59,Other,Kolkata,India,2024-01-01,Active,0.025,0
C14018,Naksh,Tripathi,24,Male,Nagpur,India,2025-01-21,Active,0.559,0
C14019,Anya,Setty,64,Male,Chennai,India,2025-02-02,Active,0.107,0
C14020,Yochana,Borah,67,Female,Delhi,India,2026-05-07,Churned,0.115,1
C14021,Divya,Barad,43,Female,Pune,India,2026-08-04,Active,0.478,0
C14022,Harish,Verma,38,Female,Kolkata,India,2025-07-05,Active,0.184,0
C14023,Ranveer,Banik,31,Other,Kolkata,India,2025-01-06,Active,0.425,0
C14024,Abhiram,Korpal,25,Female,Kolkata,India,2026-05-13,Active,0.251,0
C14025,Krisha,Kannan,20,Other,Nagpur,India,2024-03-31,Active,0.367,0
C14026,Rohan,Lanka,48,Male,Delhi,India,2026-07-13,Active,0.343,0
C14027,Max,Sundaram,38,Other,Mumbai,India,2025-08-31,Active,0.196,0
C14028,Watika,Mandal,56,Female,Mumbai,India,2024-06-17,Active,0.46,0
C14029,Rushil,Chakrabarti,69,Female,Chennai,India,2024-03-23,Active,0.434,0
C14030,Tanish,Aggarwal,48,Male,Mumbai,India,2025-11-11,Active,0.198,0
C14031,Ekalinga,Swaminathan,31,Male,Chennai,India,2025-07-06,Active,0.063,0
C14032,Sathvik,Gokhale,35,Female,Nagpur,India,2026-01-14,Active,0.195,0
C14033,Omya,Lall,23,Male,Pune,India,2023-10-31,Active,0.277,0
C14034,Lajita,Keer,35,Female,Pune,India,2026-04-10,Active,0.128,0
C14035,Ikshita,Sule,37,Other,Kolkata,India,2026-05-18,Churned,0.545,1
C14036,Pranit,Mital,44,Other,Delhi,India,2025-12-03,Active,0.224,0
C14037,Brinda,Sundaram,60,Female,Nagpur,India,2024-08-26,Active,0.153,0
C14038,Manya,Parikh,21,Male,Chennai,India,2025-10-01,Active,0.463,0
C14039,Vasana,Merchant,39,Female,Nagpur,India,2025-12-23,Active,0.341,0
C14040,Theodore,Chowdhury,30,Female,Chennai,India,2024-01-28,Active,0.217,0
C14041,Oni,Sekhon,48,Female,Nagpur,India,2024-11-20,Active,0.111,0
C14042,Yug,Sandal,62,Female,Hyderabad,India,2025-01-18,Active,0.101,0
C14043,Patrick,Shetty,62,Other,Chennai,India,2024-02-27,Churned,0.468,1
C14044,Ishaan,Palan,70,Male,Delhi,India,2025-01-08,Active,0.175,0
C14045,Mitali,Dave,22,Other,Nagpur,India,2026-08-18,Churned,0.185,1
C14046,Vrinda,Sabharwal,38,Other,Hyderabad,India,2025-09-21,Active,0.266,0
C14047,Wahab,Balakrishnan,18,Male,Kolkata,India,2026-08-03,Churned,0.159,1
C14048,Amrita,Tripathi,27,Female,Hyderabad,India,2024-11-25,Churned,0.153,1
C14049,Nilima,Bhat,25,Other,Chennai,India,2024-07-31,Active,0.208,0
C14050,Ekantika,Lal,34,Other,Mumbai,India,2026-01-21,Active,0.224,0
C14051,Eesha,Sabharwal,46,Male,Kolkata,India,2026-07-15,Churned,0.262,1
C14052,Riya,Sandal,58,Other,Pune,India,2025-04-30,Active,0.119,0
C14053,Abha,Bhagat,20,Male,Delhi,India,2025-05-12,Churned,0.41,1
C14054,Vedika,Kanda,44,Other,Nagpur,India,2024-10-21,Active,0.2,0
C14055,Chakradev,Morar,56,Female,Delhi,India,2025-02-09,Churned,0.374,1
C14056,Nimrat,Kant,40,Male,Delhi,India,2025-07-27,Active,0.55,0
C14057,Ojas,Wason,61,Other,Mumbai,India,2026-02-06,Churned,0.477,1
C14058,Imaran,Narayan,41,Female,Mumbai,India,2024-07-17,Active,0.241,0
C14059,Anmol,Bail,37,Female,Pune,India,2024-03-19,Active,0.253,0
C14060,Gautam,Nath,62,Female,Kolkata,India,2025-04-12,Active,0.017,0
C14061,Dev,Bawa,44,Female,Hyderabad,India,2025-03-01,Active,0.329,0
C14062,Shivansh,Pathak,40,Other,Chennai,India,2025-11-14,Churned,0.492,1
C14063,Rushil,Dugar,51,Female,Pune,India,2025-12-10,Active,0.258,0
C14064,Meghana,Karnik,29,Female,Chennai,India,2025-12-11,Churned,0.093,1
C14065,Neel,Prakash,41,Male,Nagpur,India,2024-11-24,Active,0.187,0
C14066,Odika,Kale,52,Female,Chennai,India,2025-01-27,Active,0.258,0
C14067,Yuvraj,Arya,36,Other,Chennai,India,2026-01-06,Active,0.397,0
C14068,Anmol,Vyas,58,Female,Pune,India,2023-10-27,Active,0.318,0
C14069,Yachana,Rao,23,Male,Pune,India,2024-02-07,Churned,0.14,1
C14070,Brijesh,Dugar,59,Male,Chennai,India,2025-09-23,Active,0.234,0
C14071,Charvi,Bajwa,24,Female,Pune,India,2024-11-13,Active,0.212,0
C14072,Yug,Bandi,58,Female,Mumbai,India,2024-08-23,Active,0.444,0
C14073,Jatin,Purohit,60,Female,Chennai,India,2024-10-28,Active,0.575,0
C14074,Nandini,Deep,31,Male,Kolkata,India,2026-06-14,Churned,0.18,1
C14075,Frado,Bose,53,Female,Pune,India,2024-10-24,Active,0.512,0
C14076,Yamini,Sagar,30,Female,Pune,India,2023-12-24,Churned,0.233,1
C14077,Alexander,Doshi,40,Female,Chennai,India,2023-10-02,Churned,0.39,1
C14078,Mahika,Hari,70,Other,Chennai,India,2024-01-27,Active,0.56,0
C14079,Devika,Naik,18,Female,Delhi,India,2026-03-29,Active,0.171,0
C14080,Yauvani,Bajaj,50,Female,Bengaluru,India,2025-06-22,Churned,0.37,1
C14081,Anusha,Shanker,60,Female,Bengaluru,India,2024-12-13,Active,0.176,0
C14082,Harish,Lalla,68,Female,Delhi,India,2024-07-11,Active,0.122,0
C14083,Urishilla,Puri,18,Female,Mumbai,India,2026-06-16,Active,0.218,0
C14084,Pushti,Chander,18,Male,Nagpur,India,2024-11-26,Active,0.285,0
C14085,Niharika,Mallick,68,Female,Hyderabad,India,2024-08-11,Active,0.194,0
C14086,Bhavani,Walla,39,Male,Chennai,India,2025-09-20,Churned,0.482,1
C14087,Yash,Raja,33,Other,Chennai,India,2025-10-26,Active,0.429,0
C14088,Watika,Ramesh,30,Other,Chennai,India,2023-09-27,Active,0.444,0
C14089,Hritik,Sethi,21,Other,Chennai,India,2025-04-02,Active,0.124,0
C14090,Aryan,Ranganathan,26,Other,Chennai,India,2024-08-14,Active,0.384,0
C14091,Sanya,Pingle,64,Male,Chennai,India,2024-08-26,Active,0.331,0
C14092,Ikbal,Mukhopadhyay,38,Other,Nagpur,India,2025-09-10,Churned,0.407,1
C14093,Maanas,Chacko,45,Male,Pune,India,2025-01-29,Active,0.129,0
C14094,Omkaar,Johal,63,Male,Pune,India,2024-01-27,Churned,0.254,1
C14095,Zaid,Chacko,58,Other,Chennai,India,2025-09-30,Active,0.632,0
C14096,Neha,Solanki,66,Other,Bengaluru,India,2024-04-07,Active,0.467,0
C14097,Viraj,Bhargava,53,Male,Hyderabad,India,2025-11-22,Active,0.134,0
C14098,Zayyan,Sabharwal,31,Male,Pune,India,2025-10-06,Active,0.438,0
C14099,Geetika,Dora,19,Female,Mumbai,India,2024-12-27,Active,0.368,0
C14100,Ekanta,Ray,58,Other,Nagpur,India,2023-10-27,Active,0.238,0
C14101,Amrita,Kadakia,19,Other,Pune,India,2023-09-09,Active,0.399,0
C14102,Vrinda,Tata,54,Female,Mumbai,India,2026-01-21,Active,0.274,0
C14103,Warinder,Nagy,65,Other,Nagpur,India,2024-12-30,Active,0.146,0
C14104,Vasudha,Varkey,47,Other,Hyderabad,India,2025-08-17,Active,0.113,0
C14105,Finn,Cheema,29,Male,Delhi,India,2026-01-09,Active,0.431,0
C14106,Faras,Prashad,37,Male,Delhi,India,2025-06-23,Active,0.097,0
C14107,Agastya,Edwin,64,Female,Bengaluru,India,2024-03-16,Active,0.152,0
C14108,Jairaj,Ganesan,60,Male,Bengaluru,India,2025-11-16,Active,0.138,0
C14109,Raksha,Comar,23,Male,Mumbai,India,2024-07-03,Active,0.536,0
C14110,Panini,Tandon,58,Other,Pune,India,2023-10-31,Churned,0.51,1
C14111,Vidhi,Dey,25,Female,Pune,India,2024-05-23,Active,0.167,0
C14112,Omya,Rastogi,24,Male,Bengaluru,India,2025-12-28,Churned,0.11,1
C14113,Chaman,Dalal,34,Male,Pune,India,2023-09-15,Active,0.035,0
C14114,Chaitaly,Madan,22,Female,Hyderabad,India,2025-07-08,Active,0.216,0
C14115,Ekantika,Prabhu,31,Female,Pune,India,2025-11-20,Active,0.239,0
C14116,Noah,Dhaliwal,49,Male,Chennai,India,2026-01-23,Active,0.5,0
C14117,Samarth,Prabhu,22,Female,Pune,India,2024-11-24,Churned,0.56,1
C14118,Zayan,Sodhi,31,Other,Chennai,India,2025-11-15,Active,0.09,0
C14119,Shivansh,Narayanan,42,Female,Kolkata,India,2025-08-20,Active,0.07,0
C14120,Nitesh,Viswanathan,69,Male,Nagpur,India,2024-03-29,Active,0.563,0
C14121,Advaith,Nadkarni,37,Male,Nagpur,India,2025-09-06,Active,0.251,0
C14122,Praneel,Doctor,60,Other,Mumbai,India,2025-06-08,Active,0.482,0
C14123,Ekalinga,Ahluwalia,25,Female,Hyderabad,India,2025-08-31,Churned,0.413,1
C14124,Raghav,Iyengar,48,Other,Mumbai,India,2024-12-28,Active,0.202,0
C14125,Girindra,Yogi,28,Other,Bengaluru,India,2026-08-14,Churned,0.571,1
C14126,Ganga,Chandra,25,Male,Mumbai,India,2025-08-13,Churned,0.192,1
C14127,Upadhriti,Dugar,52,Male,Nagpur,India,2023-12-04,Active,0.101,0
C14128,Inaya,Kara,31,Female,Pune,India,2023-12-13,Churned,0.221,1
C14129,Akshay,Hans,31,Male,Hyderabad,India,2025-02-17,Churned,0.425,1
C14130,Bhavani,Sandhu,26,Male,Pune,India,2024-10-31,Churned,0.361,1
C14131,Damini,Pillai,64,Other,Nagpur,India,2026-02-24,Active,0.409,0
C14132,Neha,Kumar,35,Female,Kolkata,India,2026-04-28,Active,0.256,0
C14133,Samaksh,Brahmbhatt,30,Male,Hyderabad,India,2026-01-19,Active,0.382,0
C14134,Michael,Chauhan,63,Other,Bengaluru,India,2026-03-09,Active,0.366,0
C14135,Ati,Gokhale,47,Other,Kolkata,India,2024-08-02,Churned,0.361,1
C14136,Harsh,Date,45,Other,Chennai,India,2024-10-13,Active,0.334,0
C14137,Leela,Narayanan,30,Female,Nagpur,India,2025-11-20,Churned,0.487,1
C14138,Aradhana,Solanki,30,Other,Bengaluru,India,2026-02-11,Churned,0.452,1
C14139,Om,Agate,43,Male,Bengaluru,India,2024-07-22,Active,0.231,0
C14140,Tarak,Chand,28,Male,Kolkata,India,2024-08-26,Active,0.14,0
C14141,Manan,Dhar,45,Female,Chennai,India,2026-04-13,Churned,0.414,1
C14142,Vaishnavi,Acharya,56,Other,Bengaluru,India,2024-05-14,Active,0.187,0
C14143,Faras,Ben,70,Female,Pune,India,2025-01-15,Churned,0.459,1
C14144,Yasti,Sarraf,56,Female,Chennai,India,2024-03-31,Active,0.144,0
C14145,Urmi,Narain,30,Other,Hyderabad,India,2025-06-22,Active,0.107,0
C14146,Xiti,Dalal,41,Other,Pune,India,2024-12-14,Churned,0.497,1
C14147,Maya,Purohit,46,Male,Mumbai,India,2024-09-09,Active,0.307,0
C14148,Urvi,Pant,50,Female,Chennai,India,2025-04-21,Churned,0.177,1
C14149,Edhitha,Wali,36,Other,Hyderabad,India,2024-12-28,Active,0.162,0
C14150,Tanish,Ganesan,43,Male,Pune,India,2023-12-31,Churned,0.183,1
C14151,Arunima,Dhar,29,Female,Chennai,India,2026-05-12,Active,0.079,0
C14152,Riya,Suri,68,Male,Hyderabad,India,2025-07-11,Active,0.471,0
C14153,Zashil,Dara,33,Male,Delhi,India,2026-08-15,Active,0.334,0
C14154,Radhika,Pall,60,Female,Hyderabad,India,2026-01-14,Active,0.018,0
C14155,Aryan,Pau,27,Female,Pune,India,2024-06-03,Active,0.142,0
C14156,Hiral,Samra,18,Female,Mumbai,India,2025-08-25,Active,0.128,0
C14157,Rayaan,Raja,63,Female,Delhi,India,2024-07-29,Churned,0.483,1
C14158,Praneel,Anne,47,Other,Hyderabad,India,2025-04-04,Active,0.22,0
C14159,Riya,Patel,32,Other,Pune,India,2024-07-01,Active,0.167,0
C14160,Robert,Ahluwalia,42,Female,Delhi,India,2025-11-26,Active,0.316,0
C14161,Dayita,Narasimhan,51,Male,Pune,India,2026-02-27,Churned,0.593,1
C14162,Jyoti,Kulkarni,53,Female,Pune,India,2024-01-25,Active,0.401,0
C14163,Agastya,Mahajan,54,Other,Chennai,India,2025-10-21,Churned,0.307,1
C14164,Anvi,Srinivas,61,Female,Hyderabad,India,2023-10-23,Churned,0.193,1
C14165,Caleb,Kulkarni,70,Female,Delhi,India,2025-05-11,Active,0.466,0
C14166,Dakshesh,Balasubramanian,30,Male,Kolkata,India,2024-10-30,Active,0.074,0
C14167,Suhani,Swaminathan,49,Male,Bengaluru,India,2025-09-01,Active,0.08,0
C14168,Urvashi,Chawla,44,Male,Pune,India,2024-05-27,Active,0.479,0
C14169,Kala,Balakrishnan,46,Male,Hyderabad,India,2023-10-30,Active,0.094,0
C14170,Michael,Goel,55,Female,Delhi,India,2026-04-10,Churned,0.626,1
C14171,Fitan,Saini,54,Male,Bengaluru,India,2024-03-23,Churned,0.462,1
C14172,Daksh,Sawhney,19,Other,Mumbai,India,2024-03-04,Active,0.348,0
C14173,David,Murthy,47,Female,Nagpur,India,2026-05-18,Active,0.097,0
C14174,Arunima,Hari,43,Male,Mumbai,India,2024-01-30,Active,0.181,0
C14175,Anay,Natarajan,39,Other,Mumbai,India,2026-06-14,Churned,0.427,1
C14176,Edhitha,Gara,22,Female,Pune,India,2026-07-10,Active,0.413,0
C14177,Jeevika,Varty,69,Female,Bengaluru,India,2026-02-28,Active,0.085,0
C14178,Neha,Saha,35,Female,Hyderabad,India,2023-09-23,Active,0.35,0
C14179,Darsh,Bhattacharyya,43,Male,Hyderabad,India,2026-07-04,Active,0.108,0
C14180,Yachana,Divan,49,Other,Mumbai,India,2024-06-26,Active,0.085,0
C14181,Fiyaz,Gera,43,Female,Kolkata,India,2024-10-19,Active,0.081,0
C14182,Chaitanya,Majumdar,49,Other,Pune,India,2025-07-20,Active,0.353,0
C14183,Rushil,Tiwari,41,Other,Pune,India,2026-04-03,Active,0.152,0
C14184,Oscar,Aggarwal,19,Male,Mumbai,India,2025-05-28,Churned,0.345,1
C14185,Anusha,Panchal,70,Male,Nagpur,India,2024-12-27,Active,0.442,0
C14186,Harita,Shukla,24,Female,Chennai,India,2024-03-01,Active,0.346,0
C14187,Gabriel,Sheth,32,Male,Pune,India,2026-01-30,Churned,0.37,1
C14188,Jackson,Chana,30,Other,Hyderabad,India,2024-01-15,Active,0.238,0
C14189,Gabriel,Grewal,70,Other,Mumbai,India,2024-06-10,Active,0.267,0
C14190,Anmol,Gara,62,Male,Bengaluru,India,2025-01-06,Active,0.238,0
C14191,Teerth,Prasad,68,Male,Pune,India,2023-09-17,Active,0.231,0
C14192,Finn,Koshy,21,Female,Pune,India,2025-08-16,Churned,0.396,1
C14193,Rayaan,Deo,34,Female,Chennai,India,2024-12-22,Active,0.206,0
C14194,Chatresh,Raghavan,35,Other,Nagpur,India,2024-12-26,Active,0.398,0
C14195,Pranav,Mallick,26,Other,Kolkata,India,2024-11-19,Active,0.21,0
C14196,Diya,Sachdev,25,Male,Hyderabad,India,2024-04-06,Active,0.541,0
C14197,Raghav,Mahajan,27,Other,Chennai,India,2024-08-17,Active,0.096,0
C14198,Peter,Merchant,58,Female,Pune,India,2024-07-06,Churned,0.479,1
C14199,Ria,Lalla,51,Other,Delhi,India,2024-10-07,Active,0.239,0
C14200,Vrishti,Pant,54,Female,Kolkata,India,2024-01-22,Churned,0.486,1
C14201,Januja,Palla,35,Female,Kolkata,India,2026-02-15,Active,0.05,0
C14202,Shivani,Garde,32,Male,Bengaluru,India,2026-05-25,Active,0.238,0
C14203,Lekha,Dugal,67,Female,Pune,India,2023-10-28,Active,0.045,0
C14204,Shivansh,Saraf,40,Other,Delhi,India,2025-12-14,Active,0.18,0
C14205,Bhavya,Johal,60,Other,Delhi,India,2025-02-20,Active,0.431,0
C14206,Yahvi,Luthra,62,Male,Pune,India,2025-02-13,Churned,0.145,1
C14207,Yochana,Kade,49,Male,Delhi,India,2024-01-19,Active,0.335,0
C14208,Tejas,Sibal,18,Other,Delhi,India,2024-10-06,Active,0.113,0
C14209,Azad,D’Alia,47,Female,Delhi,India,2024-10-10,Active,0.078,0
C14210,Quincy,Soman,49,Male,Hyderabad,India,2025-11-12,Active,0.256,0
C14211,Unni,Naidu,31,Other,Hyderabad,India,2024-04-05,Active,0.237,0
C14212,Krishna,Bandi,66,Female,Kolkata,India,2025-04-01,Active,0.023,0
C14213,Henry,Parmer,59,Male,Pune,India,2025-01-13,Active,0.193,0
C14214,Nathan,Sama,26,Male,Hyderabad,India,2023-09-13,Churned,0.392,1
C14215,Gaurika,Nayar,42,Female,Delhi,India,2025-09-08,Active,0.431,0
C14216,Harish,Grover,67,Female,Delhi,India,2026-06-03,Churned,0.5,1
C14217,Damini,Gaba,22,Female,Chennai,India,2025-03-10,Active,0.01,0
C14218,Quincy,Bains,28,Other,Bengaluru,India,2025-08-26,Active,0.176,0
C14219,Tanmayi,Saran,54,Other,Pune,India,2025-07-13,Active,0.145,0
C14220,Urvashi,Kohli,27,Female,Pune,India,2025-05-13,Active,0.244,0
C14221,Kashvi,Nazareth,65,Male,Delhi,India,2024-09-27,Active,0.407,0
C14222,Nandini,Mital,19,Female,Nagpur,India,2025-09-19,Active,0.145,0
C14223,Vivaan,Tripathi,35,Male,Kolkata,India,2023-11-02,Active,0.198,0
C14224,Oviya,Sandhu,60,Other,Kolkata,India,2024-02-15,Churned,0.157,1
C14225,Nandini,Balakrishnan,40,Female,Pune,India,2024-10-23,Active,0.112,0
C14226,Yauvani,Ganesan,53,Male,Hyderabad,India,2024-05-12,Active,0.247,0
C14227,Rushil,Dewan,45,Male,Nagpur,India,2024-12-10,Active,0.549,0
C14228,Gauri,Bhagat,43,Other,Chennai,India,2024-03-20,Active,0.494,0
C14229,Dayamai,Dhaliwal,50,Female,Mumbai,India,2024-01-19,Churned,0.644,1
C14230,Tara,Randhawa,46,Female,Hyderabad,India,2025-02-19,Active,0.296,0
C14231,Triveni,Acharya,24,Male,Chennai,India,2024-05-14,Churned,0.596,1
C14232,Manbir,Iyer,64,Female,Delhi,India,2026-06-20,Churned,0.327,1
C14233,Charvi,Mohanty,36,Male,Chennai,India,2024-05-25,Active,0.28,0
C14234,Qasim,Keer,29,Other,Bengaluru,India,2024-01-03,Churned,0.524,1
C14235,Rajeshri,Chana,51,Other,Kolkata,India,2024-07-12,Active,0.209,0
C14236,Mitesh,Prasad,51,Female,Pune,India,2024-09-15,Active,0.322,0
C14237,Vansha,Dutta,61,Male,Delhi,India,2023-09-08,Active,0.144,0
C14238,Harish,Sinha,25,Male,Pune,India,2025-02-17,Churned,0.387,1
C14239,Meera,Kala,21,Male,Bengaluru,India,2026-01-02,Churned,0.489,1
C14240,Krisha,Sheth,33,Male,Pune,India,2025-09-03,Churned,0.465,1
C14241,Gopal,Ram,35,Male,Chennai,India,2024-09-12,Active,0.48,0
C14242,Eesha,Deol,43,Female,Pune,India,2024-03-18,Churned,0.493,1
C14243,Eta,Mandal,32,Other,Bengaluru,India,2025-05-14,Active,0.072,0
C14244,Panini,Ramesh,49,Male,Nagpur,India,2026-07-15,Active,0.189,0
C14245,Ekbal,Palan,68,Male,Hyderabad,India,2025-12-08,Active,0.503,0
C14246,Avi,Kapadia,58,Female,Bengaluru,India,2025-09-28,Active,0.281,0
C14247,Pranav,Keer,64,Male,Pune,India,2026-04-03,Churned,0.147,1
C14248,Janaki,Oak,29,Other,Kolkata,India,2025-03-27,Churned,0.419,1
C14249,Aarav,Rao,65,Female,Delhi,India,2025-10-18,Active,0.329,0
C14250,Victor,Devi,28,Female,Pune,India,2023-12-30,Active,0.167,0
C14251,Raghav,Basu,28,Male,Hyderabad,India,2025-10-16,Active,0.322,0
C14252,Chasmum,Saran,47,Male,Mumbai,India,2024-07-25,Churned,0.358,1
C14253,Harinakshi,Rajagopalan,60,Female,Chennai,India,2024-01-23,Churned,0.315,1
C14254,Pranit,Sandal,39,Male,Nagpur,India,2026-06-13,Active,0.1,0
C14255,Bhavani,Mukhopadhyay,34,Male,Nagpur,India,2024-04-22,Active,0.092,0
C14256,Vasana,Banerjee,61,Male,Hyderabad,India,2025-04-23,Active,0.099,0
C14257,Oviya,Gola,48,Other,Mumbai,India,2024-10-10,Active,0.251,0
C14258,Mitali,Varughese,49,Male,Kolkata,India,2024-05-12,Active,0.132,0
C14259,Udyati,Butala,25,Male,Mumbai,India,2024-02-13,Churned,0.376,1
C14260,Harrison,Ravel,54,Other,Bengaluru,India,2025-02-19,Churned,0.326,1
C14261,Naveen,Nagar,32,Other,Nagpur,India,2023-09-19,Active,0.145,0
C14262,Yashica,Rajagopalan,66,Male,Pune,India,2024-03-18,Active,0.196,0
C14263,Suhani,Apte,24,Female,Hyderabad,India,2026-08-02,Active,0.304,0
C14264,Neelima,Sami,46,Female,Hyderabad,India,2025-09-25,Churned,0.274,1
C14265,Chavvi,Sandal,52,Female,Kolkata,India,2023-11-24,Active,0.248,0
C14266,Jack,Seshadri,34,Female,Kolkata,India,2024-10-06,Active,0.191,0
C14267,Kashish,Solanki,18,Female,Bengaluru,India,2025-10-19,Active,0.136,0
C14268,Janya,Choudhury,63,Female,Kolkata,India,2025-02-02,Active,0.234,0
C14269,Panini,Wali,25,Female,Mumbai,India,2024-06-04,Churned,0.114,1
C14270,Fariq,Doctor,27,Female,Delhi,India,2025-04-18,Churned,0.447,1
C14271,Geetika,Kuruvilla,60,Male,Hyderabad,India,2023-09-11,Active,0.139,0
C14272,Yutika,Sha,49,Male,Delhi,India,2024-07-03,Active,0.26,0
C14273,Chanakya,Shetty,54,Other,Chennai,India,2025-07-07,Active,0.34,0
C14274,Balveer,Dara,41,Male,Pune,India,2024-11-11,Active,0.48,0
C14275,Triveni,Peri,30,Female,Pune,India,2025-09-30,Active,0.339,0
C14276,Kala,Krishnan,35,Other,Kolkata,India,2023-11-17,Active,0.491,0
C14277,Geetika,Minhas,51,Male,Bengaluru,India,2025-06-23,Active,0.245,0
C14278,Amara,Gola,61,Female,Hyderabad,India,2023-10-07,Active,0.121,0
C14279,Ishanvi,Sahni,43,Other,Chennai,India,2024-11-29,Active,0.187,0
C14280,Sanya,Nair,35,Female,Delhi,India,2023-09-28,Active,0.157,0
C14281,Balendra,Choudhury,20,Other,Hyderabad,India,2024-12-06,Churned,0.317,1
C14282,Balhaar,Wali,57,Male,Chennai,India,2025-03-08,Churned,0.546,1
C14283,Yuvraj,Gill,68,Female,Hyderabad,India,2025-05-08,Active,0.049,0
C14284,Girindra,Date,36,Male,Mumbai,India,2024-01-09,Churned,0.272,1
C14285,Wakeeta,Sankar,49,Other,Nagpur,India,2024-04-12,Active,0.345,0
C14286,Hemani,Shanker,47,Other,Nagpur,India,2024-10-31,Active,0.419,0
C14287,Yagnesh,Viswanathan,51,Female,Nagpur,India,2026-08-06,Active,0.409,0
C14288,Tara,Baria,37,Female,Bengaluru,India,2026-02-01,Active,0.386,0
C14289,Eta,Pradhan,22,Female,Mumbai,India,2023-12-28,Active,0.248,0
C14290,Manan,Chaudhuri,47,Male,Delhi,India,2023-10-30,Active,0.214,0
C14291,Yauvani,Brar,36,Other,Pune,India,2025-04-16,Churned,0.407,1
C14292,Chasmum,Sami,21,Female,Bengaluru,India,2025-02-06,Active,0.469,0
C14293,Anthony,Gour,18,Female,Hyderabad,India,2025-05-15,Active,0.046,0
C14294,Fariq,Sant,60,Male,Mumbai,India,2024-10-04,Active,0.187,0
C14295,Rehaan,Lal,34,Male,Hyderabad,India,2024-02-28,Churned,0.531,1
C14296,Yoshita,Zacharia,36,Other,Nagpur,India,2024-12-15,Active,0.565,0
C14297,Chandran,Prasad,23,Other,Bengaluru,India,2024-09-13,Active,0.04,0
C14298,Urvashi,Kale,27,Other,Delhi,India,2026-02-07,Active,0.074,0
C14299,Anvi,Grewal,45,Other,Pune,India,2025-07-10,Active,0.153,0
C14300,Yachana,Bath,36,Male,Mumbai,India,2024-11-04,Active,0.132,0
C14301,Mohini,Golla,48,Female,Delhi,India,2026-03-28,Active,0.142,0
C14302,Bhavani,Mahajan,69,Other,Chennai,India,2026-07-20,Active,0.086,0
C14303,Niharika,Johal,45,Female,Pune,India,2023-09-08,Active,0.325,0
C14304,Oeshi,Dayal,34,Female,Bengaluru,India,2023-09-30,Active,0.169,0
C14305,Amara,Shere,29,Other,Chennai,India,2024-10-31,Churned,0.144,1
C14306,Eesha,Chatterjee,61,Female,Nagpur,India,2026-03-19,Churned,0.322,1
C14307,Umang,Badami,61,Male,Bengaluru,India,2024-08-09,Active,0.099,0
C14308,Timothy,Bhatt,26,Female,Delhi,India,2025-01-17,Churned,0.123,1
C14309,Bhavna,Sharma,37,Female,Pune,India,2026-04-07,Active,0.096,0
C14310,Osha,Narasimhan,37,Other,Kolkata,India,2026-03-02,Active,0.101,0
C14311,Lopa,Soni,52,Male,Chennai,India,2025-12-20,Active,0.2,0
C14312,Advik,Oza,68,Female,Pune,India,2026-01-14,Active,0.15,0
C14313,Ekaja,Pal,26,Other,Kolkata,India,2025-02-11,Active,0.102,0
C14314,Max,Shere,62,Female,Hyderabad,India,2025-07-22,Churned,0.208,1
C14315,Shivansh,Walia,47,Female,Chennai,India,2025-10-15,Active,0.028,0
C14316,Onkar,Ramakrishnan,47,Female,Chennai,India,2026-08-19,Active,0.247,0
C14317,Neha,Bali,47,Male,Mumbai,India,2024-10-02,Active,0.403,0
C14318,Farhan,Sur,67,Female,Pune,India,2026-06-23,Active,0.029,0
C14319,Hemani,Chacko,66,Male,Bengaluru,India,2026-01-19,Active,0.46,0
C14320,Kala,Modi,68,Male,Hyderabad,India,2024-07-19,Active,0.161,0
C14321,Divya,Seth,26,Other,Bengaluru,India,2024-11-27,Active,0.483,0
C14322,Unni,Balan,21,Female,Nagpur,India,2026-07-14,Active,0.328,0
C14323,Ojas,Pandey,43,Other,Mumbai,India,2024-04-30,Active,0.534,0
C14324,Raagini,Sagar,47,Other,Kolkata,India,2026-01-25,Active,0.444,0
C14325,Bhanumati,Swaminathan,21,Male,Mumbai,India,2023-10-07,Active,0.572,0
C14326,Keya,Yogi,35,Other,Pune,India,2024-08-30,Active,0.32,0
C14327,Kritika,Dasgupta,39,Other,Pune,India,2024-03-23,Active,0.403,0
C14328,Meghana,Kamdar,70,Female,Kolkata,India,2024-01-29,Active,0.217,0
C14329,Indrajit,Mann,62,Female,Mumbai,India,2024-07-25,Active,0.454,0
C14330,Nathan,Rattan,25,Other,Mumbai,India,2024-06-04,Active,0.116,0
C14331,Nilima,Pandey,62,Male,Nagpur,India,2026-01-02,Active,0.043,0
C14332,Omya,Mallick,53,Other,Kolkata,India,2024-08-04,Active,0.384,0
C14333,Janani,Cherian,26,Male,Nagpur,India,2025-01-09,Active,0.155,0
C14334,Eesha,Thakkar,37,Other,Bengaluru,India,2026-06-28,Active,0.371,0
C14335,Manya,Kar,64,Male,Kolkata,India,2025-12-11,Churned,0.205,1
C14336,Warda,Shetty,57,Other,Delhi,India,2025-05-20,Active,0.175,0
C14337,Shivani,Dugar,25,Male,Mumbai,India,2024-11-18,Active,0.05,0
C14338,Mugdha,Mani,27,Other,Pune,India,2024-06-02,Active,0.406,0
C14339,Gaurika,Shetty,51,Male,Delhi,India,2023-09-06,Churned,0.414,1
C14340,Orinder,Chaudhari,31,Male,Kolkata,India,2026-06-16,Active,0.533,0
C14341,Omya,Sahota,19,Other,Kolkata,India,2025-04-18,Active,0.101,0
C14342,Ranbir,Balakrishnan,43,Male,Pune,India,2025-05-30,Active,0.268,0
C14343,Udarsh,Devi,37,Female,Kolkata,India,2026-04-19,Active,0.214,0
C14344,Yahvi,Buch,29,Male,Bengaluru,India,2026-04-05,Active,0.212,0
C14345,Nilima,Bajaj,70,Other,Kolkata,India,2026-03-20,Active,0.502,0
C14346,Zaid,Ganesan,60,Other,Pune,India,2025-01-17,Churned,0.423,1
C14347,Urmi,Chand,45,Male,Mumbai,India,2026-02-01,Active,0.206,0
C14348,Arin,Ramachandran,29,Male,Delhi,India,2025-03-29,Active,0.232,0
C14349,Yasti,Hans,28,Other,Delhi,India,2026-01-05,Churned,0.676,1
C14350,Tanvi,Pillay,48,Female,Bengaluru,India,2024-05-08,Active,0.347,0
C14351,Parth,Sodhi,36,Other,Pune,India,2024-09-06,Churned,0.473,1
C14352,Ekantika,Deo,55,Female,Hyderabad,India,2024-07-07,Active,0.132,0
C14353,Dhruv,Balasubramanian,60,Female,Chennai,India,2024-11-29,Active,0.226,0
C14354,Triya,Sharaf,42,Other,Pune,India,2024-07-18,Active,0.154,0
C14355,Sachi,Khurana,47,Female,Chennai,India,2024-09-15,Active,0.257,0
C14356,Triya,Tella,27,Male,Bengaluru,India,2024-06-01,Active,0.461,0
C14357,Indrajit,Narula,47,Male,Chennai,India,2026-05-24,Active,0.166,0
C14358,Yash,Shere,18,Other,Bengaluru,India,2024-05-05,Active,0.089,0
C14359,Abhimanyu,Bali,20,Other,Kolkata,India,2023-12-18,Active,0.053,0
C14360,Niharika,Venkatesh,20,Female,Nagpur,India,2026-07-26,Active,0.088,0
C14361,Lekha,Bobal,47,Other,Kolkata,India,2025-08-31,Churned,0.431,1
C14362,Abha,Yogi,35,Male,Nagpur,India,2025-06-09,Active,0.422,0
C14363,Arjun,Sarna,40,Other,Delhi,India,2024-03-06,Churned,0.387,1
C14364,Darpan,Master,40,Other,Chennai,India,2025-09-16,Active,0.34,0
C14365,Balveer,Patla,50,Male,Nagpur,India,2025-05-11,Active,0.116,0
C14366,Yasti,Sarraf,59,Male,Hyderabad,India,2025-05-13,Active,0.098,0
C14367,Jeet,Chawla,59,Other,Hyderabad,India,2025-06-27,Active,0.505,0
C14368,Adweta,Choudhury,47,Other,Nagpur,India,2024-04-14,Churned,0.189,1
C14369,Jeevika,Sachar,35,Other,Bengaluru,India,2024-05-20,Active,0.219,0
C14370,Harinakshi,Dhar,43,Male,Kolkata,India,2026-06-16,Active,0.189,0
C14371,Vasudha,Kade,42,Female,Nagpur,India,2024-09-12,Active,0.16,0
C14372,Gunbir,Narayan,54,Other,Bengaluru,India,2024-10-15,Active,0.223,0
C14373,Ethan,Shanker,26,Other,Hyderabad,India,2026-05-25,Churned,0.632,1
C14374,Yash,Lad,55,Other,Hyderabad,India,2025-10-03,Active,0.095,0
C14375,Chakrika,Saxena,55,Other,Chennai,India,2025-02-13,Active,0.312,0
C14376,Shravya,Kuruvilla,22,Male,Mumbai,India,2025-01-26,Active,0.441,0
C14377,Anvi,Banik,64,Male,Delhi,India,2026-01-30,Active,0.325,0
C14378,Manbir,Vig,24,Other,Pune,India,2024-04-05,Churned,0.576,1
C14379,Atharv,Kant,49,Other,Kolkata,India,2024-11-22,Active,0.023,0
C14380,Janani,Manne,38,Male,Delhi,India,2025-03-30,Active,0.321,0
C14381,Nathan,Mody,24,Male,Chennai,India,2024-12-20,Active,0.01,0
C14382,Ria,Menon,66,Female,Pune,India,2025-09-08,Churned,0.152,1
C14383,Kabir,Din,21,Other,Bengaluru,India,2024-04-27,Churned,0.196,1
C14384,Brinda,Rajagopalan,25,Male,Pune,India,2026-04-01,Active,0.309,0
C14385,Vedant,Bala,46,Female,Mumbai,India,2024-10-04,Active,0.14,0
C14386,Chavvi,Divan,29,Female,Pune,India,2024-07-25,Active,0.355,0
C14387,Advik,Lad,62,Female,Chennai,India,2026-02-24,Active,0.536,0
C14388,Yashoda,Varughese,26,Other,Delhi,India,2025-03-19,Active,0.575,0
C14389,Vansha,Garde,30,Female,Kolkata,India,2025-05-23,Active,0.297,0
C14390,Nachiket,Thaker,46,Other,Bengaluru,India,2025-02-16,Active,0.477,0
C14391,Kavya,Radhakrishnan,32,Male,Nagpur,India,2025-01-01,Active,0.014,0
C14392,Omkaar,Vohra,45,Other,Delhi,India,2025-09-23,Active,0.131,0
C14393,Parth,Sule,23,Other,Mumbai,India,2025-09-18,Active,0.057,0
C14394,Akshay,Bhattacharyya,58,Other,Pune,India,2025-04-13,Active,0.05,0
C14395,Umang,More,31,Male,Nagpur,India,2025-02-13,Active,0.309,0
C14396,Udarsh,Doctor,18,Female,Chennai,India,2024-07-17,Active,0.37,0
C14397,Jagdish,Hegde,54,Other,Pune,India,2024-11-06,Churned,0.494,1
C14398,Wishi,Sharaf,39,Male,Kolkata,India,2025-03-07,Active,0.044,0
C14399,Advik,Viswanathan,30,Male,Kolkata,India,2026-02-01,Active,0.014,0
C14400,Samaksh,Patla,50,Female,Hyderabad,India,2024-08-20,Active,0.413,0
C14401,Bachittar,Rastogi,57,Other,Nagpur,India,2026-06-28,Active,0.176,0
C14402,Hardik,Narayan,69,Male,Kolkata,India,2026-05-01,Churned,0.048,1
C14403,Ekalinga,Madan,45,Other,Chennai,India,2025-10-28,Churned,0.169,1
C14404,Fariq,Bhalla,22,Other,Pune,India,2026-01-07,Active,0.141,0
C14405,Yug,Konda,26,Other,Bengaluru,India,2025-07-25,Active,0.204,0
C14406,Qadim,Konda,24,Male,Kolkata,India,2024-10-02,Active,0.32,0
C14407,Tanmayi,Goel,32,Male,Hyderabad,India,2024-08-20,Active,0.085,0
C14408,Amaira,Mall,19,Male,Bengaluru,India,2023-11-02,Churned,0.465,1
C14409,Ranveer,Bhatt,34,Female,Hyderabad,India,2024-01-20,Active,0.559,0
C14410,Chavvi,Bhat,22,Male,Bengaluru,India,2024-03-24,Active,0.438,0
C14411,Vedant,Kohli,22,Other,Delhi,India,2024-07-19,Churned,0.01,1
C14412,Vansha,Shetty,51,Other,Bengaluru,India,2026-02-26,Active,0.093,0
C14413,Charan,Nagar,43,Other,Mumbai,India,2024-01-31,Active,0.168,0
C14414,Elijah,Hegde,52,Other,Pune,India,2026-05-12,Active,0.145,0
C14415,Jackson,Sathe,55,Female,Bengaluru,India,2025-09-13,Active,0.039,0
C14416,Vamakshi,Hora,59,Male,Mumbai,India,2024-01-08,Active,0.334,0
C14417,Tanveer,Sur,39,Female,Bengaluru,India,2024-02-03,Active,0.252,0
C14418,Aditya,Sani,30,Female,Mumbai,India,2024-12-09,Active,0.194,0
C14419,Saanvi,Hayer,26,Male,Hyderabad,India,2024-02-21,Active,0.15,0
C14420,Tanmayi,Acharya,66,Other,Mumbai,India,2026-03-03,Active,0.322,0
C14421,Niharika,Madan,33,Female,Pune,India,2024-09-26,Churned,0.537,1
C14422,Patrick,Narasimhan,69,Other,Mumbai,India,2025-10-05,Active,0.104,0
C14423,Vasudha,Varkey,40,Male,Chennai,India,2025-10-28,Churned,0.302,1
C14424,Chandani,Lalla,56,Other,Pune,India,2024-11-14,Active,0.193,0
C14425,Yuvraj,Om,53,Female,Nagpur,India,2025-12-05,Active,0.124,0
C14426,Yahvi,More,35,Other,Mumbai,India,2024-11-01,Active,0.192,0
C14427,Ria,Choudhury,24,Male,Kolkata,India,2026-04-30,Active,0.083,0
C14428,Vinaya,Ahuja,50,Male,Hyderabad,India,2024-06-10,Active,0.128,0
C14429,Yashodhara,Singhal,45,Female,Bengaluru,India,2025-01-08,Active,0.501,0
C14430,Nihal,Gola,68,Male,Mumbai,India,2025-10-10,Active,0.137,0
C14431,Rachana,Modi,21,Male,Delhi,India,2023-12-11,Active,0.151,0
C14432,Saanvi,Oommen,52,Other,Chennai,India,2024-01-25,Churned,0.486,1
C14433,Qadim,Hari,61,Other,Mumbai,India,2026-05-18,Active,0.081,0
C14434,Vincent,Kala,53,Female,Mumbai,India,2024-02-16,Churned,0.522,1
C14435,Yachana,Mody,42,Female,Nagpur,India,2024-12-21,Active,0.165,0
C14436,Urmi,Chauhan,45,Other,Chennai,India,2025-01-10,Active,0.192,0
C14437,Charita,Kade,53,Male,Pune,India,2026-07-30,Active,0.547,0
C14438,Mohammed,Naik,46,Male,Hyderabad,India,2026-02-04,Active,0.392,0
C14439,Rehaan,Randhawa,40,Male,Hyderabad,India,2024-04-30,Active,0.239,0
C14440,Nakul,Dugar,45,Male,Delhi,India,2024-05-24,Active,0.037,0
C14441,Zaitra,Som,32,Male,Mumbai,India,2025-01-18,Active,0.159,0
C14442,Omaja,Luthra,32,Female,Mumbai,India,2026-06-12,Active,0.01,0
C14443,Adya,Sodhi,69,Male,Delhi,India,2024-08-21,Active,0.081,0
C14444,Kamala,Dhillon,70,Male,Pune,India,2024-12-15,Churned,0.652,1
C14445,Gauri,Pandya,21,Male,Kolkata,India,2024-12-19,Active,0.111,0
C14446,Shivani,Morar,29,Female,Mumbai,India,2025-01-02,Churned,0.207,1
C14447,Maya,Sahni,38,Female,Delhi,India,2025-06-22,Churned,0.678,1
C14448,Netra,Bhakta,36,Male,Chennai,India,2023-09-09,Active,0.301,0
C14449,Irya,Dey,48,Other,Pune,India,2025-05-28,Active,0.132,0
C14450,Anusha,Bahl,60,Male,Pune,India,2025-08-10,Churned,0.488,1
C14451,Samaksh,Joshi,34,Other,Delhi,India,2026-08-30,Churned,0.537,1
C14452,Aahana,Menon,49,Other,Hyderabad,India,2026-06-25,Active,0.178,0
C14453,Arjun,Nagy,32,Female,Bengaluru,India,2025-04-03,Active,0.141,0
C14454,Lavanya,Nanda,41,Other,Bengaluru,India,2025-06-26,Active,0.294,0
C14455,Ryan,Kale,59,Male,Bengaluru,India,2026-01-14,Churned,0.455,1
C14456,Yahvi,Sarraf,38,Other,Pune,India,2026-04-17,Churned,0.373,1
C14457,Hredhaan,Borde,21,Female,Chennai,India,2024-10-30,Active,0.267,0
C14458,Naveen,Nanda,63,Other,Kolkata,India,2024-09-12,Active,0.01,0
C14459,Upma,Batra,35,Male,Delhi,India,2025-09-15,Churned,0.451,1
C14460,Madhavi,Sur,26,Other,Delhi,India,2026-06-21,Churned,0.544,1
C14461,Ati,Prashad,37,Other,Delhi,India,2024-09-23,Active,0.233,0
C14462,Harrison,Bhalla,25,Female,Nagpur,India,2023-12-02,Churned,0.242,1
C14463,Hema,Majumdar,20,Male,Kolkata,India,2026-05-21,Active,0.316,0
C14464,Kala,Sarma,59,Female,Pune,India,2025-12-14,Active,0.459,0
C14465,Indrajit,Sodhi,19,Female,Mumbai,India,2024-11-15,Churned,0.412,1
C14466,Ethan,Nair,35,Female,Chennai,India,2024-03-27,Active,0.519,0
C14467,Max,Dora,37,Male,Mumbai,India,2025-06-04,Active,0.017,0
C14468,Chandani,Iyengar,35,Other,Chennai,India,2026-03-05,Active,0.141,0
C14469,Gaurang,Sarma,49,Male,Chennai,India,2026-01-20,Churned,0.239,1
C14470,Falak,Lad,42,Female,Mumbai,India,2024-09-15,Active,0.219,0
C14471,Bishakha,Bains,32,Male,Chennai,India,2026-01-12,Active,0.126,0
C14472,Ekansh,Murthy,29,Other,Chennai,India,2024-04-06,Churned,0.086,1
C14473,Sanaya,Kala,52,Male,Bengaluru,India,2025-03-15,Churned,0.41,1
C14474,Ekani,Sidhu,20,Other,Hyderabad,India,2024-06-13,Churned,0.078,1
C14475,Triveni,Pathak,19,Other,Hyderabad,India,2024-08-19,Active,0.105,0
C14476,Rushil,Lad,34,Other,Delhi,India,2025-01-30,Churned,0.207,1
C14477,Arin,Dey,66,Male,Hyderabad,India,2024-10-01,Active,0.101,0
C14478,Nirja,Sane,64,Other,Chennai,India,2024-03-04,Active,0.414,0
C14479,Vidhi,Bava,45,Other,Mumbai,India,2025-05-08,Active,0.064,0
C14480,Darpan,Vala,69,Male,Chennai,India,2025-11-29,Churned,0.541,1
C14481,Amol,Sarkar,64,Other,Bengaluru,India,2025-04-03,Active,0.406,0
C14482,Yamini,Narain,52,Female,Chennai,India,2023-10-20,Active,0.345,0
C14483,Vyanjana,Mandal,54,Other,Bengaluru,India,2025-12-16,Active,0.236,0
C14484,Gauri,Bhavsar,28,Female,Kolkata,India,2026-02-09,Churned,0.389,1
C14485,George,Chowdhury,65,Male,Nagpur,India,2023-12-27,Active,0.237,0
C14486,Nathan,Varghese,18,Female,Bengaluru,India,2025-12-05,Active,0.012,0
C14487,Upadhriti,Halder,23,Male,Bengaluru,India,2024-01-15,Active,0.527,0
C14488,Raagini,Malhotra,39,Other,Chennai,India,2023-12-23,Active,0.423,0
C14489,Siya,Doshi,20,Other,Bengaluru,India,2025-08-24,Churned,0.283,1
C14490,Ganga,Bora,41,Female,Bengaluru,India,2026-06-07,Active,0.444,0
C14491,Harinakshi,Setty,68,Other,Mumbai,India,2024-06-09,Active,0.255,0
C14492,Rachana,Bail,25,Female,Hyderabad,India,2025-11-28,Active,0.144,0
C14493,Chaaya,Ahuja,34,Male,Kolkata,India,2025-05-16,Churned,0.401,1
C14494,Madhavi,Bahl,47,Male,Kolkata,India,2026-04-26,Active,0.038,0
C14495,Umang,Naidu,18,Female,Mumbai,India,2023-09-14,Churned,0.482,1
C14496,Matthew,Lad,40,Female,Delhi,India,2025-06-25,Active,0.125,0
C14497,Eta,Walia,44,Male,Pune,India,2024-08-12,Active,0.134,0
C14498,Sai,Pant,35,Other,Hyderabad,India,2025-08-12,Active,0.21,0
C14499,Michael,Gulati,22,Female,Nagpur,India,2026-02-13,Churned,0.417,1
C14500,Samuel,Morar,34,Female,Bengaluru,India,2024-04-18,Churned,0.391,1
C14501,Harrison,Bal,49,Male,Delhi,India,2024-06-09,Active,0.171,0
C14502,Balveer,Datta,58,Male,Nagpur,India,2025-12-07,Active,0.222,0
C14503,Ijaya,Biswas,57,Other,Mumbai,India,2025-12-17,Active,0.543,0
C14504,Divya,Karpe,32,Male,Mumbai,India,2025-01-21,Active,0.13,0
C14505,Sathvik,Jaggi,29,Other,Kolkata,India,2026-06-19,Active,0.15,0
C14506,Nihal,Samra,55,Female,Mumbai,India,2024-12-14,Active,0.379,0
C14507,Viraj,Kalla,53,Other,Delhi,India,2024-10-26,Active,0.108,0
C14508,Avi,Devan,21,Other,Bengaluru,India,2025-03-06,Active,0.405,0
C14509,Jatin,Prashad,34,Male,Hyderabad,India,2025-07-14,Active,0.09,0
C14510,Sachi,Joshi,52,Other,Mumbai,India,2023-10-10,Churned,0.404,1
C14511,Chandran,Sekhon,56,Male,Hyderabad,India,2025-04-13,Active,0.107,0
C14512,Mohini,Issac,24,Male,Kolkata,India,2025-07-13,Active,0.048,0
C14513,Lajita,Dash,25,Other,Pune,India,2024-07-16,Active,0.332,0
C14514,Parth,Toor,33,Male,Hyderabad,India,2024-01-23,Active,0.256,0
C14515,Zaitra,Dara,54,Female,Chennai,India,2026-02-15,Active,0.28,0
C14516,Shaurya,Dara,22,Other,Chennai,India,2024-05-11,Active,0.115,0
C14517,Ishita,Nadig,36,Male,Mumbai,India,2025-09-29,Churned,0.286,1
C14518,Rayaan,Kade,38,Other,Hyderabad,India,2025-06-06,Active,0.125,0
C14519,Yashica,Parsa,39,Female,Hyderabad,India,2024-01-20,Churned,0.411,1
C14520,Aadhya,Trivedi,48,Female,Mumbai,India,2025-09-12,Active,0.554,0
C14521,Tanmayi,Babu,28,Female,Mumbai,India,2024-02-21,Active,0.015,0
C14522,Lajita,Salvi,36,Male,Mumbai,India,2023-09-12,Active,0.278,0
C14523,Harish,Pant,24,Other,Delhi,India,2025-05-14,Active,0.146,0
C14524,Dayita,Bhattacharyya,69,Female,Hyderabad,India,2025-03-13,Active,0.12,0
C14525,Charita,Karnik,31,Female,Mumbai,India,2025-07-06,Churned,0.575,1
C14526,Frado,Ramakrishnan,60,Other,Nagpur,India,2026-08-25,Churned,0.582,1
C14527,Amol,Maharaj,42,Other,Pune,India,2025-09-02,Active,0.184,0
C14528,Ekiya,Bath,22,Male,Chennai,India,2026-06-02,Churned,0.458,1
C14529,Yuvraj,Goel,52,Other,Pune,India,2024-04-06,Active,0.566,0
C14530,Aditya,Dave,51,Male,Kolkata,India,2026-01-25,Active,0.502,0
C14531,Nachiket,Dey,60,Other,Kolkata,India,2025-11-14,Churned,0.272,1
C14532,Upma,Barad,38,Female,Delhi,India,2026-08-15,Active,0.257,0
C14533,Shaurya,Memon,54,Female,Delhi,India,2023-12-05,Active,0.33,0
C14534,Oeshi,Dugar,39,Male,Hyderabad,India,2025-03-31,Active,0.305,0
C14535,Orinder,Ghosh,32,Female,Hyderabad,India,2025-06-13,Active,0.383,0
C14536,Max,Golla,65,Male,Delhi,India,2025-11-14,Active,0.189,0
C14537,Imaran,Gaba,46,Other,Chennai,India,2025-03-21,Active,0.442,0
C14538,Widisha,Jani,41,Male,Hyderabad,India,2023-10-17,Active,0.217,0
C14539,Netra,Prakash,53,Other,Pune,India,2024-12-19,Churned,0.378,1
C14540,Ekani,Balakrishnan,41,Other,Kolkata,India,2024-10-16,Active,0.152,0
C14541,Garima,Balakrishnan,56,Male,Kolkata,India,2023-10-11,Active,0.434,0
C14542,Bakhshi,Dhawan,68,Female,Delhi,India,2025-08-31,Active,0.033,0
C14543,Chakradhar,Zacharia,54,Male,Delhi,India,2025-05-26,Active,0.213,0
C14544,Omkaar,Dugar,67,Female,Nagpur,India,2025-04-08,Churned,0.37,1
C14545,Alexander,Palla,56,Female,Bengaluru,India,2024-02-03,Churned,0.603,1
C14546,George,Saini,39,Female,Pune,India,2024-08-11,Active,0.123,0
C14547,Isaiah,Soni,23,Female,Chennai,India,2023-12-13,Churned,0.349,1
C14548,Ojasvi,Yadav,50,Male,Kolkata,India,2025-08-22,Churned,0.431,1
C14549,Krish,Acharya,58,Male,Nagpur,India,2025-07-16,Active,0.329,0
C14550,Vamakshi,Singh,47,Male,Nagpur,India,2024-12-27,Active,0.194,0
C14551,Kabir,Naidu,25,Female,Bengaluru,India,2024-10-04,Churned,0.238,1
C14552,Jasmit,Char,66,Other,Kolkata,India,2026-06-16,Churned,0.332,1
C14553,Waida,Hayre,65,Male,Nagpur,India,2025-09-12,Active,0.194,0
C14554,Theodore,Varma,20,Female,Mumbai,India,2024-03-14,Churned,0.394,1
C14555,Luke,Kar,62,Male,Pune,India,2024-03-20,Churned,0.502,1
C14556,Fitan,Chandran,26,Other,Chennai,India,2026-06-21,Active,0.174,0
C14557,Barkha,Cheema,45,Female,Nagpur,India,2025-05-20,Active,0.234,0
C14558,Upkaar,Krishna,43,Other,Delhi,India,2024-09-23,Active,0.333,0
C14559,Charvi,Narasimhan,63,Female,Pune,India,2024-06-13,Churned,0.54,1
C14560,Zinal,Varughese,39,Female,Pune,India,2025-08-18,Churned,0.274,1
C14561,Amara,Deep,64,Male,Pune,India,2026-02-13,Active,0.489,0
C14562,Pahal,Prasad,65,Female,Kolkata,India,2025-01-22,Churned,0.146,1
C14563,Maanav,Banerjee,44,Other,Kolkata,India,2026-06-24,Churned,0.289,1
C14564,Chanakya,Hora,65,Female,Bengaluru,India,2025-04-21,Active,0.122,0
C14565,Akshay,Dhar,66,Female,Nagpur,India,2024-06-09,Churned,0.151,1
C14566,Bahadurjit,Khanna,64,Male,Pune,India,2026-05-13,Churned,0.524,1
C14567,Mekhala,Naidu,27,Male,Hyderabad,India,2024-05-09,Active,0.152,0
C14568,Vasana,Sule,61,Other,Kolkata,India,2023-09-19,Active,0.078,0
C14569,Raghav,Ravi,42,Female,Kolkata,India,2025-02-16,Active,0.366,0
C14570,Tanish,Setty,29,Other,Bengaluru,India,2025-08-03,Active,0.128,0
C14571,Adya,Sarraf,67,Male,Delhi,India,2026-04-23,Active,0.22,0
C14572,Ati,Varkey,37,Female,Hyderabad,India,2024-03-02,Churned,0.576,1
C14573,Geetika,Grewal,21,Other,Chennai,India,2025-02-06,Active,0.173,0
C14574,Harita,Sura,36,Female,Chennai,India,2024-10-01,Active,0.516,0
C14575,Tanmayi,Char,38,Male,Nagpur,India,2025-12-31,Active,0.341,0
C14576,Hema,Venkataraman,20,Other,Delhi,India,2026-07-04,Active,0.234,0
C14577,Dev,Pau,45,Other,Bengaluru,India,2024-10-13,Active,0.193,0
C14578,Atharv,Date,54,Other,Hyderabad,India,2025-06-24,Active,0.197,0
C14579,Utkarsh,Shankar,24,Female,Bengaluru,India,2024-01-25,Active,0.273,0
C14580,Jai,Merchant,28,Male,Bengaluru,India,2024-02-20,Active,0.246,0
C14581,Idika,Mohanty,35,Female,Kolkata,India,2024-03-15,Active,0.191,0
C14582,Rajata,Butala,32,Male,Bengaluru,India,2025-08-04,Active,0.477,0
C14583,Qabil,Rao,34,Other,Pune,India,2025-10-24,Churned,0.376,1
C14584,Robert,Dhar,32,Other,Bengaluru,India,2025-11-02,Active,0.085,0
C14585,Tristan,Badal,27,Male,Delhi,India,2026-07-24,Active,0.277,0
C14586,Irya,Vora,53,Other,Nagpur,India,2024-07-05,Churned,0.427,1
C14587,Max,Wali,19,Other,Mumbai,India,2026-03-22,Active,0.403,0
C14588,Champak,Walia,52,Other,Delhi,India,2025-11-24,Active,0.177,0
C14589,Victor,Wali,18,Female,Mumbai,India,2025-03-17,Active,0.103,0
C14590,Kavya,Dutt,41,Male,Bengaluru,India,2024-05-17,Active,0.156,0
C14591,Noah,Kara,54,Female,Kolkata,India,2024-02-03,Active,0.123,0
C14592,Panini,Jain,51,Male,Kolkata,India,2024-04-24,Active,0.191,0
C14593,Chandran,Rattan,36,Male,Pune,India,2024-11-06,Active,0.07,0
C14594,Madhavi,Vig,46,Female,Kolkata,India,2024-12-04,Active,0.303,0
C14595,Vamakshi,Sidhu,34,Male,Nagpur,India,2025-06-16,Churned,0.475,1
C14596,Laban,Mital,35,Other,Pune,India,2025-01-13,Active,0.17,0
C14597,Falan,Krishnamurthy,40,Male,Delhi,India,2023-09-01,Churned,0.243,1
C14598,Devika,Joshi,64,Male,Hyderabad,India,2026-01-11,Active,0.164,0
C14599,Ekalinga,Bhargava,28,Other,Hyderabad,India,2026-04-10,Churned,0.554,1
C14600,Logan,Dhawan,35,Female,Pune,India,2025-05-30,Active,0.248,0
C14601,Naveen,Kibe,63,Other,Hyderabad,India,2025-09-17,Churned,0.575,1
C14602,Nathaniel,Saini,20,Female,Pune,India,2025-04-30,Active,0.16,0
C14603,Rishi,Kothari,63,Other,Hyderabad,India,2025-04-30,Active,0.193,0
C14604,Ekavir,Kara,30,Other,Mumbai,India,2025-02-26,Active,0.23,0
C14605,Logan,Ratti,58,Other,Mumbai,India,2024-11-03,Churned,0.559,1
C14606,Max,Jha,33,Male,Chennai,India,2024-03-10,Churned,0.171,1
C14607,Lucky,Majumdar,32,Other,Delhi,India,2025-07-20,Active,0.286,0
C14608,Advay,Dalal,34,Female,Nagpur,India,2025-01-21,Active,0.182,0
C14609,Deepa,Viswanathan,49,Male,Kolkata,India,2025-11-17,Churned,0.404,1
C14610,Urishilla,Kata,36,Male,Delhi,India,2024-02-07,Active,0.485,0
C14611,Raksha,Misra,58,Male,Delhi,India,2026-06-22,Churned,0.489,1
C14612,Suhani,Dube,18,Female,Pune,India,2024-03-12,Active,0.233,0
C14613,Harita,Magar,49,Other,Delhi,India,2023-12-19,Churned,0.19,1
C14614,Lakshmi,Kumer,63,Male,Mumbai,India,2023-11-03,Churned,0.52,1
C14615,Unnati,Sandhu,44,Other,Bengaluru,India,2024-02-23,Active,0.218,0
C14616,Om,Sur,57,Female,Delhi,India,2026-02-25,Active,0.128,0
C14617,Umang,Virk,58,Female,Kolkata,India,2024-11-26,Active,0.193,0
C14618,Gaurang,Patil,51,Other,Nagpur,India,2024-02-08,Active,0.073,0
C14619,Warda,Sankaran,37,Male,Bengaluru,India,2024-09-09,Active,0.01,0
C14620,Dakshesh,Cheema,60,Female,Kolkata,India,2025-06-17,Active,0.15,0
C14621,Anya,Krishnamurthy,68,Other,Chennai,India,2024-11-09,Churned,0.413,1
C14622,Yashoda,Narasimhan,56,Female,Kolkata,India,2026-05-22,Active,0.25,0
C14623,Zayan,Parikh,36,Male,Delhi,India,2025-06-13,Churned,0.229,1
C14624,Agastya,Chaudhuri,25,Female,Chennai,India,2024-01-08,Active,0.429,0
C14625,Xavier,Talwar,46,Female,Delhi,India,2025-09-24,Active,0.52,0
C14626,Radha,Lata,60,Female,Pune,India,2024-08-09,Active,0.104,0
C14627,Vinaya,Prashad,29,Female,Hyderabad,India,2024-02-09,Active,0.205,0
C14628,Zilmil,Raja,60,Male,Hyderabad,India,2026-03-31,Active,0.077,0
C14629,Hritik,Chaudhari,62,Female,Nagpur,India,2023-11-05,Active,0.504,0
C14630,Girish,Dalal,67,Female,Kolkata,India,2026-02-11,Active,0.157,0
C14631,Jalsa,Sama,56,Female,Delhi,India,2024-09-05,Active,0.325,0
C14632,Balveer,Palan,19,Female,Bengaluru,India,2025-05-04,Active,0.249,0
C14633,Ria,Sharma,50,Male,Chennai,India,2026-06-02,Active,0.581,0
C14634,Baljiwan,Rastogi,21,Other,Hyderabad,India,2026-02-07,Active,0.13,0
C14635,Rachana,Bal,34,Other,Hyderabad,India,2026-05-03,Active,0.315,0
C14636,Pratyush,Bajwa,44,Female,Kolkata,India,2024-08-01,Active,0.111,0
C14637,Falguni,Chaudhary,45,Female,Bengaluru,India,2026-05-07,Active,0.216,0
C14638,Nitara,Balakrishnan,21,Female,Kolkata,India,2024-11-28,Active,0.252,0
C14639,Zehaan,Parmer,64,Male,Hyderabad,India,2025-08-10,Active,0.279,0
C14640,Hemangini,Pandey,58,Male,Bengaluru,India,2026-07-28,Active,0.182,0
C14641,Aradhana,Sehgal,46,Female,Delhi,India,2024-09-21,Churned,0.442,1
C14642,Ekta,Shanker,54,Male,Delhi,India,2023-11-14,Active,0.172,0
C14643,Adya,Dyal,67,Other,Pune,India,2026-08-22,Active,0.085,0
C14644,Ekanta,Rattan,57,Other,Hyderabad,India,2024-07-22,Churned,0.311,1
C14645,Orinder,Tata,26,Other,Mumbai,India,2025-02-23,Active,0.44,0
C14646,Gauri,Pandey,64,Male,Chennai,India,2024-01-17,Churned,0.451,1
C14647,Vedant,Nadig,23,Other,Hyderabad,India,2026-04-15,Churned,0.554,1
C14648,Harrison,Chana,40,Other,Pune,India,2024-12-19,Churned,0.245,1
C14649,Nidra,Munshi,59,Male,Delhi,India,2026-05-21,Churned,0.268,1
C14650,Widisha,Grewal,41,Other,Delhi,India,2026-04-23,Active,0.344,0
C14651,Samaksh,Lanka,28,Other,Chennai,India,2025-04-17,Active,0.207,0
C14652,Indali,Nazareth,63,Male,Bengaluru,India,2025-09-24,Active,0.185,0
C14653,Janaki,Dutta,69,Male,Hyderabad,India,2025-07-12,Active,0.175,0
C14654,Ekantika,Babu,39,Female,Delhi,India,2024-05-19,Churned,0.425,1
C14655,Ranveer,Mukherjee,53,Other,Delhi,India,2024-02-21,Active,0.496,0
C14656,Chaman,Yohannan,18,Male,Mumbai,India,2025-10-26,Active,0.126,0
C14657,Mitali,Borra,66,Other,Pune,India,2024-06-03,Active,0.151,0
C14658,Girik,Chana,50,Female,Kolkata,India,2024-07-05,Active,0.456,0
C14659,Nidhi,Lall,20,Male,Bengaluru,India,2026-03-17,Active,0.261,0
C14660,Harini,Walia,37,Male,Delhi,India,2024-04-14,Churned,0.345,1
C14661,Mekhala,Deol,58,Other,Delhi,India,2025-03-03,Churned,0.201,1
C14662,Hemang,Memon,20,Female,Pune,India,2025-04-21,Active,0.442,0
C14663,Fitan,Naik,70,Female,Chennai,India,2026-04-10,Active,0.018,0
C14664,Saanvi,Baria,26,Other,Bengaluru,India,2024-08-15,Active,0.476,0
C14665,Mohammed,Mahal,23,Male,Pune,India,2024-09-16,Active,0.134,0
C14666,Warda,Kapur,50,Other,Chennai,India,2023-10-11,Churned,0.45,1
C14667,Theodore,Korpal,19,Male,Nagpur,India,2026-08-15,Active,0.124,0
C14668,Ria,Kalita,24,Other,Chennai,India,2024-08-16,Active,0.139,0
C14669,Advik,Minhas,30,Other,Bengaluru,India,2024-04-13,Churned,0.063,1
C14670,Ansh,Subramanian,68,Female,Chennai,India,2024-09-13,Active,0.331,0
C14671,Oeshi,Handa,50,Other,Mumbai,India,2025-07-13,Active,0.147,0
C14672,Quincy,Venkataraman,37,Female,Kolkata,India,2025-06-02,Churned,0.284,1
C14673,Mugdha,Ram,30,Male,Bengaluru,India,2026-02-19,Churned,0.086,1
C14674,Januja,Lall,59,Other,Kolkata,India,2024-10-11,Churned,0.555,1
C14675,Kamala,Patla,42,Female,Chennai,India,2025-07-02,Active,0.065,0
C14676,Ekaja,Zachariah,23,Male,Chennai,India,2024-08-30,Active,0.191,0
C14677,Faraj,Desai,53,Female,Kolkata,India,2025-03-08,Active,0.468,0
C14678,Yatin,Yohannan,36,Other,Delhi,India,2025-01-12,Active,0.188,0
C14679,Kabir,Char,42,Male,Kolkata,India,2026-02-16,Active,0.564,0
C14680,Vamakshi,Wason,64,Female,Hyderabad,India,2025-10-28,Active,0.185,0
C14681,Henry,Kari,66,Other,Pune,India,2024-12-30,Active,0.132,0
C14682,Udarsh,Shroff,46,Male,Mumbai,India,2025-02-23,Active,0.442,0
C14683,Chatresh,Sharma,43,Male,Kolkata,India,2024-10-23,Active,0.208,0
C14684,Raksha,Tank,41,Female,Pune,India,2026-04-19,Churned,0.353,1
C14685,Rajata,Bhattacharyya,59,Female,Hyderabad,India,2026-03-07,Churned,0.479,1
C14686,Anthony,Sen,27,Other,Pune,India,2024-05-24,Active,0.258,0
C14687,Dakshesh,Palan,24,Other,Nagpur,India,2026-01-16,Churned,0.285,1
C14688,Manbir,Bhatt,31,Female,Delhi,India,2025-09-10,Active,0.408,0
C14689,Irya,Bhattacharyya,23,Male,Chennai,India,2026-07-26,Active,0.15,0
C14690,Zayyan,Bala,57,Female,Delhi,India,2024-11-02,Active,0.088,0
C14691,Vritti,Sankar,21,Female,Bengaluru,India,2026-03-17,Active,0.481,0
C14692,Kiaan,Randhawa,44,Female,Hyderabad,India,2026-08-29,Active,0.358,0
C14693,Siya,Mukherjee,27,Male,Hyderabad,India,2024-07-31,Churned,0.233,1
C14694,Daksha,Narayanan,62,Other,Chennai,India,2025-12-15,Active,0.571,0
C14695,Yashoda,Ray,18,Female,Delhi,India,2024-08-27,Active,0.226,0
C14696,Divya,Ahuja,66,Other,Kolkata,India,2024-04-12,Churned,0.395,1
C14697,Chatresh,Parmar,52,Female,Hyderabad,India,2026-04-04,Active,0.104,0
C14698,Jagdish,Bobal,59,Male,Hyderabad,India,2026-03-01,Active,0.438,0
C14699,Devansh,Wagle,47,Other,Kolkata,India,2026-04-11,Active,0.081,0
C14700,Neel,Hayer,50,Other,Pune,India,2025-06-04,Active,0.229,0
C14701,Praneel,Golla,24,Female,Pune,India,2024-09-21,Active,0.549,0
C14702,Warda,Dar,42,Male,Mumbai,India,2023-10-16,Active,0.456,0
C14703,Gaurav,Chandra,28,Other,Pune,India,2025-01-28,Active,0.017,0
C14704,Lila,Reddy,28,Male,Kolkata,India,2025-05-19,Churned,0.503,1
C14705,Urvi,Devi,25,Male,Chennai,India,2025-04-15,Churned,0.5,1
C14706,Qadim,Char,49,Male,Kolkata,India,2025-02-15,Active,0.096,0
C14707,Isha,Goel,26,Other,Chennai,India,2024-12-27,Active,0.225,0
C14708,Zayyan,Tata,43,Male,Bengaluru,India,2025-06-30,Active,0.447,0
C14709,Qarin,Lad,25,Female,Bengaluru,India,2024-01-19,Active,0.16,0
C14710,Sai,Karan,64,Other,Bengaluru,India,2025-05-16,Active,0.153,0
C14711,Finn,Nori,51,Female,Hyderabad,India,2025-02-27,Churned,0.492,1
C14712,Girindra,Viswanathan,54,Other,Nagpur,India,2025-08-02,Active,0.358,0
C14713,Anmol,Bhat,27,Female,Delhi,India,2024-10-05,Active,0.095,0
C14714,Daniel,Prakash,69,Other,Hyderabad,India,2026-01-13,Churned,0.509,1
C14715,Om,Agarwal,51,Other,Bengaluru,India,2024-01-27,Active,0.043,0
C14716,Advik,Agrawal,48,Female,Delhi,India,2025-11-30,Active,0.182,0
C14717,Leena,Mohan,39,Other,Nagpur,India,2025-01-20,Active,0.07,0
C14718,Kavya,Boase,28,Other,Kolkata,India,2023-10-13,Active,0.21,0
C14719,Ranbir,Tara,18,Female,Chennai,India,2024-05-25,Active,0.473,0
C14720,Tejas,Pai,29,Male,Kolkata,India,2024-06-09,Active,0.2,0
C14721,Mohammed,Prasad,22,Male,Bengaluru,India,2024-01-29,Active,0.117,0
C14722,Peter,Sastry,62,Male,Delhi,India,2026-02-08,Active,0.024,0
C14723,Yashica,Dixit,62,Male,Kolkata,India,2024-06-02,Active,0.128,0
C14724,Azaan,Barad,39,Male,Mumbai,India,2025-07-23,Churned,0.477,1
C14725,Jai,Muni,57,Female,Nagpur,India,2025-12-14,Active,0.212,0
C14726,Hritik,Palla,22,Female,Delhi,India,2024-11-26,Churned,0.525,1
C14727,Pranit,Vasa,40,Other,Mumbai,India,2026-07-28,Active,0.395,0
C14728,Harish,Tank,30,Female,Bengaluru,India,2024-05-18,Active,0.266,0
C14729,Mohammed,Nazareth,70,Female,Bengaluru,India,2024-06-27,Active,0.118,0
C14730,Lopa,Sem,41,Other,Chennai,India,2025-08-07,Active,0.546,0
C14731,Dominic,Nigam,34,Other,Delhi,India,2024-02-28,Active,0.368,0
C14732,Jasmit,Dhaliwal,22,Other,Nagpur,India,2024-09-17,Active,0.174,0
C14733,Vritti,Guha,24,Other,Delhi,India,2024-09-06,Churned,0.461,1
C14734,Benjamin,Parmar,35,Male,Bengaluru,India,2025-05-21,Churned,0.573,1
C14735,Varsha,Chaudhary,54,Male,Nagpur,India,2023-12-01,Active,0.231,0
C14736,Gavin,Nagi,69,Other,Chennai,India,2025-11-16,Churned,0.527,1
C14737,Meera,Iyer,39,Other,Bengaluru,India,2025-11-28,Active,0.268,0
C14738,Ekani,Deshmukh,69,Other,Kolkata,India,2024-11-12,Active,0.092,0
C14739,Rudra,Master,31,Male,Mumbai,India,2025-07-27,Active,0.098,0
C14740,Pooja,Raval,68,Male,Delhi,India,2026-04-30,Active,0.108,0
C14741,Krishna,Butala,23,Other,Nagpur,India,2025-07-07,Active,0.311,0
C14742,Arjun,Swamy,27,Male,Kolkata,India,2025-10-01,Churned,0.341,1
C14743,Ekanta,Sule,18,Female,Pune,India,2024-02-10,Active,0.17,0
C14744,Lopa,Mohan,21,Male,Kolkata,India,2026-04-05,Active,0.301,0
C14745,Bhavna,Bhakta,45,Other,Kolkata,India,2025-10-13,Active,0.01,0
C14746,Benjamin,Guha,38,Female,Pune,India,2025-11-28,Active,0.28,0
C14747,Damyanti,Ghose,33,Other,Chennai,India,2024-01-17,Active,0.415,0
C14748,Dipta,Bava,42,Female,Kolkata,India,2026-05-23,Churned,0.545,1
C14749,Ayaan,Batta,40,Female,Hyderabad,India,2025-12-08,Active,0.23,0
C14750,Lekha,Guha,51,Male,Delhi,India,2024-12-14,Active,0.196,0
C14751,Charles,Saraf,28,Other,Bengaluru,India,2025-02-28,Active,0.232,0
C14752,Pranav,Trivedi,63,Male,Chennai,India,2025-10-29,Active,0.056,0
C14753,Chaitanya,Kala,53,Female,Kolkata,India,2025-03-30,Churned,0.538,1
C14754,Tanvi,Grewal,62,Female,Pune,India,2024-02-01,Churned,0.489,1
C14755,Ekaja,Bora,53,Female,Hyderabad,India,2024-08-10,Active,0.129,0
C14756,Warhi,Jhaveri,29,Male,Hyderabad,India,2024-07-13,Active,0.434,0
C14757,Alexander,Bath,47,Other,Hyderabad,India,2026-02-04,Active,0.01,0
C14758,Samesh,Dada,64,Female,Delhi,India,2025-04-15,Active,0.142,0
C14759,Aayush,Khosla,57,Other,Delhi,India,2024-11-25,Active,0.047,0
C14760,Ganga,Goel,42,Female,Nagpur,India,2026-06-21,Active,0.153,0
C14761,Vedant,Prabhu,65,Male,Delhi,India,2025-04-28,Churned,0.512,1
C14762,Chaitanya,Dugal,46,Female,Delhi,India,2025-05-17,Churned,0.394,1
C14763,Yatin,Kuruvilla,18,Other,Bengaluru,India,2024-04-08,Active,0.257,0
C14764,Dayita,Jayaraman,39,Male,Hyderabad,India,2025-06-18,Active,0.269,0
C14765,Anjali,Rout,34,Other,Mumbai,India,2026-06-11,Churned,0.199,1
C14766,Advaith,Sagar,56,Female,Mumbai,India,2026-08-08,Churned,0.188,1
C14767,Krishna,Mall,59,Female,Kolkata,India,2025-06-04,Active,0.036,0
C14768,Vinaya,Kulkarni,43,Male,Bengaluru,India,2024-06-21,Churned,0.622,1
C14769,Advaith,Rana,35,Other,Mumbai,India,2026-03-21,Active,0.063,0
C14770,Saumya,Dave,54,Male,Kolkata,India,2023-11-04,Active,0.233,0
C14771,Udant,Bobal,56,Other,Kolkata,India,2026-06-26,Active,0.119,0
C14772,Ishwar,D’Alia,49,Male,Kolkata,India,2026-05-18,Active,0.135,0
C14773,Vrinda,Bhavsar,65,Other,Pune,India,2024-05-04,Active,0.183,0
C14774,Falak,Ganesh,20,Female,Mumbai,India,2024-06-11,Active,0.195,0
C14775,Mitali,Mane,57,Other,Nagpur,India,2024-10-03,Churned,0.327,1
C14776,Bhavini,Mane,63,Other,Nagpur,India,2025-12-12,Churned,0.492,1
C14777,Advika,Chopra,26,Male,Chennai,India,2026-02-02,Active,0.073,0
C14778,Megha,Jaggi,25,Male,Kolkata,India,2024-03-04,Active,0.065,0
C14779,Widisha,Iyer,58,Other,Mumbai,India,2024-01-13,Active,0.491,0
C14780,Zarna,Banik,38,Male,Bengaluru,India,2024-03-16,Churned,0.47,1
C14781,Varenya,Chopra,30,Other,Mumbai,India,2025-08-29,Active,0.463,0
C14782,Veer,Barad,39,Other,Hyderabad,India,2024-02-21,Active,0.219,0
C14783,Qarin,Chacko,63,Male,Hyderabad,India,2025-04-25,Active,0.038,0
C14784,Ekansh,Khurana,51,Male,Chennai,India,2026-08-13,Churned,0.162,1
C14785,Kamala,Sarma,44,Other,Mumbai,India,2025-07-09,Active,0.15,0
C14786,Riya,Barman,22,Male,Nagpur,India,2024-04-09,Active,0.12,0
C14787,Yahvi,Gulati,64,Female,Pune,India,2026-06-26,Active,0.406,0
C14788,Eesha,Bassi,29,Female,Mumbai,India,2024-07-23,Active,0.338,0
C14789,Akshay,Dua,35,Other,Delhi,India,2026-01-31,Churned,0.552,1
C14790,Zashil,Gill,62,Other,Chennai,India,2025-02-12,Active,0.485,0
C14791,Turvi,Iyer,29,Other,Mumbai,India,2025-02-25,Active,0.127,0
C14792,Daksh,Raman,37,Female,Hyderabad,India,2026-05-28,Active,0.094,0
C14793,Michael,Manne,25,Female,Kolkata,India,2025-04-13,Active,0.194,0
C14794,Devansh,Kar,54,Other,Pune,India,2025-10-25,Active,0.098,0
C14795,Robert,Nayak,54,Female,Pune,India,2024-06-12,Churned,0.336,1
C14796,Reva,Bakshi,25,Male,Nagpur,India,2026-06-19,Active,0.051,0
C14797,Ekaraj,Korpal,64,Male,Nagpur,India,2025-07-16,Active,0.074,0
C14798,Bhavna,Dyal,38,Other,Mumbai,India,2026-03-23,Active,0.426,0
C14799,Eesha,Bhandari,67,Male,Mumbai,India,2024-04-10,Active,0.43,0
C14800,Dhruv,Rout,31,Other,Hyderabad,India,2024-02-21,Active,0.424,0
C14801,Anay,Gara,47,Male,Delhi,India,2025-11-13,Active,0.102,0
C14802,Kamala,Barad,37,Other,Delhi,India,2025-01-12,Active,0.317,0
C14803,Hemang,Kaur,65,Other,Nagpur,India,2024-04-10,Churned,0.245,1
C14804,Lakshmi,Aggarwal,37,Male,Chennai,India,2023-09-10,Active,0.161,0
C14805,Dalbir,Ram,63,Female,Nagpur,India,2026-01-22,Active,0.101,0
C14806,Jagdish,Kapur,35,Male,Hyderabad,India,2026-01-28,Active,0.37,0
C14807,Balendra,Borah,44,Male,Delhi,India,2026-05-04,Active,0.57,0
C14808,Vamakshi,Raju,35,Male,Nagpur,India,2023-10-01,Churned,0.198,1
C14809,Lila,Sengupta,36,Female,Kolkata,India,2024-11-12,Churned,0.069,1
C14810,Vritti,Krishna,34,Male,Kolkata,India,2024-09-04,Active,0.552,0
C14811,Suhani,Srinivas,40,Other,Hyderabad,India,2025-02-18,Active,0.044,0
C14812,Suhani,Yadav,40,Other,Kolkata,India,2024-04-25,Active,0.189,0
C14813,Udarsh,Dhawan,58,Other,Nagpur,India,2025-03-13,Active,0.219,0
C14814,Owen,Rama,20,Other,Chennai,India,2024-11-19,Churned,0.54,1
C14815,Naveen,Pillai,27,Other,Delhi,India,2024-10-04,Active,0.305,0
C14816,Rachana,Mital,62,Female,Hyderabad,India,2023-10-03,Active,0.116,0
C14817,Brijesh,Sharaf,59,Other,Bengaluru,India,2024-04-11,Churned,0.411,1
C14818,Utkarsh,Ratti,31,Female,Bengaluru,India,2025-05-30,Active,0.329,0
C14819,Ira,Joshi,23,Other,Delhi,India,2024-03-13,Active,0.474,0
C14820,Oviya,Sahni,34,Male,Kolkata,India,2025-05-23,Active,0.124,0
C14821,Sneha,Sawhney,34,Male,Pune,India,2025-08-16,Churned,0.548,1
C14822,Ubika,Patla,51,Other,Nagpur,India,2025-04-26,Active,0.412,0
C14823,Eshana,Rastogi,48,Male,Kolkata,India,2025-02-06,Active,0.218,0
C14824,Samesh,Korpal,55,Female,Hyderabad,India,2024-03-25,Active,0.378,0
C14825,Rayaan,Hayer,54,Female,Mumbai,India,2024-08-03,Active,0.339,0
C14826,Januja,Sheth,38,Other,Pune,India,2026-06-21,Active,0.109,0
C14827,Nilima,Prasad,58,Female,Mumbai,India,2025-12-30,Active,0.125,0
C14828,Damyanti,Kala,28,Female,Kolkata,India,2026-05-28,Active,0.382,0
C14829,Lohit,Singhal,39,Female,Pune,India,2025-05-03,Active,0.594,0
C14830,Sneha,Mital,29,Female,Bengaluru,India,2024-02-16,Churned,0.544,1
C14831,Nitara,Behl,28,Female,Nagpur,India,2026-04-26,Active,0.536,0
C14832,Teerth,Nazareth,66,Male,Kolkata,India,2024-07-06,Active,0.506,0
C14833,Naksh,Rajagopalan,69,Other,Kolkata,India,2026-01-05,Churned,0.511,1
C14834,Rachana,Gole,55,Other,Chennai,India,2025-11-12,Active,0.405,0
C14835,Arjun,Jhaveri,64,Female,Kolkata,India,2025-07-20,Churned,0.571,1
C14836,Orinder,Mahajan,33,Female,Hyderabad,India,2025-04-22,Active,0.226,0
C14837,Nachiket,Ratti,56,Female,Kolkata,India,2026-07-24,Active,0.139,0
C14838,Rudra,Dora,61,Female,Bengaluru,India,2026-02-10,Active,0.37,0
C14839,Edhitha,Sidhu,20,Male,Pune,India,2025-05-31,Active,0.575,0
C14840,Kalpit,Sur,44,Female,Bengaluru,India,2024-09-16,Active,0.231,0
C14841,Balendra,Chatterjee,54,Female,Mumbai,India,2025-01-04,Active,0.201,0
C14842,Frederick,Bail,28,Other,Nagpur,India,2023-12-11,Churned,0.331,1
C14843,Chatresh,Narula,37,Other,Delhi,India,2023-09-14,Active,0.535,0
C14844,Dhriti,Parikh,54,Male,Nagpur,India,2024-01-18,Active,0.109,0
C14845,Matthew,Kala,60,Female,Mumbai,India,2024-07-12,Churned,0.218,1
C14846,Dominic,Patil,23,Female,Nagpur,India,2024-12-21,Churned,0.577,1
C14847,Diya,Sekhon,69,Female,Kolkata,India,2026-04-26,Churned,0.339,1
C14848,Hamsini,Gill,43,Male,Kolkata,India,2025-09-08,Active,0.443,0
C14849,Chavvi,Chaudhuri,18,Other,Nagpur,India,2024-11-24,Churned,0.323,1
C14850,Nathaniel,Doshi,30,Male,Bengaluru,India,2026-01-20,Churned,0.353,1
C14851,Ojasvi,Dani,37,Male,Nagpur,India,2024-05-11,Active,0.158,0
C14852,Nimrat,Dutt,33,Male,Chennai,India,2025-12-05,Churned,0.552,1
C14853,Upasna,Mand,23,Other,Delhi,India,2026-01-20,Active,0.415,0
C14854,Zaid,Comar,27,Other,Hyderabad,India,2026-08-07,Active,0.1,0
C14855,Manan,Saxena,18,Female,Nagpur,India,2026-06-28,Churned,0.515,1
C14856,Balveer,Deshmukh,40,Male,Kolkata,India,2024-01-29,Churned,0.499,1
C14857,Urvashi,Raghavan,53,Other,Chennai,India,2025-04-14,Active,0.256,0
C14858,Onkar,Bahri,62,Male,Kolkata,India,2025-09-10,Active,0.148,0
C14859,Janani,Sastry,60,Female,Kolkata,India,2026-02-27,Active,0.122,0
C14860,Qabil,Sem,63,Male,Pune,India,2026-02-25,Active,0.267,0
C14861,Vyanjana,Padmanabhan,42,Male,Hyderabad,India,2023-10-01,Churned,0.557,1
C14862,Frederick,Pingle,66,Male,Chennai,India,2025-02-09,Active,0.171,0
C14863,Peter,Deshmukh,67,Female,Bengaluru,India,2023-12-17,Churned,0.414,1
C14864,Charita,Ramesh,70,Other,Chennai,India,2026-04-27,Active,0.162,0
C14865,Indrajit,Hegde,56,Female,Pune,India,2024-04-20,Active,0.499,0
C14866,Ekani,Master,40,Female,Mumbai,India,2026-05-13,Active,0.114,0
C14867,Isha,Talwar,32,Other,Nagpur,India,2024-01-08,Churned,0.297,1
C14868,Omisha,Gara,67,Male,Hyderabad,India,2023-09-25,Active,0.175,0
C14869,Zayyan,Handa,41,Female,Mumbai,India,2025-03-21,Active,0.469,0
C14870,Ati,Venkatesh,57,Other,Chennai,India,2025-11-06,Active,0.331,0
C14871,Vrishti,Nagar,22,Other,Delhi,India,2023-10-07,Active,0.01,0
C14872,Charles,Khare,26,Female,Delhi,India,2024-05-17,Churned,0.485,1
C14873,Damini,Lall,20,Male,Bengaluru,India,2026-08-24,Churned,0.607,1
C14874,Rachita,Nazareth,45,Male,Hyderabad,India,2025-07-29,Active,0.379,0
C14875,Anjali,Shanker,42,Other,Nagpur,India,2023-11-02,Churned,0.084,1
C14876,Faris,Natarajan,45,Male,Bengaluru,India,2026-06-21,Active,0.035,0
C14877,Azad,De,37,Female,Kolkata,India,2026-01-04,Active,0.149,0
C14878,Advaith,Bahl,20,Female,Chennai,India,2026-04-27,Active,0.122,0
C14879,Lajita,Iyengar,29,Male,Chennai,India,2024-12-14,Churned,0.124,1
C14880,Lajita,Rama,61,Other,Pune,India,2025-08-31,Churned,0.5,1
C14881,Anamika,Prashad,47,Male,Hyderabad,India,2023-10-26,Active,0.243,0
C14882,Jeevika,Vala,61,Other,Pune,India,2025-02-03,Churned,0.247,1
C14883,Niharika,Oommen,59,Female,Mumbai,India,2025-06-21,Active,0.388,0
C14884,Hiral,Lal,28,Female,Nagpur,India,2024-03-24,Churned,0.543,1
C14885,Reyansh,Suresh,54,Other,Chennai,India,2026-01-06,Active,0.099,0
C14886,Amara,Chacko,61,Female,Mumbai,India,2024-11-11,Active,0.257,0
C14887,Frado,Nagar,49,Other,Chennai,India,2025-07-30,Active,0.398,0
C14888,Ishaan,Bajaj,45,Male,Bengaluru,India,2025-10-30,Active,0.159,0
C14889,Hredhaan,Kibe,45,Female,Pune,India,2024-03-18,Churned,0.354,1
C14890,Peter,Prakash,56,Female,Hyderabad,India,2023-12-25,Active,0.12,0
C14891,Mitesh,Khalsa,67,Female,Hyderabad,India,2023-12-10,Active,0.037,0
C14892,Faqid,Andra,52,Female,Pune,India,2024-01-14,Churned,0.55,1
C14893,Harita,Bobal,68,Male,Chennai,India,2023-09-21,Active,0.054,0
C14894,Triveni,Narayanan,52,Female,Pune,India,2024-04-30,Active,0.089,0
C14895,Hitesh,Dara,27,Male,Hyderabad,India,2026-06-29,Active,0.33,0
C14896,Liam,Iyengar,63,Other,Bengaluru,India,2023-11-27,Active,0.325,0
C14897,Quincy,Chand,30,Other,Kolkata,India,2024-01-05,Active,0.381,0
C14898,Aarush,Sant,45,Male,Kolkata,India,2024-01-21,Active,0.231,0
C14899,Viraj,Kade,36,Male,Pune,India,2026-08-01,Churned,0.393,1
C14900,Fariq,Ram,49,Female,Hyderabad,India,2023-11-17,Churned,0.271,1
C14901,Reyansh,Soni,21,Other,Hyderabad,India,2025-01-10,Active,0.258,0
C14902,Warhi,Grewal,34,Female,Hyderabad,India,2024-07-03,Churned,0.343,1
C14903,Bhavna,Bhat,61,Female,Mumbai,India,2025-08-29,Active,0.056,0
C14904,Qasim,Tripathi,52,Female,Nagpur,India,2025-07-19,Active,0.174,0
C14905,Fariq,Goda,36,Female,Chennai,India,2023-09-10,Active,0.329,0
C14906,Adya,Dhawan,19,Female,Hyderabad,India,2024-07-04,Active,0.091,0
C14907,Ranbir,Dasgupta,37,Other,Mumbai,India,2025-12-20,Active,0.025,0
C14908,Faqid,Guha,56,Male,Hyderabad,India,2026-08-27,Churned,0.396,1
C14909,Ekanta,Kari,64,Male,Chennai,India,2024-06-17,Active,0.16,0
C14910,Megha,Minhas,33,Male,Pune,India,2024-05-10,Active,0.136,0
C14911,Nitara,Toor,52,Male,Nagpur,India,2026-03-23,Churned,0.364,1
C14912,Bhavika,Kamdar,64,Male,Kolkata,India,2026-05-23,Active,0.068,0
C14913,Zashil,Pai,45,Female,Hyderabad,India,2025-06-24,Churned,0.529,1
C14914,Abhimanyu,Krishnamurthy,47,Other,Delhi,India,2024-09-09,Active,0.048,0
C14915,Neel,Bhattacharyya,70,Other,Kolkata,India,2024-11-11,Churned,0.457,1
C14916,Dev,Tak,20,Male,Hyderabad,India,2023-12-05,Churned,0.121,1
C14917,Darpan,Sani,41,Male,Nagpur,India,2025-02-16,Churned,0.496,1
C14918,Sanaya,Arora,56,Other,Pune,India,2024-01-03,Active,0.392,0
C14919,Gaurang,Nagar,42,Other,Pune,India,2026-07-14,Active,0.469,0
C14920,Janaki,Bhatti,39,Other,Bengaluru,India,2026-03-02,Churned,0.553,1
C14921,Adweta,Nagar,45,Female,Mumbai,India,2026-02-01,Churned,0.186,1
C14922,Ishita,Srinivasan,29,Other,Bengaluru,India,2025-08-01,Churned,0.329,1
C14923,Xalak,Mital,64,Other,Pune,India,2025-03-29,Active,0.292,0
C14924,Dhriti,Gupta,45,Male,Delhi,India,2025-09-29,Active,0.485,0
C14925,Onkar,Basak,54,Female,Bengaluru,India,2024-08-20,Active,0.459,0
C14926,Ira,Rout,57,Other,Delhi,India,2026-08-09,Churned,0.165,1
C14927,Triya,Nair,62,Male,Hyderabad,India,2025-08-23,Active,0.186,0
C14928,Ubika,Shetty,54,Female,Delhi,India,2025-05-19,Active,0.266,0
C14929,Michael,Dhar,66,Female,Bengaluru,India,2025-08-03,Churned,0.488,1
C14930,Oni,Bakshi,65,Other,Nagpur,India,2025-04-21,Active,0.333,0
C14931,Edhitha,Raj,35,Other,Mumbai,India,2024-04-04,Active,0.185,0
C14932,Manthan,Ratta,56,Female,Nagpur,India,2026-05-10,Churned,0.493,1
C14933,Akshay,Saraf,61,Female,Bengaluru,India,2025-03-22,Active,0.249,0
C14934,Orinder,Dora,18,Female,Delhi,India,2026-06-25,Active,0.243,0
C14935,Qarin,Kalla,19,Female,Nagpur,India,2026-03-10,Active,0.441,0
C14936,Amol,Raman,35,Female,Kolkata,India,2024-01-26,Active,0.329,0
C14937,Mason,Madan,56,Other,Hyderabad,India,2025-09-03,Active,0.106,0
C14938,Rudra,Bains,24,Male,Delhi,India,2025-02-06,Active,0.14,0
C14939,Manya,Dutt,19,Other,Hyderabad,India,2025-10-12,Active,0.01,0
C14940,Arunima,Kari,32,Male,Bengaluru,India,2024-12-15,Churned,0.572,1
C14941,Vidhi,Tata,64,Other,Kolkata,India,2024-06-22,Active,0.042,0
C14942,Radhika,Dutta,55,Female,Hyderabad,India,2025-07-04,Churned,0.417,1
C14943,Darpan,Pandit,52,Female,Kolkata,India,2025-09-27,Active,0.085,0
C14944,Ekalinga,Naik,53,Male,Hyderabad,India,2024-02-12,Churned,0.489,1
C14945,Bimala,Dhaliwal,39,Female,Hyderabad,India,2025-09-10,Active,0.418,0
C14946,Zilmil,Talwar,70,Female,Nagpur,India,2024-08-31,Active,0.252,0
C14947,Omaja,Swaminathan,47,Other,Kolkata,India,2024-08-02,Active,0.181,0
C14948,Darika,Dutt,31,Other,Nagpur,India,2023-09-21,Active,0.323,0
C14949,Deepa,Sanghvi,61,Female,Bengaluru,India,2025-02-07,Active,0.152,0
C14950,Jairaj,Dayal,43,Male,Pune,India,2026-04-08,Active,0.383,0
C14951,Baghyawati,Om,58,Female,Hyderabad,India,2025-12-01,Active,0.01,0
C14952,Kabir,Pingle,23,Male,Hyderabad,India,2025-04-02,Active,0.095,0
C14953,Urvashi,Bhatnagar,37,Female,Hyderabad,India,2026-01-26,Active,0.092,0
C14954,Sanya,Pingle,46,Other,Kolkata,India,2023-09-28,Active,0.184,0
C14955,Yatin,Kadakia,19,Male,Nagpur,India,2025-06-09,Active,0.417,0
C14956,Vivaan,Munshi,57,Female,Chennai,India,2025-01-19,Churned,0.133,1
C14957,Vamakshi,Mand,44,Male,Bengaluru,India,2026-05-12,Active,0.19,0
C14958,Harini,Narula,53,Other,Kolkata,India,2026-01-10,Active,0.045,0
C14959,Robert,Datta,33,Female,Nagpur,India,2026-08-20,Active,0.112,0
C14960,Veer,Khalsa,42,Other,Pune,India,2025-01-12,Active,0.403,0
C14961,Vrinda,Singhal,24,Female,Delhi,India,2024-09-21,Active,0.128,0
C14962,Dhriti,Vaidya,31,Male,Bengaluru,India,2023-10-01,Churned,0.44,1
C14963,Leena,Divan,29,Male,Chennai,India,2024-01-27,Active,0.153,0
C14964,Ekanta,Bumb,53,Female,Hyderabad,India,2026-04-26,Churned,0.245,1
C14965,Vritti,Shere,66,Male,Chennai,India,2025-12-01,Churned,0.264,1
C14966,Amaira,Bhavsar,56,Female,Hyderabad,India,2026-03-25,Active,0.262,0
C14967,Lopa,Hans,67,Female,Pune,India,2025-07-30,Active,0.023,0
C14968,Luke,Patla,60,Other,Hyderabad,India,2024-11-03,Active,0.03,0
C14969,Urvi,Koshy,50,Other,Chennai,India,2023-12-01,Active,0.147,0
C14970,Aarush,Narang,32,Female,Kolkata,India,2024-08-12,Churned,0.387,1
C14971,Vasudha,Dhingra,66,Female,Bengaluru,India,2025-03-07,Active,0.194,0
C14972,Ekaja,Sundaram,70,Female,Nagpur,India,2024-10-28,Active,0.01,0
C14973,Ryan,Guha,29,Female,Bengaluru,India,2025-01-01,Active,0.329,0
C14974,Jai,Merchant,18,Other,Hyderabad,India,2026-03-17,Active,0.213,0
C14975,Robert,Viswanathan,66,Female,Nagpur,India,2023-12-04,Active,0.231,0
C14976,Barkha,Kothari,61,Male,Chennai,India,2025-10-23,Churned,0.351,1
C14977,Pallavi,Apte,55,Other,Chennai,India,2025-04-07,Active,0.139,0
C14978,Advika,Jayaraman,44,Female,Delhi,India,2024-12-07,Active,0.417,0
C14979,Chaman,Bakshi,58,Male,Delhi,India,2024-04-11,Churned,0.374,1
C14980,Oviya,Brar,26,Other,Pune,India,2023-10-15,Active,0.147,0
C14981,Udyati,Divan,56,Other,Chennai,India,2025-03-26,Active,0.159,0
C14982,Lavanya,Dugar,19,Female,Delhi,India,2025-07-25,Active,0.128,0
C14983,Sachi,Murthy,28,Other,Kolkata,India,2026-03-11,Churned,0.529,1
C14984,Anusha,Shah,61,Male,Hyderabad,India,2024-02-15,Active,0.172,0
C14985,Rudra,Setty,19,Other,Chennai,India,2024-11-02,Active,0.475,0
C14986,Nicholas,Dave,53,Other,Delhi,India,2024-11-16,Churned,0.087,1
C14987,Anay,Dasgupta,28,Female,Hyderabad,India,2025-01-14,Active,0.276,0
C14988,Eta,Sood,64,Male,Nagpur,India,2023-11-21,Active,0.424,0
C14989,Lucky,Murty,48,Other,Delhi,India,2025-03-26,Churned,0.349,1
C14990,Atharv,Saraf,38,Male,Bengaluru,India,2025-04-05,Churned,0.395,1
C14991,Ekiya,Randhawa,22,Male,Delhi,India,2026-06-01,Churned,0.435,1
C14992,Eta,Banerjee,54,Female,Kolkata,India,2024-06-03,Churned,0.131,1
C14993,Barkha,Naik,33,Other,Kolkata,India,2026-05-27,Churned,0.567,1
C14994,Balveer,Vaidya,33,Male,Kolkata,India,2026-01-26,Active,0.432,0
C14995,Kevin,Taneja,50,Other,Pune,India,2023-11-26,Active,0.183,0
C14996,Ekansh,Dey,69,Other,Hyderabad,India,2023-12-09,Active,0.425,0
C14997,Harsh,Virk,28,Male,Kolkata,India,2024-04-23,Active,0.047,0
C14998,Wahab,Chanda,64,Male,Mumbai,India,2024-05-11,Active,0.012,0
C14999,Ishanvi,Nigam,65,Male,Chennai,India,2025-03-13,Churned,0.09,1
C15000,Nitara,Oza,51,Female,Chennai,India,2024-01-05,Active,0.52,0
