subscription_id,customer_id,plan_name,monthly_price,contract_type,auto_renew
SUB10001,C10001,Basic,499,Yearly,No
SUB10002,C10002,Premium,1499,Monthly,Yes
SUB10003,C10003,Standard,999,Yearly,Yes
SUB10004,C10004,Standard,999,Yearly,Yes
SUB10005,C10005,Standard,999,Yearly,No
SUB10006,C10006,Standard,999,Monthly,Yes
SUB10007,C10007,Basic,499,Yearly,Yes
SUB10008,C10008,Premium,1499,Monthly,No
SUB10009,C10009,Standard,999,Yearly,Yes
SUB10010,C10010,Basic,499,Yearly,Yes
SUB10011,C10011,Standard,999,Monthly,No
SUB10012,C10012,Premium,1499,Monthly,No
SUB10013,C10013,Premium,1499,Yearly,Yes
SUB10014,C10014,Standard,999,Yearly,No
SUB10015,C10015,Premium,1499,Yearly,No
SUB10016,C10016,Standard,999,Yearly,No
SUB10017,C10017,Premium,1499,Monthly,Yes
SUB10018,C10018,Basic,499,Yearly,Yes
SUB10019,C10019,Basic,499,Yearly,No
SUB10020,C10020,Premium,1499,Yearly,No
SUB10021,C10021,Premium,1499,Monthly,No
SUB10022,C10022,Standard,999,Yearly,No
SUB10023,C10023,Basic,499,Monthly,Yes
SUB10024,C10024,Premium,1499,Yearly,No
SUB10025,C10025,Standard,999,Monthly,Yes
SUB10026,C10026,Basic,499,Yearly,Yes
SUB10027,C10027,Premium,1499,Monthly,No
SUB10028,C10028,Standard,999,Yearly,No
SUB10029,C10029,Premium,1499,Monthly,No
SUB10030,C10030,Premium,1499,Monthly,No
SUB10031,C10031,Premium,1499,Yearly,No
SUB10032,C10032,Standard,999,Monthly,No
SUB10033,C10033,Basic,499,Yearly,No
SUB10034,C10034,Basic,499,Monthly,No
SUB10035,C10035,Basic,499,Yearly,Yes
SUB10036,C10036,Basic,499,Monthly,No
SUB10037,C10037,Premium,1499,Monthly,Yes
SUB10038,C10038,Standard,999,Yearly,No
SUB10039,C10039,Premium,1499,Monthly,Yes
SUB10040,C10040,Premium,1499,Monthly,No
SUB10041,C10041,Premium,1499,Monthly,No
SUB10042,C10042,Premium,1499,Monthly,No
SUB10043,C10043,Premium,1499,Monthly,No
SUB10044,C10044,Premium,1499,Monthly,Yes
SUB10045,C10045,Standard,999,Monthly,Yes
SUB10046,C10046,Standard,999,Monthly,Yes
SUB10047,C10047,Basic,499,Yearly,Yes
SUB10048,C10048,Basic,499,Yearly,No
SUB10049,C10049,Basic,499,Monthly,Yes
SUB10050,C10050,Basic,499,Yearly,Yes
SUB10051,C10051,Basic,499,Monthly,Yes
SUB10052,C10052,Premium,1499,Yearly,No
SUB10053,C10053,Basic,499,Monthly,No
SUB10054,C10054,Premium,1499,Monthly,Yes
SUB10055,C10055,Standard,999,Monthly,No
SUB10056,C10056,Basic,499,Yearly,Yes
SUB10057,C10057,Basic,499,Monthly,No
SUB10058,C10058,Standard,999,Monthly,No
SUB10059,C10059,Basic,499,Yearly,Yes
SUB10060,C10060,Premium,1499,Yearly,Yes
SUB10061,C10061,Standard,999,Yearly,No
SUB10062,C10062,Standard,999,Monthly,No
SUB10063,C10063,Premium,1499,Yearly,No
SUB10064,C10064,Premium,1499,Yearly,No
SUB10065,C10065,Premium,1499,Monthly,No
SUB10066,C10066,Standard,999,Yearly,No
SUB10067,C10067,Basic,499,Monthly,No
SUB10068,C10068,Basic,499,Yearly,No
SUB10069,C10069,Standard,999,Monthly,Yes
SUB10070,C10070,Basic,499,Yearly,No
SUB10071,C10071,Basic,499,Yearly,No
SUB10072,C10072,Premium,1499,Monthly,Yes
SUB10073,C10073,Basic,499,Monthly,Yes
SUB10074,C10074,Standard,999,Yearly,No
SUB10075,C10075,Premium,1499,Yearly,Yes
SUB10076,C10076,Premium,1499,Yearly,Yes
SUB10077,C10077,Premium,1499,Monthly,No
SUB10078,C10078,Basic,499,Monthly,No
SUB10079,C10079,Basic,499,Monthly,Yes
SUB10080,C10080,Standard,999,Yearly,No
SUB10081,C10081,Premium,1499,Yearly,Yes
SUB10082,C10082,Standard,999,Yearly,No
SUB10083,C10083,Standard,999,Monthly,No
SUB10084,C10084,Standard,999,Yearly,No
SUB10085,C10085,Standard,999,Yearly,No
SUB10086,C10086,Premium,1499,Yearly,No
SUB10087,C10087,Basic,499,Yearly,Yes
SUB10088,C10088,Standard,999,Yearly,Yes
SUB10089,C10089,Standard,999,Yearly,Yes
SUB10090,C10090,Premium,1499,Monthly,Yes
SUB10091,C10091,Premium,1499,Yearly,No
SUB10092,C10092,Standard,999,Monthly,No
SUB10093,C10093,Standard,999,Yearly,No
SUB10094,C10094,Premium,1499,Monthly,Yes
SUB10095,C10095,Premium,1499,Yearly,No
SUB10096,C10096,Basic,499,Monthly,Yes
SUB10097,C10097,Basic,499,Yearly,No
SUB10098,C10098,Premium,1499,Yearly,Yes
SUB10099,C10099,Premium,1499,Yearly,No
SUB10100,C10100,Basic,499,Yearly,No
SUB10101,C10101,Basic,499,Monthly,Yes
SUB10102,C10102,Premium,1499,Yearly,No
SUB10103,C10103,Premium,1499,Yearly,No
SUB10104,C10104,Standard,999,Monthly,No
SUB10105,C10105,Basic,499,Monthly,No
SUB10106,C10106,Premium,1499,Yearly,Yes
SUB10107,C10107,Basic,499,Yearly,Yes
SUB10108,C10108,Premium,1499,Monthly,No
SUB10109,C10109,Basic,499,Yearly,No
SUB10110,C10110,Premium,1499,Yearly,Yes
SUB10111,C10111,Basic,499,Monthly,No
SUB10112,C10112,Standard,999,Yearly,Yes
SUB10113,C10113,Basic,499,Yearly,No
SUB10114,C10114,Basic,499,Yearly,No
SUB10115,C10115,Standard,999,Monthly,No
SUB10116,C10116,Standard,999,Monthly,Yes
SUB10117,C10117,Basic,499,Yearly,No
SUB10118,C10118,Standard,999,Yearly,Yes
SUB10119,C10119,Premium,1499,Monthly,No
SUB10120,C10120,Basic,499,Yearly,Yes
SUB10121,C10121,Premium,1499,Yearly,No
SUB10122,C10122,Standard,999,Yearly,Yes
SUB10123,C10123,Premium,1499,Monthly,Yes
SUB10124,C10124,Premium,1499,Monthly,Yes
SUB10125,C10125,Premium,1499,Monthly,No
SUB10126,C10126,Premium,1499,Monthly,Yes
SUB10127,C10127,Premium,1499,Yearly,No
SUB10128,C10128,Standard,999,Yearly,Yes
SUB10129,C10129,Premium,1499,Yearly,Yes
SUB10130,C10130,Basic,499,Yearly,No
SUB10131,C10131,Premium,1499,Yearly,Yes
SUB10132,C10132,Standard,999,Yearly,Yes
SUB10133,C10133,Premium,1499,Yearly,Yes
SUB10134,C10134,Basic,499,Monthly,No
SUB10135,C10135,Standard,999,Monthly,No
SUB10136,C10136,Basic,499,Yearly,No
SUB10137,C10137,Premium,1499,Monthly,No
SUB10138,C10138,Premium,1499,Monthly,Yes
SUB10139,C10139,Basic,499,Monthly,No
SUB10140,C10140,Basic,499,Monthly,Yes
SUB10141,C10141,Premium,1499,Monthly,Yes
SUB10142,C10142,Premium,1499,Yearly,Yes
SUB10143,C10143,Standard,999,Yearly,Yes
SUB10144,C10144,Premium,1499,Monthly,Yes
SUB10145,C10145,Standard,999,Monthly,No
SUB10146,C10146,Standard,999,Monthly,Yes
SUB10147,C10147,Standard,999,Monthly,Yes
SUB10148,C10148,Standard,999,Monthly,No
SUB10149,C10149,Basic,499,Yearly,Yes
SUB10150,C10150,Standard,999,Monthly,No
SUB10151,C10151,Standard,999,Yearly,Yes
SUB10152,C10152,Basic,499,Yearly,Yes
SUB10153,C10153,Basic,499,Monthly,Yes
SUB10154,C10154,Basic,499,Monthly,Yes
SUB10155,C10155,Standard,999,Yearly,No
SUB10156,C10156,Standard,999,Monthly,Yes
SUB10157,C10157,Basic,499,Yearly,No
SUB10158,C10158,Standard,999,Monthly,No
SUB10159,C10159,Basic,499,Monthly,No
SUB10160,C10160,Standard,999,Yearly,Yes
SUB10161,C10161,Standard,999,Yearly,No
SUB10162,C10162,Basic,499,Yearly,No
SUB10163,C10163,Basic,499,Monthly,No
SUB10164,C10164,Standard,999,Monthly,No
SUB10165,C10165,Premium,1499,Yearly,Yes
SUB10166,C10166,Basic,499,Monthly,Yes
SUB10167,C10167,Premium,1499,Monthly,Yes
SUB10168,C10168,Premium,1499,Monthly,Yes
SUB10169,C10169,Premium,1499,Yearly,Yes
SUB10170,C10170,Basic,499,Monthly,No
SUB10171,C10171,Standard,999,Yearly,Yes
SUB10172,C10172,Standard,999,Monthly,Yes
SUB10173,C10173,Premium,1499,Monthly,Yes
SUB10174,C10174,Standard,999,Monthly,Yes
SUB10175,C10175,Basic,499,Yearly,Yes
SUB10176,C10176,Standard,999,Yearly,No
SUB10177,C10177,Standard,999,Yearly,Yes
SUB10178,C10178,Basic,499,Yearly,Yes
SUB10179,C10179,Standard,999,Monthly,Yes
SUB10180,C10180,Standard,999,Monthly,No
SUB10181,C10181,Premium,1499,Monthly,Yes
SUB10182,C10182,Basic,499,Monthly,No
SUB10183,C10183,Basic,499,Monthly,No
SUB10184,C10184,Basic,499,Monthly,No
SUB10185,C10185,Standard,999,Yearly,No
SUB10186,C10186,Basic,499,Monthly,No
SUB10187,C10187,Standard,999,Yearly,No
SUB10188,C10188,Basic,499,Yearly,No
SUB10189,C10189,Premium,1499,Monthly,No
SUB10190,C10190,Standard,999,Monthly,Yes
SUB10191,C10191,Basic,499,Monthly,Yes
SUB10192,C10192,Basic,499,Monthly,Yes
SUB10193,C10193,Premium,1499,Yearly,No
SUB10194,C10194,Premium,1499,Monthly,Yes
SUB10195,C10195,Basic,499,Yearly,Yes
SUB10196,C10196,Premium,1499,Yearly,No
SUB10197,C10197,Premium,1499,Yearly,No
SUB10198,C10198,Basic,499,Yearly,No
SUB10199,C10199,Standard,999,Monthly,Yes
SUB10200,C10200,Premium,1499,Yearly,Yes
SUB10201,C10201,Basic,499,Monthly,Yes
SUB10202,C10202,Basic,499,Monthly,Yes
SUB10203,C10203,Basic,499,Yearly,No
SUB10204,C10204,Basic,499,Yearly,No
SUB10205,C10205,Standard,999,Monthly,No
SUB10206,C10206,Standard,999,Monthly,No
SUB10207,C10207,Premium,1499,Yearly,No
SUB10208,C10208,Basic,499,Yearly,No
SUB10209,C10209,Standard,999,Monthly,No
SUB10210,C10210,Standard,999,Yearly,No
SUB10211,C10211,Premium,1499,Monthly,No
SUB10212,C10212,Premium,1499,Yearly,Yes
SUB10213,C10213,Standard,999,Yearly,Yes
SUB10214,C10214,Premium,1499,Monthly,Yes
SUB10215,C10215,Basic,499,Yearly,Yes
SUB10216,C10216,Basic,499,Yearly,Yes
SUB10217,C10217,Standard,999,Yearly,No
SUB10218,C10218,Standard,999,Monthly,Yes
SUB10219,C10219,Standard,999,Monthly,Yes
SUB10220,C10220,Premium,1499,Monthly,Yes
SUB10221,C10221,Basic,499,Yearly,Yes
SUB10222,C10222,Premium,1499,Monthly,No
SUB10223,C10223,Premium,1499,Monthly,Yes
SUB10224,C10224,Standard,999,Monthly,Yes
SUB10225,C10225,Premium,1499,Monthly,Yes
SUB10226,C10226,Premium,1499,Monthly,No
SUB10227,C10227,Basic,499,Yearly,Yes
SUB10228,C10228,Standard,999,Yearly,No
SUB10229,C10229,Premium,1499,Yearly,No
SUB10230,C10230,Standard,999,Yearly,Yes
SUB10231,C10231,Premium,1499,Yearly,Yes
SUB10232,C10232,Basic,499,Yearly,No
SUB10233,C10233,Basic,499,Monthly,Yes
SUB10234,C10234,Standard,999,Monthly,Yes
SUB10235,C10235,Standard,999,Monthly,Yes
SUB10236,C10236,Standard,999,Monthly,No
SUB10237,C10237,Standard,999,Monthly,Yes
SUB10238,C10238,Standard,999,Monthly,Yes
SUB10239,C10239,Standard,999,Monthly,No
SUB10240,C10240,Basic,499,Monthly,Yes
SUB10241,C10241,Standard,999,Monthly,No
SUB10242,C10242,Standard,999,Monthly,Yes
SUB10243,C10243,Premium,1499,Yearly,Yes
SUB10244,C10244,Premium,1499,Yearly,Yes
SUB10245,C10245,Premium,1499,Yearly,No
SUB10246,C10246,Basic,499,Yearly,Yes
SUB10247,C10247,Basic,499,Yearly,No
SUB10248,C10248,Basic,499,Yearly,No
SUB10249,C10249,Basic,499,Yearly,No
SUB10250,C10250,Premium,1499,Monthly,No
SUB10251,C10251,Standard,999,Monthly,Yes
SUB10252,C10252,Basic,499,Yearly,Yes
SUB10253,C10253,Premium,1499,Yearly,No
SUB10254,C10254,Standard,999,Monthly,Yes
SUB10255,C10255,Standard,999,Yearly,No
SUB10256,C10256,Premium,1499,Yearly,No
SUB10257,C10257,Premium,1499,Yearly,No
SUB10258,C10258,Basic,499,Monthly,Yes
SUB10259,C10259,Premium,1499,Yearly,Yes
SUB10260,C10260,Premium,1499,Yearly,Yes
SUB10261,C10261,Premium,1499,Yearly,No
SUB10262,C10262,Basic,499,Yearly,No
SUB10263,C10263,Premium,1499,Yearly,Yes
SUB10264,C10264,Premium,1499,Monthly,Yes
SUB10265,C10265,Premium,1499,Monthly,Yes
SUB10266,C10266,Basic,499,Yearly,No
SUB10267,C10267,Standard,999,Monthly,No
SUB10268,C10268,Premium,1499,Yearly,No
SUB10269,C10269,Premium,1499,Monthly,No
SUB10270,C10270,Premium,1499,Yearly,Yes
SUB10271,C10271,Basic,499,Monthly,Yes
SUB10272,C10272,Premium,1499,Yearly,Yes
SUB10273,C10273,Standard,999,Yearly,Yes
SUB10274,C10274,Premium,1499,Yearly,No
SUB10275,C10275,Standard,999,Yearly,No
SUB10276,C10276,Basic,499,Yearly,No
SUB10277,C10277,Basic,499,Yearly,No
SUB10278,C10278,Premium,1499,Yearly,Yes
SUB10279,C10279,Basic,499,Yearly,No
SUB10280,C10280,Standard,999,Monthly,No
SUB10281,C10281,Basic,499,Yearly,No
SUB10282,C10282,Premium,1499,Monthly,No
SUB10283,C10283,Standard,999,Monthly,Yes
SUB10284,C10284,Premium,1499,Yearly,No
SUB10285,C10285,Premium,1499,Yearly,Yes
SUB10286,C10286,Standard,999,Monthly,No
SUB10287,C10287,Premium,1499,Yearly,No
SUB10288,C10288,Standard,999,Yearly,No
SUB10289,C10289,Basic,499,Monthly,No
SUB10290,C10290,Basic,499,Monthly,Yes
SUB10291,C10291,Premium,1499,Yearly,No
SUB10292,C10292,Premium,1499,Monthly,No
SUB10293,C10293,Premium,1499,Monthly,Yes
SUB10294,C10294,Basic,499,Monthly,No
SUB10295,C10295,Standard,999,Monthly,No
SUB10296,C10296,Premium,1499,Yearly,No
SUB10297,C10297,Basic,499,Yearly,Yes
SUB10298,C10298,Premium,1499,Yearly,Yes
SUB10299,C10299,Standard,999,Monthly,No
SUB10300,C10300,Basic,499,Monthly,Yes
SUB10301,C10301,Premium,1499,Yearly,Yes
SUB10302,C10302,Standard,999,Monthly,Yes
SUB10303,C10303,Basic,499,Monthly,No
SUB10304,C10304,Premium,1499,Monthly,Yes
SUB10305,C10305,Basic,499,Yearly,Yes
SUB10306,C10306,Basic,499,Yearly,No
SUB10307,C10307,Standard,999,Monthly,No
SUB10308,C10308,Basic,499,Yearly,No
SUB10309,C10309,Premium,1499,Yearly,No
SUB10310,C10310,Standard,999,Yearly,No
SUB10311,C10311,Standard,999,Monthly,No
SUB10312,C10312,Premium,1499,Yearly,Yes
SUB10313,C10313,Premium,1499,Monthly,No
SUB10314,C10314,Premium,1499,Monthly,Yes
SUB10315,C10315,Basic,499,Yearly,No
SUB10316,C10316,Basic,499,Monthly,No
SUB10317,C10317,Premium,1499,Monthly,No
SUB10318,C10318,Standard,999,Monthly,No
SUB10319,C10319,Premium,1499,Yearly,No
SUB10320,C10320,Premium,1499,Yearly,Yes
SUB10321,C10321,Basic,499,Monthly,No
SUB10322,C10322,Premium,1499,Monthly,No
SUB10323,C10323,Standard,999,Monthly,Yes
SUB10324,C10324,Premium,1499,Yearly,Yes
SUB10325,C10325,Premium,1499,Yearly,No
SUB10326,C10326,Premium,1499,Monthly,No
SUB10327,C10327,Standard,999,Monthly,No
SUB10328,C10328,Basic,499,Yearly,No
SUB10329,C10329,Premium,1499,Yearly,No
SUB10330,C10330,Basic,499,Yearly,Yes
SUB10331,C10331,Premium,1499,Yearly,Yes
SUB10332,C10332,Premium,1499,Monthly,No
SUB10333,C10333,Premium,1499,Monthly,Yes
SUB10334,C10334,Premium,1499,Monthly,No
SUB10335,C10335,Premium,1499,Monthly,Yes
SUB10336,C10336,Basic,499,Monthly,Yes
SUB10337,C10337,Basic,499,Yearly,Yes
SUB10338,C10338,Standard,999,Monthly,Yes
SUB10339,C10339,Standard,999,Yearly,No
SUB10340,C10340,Standard,999,Yearly,Yes
SUB10341,C10341,Standard,999,Monthly,Yes
SUB10342,C10342,Standard,999,Yearly,Yes
SUB10343,C10343,Premium,1499,Yearly,No
SUB10344,C10344,Standard,999,Monthly,Yes
SUB10345,C10345,Standard,999,Yearly,Yes
SUB10346,C10346,Basic,499,Yearly,Yes
SUB10347,C10347,Standard,999,Yearly,Yes
SUB10348,C10348,Premium,1499,Yearly,Yes
SUB10349,C10349,Premium,1499,Monthly,Yes
SUB10350,C10350,Premium,1499,Yearly,Yes
SUB10351,C10351,Basic,499,Monthly,Yes
SUB10352,C10352,Basic,499,Yearly,No
SUB10353,C10353,Standard,999,Monthly,No
SUB10354,C10354,Basic,499,Monthly,Yes
SUB10355,C10355,Premium,1499,Yearly,Yes
SUB10356,C10356,Premium,1499,Monthly,No
SUB10357,C10357,Basic,499,Monthly,No
SUB10358,C10358,Premium,1499,Monthly,No
SUB10359,C10359,Premium,1499,Monthly,Yes
SUB10360,C10360,Standard,999,Monthly,Yes
SUB10361,C10361,Premium,1499,Monthly,No
SUB10362,C10362,Standard,999,Monthly,No
SUB10363,C10363,Premium,1499,Monthly,Yes
SUB10364,C10364,Basic,499,Yearly,Yes
SUB10365,C10365,Premium,1499,Monthly,No
SUB10366,C10366,Standard,999,Yearly,No
SUB10367,C10367,Basic,499,Monthly,No
SUB10368,C10368,Basic,499,Yearly,Yes
SUB10369,C10369,Basic,499,Yearly,Yes
SUB10370,C10370,Standard,999,Monthly,No
SUB10371,C10371,Basic,499,Yearly,Yes
SUB10372,C10372,Premium,1499,Monthly,No
SUB10373,C10373,Premium,1499,Yearly,Yes
SUB10374,C10374,Standard,999,Yearly,Yes
SUB10375,C10375,Standard,999,Monthly,No
SUB10376,C10376,Premium,1499,Yearly,No
SUB10377,C10377,Standard,999,Yearly,Yes
SUB10378,C10378,Standard,999,Monthly,No
SUB10379,C10379,Basic,499,Yearly,No
SUB10380,C10380,Premium,1499,Yearly,No
SUB10381,C10381,Standard,999,Yearly,Yes
SUB10382,C10382,Premium,1499,Monthly,Yes
SUB10383,C10383,Basic,499,Yearly,Yes
SUB10384,C10384,Premium,1499,Yearly,Yes
SUB10385,C10385,Premium,1499,Monthly,Yes
SUB10386,C10386,Standard,999,Yearly,Yes
SUB10387,C10387,Standard,999,Monthly,No
SUB10388,C10388,Premium,1499,Monthly,No
SUB10389,C10389,Premium,1499,Monthly,Yes
SUB10390,C10390,Basic,499,Yearly,Yes
SUB10391,C10391,Basic,499,Yearly,Yes
SUB10392,C10392,Premium,1499,Monthly,No
SUB10393,C10393,Basic,499,Monthly,Yes
SUB10394,C10394,Standard,999,Monthly,Yes
SUB10395,C10395,Standard,999,Monthly,Yes
SUB10396,C10396,Premium,1499,Yearly,Yes
SUB10397,C10397,Standard,999,Monthly,No
SUB10398,C10398,Standard,999,Monthly,Yes
SUB10399,C10399,Basic,499,Monthly,No
SUB10400,C10400,Standard,999,Yearly,Yes
SUB10401,C10401,Premium,1499,Yearly,No
SUB10402,C10402,Premium,1499,Monthly,No
SUB10403,C10403,Standard,999,Yearly,No
SUB10404,C10404,Basic,499,Yearly,No
SUB10405,C10405,Premium,1499,Monthly,No
SUB10406,C10406,Basic,499,Yearly,Yes
SUB10407,C10407,Premium,1499,Monthly,Yes
SUB10408,C10408,Premium,1499,Monthly,Yes
SUB10409,C10409,Basic,499,Yearly,Yes
SUB10410,C10410,Basic,499,Yearly,Yes
SUB10411,C10411,Premium,1499,Yearly,No
SUB10412,C10412,Standard,999,Yearly,No
SUB10413,C10413,Premium,1499,Yearly,Yes
SUB10414,C10414,Basic,499,Yearly,Yes
SUB10415,C10415,Basic,499,Yearly,Yes
SUB10416,C10416,Basic,499,Monthly,No
SUB10417,C10417,Standard,999,Monthly,Yes
SUB10418,C10418,Basic,499,Monthly,No
SUB10419,C10419,Basic,499,Monthly,Yes
SUB10420,C10420,Basic,499,Yearly,No
SUB10421,C10421,Standard,999,Monthly,No
SUB10422,C10422,Premium,1499,Monthly,Yes
SUB10423,C10423,Basic,499,Yearly,Yes
SUB10424,C10424,Premium,1499,Monthly,Yes
SUB10425,C10425,Standard,999,Yearly,Yes
SUB10426,C10426,Standard,999,Yearly,Yes
SUB10427,C10427,Premium,1499,Monthly,No
SUB10428,C10428,Standard,999,Monthly,No
SUB10429,C10429,Premium,1499,Monthly,Yes
SUB10430,C10430,Basic,499,Monthly,No
SUB10431,C10431,Premium,1499,Yearly,Yes
SUB10432,C10432,Standard,999,Monthly,Yes
SUB10433,C10433,Premium,1499,Yearly,Yes
SUB10434,C10434,Basic,499,Yearly,Yes
SUB10435,C10435,Basic,499,Monthly,No
SUB10436,C10436,Premium,1499,Monthly,Yes
SUB10437,C10437,Premium,1499,Yearly,No
SUB10438,C10438,Basic,499,Monthly,Yes
SUB10439,C10439,Premium,1499,Monthly,Yes
SUB10440,C10440,Standard,999,Monthly,Yes
SUB10441,C10441,Standard,999,Monthly,Yes
SUB10442,C10442,Premium,1499,Monthly,Yes
SUB10443,C10443,Basic,499,Yearly,No
SUB10444,C10444,Standard,999,Yearly,No
SUB10445,C10445,Premium,1499,Monthly,No
SUB10446,C10446,Premium,1499,Yearly,No
SUB10447,C10447,Premium,1499,Yearly,No
SUB10448,C10448,Basic,499,Yearly,No
SUB10449,C10449,Basic,499,Monthly,No
SUB10450,C10450,Premium,1499,Monthly,No
SUB10451,C10451,Standard,999,Monthly,No
SUB10452,C10452,Premium,1499,Monthly,No
SUB10453,C10453,Standard,999,Monthly,Yes
SUB10454,C10454,Standard,999,Yearly,Yes
SUB10455,C10455,Standard,999,Monthly,No
SUB10456,C10456,Basic,499,Yearly,No
SUB10457,C10457,Standard,999,Yearly,No
SUB10458,C10458,Standard,999,Yearly,No
SUB10459,C10459,Standard,999,Yearly,No
SUB10460,C10460,Premium,1499,Yearly,Yes
SUB10461,C10461,Premium,1499,Monthly,Yes
SUB10462,C10462,Basic,499,Monthly,Yes
SUB10463,C10463,Premium,1499,Yearly,No
SUB10464,C10464,Premium,1499,Yearly,No
SUB10465,C10465,Premium,1499,Yearly,Yes
SUB10466,C10466,Standard,999,Monthly,No
SUB10467,C10467,Basic,499,Yearly,No
SUB10468,C10468,Premium,1499,Yearly,Yes
SUB10469,C10469,Basic,499,Monthly,No
SUB10470,C10470,Premium,1499,Monthly,No
SUB10471,C10471,Premium,1499,Yearly,Yes
SUB10472,C10472,Standard,999,Monthly,Yes
SUB10473,C10473,Standard,999,Monthly,No
SUB10474,C10474,Premium,1499,Monthly,No
SUB10475,C10475,Premium,1499,Monthly,Yes
SUB10476,C10476,Standard,999,Yearly,No
SUB10477,C10477,Basic,499,Monthly,No
SUB10478,C10478,Standard,999,Monthly,Yes
SUB10479,C10479,Basic,499,Monthly,Yes
SUB10480,C10480,Basic,499,Monthly,No
SUB10481,C10481,Basic,499,Yearly,No
SUB10482,C10482,Basic,499,Monthly,Yes
SUB10483,C10483,Standard,999,Monthly,No
SUB10484,C10484,Premium,1499,Yearly,No
SUB10485,C10485,Standard,999,Yearly,Yes
SUB10486,C10486,Standard,999,Yearly,Yes
SUB10487,C10487,Premium,1499,Monthly,Yes
SUB10488,C10488,Basic,499,Yearly,Yes
SUB10489,C10489,Premium,1499,Yearly,Yes
SUB10490,C10490,Premium,1499,Yearly,No
SUB10491,C10491,Premium,1499,Monthly,Yes
SUB10492,C10492,Premium,1499,Monthly,No
SUB10493,C10493,Basic,499,Monthly,Yes
SUB10494,C10494,Standard,999,Yearly,No
SUB10495,C10495,Standard,999,Monthly,Yes
SUB10496,C10496,Premium,1499,Yearly,No
SUB10497,C10497,Premium,1499,Monthly,No
SUB10498,C10498,Basic,499,Yearly,No
SUB10499,C10499,Standard,999,Monthly,No
SUB10500,C10500,Basic,499,Monthly,Yes
SUB10501,C10501,Premium,1499,Yearly,No
SUB10502,C10502,Basic,499,Monthly,Yes
SUB10503,C10503,Premium,1499,Yearly,No
SUB10504,C10504,Premium,1499,Monthly,No
SUB10505,C10505,Premium,1499,Yearly,Yes
SUB10506,C10506,Premium,1499,Yearly,Yes
SUB10507,C10507,Standard,999,Yearly,Yes
SUB10508,C10508,Premium,1499,Yearly,Yes
SUB10509,C10509,Standard,999,Yearly,Yes
SUB10510,C10510,Basic,499,Monthly,No
SUB10511,C10511,Standard,999,Yearly,No
SUB10512,C10512,Standard,999,Monthly,No
SUB10513,C10513,Premium,1499,Yearly,Yes
SUB10514,C10514,Standard,999,Monthly,Yes
SUB10515,C10515,Premium,1499,Monthly,Yes
SUB10516,C10516,Standard,999,Yearly,Yes
SUB10517,C10517,Standard,999,Yearly,No
SUB10518,C10518,Basic,499,Yearly,No
SUB10519,C10519,Standard,999,Yearly,No
SUB10520,C10520,Standard,999,Yearly,Yes
SUB10521,C10521,Standard,999,Yearly,Yes
SUB10522,C10522,Standard,999,Yearly,No
SUB10523,C10523,Basic,499,Yearly,Yes
SUB10524,C10524,Premium,1499,Yearly,Yes
SUB10525,C10525,Basic,499,Monthly,Yes
SUB10526,C10526,Basic,499,Monthly,Yes
SUB10527,C10527,Standard,999,Monthly,Yes
SUB10528,C10528,Premium,1499,Monthly,Yes
SUB10529,C10529,Basic,499,Monthly,Yes
SUB10530,C10530,Premium,1499,Yearly,Yes
SUB10531,C10531,Basic,499,Yearly,No
SUB10532,C10532,Premium,1499,Monthly,Yes
SUB10533,C10533,Basic,499,Monthly,Yes
SUB10534,C10534,Premium,1499,Monthly,Yes
SUB10535,C10535,Basic,499,Monthly,Yes
SUB10536,C10536,Standard,999,Monthly,Yes
SUB10537,C10537,Basic,499,Monthly,No
SUB10538,C10538,Standard,999,Monthly,No
SUB10539,C10539,Basic,499,Yearly,Yes
SUB10540,C10540,Standard,999,Yearly,Yes
SUB10541,C10541,Standard,999,Monthly,Yes
SUB10542,C10542,Basic,499,Monthly,Yes
SUB10543,C10543,Standard,999,Monthly,Yes
SUB10544,C10544,Premium,1499,Monthly,Yes
SUB10545,C10545,Basic,499,Monthly,No
SUB10546,C10546,Basic,499,Monthly,No
SUB10547,C10547,Premium,1499,Yearly,No
SUB10548,C10548,Premium,1499,Yearly,Yes
SUB10549,C10549,Standard,999,Yearly,No
SUB10550,C10550,Premium,1499,Monthly,Yes
SUB10551,C10551,Premium,1499,Yearly,No
SUB10552,C10552,Basic,499,Monthly,Yes
SUB10553,C10553,Basic,499,Yearly,No
SUB10554,C10554,Premium,1499,Monthly,No
SUB10555,C10555,Basic,499,Yearly,Yes
SUB10556,C10556,Premium,1499,Monthly,No
SUB10557,C10557,Premium,1499,Yearly,Yes
SUB10558,C10558,Premium,1499,Yearly,No
SUB10559,C10559,Standard,999,Yearly,No
SUB10560,C10560,Standard,999,Yearly,No
SUB10561,C10561,Standard,999,Yearly,Yes
SUB10562,C10562,Basic,499,Monthly,Yes
SUB10563,C10563,Premium,1499,Yearly,No
SUB10564,C10564,Standard,999,Yearly,No
SUB10565,C10565,Standard,999,Yearly,No
SUB10566,C10566,Standard,999,Monthly,Yes
SUB10567,C10567,Premium,1499,Yearly,No
SUB10568,C10568,Basic,499,Monthly,No
SUB10569,C10569,Standard,999,Monthly,No
SUB10570,C10570,Standard,999,Monthly,No
SUB10571,C10571,Premium,1499,Monthly,Yes
SUB10572,C10572,Premium,1499,Monthly,Yes
SUB10573,C10573,Basic,499,Monthly,No
SUB10574,C10574,Standard,999,Monthly,No
SUB10575,C10575,Standard,999,Monthly,Yes
SUB10576,C10576,Standard,999,Yearly,Yes
SUB10577,C10577,Standard,999,Yearly,Yes
SUB10578,C10578,Basic,499,Yearly,No
SUB10579,C10579,Standard,999,Yearly,Yes
SUB10580,C10580,Standard,999,Monthly,No
SUB10581,C10581,Basic,499,Monthly,No
SUB10582,C10582,Premium,1499,Yearly,No
SUB10583,C10583,Basic,499,Monthly,No
SUB10584,C10584,Basic,499,Yearly,No
SUB10585,C10585,Basic,499,Yearly,Yes
SUB10586,C10586,Standard,999,Yearly,No
SUB10587,C10587,Premium,1499,Monthly,Yes
SUB10588,C10588,Premium,1499,Yearly,No
SUB10589,C10589,Premium,1499,Yearly,Yes
SUB10590,C10590,Standard,999,Yearly,Yes
SUB10591,C10591,Basic,499,Yearly,No
SUB10592,C10592,Standard,999,Monthly,Yes
SUB10593,C10593,Standard,999,Monthly,No
SUB10594,C10594,Premium,1499,Yearly,No
SUB10595,C10595,Premium,1499,Yearly,No
SUB10596,C10596,Premium,1499,Monthly,Yes
SUB10597,C10597,Standard,999,Monthly,Yes
SUB10598,C10598,Basic,499,Yearly,No
SUB10599,C10599,Basic,499,Yearly,Yes
SUB10600,C10600,Standard,999,Monthly,No
SUB10601,C10601,Basic,499,Yearly,No
SUB10602,C10602,Premium,1499,Yearly,Yes
SUB10603,C10603,Standard,999,Yearly,Yes
SUB10604,C10604,Standard,999,Monthly,No
SUB10605,C10605,Basic,499,Yearly,Yes
SUB10606,C10606,Basic,499,Monthly,No
SUB10607,C10607,Standard,999,Yearly,Yes
SUB10608,C10608,Standard,999,Yearly,No
SUB10609,C10609,Standard,999,Monthly,Yes
SUB10610,C10610,Premium,1499,Monthly,No
SUB10611,C10611,Premium,1499,Monthly,Yes
SUB10612,C10612,Premium,1499,Yearly,Yes
SUB10613,C10613,Standard,999,Yearly,Yes
SUB10614,C10614,Standard,999,Yearly,Yes
SUB10615,C10615,Basic,499,Yearly,Yes
SUB10616,C10616,Basic,499,Yearly,Yes
SUB10617,C10617,Standard,999,Yearly,Yes
SUB10618,C10618,Standard,999,Yearly,Yes
SUB10619,C10619,Premium,1499,Yearly,No
SUB10620,C10620,Basic,499,Yearly,No
SUB10621,C10621,Standard,999,Monthly,No
SUB10622,C10622,Standard,999,Monthly,Yes
SUB10623,C10623,Standard,999,Monthly,Yes
SUB10624,C10624,Basic,499,Yearly,No
SUB10625,C10625,Standard,999,Monthly,No
SUB10626,C10626,Premium,1499,Yearly,Yes
SUB10627,C10627,Premium,1499,Yearly,No
SUB10628,C10628,Standard,999,Monthly,No
SUB10629,C10629,Premium,1499,Monthly,No
SUB10630,C10630,Standard,999,Monthly,Yes
SUB10631,C10631,Premium,1499,Monthly,No
SUB10632,C10632,Basic,499,Monthly,Yes
SUB10633,C10633,Basic,499,Monthly,Yes
SUB10634,C10634,Premium,1499,Monthly,Yes
SUB10635,C10635,Standard,999,Yearly,No
SUB10636,C10636,Basic,499,Yearly,No
SUB10637,C10637,Basic,499,Yearly,No
SUB10638,C10638,Premium,1499,Monthly,No
SUB10639,C10639,Premium,1499,Yearly,Yes
SUB10640,C10640,Premium,1499,Monthly,Yes
SUB10641,C10641,Standard,999,Monthly,Yes
SUB10642,C10642,Standard,999,Monthly,Yes
SUB10643,C10643,Basic,499,Monthly,Yes
SUB10644,C10644,Premium,1499,Monthly,No
SUB10645,C10645,Basic,499,Monthly,Yes
SUB10646,C10646,Basic,499,Monthly,Yes
SUB10647,C10647,Premium,1499,Yearly,No
SUB10648,C10648,Standard,999,Yearly,Yes
SUB10649,C10649,Premium,1499,Yearly,No
SUB10650,C10650,Basic,499,Yearly,Yes
SUB10651,C10651,Basic,499,Monthly,Yes
SUB10652,C10652,Basic,499,Monthly,No
SUB10653,C10653,Basic,499,Yearly,Yes
SUB10654,C10654,Premium,1499,Yearly,Yes
SUB10655,C10655,Standard,999,Monthly,Yes
SUB10656,C10656,Premium,1499,Monthly,No
SUB10657,C10657,Standard,999,Yearly,No
SUB10658,C10658,Basic,499,Monthly,No
SUB10659,C10659,Standard,999,Monthly,No
SUB10660,C10660,Standard,999,Yearly,Yes
SUB10661,C10661,Premium,1499,Yearly,No
SUB10662,C10662,Basic,499,Yearly,No
SUB10663,C10663,Basic,499,Monthly,Yes
SUB10664,C10664,Basic,499,Yearly,Yes
SUB10665,C10665,Premium,1499,Monthly,Yes
SUB10666,C10666,Premium,1499,Yearly,Yes
SUB10667,C10667,Premium,1499,Yearly,No
SUB10668,C10668,Standard,999,Monthly,Yes
SUB10669,C10669,Premium,1499,Yearly,Yes
SUB10670,C10670,Premium,1499,Monthly,No
SUB10671,C10671,Basic,499,Monthly,Yes
SUB10672,C10672,Standard,999,Monthly,No
SUB10673,C10673,Premium,1499,Yearly,No
SUB10674,C10674,Standard,999,Yearly,Yes
SUB10675,C10675,Standard,999,Yearly,No
SUB10676,C10676,Premium,1499,Monthly,Yes
SUB10677,C10677,Premium,1499,Monthly,Yes
SUB10678,C10678,Basic,499,Monthly,Yes
SUB10679,C10679,Standard,999,Monthly,No
SUB10680,C10680,Standard,999,Yearly,Yes
SUB10681,C10681,Basic,499,Monthly,No
SUB10682,C10682,Basic,499,Monthly,No
SUB10683,C10683,Premium,1499,Yearly,Yes
SUB10684,C10684,Standard,999,Yearly,Yes
SUB10685,C10685,Standard,999,Monthly,Yes
SUB10686,C10686,Standard,999,Monthly,No
SUB10687,C10687,Standard,999,Monthly,Yes
SUB10688,C10688,Premium,1499,Monthly,No
SUB10689,C10689,Basic,499,Monthly,Yes
SUB10690,C10690,Basic,499,Monthly,No
SUB10691,C10691,Premium,1499,Yearly,No
SUB10692,C10692,Basic,499,Yearly,Yes
SUB10693,C10693,Premium,1499,Monthly,Yes
SUB10694,C10694,Basic,499,Yearly,No
SUB10695,C10695,Basic,499,Monthly,No
SUB10696,C10696,Standard,999,Yearly,No
SUB10697,C10697,Basic,499,Monthly,Yes
SUB10698,C10698,Premium,1499,Monthly,No
SUB10699,C10699,Premium,1499,Yearly,No
SUB10700,C10700,Basic,499,Yearly,Yes
SUB10701,C10701,Premium,1499,Yearly,Yes
SUB10702,C10702,Basic,499,Yearly,Yes
SUB10703,C10703,Premium,1499,Monthly,No
SUB10704,C10704,Premium,1499,Yearly,Yes
SUB10705,C10705,Premium,1499,Monthly,No
SUB10706,C10706,Standard,999,Monthly,No
SUB10707,C10707,Standard,999,Yearly,Yes
SUB10708,C10708,Standard,999,Yearly,Yes
SUB10709,C10709,Standard,999,Yearly,No
SUB10710,C10710,Basic,499,Yearly,No
SUB10711,C10711,Standard,999,Yearly,No
SUB10712,C10712,Basic,499,Yearly,No
SUB10713,C10713,Standard,999,Yearly,Yes
SUB10714,C10714,Premium,1499,Yearly,Yes
SUB10715,C10715,Standard,999,Yearly,No
SUB10716,C10716,Standard,999,Monthly,Yes
SUB10717,C10717,Standard,999,Monthly,No
SUB10718,C10718,Premium,1499,Monthly,Yes
SUB10719,C10719,Basic,499,Yearly,Yes
SUB10720,C10720,Standard,999,Monthly,Yes
SUB10721,C10721,Premium,1499,Monthly,Yes
SUB10722,C10722,Standard,999,Monthly,Yes
SUB10723,C10723,Premium,1499,Yearly,No
SUB10724,C10724,Basic,499,Yearly,No
SUB10725,C10725,Premium,1499,Yearly,No
SUB10726,C10726,Basic,499,Yearly,No
SUB10727,C10727,Premium,1499,Monthly,Yes
SUB10728,C10728,Premium,1499,Yearly,Yes
SUB10729,C10729,Premium,1499,Monthly,Yes
SUB10730,C10730,Premium,1499,Monthly,No
SUB10731,C10731,Basic,499,Monthly,No
SUB10732,C10732,Basic,499,Yearly,No
SUB10733,C10733,Basic,499,Monthly,Yes
SUB10734,C10734,Basic,499,Monthly,Yes
SUB10735,C10735,Standard,999,Monthly,Yes
SUB10736,C10736,Basic,499,Monthly,Yes
SUB10737,C10737,Standard,999,Yearly,Yes
SUB10738,C10738,Standard,999,Yearly,No
SUB10739,C10739,Basic,499,Yearly,No
SUB10740,C10740,Standard,999,Yearly,Yes
SUB10741,C10741,Standard,999,Yearly,No
SUB10742,C10742,Premium,1499,Monthly,No
SUB10743,C10743,Basic,499,Yearly,No
SUB10744,C10744,Standard,999,Monthly,No
SUB10745,C10745,Premium,1499,Yearly,No
SUB10746,C10746,Premium,1499,Monthly,No
SUB10747,C10747,Premium,1499,Yearly,No
SUB10748,C10748,Basic,499,Yearly,Yes
SUB10749,C10749,Standard,999,Monthly,No
SUB10750,C10750,Standard,999,Monthly,Yes
SUB10751,C10751,Basic,499,Monthly,No
SUB10752,C10752,Standard,999,Yearly,Yes
SUB10753,C10753,Premium,1499,Yearly,Yes
SUB10754,C10754,Standard,999,Yearly,No
SUB10755,C10755,Basic,499,Yearly,Yes
SUB10756,C10756,Basic,499,Monthly,Yes
SUB10757,C10757,Premium,1499,Yearly,Yes
SUB10758,C10758,Premium,1499,Monthly,No
SUB10759,C10759,Standard,999,Yearly,Yes
SUB10760,C10760,Standard,999,Monthly,No
SUB10761,C10761,Basic,499,Yearly,No
SUB10762,C10762,Basic,499,Monthly,No
SUB10763,C10763,Premium,1499,Yearly,No
SUB10764,C10764,Basic,499,Monthly,Yes
SUB10765,C10765,Basic,499,Yearly,No
SUB10766,C10766,Basic,499,Monthly,No
SUB10767,C10767,Premium,1499,Monthly,No
SUB10768,C10768,Basic,499,Yearly,Yes
SUB10769,C10769,Basic,499,Yearly,No
SUB10770,C10770,Basic,499,Yearly,Yes
SUB10771,C10771,Basic,499,Monthly,Yes
SUB10772,C10772,Basic,499,Monthly,No
SUB10773,C10773,Standard,999,Yearly,No
SUB10774,C10774,Basic,499,Yearly,Yes
SUB10775,C10775,Standard,999,Yearly,Yes
SUB10776,C10776,Standard,999,Yearly,No
SUB10777,C10777,Basic,499,Monthly,Yes
SUB10778,C10778,Standard,999,Yearly,No
SUB10779,C10779,Standard,999,Monthly,Yes
SUB10780,C10780,Basic,499,Monthly,Yes
SUB10781,C10781,Basic,499,Monthly,Yes
SUB10782,C10782,Standard,999,Yearly,No
SUB10783,C10783,Standard,999,Monthly,Yes
SUB10784,C10784,Premium,1499,Yearly,Yes
SUB10785,C10785,Premium,1499,Monthly,Yes
SUB10786,C10786,Basic,499,Monthly,No
SUB10787,C10787,Basic,499,Yearly,Yes
SUB10788,C10788,Standard,999,Monthly,Yes
SUB10789,C10789,Basic,499,Yearly,Yes
SUB10790,C10790,Standard,999,Monthly,No
SUB10791,C10791,Basic,499,Yearly,Yes
SUB10792,C10792,Basic,499,Yearly,No
SUB10793,C10793,Standard,999,Monthly,Yes
SUB10794,C10794,Basic,499,Yearly,Yes
SUB10795,C10795,Basic,499,Monthly,Yes
SUB10796,C10796,Basic,499,Yearly,Yes
SUB10797,C10797,Premium,1499,Monthly,Yes
SUB10798,C10798,Premium,1499,Yearly,No
SUB10799,C10799,Basic,499,Yearly,No
SUB10800,C10800,Basic,499,Yearly,Yes
SUB10801,C10801,Standard,999,Yearly,Yes
SUB10802,C10802,Basic,499,Yearly,No
SUB10803,C10803,Standard,999,Monthly,Yes
SUB10804,C10804,Standard,999,Yearly,Yes
SUB10805,C10805,Basic,499,Yearly,No
SUB10806,C10806,Basic,499,Yearly,Yes
SUB10807,C10807,Standard,999,Monthly,Yes
SUB10808,C10808,Premium,1499,Monthly,Yes
SUB10809,C10809,Standard,999,Yearly,No
SUB10810,C10810,Standard,999,Yearly,No
SUB10811,C10811,Standard,999,Yearly,No
SUB10812,C10812,Standard,999,Yearly,No
SUB10813,C10813,Premium,1499,Monthly,No
SUB10814,C10814,Standard,999,Monthly,No
SUB10815,C10815,Standard,999,Monthly,No
SUB10816,C10816,Premium,1499,Yearly,No
SUB10817,C10817,Standard,999,Monthly,No
SUB10818,C10818,Standard,999,Monthly,Yes
SUB10819,C10819,Standard,999,Yearly,Yes
SUB10820,C10820,Standard,999,Yearly,No
SUB10821,C10821,Standard,999,Yearly,Yes
SUB10822,C10822,Premium,1499,Monthly,No
SUB10823,C10823,Basic,499,Yearly,No
SUB10824,C10824,Basic,499,Yearly,Yes
SUB10825,C10825,Basic,499,Yearly,Yes
SUB10826,C10826,Basic,499,Yearly,Yes
SUB10827,C10827,Premium,1499,Yearly,No
SUB10828,C10828,Basic,499,Yearly,No
SUB10829,C10829,Premium,1499,Yearly,No
SUB10830,C10830,Premium,1499,Yearly,Yes
SUB10831,C10831,Standard,999,Monthly,No
SUB10832,C10832,Basic,499,Yearly,No
SUB10833,C10833,Basic,499,Monthly,Yes
SUB10834,C10834,Standard,999,Yearly,No
SUB10835,C10835,Premium,1499,Yearly,No
SUB10836,C10836,Basic,499,Yearly,Yes
SUB10837,C10837,Standard,999,Yearly,Yes
SUB10838,C10838,Standard,999,Yearly,No
SUB10839,C10839,Standard,999,Monthly,Yes
SUB10840,C10840,Basic,499,Monthly,No
SUB10841,C10841,Basic,499,Monthly,Yes
SUB10842,C10842,Standard,999,Monthly,No
SUB10843,C10843,Basic,499,Monthly,No
SUB10844,C10844,Basic,499,Monthly,Yes
SUB10845,C10845,Basic,499,Monthly,No
SUB10846,C10846,Premium,1499,Yearly,No
SUB10847,C10847,Standard,999,Monthly,Yes
SUB10848,C10848,Basic,499,Yearly,No
SUB10849,C10849,Basic,499,Monthly,Yes
SUB10850,C10850,Premium,1499,Yearly,Yes
SUB10851,C10851,Basic,499,Yearly,Yes
SUB10852,C10852,Premium,1499,Monthly,Yes
SUB10853,C10853,Basic,499,Yearly,No
SUB10854,C10854,Basic,499,Monthly,Yes
SUB10855,C10855,Standard,999,Monthly,Yes
SUB10856,C10856,Standard,999,Monthly,Yes
SUB10857,C10857,Basic,499,Yearly,Yes
SUB10858,C10858,Basic,499,Monthly,No
SUB10859,C10859,Standard,999,Yearly,No
SUB10860,C10860,Basic,499,Monthly,Yes
SUB10861,C10861,Basic,499,Yearly,No
SUB10862,C10862,Standard,999,Monthly,No
SUB10863,C10863,Premium,1499,Yearly,Yes
SUB10864,C10864,Premium,1499,Yearly,Yes
SUB10865,C10865,Premium,1499,Yearly,No
SUB10866,C10866,Premium,1499,Yearly,No
SUB10867,C10867,Basic,499,Yearly,No
SUB10868,C10868,Standard,999,Monthly,No
SUB10869,C10869,Basic,499,Monthly,No
SUB10870,C10870,Basic,499,Yearly,Yes
SUB10871,C10871,Basic,499,Yearly,No
SUB10872,C10872,Standard,999,Yearly,Yes
SUB10873,C10873,Premium,1499,Yearly,Yes
SUB10874,C10874,Standard,999,Yearly,Yes
SUB10875,C10875,Premium,1499,Monthly,Yes
SUB10876,C10876,Standard,999,Monthly,No
SUB10877,C10877,Premium,1499,Yearly,No
SUB10878,C10878,Standard,999,Monthly,No
SUB10879,C10879,Standard,999,Yearly,No
SUB10880,C10880,Basic,499,Yearly,No
SUB10881,C10881,Standard,999,Monthly,No
SUB10882,C10882,Standard,999,Yearly,No
SUB10883,C10883,Basic,499,Monthly,Yes
SUB10884,C10884,Premium,1499,Monthly,Yes
SUB10885,C10885,Standard,999,Yearly,Yes
SUB10886,C10886,Basic,499,Monthly,Yes
SUB10887,C10887,Basic,499,Monthly,No
SUB10888,C10888,Basic,499,Yearly,No
SUB10889,C10889,Basic,499,Yearly,Yes
SUB10890,C10890,Standard,999,Yearly,Yes
SUB10891,C10891,Basic,499,Yearly,No
SUB10892,C10892,Basic,499,Monthly,Yes
SUB10893,C10893,Basic,499,Monthly,Yes
SUB10894,C10894,Standard,999,Yearly,No
SUB10895,C10895,Basic,499,Monthly,Yes
SUB10896,C10896,Basic,499,Monthly,Yes
SUB10897,C10897,Basic,499,Yearly,Yes
SUB10898,C10898,Premium,1499,Monthly,No
SUB10899,C10899,Premium,1499,Yearly,Yes
SUB10900,C10900,Basic,499,Monthly,Yes
SUB10901,C10901,Basic,499,Yearly,Yes
SUB10902,C10902,Standard,999,Monthly,Yes
SUB10903,C10903,Standard,999,Monthly,Yes
SUB10904,C10904,Basic,499,Yearly,Yes
SUB10905,C10905,Basic,499,Monthly,No
SUB10906,C10906,Premium,1499,Yearly,No
SUB10907,C10907,Basic,499,Yearly,Yes
SUB10908,C10908,Premium,1499,Monthly,Yes
SUB10909,C10909,Basic,499,Monthly,Yes
SUB10910,C10910,Standard,999,Monthly,Yes
SUB10911,C10911,Standard,999,Yearly,No
SUB10912,C10912,Premium,1499,Yearly,No
SUB10913,C10913,Premium,1499,Yearly,No
SUB10914,C10914,Premium,1499,Yearly,No
SUB10915,C10915,Premium,1499,Yearly,Yes
SUB10916,C10916,Premium,1499,Yearly,Yes
SUB10917,C10917,Basic,499,Monthly,Yes
SUB10918,C10918,Premium,1499,Yearly,No
SUB10919,C10919,Basic,499,Yearly,No
SUB10920,C10920,Standard,999,Yearly,No
SUB10921,C10921,Basic,499,Yearly,No
SUB10922,C10922,Basic,499,Monthly,Yes
SUB10923,C10923,Standard,999,Monthly,No
SUB10924,C10924,Premium,1499,Monthly,No
SUB10925,C10925,Standard,999,Monthly,Yes
SUB10926,C10926,Basic,499,Monthly,No
SUB10927,C10927,Standard,999,Yearly,No
SUB10928,C10928,Standard,999,Yearly,No
SUB10929,C10929,Basic,499,Yearly,Yes
SUB10930,C10930,Standard,999,Monthly,Yes
SUB10931,C10931,Basic,499,Monthly,No
SUB10932,C10932,Standard,999,Monthly,No
SUB10933,C10933,Standard,999,Yearly,No
SUB10934,C10934,Basic,499,Yearly,No
SUB10935,C10935,Premium,1499,Yearly,Yes
SUB10936,C10936,Standard,999,Monthly,No
SUB10937,C10937,Standard,999,Monthly,No
SUB10938,C10938,Premium,1499,Monthly,Yes
SUB10939,C10939,Basic,499,Monthly,No
SUB10940,C10940,Basic,499,Monthly,Yes
SUB10941,C10941,Premium,1499,Yearly,Yes
SUB10942,C10942,Standard,999,Yearly,No
SUB10943,C10943,Premium,1499,Yearly,No
SUB10944,C10944,Premium,1499,Yearly,No
SUB10945,C10945,Standard,999,Monthly,Yes
SUB10946,C10946,Standard,999,Yearly,No
SUB10947,C10947,Premium,1499,Monthly,Yes
SUB10948,C10948,Basic,499,Yearly,No
SUB10949,C10949,Premium,1499,Yearly,No
SUB10950,C10950,Basic,499,Monthly,Yes
SUB10951,C10951,Basic,499,Yearly,No
SUB10952,C10952,Standard,999,Monthly,Yes
SUB10953,C10953,Basic,499,Yearly,Yes
SUB10954,C10954,Basic,499,Monthly,No
SUB10955,C10955,Premium,1499,Monthly,No
SUB10956,C10956,Basic,499,Yearly,No
SUB10957,C10957,Basic,499,Monthly,Yes
SUB10958,C10958,Basic,499,Monthly,No
SUB10959,C10959,Premium,1499,Yearly,Yes
SUB10960,C10960,Basic,499,Yearly,Yes
SUB10961,C10961,Premium,1499,Yearly,Yes
SUB10962,C10962,Basic,499,Yearly,No
SUB10963,C10963,Premium,1499,Yearly,No
SUB10964,C10964,Standard,999,Yearly,No
SUB10965,C10965,Premium,1499,Monthly,No
SUB10966,C10966,Premium,1499,Monthly,Yes
SUB10967,C10967,Basic,499,Yearly,No
SUB10968,C10968,Standard,999,Yearly,No
SUB10969,C10969,Standard,999,Yearly,Yes
SUB10970,C10970,Premium,1499,Yearly,No
SUB10971,C10971,Basic,499,Monthly,Yes
SUB10972,C10972,Basic,499,Monthly,No
SUB10973,C10973,Basic,499,Monthly,No
SUB10974,C10974,Standard,999,Yearly,No
SUB10975,C10975,Premium,1499,Yearly,No
SUB10976,C10976,Basic,499,Monthly,Yes
SUB10977,C10977,Premium,1499,Yearly,Yes
SUB10978,C10978,Standard,999,Monthly,No
SUB10979,C10979,Standard,999,Yearly,Yes
SUB10980,C10980,Standard,999,Yearly,Yes
SUB10981,C10981,Standard,999,Yearly,Yes
SUB10982,C10982,Standard,999,Monthly,No
SUB10983,C10983,Standard,999,Yearly,Yes
SUB10984,C10984,Standard,999,Yearly,Yes
SUB10985,C10985,Standard,999,Monthly,Yes
SUB10986,C10986,Standard,999,Monthly,No
SUB10987,C10987,Premium,1499,Yearly,Yes
SUB10988,C10988,Basic,499,Monthly,Yes
SUB10989,C10989,Premium,1499,Monthly,Yes
SUB10990,C10990,Premium,1499,Yearly,No
SUB10991,C10991,Basic,499,Monthly,Yes
SUB10992,C10992,Basic,499,Yearly,Yes
SUB10993,C10993,Basic,499,Monthly,No
SUB10994,C10994,Standard,999,Yearly,Yes
SUB10995,C10995,Basic,499,Monthly,No
SUB10996,C10996,Standard,999,Monthly,Yes
SUB10997,C10997,Premium,1499,Monthly,Yes
SUB10998,C10998,Premium,1499,Monthly,Yes
SUB10999,C10999,Basic,499,Yearly,No
SUB11000,C11000,Basic,499,Yearly,No
SUB11001,C11001,Premium,1499,Monthly,No
SUB11002,C11002,Basic,499,Monthly,No
SUB11003,C11003,Premium,1499,Yearly,Yes
SUB11004,C11004,Premium,1499,Monthly,No
SUB11005,C11005,Premium,1499,Monthly,No
SUB11006,C11006,Basic,499,Yearly,No
SUB11007,C11007,Premium,1499,Monthly,No
SUB11008,C11008,Standard,999,Yearly,No
SUB11009,C11009,Standard,999,Yearly,No
SUB11010,C11010,Basic,499,Yearly,No
SUB11011,C11011,Basic,499,Monthly,No
SUB11012,C11012,Basic,499,Monthly,Yes
SUB11013,C11013,Basic,499,Monthly,Yes
SUB11014,C11014,Basic,499,Monthly,No
SUB11015,C11015,Basic,499,Monthly,Yes
SUB11016,C11016,Standard,999,Yearly,No
SUB11017,C11017,Premium,1499,Monthly,No
SUB11018,C11018,Standard,999,Yearly,Yes
SUB11019,C11019,Premium,1499,Yearly,Yes
SUB11020,C11020,Standard,999,Monthly,No
SUB11021,C11021,Basic,499,Yearly,Yes
SUB11022,C11022,Standard,999,Monthly,Yes
SUB11023,C11023,Basic,499,Yearly,No
SUB11024,C11024,Basic,499,Yearly,No
SUB11025,C11025,Premium,1499,Yearly,No
SUB11026,C11026,Standard,999,Monthly,No
SUB11027,C11027,Premium,1499,Yearly,No
SUB11028,C11028,Premium,1499,Monthly,Yes
SUB11029,C11029,Basic,499,Yearly,No
SUB11030,C11030,Basic,499,Yearly,No
SUB11031,C11031,Basic,499,Monthly,Yes
SUB11032,C11032,Basic,499,Yearly,No
SUB11033,C11033,Basic,499,Monthly,No
SUB11034,C11034,Basic,499,Monthly,No
SUB11035,C11035,Premium,1499,Yearly,No
SUB11036,C11036,Standard,999,Monthly,Yes
SUB11037,C11037,Standard,999,Monthly,Yes
SUB11038,C11038,Basic,499,Yearly,No
SUB11039,C11039,Premium,1499,Yearly,Yes
SUB11040,C11040,Standard,999,Monthly,No
SUB11041,C11041,Premium,1499,Yearly,No
SUB11042,C11042,Basic,499,Yearly,No
SUB11043,C11043,Basic,499,Yearly,Yes
SUB11044,C11044,Standard,999,Yearly,No
SUB11045,C11045,Premium,1499,Monthly,No
SUB11046,C11046,Premium,1499,Monthly,No
SUB11047,C11047,Standard,999,Yearly,Yes
SUB11048,C11048,Basic,499,Yearly,No
SUB11049,C11049,Standard,999,Monthly,Yes
SUB11050,C11050,Basic,499,Monthly,No
SUB11051,C11051,Basic,499,Yearly,Yes
SUB11052,C11052,Standard,999,Monthly,Yes
SUB11053,C11053,Standard,999,Yearly,Yes
SUB11054,C11054,Premium,1499,Yearly,Yes
SUB11055,C11055,Standard,999,Monthly,No
SUB11056,C11056,Basic,499,Monthly,No
SUB11057,C11057,Premium,1499,Yearly,Yes
SUB11058,C11058,Premium,1499,Monthly,Yes
SUB11059,C11059,Premium,1499,Yearly,Yes
SUB11060,C11060,Standard,999,Monthly,No
SUB11061,C11061,Basic,499,Monthly,Yes
SUB11062,C11062,Premium,1499,Yearly,Yes
SUB11063,C11063,Premium,1499,Yearly,No
SUB11064,C11064,Standard,999,Monthly,No
SUB11065,C11065,Basic,499,Monthly,No
SUB11066,C11066,Basic,499,Yearly,No
SUB11067,C11067,Premium,1499,Monthly,Yes
SUB11068,C11068,Basic,499,Monthly,Yes
SUB11069,C11069,Basic,499,Monthly,No
SUB11070,C11070,Basic,499,Monthly,No
SUB11071,C11071,Standard,999,Monthly,No
SUB11072,C11072,Premium,1499,Monthly,No
SUB11073,C11073,Premium,1499,Yearly,Yes
SUB11074,C11074,Standard,999,Monthly,No
SUB11075,C11075,Basic,499,Yearly,Yes
SUB11076,C11076,Premium,1499,Yearly,Yes
SUB11077,C11077,Premium,1499,Monthly,Yes
SUB11078,C11078,Basic,499,Monthly,No
SUB11079,C11079,Basic,499,Monthly,No
SUB11080,C11080,Premium,1499,Yearly,Yes
SUB11081,C11081,Standard,999,Yearly,No
SUB11082,C11082,Basic,499,Yearly,Yes
SUB11083,C11083,Basic,499,Monthly,No
SUB11084,C11084,Premium,1499,Monthly,Yes
SUB11085,C11085,Premium,1499,Yearly,No
SUB11086,C11086,Standard,999,Yearly,No
SUB11087,C11087,Basic,499,Monthly,Yes
SUB11088,C11088,Standard,999,Monthly,Yes
SUB11089,C11089,Premium,1499,Yearly,Yes
SUB11090,C11090,Premium,1499,Yearly,No
SUB11091,C11091,Standard,999,Monthly,No
SUB11092,C11092,Standard,999,Monthly,Yes
SUB11093,C11093,Basic,499,Monthly,Yes
SUB11094,C11094,Standard,999,Yearly,No
SUB11095,C11095,Basic,499,Monthly,No
SUB11096,C11096,Basic,499,Yearly,No
SUB11097,C11097,Standard,999,Monthly,Yes
SUB11098,C11098,Basic,499,Yearly,Yes
SUB11099,C11099,Premium,1499,Yearly,No
SUB11100,C11100,Basic,499,Yearly,No
SUB11101,C11101,Standard,999,Monthly,No
SUB11102,C11102,Basic,499,Yearly,No
SUB11103,C11103,Premium,1499,Yearly,No
SUB11104,C11104,Basic,499,Monthly,No
SUB11105,C11105,Standard,999,Monthly,Yes
SUB11106,C11106,Basic,499,Monthly,No
SUB11107,C11107,Basic,499,Monthly,No
SUB11108,C11108,Standard,999,Yearly,Yes
SUB11109,C11109,Basic,499,Monthly,Yes
SUB11110,C11110,Basic,499,Monthly,No
SUB11111,C11111,Standard,999,Monthly,No
SUB11112,C11112,Premium,1499,Yearly,Yes
SUB11113,C11113,Standard,999,Monthly,No
SUB11114,C11114,Standard,999,Monthly,No
SUB11115,C11115,Standard,999,Monthly,Yes
SUB11116,C11116,Basic,499,Monthly,Yes
SUB11117,C11117,Basic,499,Yearly,Yes
SUB11118,C11118,Standard,999,Yearly,No
SUB11119,C11119,Premium,1499,Monthly,No
SUB11120,C11120,Basic,499,Monthly,Yes
SUB11121,C11121,Standard,999,Monthly,Yes
SUB11122,C11122,Premium,1499,Monthly,Yes
SUB11123,C11123,Standard,999,Monthly,Yes
SUB11124,C11124,Basic,499,Monthly,No
SUB11125,C11125,Basic,499,Yearly,Yes
SUB11126,C11126,Standard,999,Monthly,Yes
SUB11127,C11127,Standard,999,Monthly,No
SUB11128,C11128,Basic,499,Yearly,No
SUB11129,C11129,Basic,499,Yearly,No
SUB11130,C11130,Premium,1499,Yearly,No
SUB11131,C11131,Basic,499,Monthly,No
SUB11132,C11132,Standard,999,Yearly,Yes
SUB11133,C11133,Basic,499,Yearly,Yes
SUB11134,C11134,Premium,1499,Yearly,Yes
SUB11135,C11135,Premium,1499,Monthly,Yes
SUB11136,C11136,Premium,1499,Monthly,Yes
SUB11137,C11137,Premium,1499,Monthly,Yes
SUB11138,C11138,Basic,499,Monthly,Yes
SUB11139,C11139,Premium,1499,Yearly,Yes
SUB11140,C11140,Basic,499,Yearly,Yes
SUB11141,C11141,Premium,1499,Monthly,Yes
SUB11142,C11142,Premium,1499,Monthly,Yes
SUB11143,C11143,Standard,999,Monthly,No
SUB11144,C11144,Basic,499,Yearly,Yes
SUB11145,C11145,Basic,499,Monthly,No
SUB11146,C11146,Standard,999,Yearly,No
SUB11147,C11147,Premium,1499,Yearly,No
SUB11148,C11148,Premium,1499,Monthly,Yes
SUB11149,C11149,Basic,499,Yearly,No
SUB11150,C11150,Basic,499,Monthly,No
SUB11151,C11151,Standard,999,Yearly,No
SUB11152,C11152,Basic,499,Yearly,Yes
SUB11153,C11153,Standard,999,Yearly,Yes
SUB11154,C11154,Basic,499,Monthly,No
SUB11155,C11155,Premium,1499,Yearly,Yes
SUB11156,C11156,Standard,999,Monthly,No
SUB11157,C11157,Basic,499,Yearly,No
SUB11158,C11158,Basic,499,Yearly,Yes
SUB11159,C11159,Standard,999,Monthly,No
SUB11160,C11160,Standard,999,Yearly,Yes
SUB11161,C11161,Standard,999,Monthly,No
SUB11162,C11162,Standard,999,Yearly,No
SUB11163,C11163,Basic,499,Yearly,Yes
SUB11164,C11164,Standard,999,Monthly,Yes
SUB11165,C11165,Basic,499,Yearly,No
SUB11166,C11166,Basic,499,Monthly,Yes
SUB11167,C11167,Standard,999,Yearly,No
SUB11168,C11168,Premium,1499,Monthly,No
SUB11169,C11169,Premium,1499,Yearly,No
SUB11170,C11170,Basic,499,Monthly,Yes
SUB11171,C11171,Basic,499,Yearly,No
SUB11172,C11172,Basic,499,Monthly,No
SUB11173,C11173,Premium,1499,Monthly,Yes
SUB11174,C11174,Basic,499,Yearly,No
SUB11175,C11175,Premium,1499,Yearly,Yes
SUB11176,C11176,Standard,999,Monthly,Yes
SUB11177,C11177,Basic,499,Yearly,No
SUB11178,C11178,Standard,999,Yearly,Yes
SUB11179,C11179,Premium,1499,Yearly,No
SUB11180,C11180,Basic,499,Yearly,No
SUB11181,C11181,Premium,1499,Monthly,Yes
SUB11182,C11182,Standard,999,Monthly,No
SUB11183,C11183,Standard,999,Yearly,Yes
SUB11184,C11184,Premium,1499,Yearly,No
SUB11185,C11185,Basic,499,Yearly,Yes
SUB11186,C11186,Premium,1499,Monthly,Yes
SUB11187,C11187,Premium,1499,Monthly,Yes
SUB11188,C11188,Standard,999,Monthly,Yes
SUB11189,C11189,Standard,999,Yearly,Yes
SUB11190,C11190,Basic,499,Yearly,Yes
SUB11191,C11191,Basic,499,Monthly,Yes
SUB11192,C11192,Standard,999,Monthly,Yes
SUB11193,C11193,Standard,999,Monthly,No
SUB11194,C11194,Basic,499,Yearly,No
SUB11195,C11195,Basic,499,Monthly,No
SUB11196,C11196,Basic,499,Monthly,Yes
SUB11197,C11197,Standard,999,Monthly,Yes
SUB11198,C11198,Standard,999,Yearly,Yes
SUB11199,C11199,Premium,1499,Monthly,No
SUB11200,C11200,Basic,499,Yearly,No
SUB11201,C11201,Basic,499,Monthly,Yes
SUB11202,C11202,Premium,1499,Yearly,Yes
SUB11203,C11203,Standard,999,Yearly,No
SUB11204,C11204,Standard,999,Monthly,Yes
SUB11205,C11205,Premium,1499,Monthly,Yes
SUB11206,C11206,Premium,1499,Yearly,Yes
SUB11207,C11207,Basic,499,Monthly,Yes
SUB11208,C11208,Premium,1499,Monthly,Yes
SUB11209,C11209,Basic,499,Monthly,Yes
SUB11210,C11210,Basic,499,Yearly,No
SUB11211,C11211,Basic,499,Yearly,Yes
SUB11212,C11212,Premium,1499,Monthly,Yes
SUB11213,C11213,Basic,499,Monthly,No
SUB11214,C11214,Premium,1499,Yearly,No
SUB11215,C11215,Basic,499,Monthly,Yes
SUB11216,C11216,Standard,999,Yearly,Yes
SUB11217,C11217,Basic,499,Yearly,Yes
SUB11218,C11218,Premium,1499,Monthly,No
SUB11219,C11219,Basic,499,Monthly,Yes
SUB11220,C11220,Basic,499,Monthly,Yes
SUB11221,C11221,Standard,999,Monthly,No
SUB11222,C11222,Basic,499,Monthly,No
SUB11223,C11223,Premium,1499,Yearly,No
SUB11224,C11224,Basic,499,Monthly,No
SUB11225,C11225,Standard,999,Monthly,No
SUB11226,C11226,Standard,999,Yearly,No
SUB11227,C11227,Premium,1499,Monthly,Yes
SUB11228,C11228,Basic,499,Yearly,No
SUB11229,C11229,Standard,999,Yearly,Yes
SUB11230,C11230,Premium,1499,Monthly,Yes
SUB11231,C11231,Basic,499,Monthly,Yes
SUB11232,C11232,Premium,1499,Yearly,No
SUB11233,C11233,Premium,1499,Monthly,Yes
SUB11234,C11234,Premium,1499,Monthly,Yes
SUB11235,C11235,Basic,499,Monthly,Yes
SUB11236,C11236,Premium,1499,Monthly,Yes
SUB11237,C11237,Premium,1499,Monthly,No
SUB11238,C11238,Premium,1499,Monthly,No
SUB11239,C11239,Standard,999,Yearly,Yes
SUB11240,C11240,Basic,499,Monthly,No
SUB11241,C11241,Standard,999,Monthly,Yes
SUB11242,C11242,Basic,499,Monthly,Yes
SUB11243,C11243,Premium,1499,Yearly,Yes
SUB11244,C11244,Standard,999,Monthly,No
SUB11245,C11245,Standard,999,Monthly,No
SUB11246,C11246,Standard,999,Monthly,Yes
SUB11247,C11247,Basic,499,Monthly,Yes
SUB11248,C11248,Premium,1499,Monthly,Yes
SUB11249,C11249,Standard,999,Monthly,Yes
SUB11250,C11250,Basic,499,Monthly,No
SUB11251,C11251,Basic,499,Yearly,No
SUB11252,C11252,Basic,499,Monthly,Yes
SUB11253,C11253,Standard,999,Yearly,No
SUB11254,C11254,Premium,1499,Monthly,No
SUB11255,C11255,Standard,999,Yearly,Yes
SUB11256,C11256,Basic,499,Monthly,No
SUB11257,C11257,Standard,999,Yearly,Yes
SUB11258,C11258,Basic,499,Monthly,No
SUB11259,C11259,Premium,1499,Monthly,No
SUB11260,C11260,Standard,999,Yearly,Yes
SUB11261,C11261,Premium,1499,Yearly,No
SUB11262,C11262,Basic,499,Monthly,Yes
SUB11263,C11263,Basic,499,Yearly,Yes
SUB11264,C11264,Standard,999,Yearly,No
SUB11265,C11265,Basic,499,Yearly,No
SUB11266,C11266,Premium,1499,Monthly,No
SUB11267,C11267,Standard,999,Monthly,Yes
SUB11268,C11268,Standard,999,Monthly,No
SUB11269,C11269,Premium,1499,Monthly,No
SUB11270,C11270,Standard,999,Monthly,No
SUB11271,C11271,Standard,999,Monthly,No
SUB11272,C11272,Premium,1499,Monthly,Yes
SUB11273,C11273,Premium,1499,Yearly,Yes
SUB11274,C11274,Standard,999,Monthly,Yes
SUB11275,C11275,Standard,999,Yearly,No
SUB11276,C11276,Basic,499,Monthly,Yes
SUB11277,C11277,Basic,499,Monthly,No
SUB11278,C11278,Basic,499,Monthly,No
SUB11279,C11279,Standard,999,Monthly,Yes
SUB11280,C11280,Standard,999,Yearly,Yes
SUB11281,C11281,Premium,1499,Yearly,No
SUB11282,C11282,Basic,499,Monthly,No
SUB11283,C11283,Premium,1499,Monthly,Yes
SUB11284,C11284,Standard,999,Yearly,Yes
SUB11285,C11285,Basic,499,Monthly,Yes
SUB11286,C11286,Premium,1499,Yearly,No
SUB11287,C11287,Premium,1499,Monthly,No
SUB11288,C11288,Standard,999,Yearly,Yes
SUB11289,C11289,Basic,499,Monthly,No
SUB11290,C11290,Premium,1499,Monthly,No
SUB11291,C11291,Premium,1499,Yearly,Yes
SUB11292,C11292,Basic,499,Yearly,No
SUB11293,C11293,Basic,499,Yearly,Yes
SUB11294,C11294,Standard,999,Yearly,No
SUB11295,C11295,Basic,499,Yearly,No
SUB11296,C11296,Standard,999,Monthly,Yes
SUB11297,C11297,Standard,999,Monthly,No
SUB11298,C11298,Standard,999,Monthly,No
SUB11299,C11299,Basic,499,Monthly,Yes
SUB11300,C11300,Standard,999,Yearly,No
SUB11301,C11301,Standard,999,Yearly,No
SUB11302,C11302,Premium,1499,Monthly,Yes
SUB11303,C11303,Premium,1499,Monthly,No
SUB11304,C11304,Basic,499,Monthly,No
SUB11305,C11305,Standard,999,Monthly,No
SUB11306,C11306,Premium,1499,Monthly,No
SUB11307,C11307,Basic,499,Yearly,Yes
SUB11308,C11308,Standard,999,Monthly,Yes
SUB11309,C11309,Basic,499,Monthly,No
SUB11310,C11310,Basic,499,Yearly,No
SUB11311,C11311,Premium,1499,Monthly,No
SUB11312,C11312,Premium,1499,Monthly,Yes
SUB11313,C11313,Basic,499,Monthly,Yes
SUB11314,C11314,Premium,1499,Yearly,No
SUB11315,C11315,Premium,1499,Monthly,Yes
SUB11316,C11316,Premium,1499,Monthly,Yes
SUB11317,C11317,Premium,1499,Monthly,Yes
SUB11318,C11318,Standard,999,Monthly,Yes
SUB11319,C11319,Standard,999,Yearly,Yes
SUB11320,C11320,Basic,499,Yearly,Yes
SUB11321,C11321,Premium,1499,Monthly,Yes
SUB11322,C11322,Premium,1499,Yearly,No
SUB11323,C11323,Standard,999,Monthly,No
SUB11324,C11324,Premium,1499,Yearly,Yes
SUB11325,C11325,Basic,499,Monthly,Yes
SUB11326,C11326,Basic,499,Monthly,Yes
SUB11327,C11327,Standard,999,Yearly,Yes
SUB11328,C11328,Premium,1499,Monthly,Yes
SUB11329,C11329,Basic,499,Yearly,No
SUB11330,C11330,Standard,999,Yearly,No
SUB11331,C11331,Premium,1499,Yearly,Yes
SUB11332,C11332,Premium,1499,Yearly,Yes
SUB11333,C11333,Premium,1499,Monthly,No
SUB11334,C11334,Standard,999,Yearly,Yes
SUB11335,C11335,Basic,499,Monthly,No
SUB11336,C11336,Premium,1499,Monthly,Yes
SUB11337,C11337,Premium,1499,Yearly,Yes
SUB11338,C11338,Premium,1499,Yearly,Yes
SUB11339,C11339,Basic,499,Yearly,No
SUB11340,C11340,Standard,999,Monthly,Yes
SUB11341,C11341,Standard,999,Monthly,Yes
SUB11342,C11342,Premium,1499,Monthly,Yes
SUB11343,C11343,Premium,1499,Monthly,Yes
SUB11344,C11344,Basic,499,Yearly,No
SUB11345,C11345,Standard,999,Yearly,No
SUB11346,C11346,Basic,499,Monthly,No
SUB11347,C11347,Basic,499,Yearly,Yes
SUB11348,C11348,Premium,1499,Yearly,Yes
SUB11349,C11349,Standard,999,Monthly,No
SUB11350,C11350,Basic,499,Yearly,No
SUB11351,C11351,Standard,999,Yearly,Yes
SUB11352,C11352,Premium,1499,Monthly,Yes
SUB11353,C11353,Premium,1499,Monthly,No
SUB11354,C11354,Basic,499,Monthly,Yes
SUB11355,C11355,Basic,499,Monthly,No
SUB11356,C11356,Standard,999,Yearly,Yes
SUB11357,C11357,Basic,499,Yearly,Yes
SUB11358,C11358,Premium,1499,Yearly,Yes
SUB11359,C11359,Standard,999,Monthly,Yes
SUB11360,C11360,Basic,499,Monthly,No
SUB11361,C11361,Standard,999,Yearly,Yes
SUB11362,C11362,Standard,999,Monthly,No
SUB11363,C11363,Premium,1499,Monthly,No
SUB11364,C11364,Premium,1499,Yearly,No
SUB11365,C11365,Premium,1499,Monthly,Yes
SUB11366,C11366,Premium,1499,Yearly,No
SUB11367,C11367,Premium,1499,Monthly,Yes
SUB11368,C11368,Basic,499,Yearly,Yes
SUB11369,C11369,Premium,1499,Yearly,Yes
SUB11370,C11370,Standard,999,Yearly,Yes
SUB11371,C11371,Standard,999,Monthly,No
SUB11372,C11372,Basic,499,Monthly,Yes
SUB11373,C11373,Premium,1499,Yearly,Yes
SUB11374,C11374,Basic,499,Monthly,No
SUB11375,C11375,Standard,999,Monthly,Yes
SUB11376,C11376,Premium,1499,Yearly,Yes
SUB11377,C11377,Standard,999,Yearly,Yes
SUB11378,C11378,Basic,499,Yearly,No
SUB11379,C11379,Premium,1499,Monthly,No
SUB11380,C11380,Premium,1499,Yearly,No
SUB11381,C11381,Premium,1499,Yearly,No
SUB11382,C11382,Basic,499,Yearly,Yes
SUB11383,C11383,Premium,1499,Yearly,No
SUB11384,C11384,Premium,1499,Monthly,Yes
SUB11385,C11385,Standard,999,Monthly,No
SUB11386,C11386,Basic,499,Yearly,Yes
SUB11387,C11387,Basic,499,Monthly,Yes
SUB11388,C11388,Basic,499,Monthly,No
SUB11389,C11389,Basic,499,Yearly,No
SUB11390,C11390,Premium,1499,Monthly,No
SUB11391,C11391,Premium,1499,Monthly,No
SUB11392,C11392,Basic,499,Yearly,Yes
SUB11393,C11393,Standard,999,Yearly,Yes
SUB11394,C11394,Premium,1499,Yearly,Yes
SUB11395,C11395,Premium,1499,Monthly,No
SUB11396,C11396,Premium,1499,Monthly,Yes
SUB11397,C11397,Standard,999,Yearly,Yes
SUB11398,C11398,Premium,1499,Monthly,Yes
SUB11399,C11399,Standard,999,Monthly,No
SUB11400,C11400,Standard,999,Monthly,Yes
SUB11401,C11401,Premium,1499,Yearly,No
SUB11402,C11402,Basic,499,Monthly,No
SUB11403,C11403,Premium,1499,Yearly,Yes
SUB11404,C11404,Standard,999,Yearly,Yes
SUB11405,C11405,Premium,1499,Yearly,No
SUB11406,C11406,Standard,999,Yearly,Yes
SUB11407,C11407,Basic,499,Monthly,No
SUB11408,C11408,Standard,999,Monthly,Yes
SUB11409,C11409,Basic,499,Yearly,No
SUB11410,C11410,Basic,499,Yearly,Yes
SUB11411,C11411,Standard,999,Yearly,Yes
SUB11412,C11412,Basic,499,Yearly,No
SUB11413,C11413,Premium,1499,Monthly,Yes
SUB11414,C11414,Basic,499,Yearly,Yes
SUB11415,C11415,Basic,499,Monthly,No
SUB11416,C11416,Premium,1499,Yearly,No
SUB11417,C11417,Basic,499,Monthly,Yes
SUB11418,C11418,Standard,999,Monthly,Yes
SUB11419,C11419,Basic,499,Monthly,No
SUB11420,C11420,Basic,499,Monthly,Yes
SUB11421,C11421,Standard,999,Monthly,No
SUB11422,C11422,Basic,499,Yearly,Yes
SUB11423,C11423,Premium,1499,Yearly,Yes
SUB11424,C11424,Standard,999,Yearly,Yes
SUB11425,C11425,Premium,1499,Monthly,No
SUB11426,C11426,Premium,1499,Yearly,Yes
SUB11427,C11427,Basic,499,Yearly,Yes
SUB11428,C11428,Premium,1499,Yearly,No
SUB11429,C11429,Basic,499,Yearly,No
SUB11430,C11430,Standard,999,Yearly,No
SUB11431,C11431,Basic,499,Monthly,No
SUB11432,C11432,Basic,499,Yearly,No
SUB11433,C11433,Premium,1499,Monthly,Yes
SUB11434,C11434,Standard,999,Monthly,Yes
SUB11435,C11435,Premium,1499,Yearly,No
SUB11436,C11436,Standard,999,Monthly,Yes
SUB11437,C11437,Premium,1499,Monthly,No
SUB11438,C11438,Basic,499,Yearly,No
SUB11439,C11439,Basic,499,Monthly,Yes
SUB11440,C11440,Basic,499,Yearly,Yes
SUB11441,C11441,Basic,499,Monthly,No
SUB11442,C11442,Standard,999,Monthly,Yes
SUB11443,C11443,Standard,999,Yearly,Yes
SUB11444,C11444,Standard,999,Monthly,No
SUB11445,C11445,Basic,499,Monthly,Yes
SUB11446,C11446,Premium,1499,Monthly,Yes
SUB11447,C11447,Premium,1499,Monthly,Yes
SUB11448,C11448,Standard,999,Monthly,Yes
SUB11449,C11449,Standard,999,Monthly,No
SUB11450,C11450,Basic,499,Yearly,No
SUB11451,C11451,Premium,1499,Yearly,No
SUB11452,C11452,Basic,499,Monthly,Yes
SUB11453,C11453,Standard,999,Monthly,No
SUB11454,C11454,Standard,999,Yearly,Yes
SUB11455,C11455,Premium,1499,Monthly,No
SUB11456,C11456,Basic,499,Monthly,No
SUB11457,C11457,Standard,999,Monthly,Yes
SUB11458,C11458,Standard,999,Yearly,No
SUB11459,C11459,Basic,499,Monthly,No
SUB11460,C11460,Basic,499,Yearly,Yes
SUB11461,C11461,Standard,999,Yearly,Yes
SUB11462,C11462,Basic,499,Yearly,No
SUB11463,C11463,Premium,1499,Monthly,Yes
SUB11464,C11464,Basic,499,Monthly,Yes
SUB11465,C11465,Premium,1499,Monthly,No
SUB11466,C11466,Premium,1499,Monthly,Yes
SUB11467,C11467,Premium,1499,Monthly,No
SUB11468,C11468,Premium,1499,Yearly,Yes
SUB11469,C11469,Premium,1499,Yearly,No
SUB11470,C11470,Premium,1499,Yearly,Yes
SUB11471,C11471,Standard,999,Monthly,Yes
SUB11472,C11472,Basic,499,Monthly,No
SUB11473,C11473,Standard,999,Monthly,No
SUB11474,C11474,Basic,499,Yearly,Yes
SUB11475,C11475,Standard,999,Yearly,No
SUB11476,C11476,Premium,1499,Monthly,No
SUB11477,C11477,Standard,999,Monthly,No
SUB11478,C11478,Standard,999,Monthly,No
SUB11479,C11479,Premium,1499,Monthly,Yes
SUB11480,C11480,Standard,999,Monthly,No
SUB11481,C11481,Premium,1499,Monthly,Yes
SUB11482,C11482,Premium,1499,Monthly,Yes
SUB11483,C11483,Basic,499,Yearly,No
SUB11484,C11484,Premium,1499,Monthly,Yes
SUB11485,C11485,Standard,999,Yearly,Yes
SUB11486,C11486,Standard,999,Yearly,Yes
SUB11487,C11487,Premium,1499,Yearly,No
SUB11488,C11488,Premium,1499,Monthly,Yes
SUB11489,C11489,Premium,1499,Monthly,Yes
SUB11490,C11490,Premium,1499,Monthly,No
SUB11491,C11491,Premium,1499,Yearly,No
SUB11492,C11492,Premium,1499,Monthly,No
SUB11493,C11493,Basic,499,Yearly,No
SUB11494,C11494,Premium,1499,Monthly,Yes
SUB11495,C11495,Basic,499,Monthly,No
SUB11496,C11496,Basic,499,Monthly,No
SUB11497,C11497,Premium,1499,Yearly,No
SUB11498,C11498,Premium,1499,Monthly,No
SUB11499,C11499,Premium,1499,Yearly,Yes
SUB11500,C11500,Premium,1499,Monthly,No
SUB11501,C11501,Standard,999,Yearly,No
SUB11502,C11502,Basic,499,Yearly,Yes
SUB11503,C11503,Standard,999,Monthly,Yes
SUB11504,C11504,Premium,1499,Yearly,No
SUB11505,C11505,Standard,999,Yearly,Yes
SUB11506,C11506,Premium,1499,Monthly,Yes
SUB11507,C11507,Premium,1499,Yearly,No
SUB11508,C11508,Standard,999,Monthly,Yes
SUB11509,C11509,Premium,1499,Yearly,No
SUB11510,C11510,Premium,1499,Yearly,No
SUB11511,C11511,Premium,1499,Monthly,No
SUB11512,C11512,Premium,1499,Yearly,Yes
SUB11513,C11513,Basic,499,Yearly,Yes
SUB11514,C11514,Standard,999,Monthly,No
SUB11515,C11515,Premium,1499,Monthly,No
SUB11516,C11516,Premium,1499,Monthly,Yes
SUB11517,C11517,Standard,999,Monthly,No
SUB11518,C11518,Basic,499,Yearly,No
SUB11519,C11519,Standard,999,Yearly,No
SUB11520,C11520,Premium,1499,Monthly,Yes
SUB11521,C11521,Premium,1499,Monthly,Yes
SUB11522,C11522,Standard,999,Monthly,No
SUB11523,C11523,Standard,999,Yearly,No
SUB11524,C11524,Basic,499,Yearly,No
SUB11525,C11525,Premium,1499,Yearly,Yes
SUB11526,C11526,Basic,499,Yearly,No
SUB11527,C11527,Basic,499,Monthly,Yes
SUB11528,C11528,Premium,1499,Yearly,No
SUB11529,C11529,Basic,499,Monthly,Yes
SUB11530,C11530,Standard,999,Yearly,Yes
SUB11531,C11531,Standard,999,Monthly,No
SUB11532,C11532,Basic,499,Yearly,No
SUB11533,C11533,Basic,499,Yearly,No
SUB11534,C11534,Basic,499,Monthly,No
SUB11535,C11535,Premium,1499,Monthly,Yes
SUB11536,C11536,Standard,999,Yearly,Yes
SUB11537,C11537,Basic,499,Monthly,No
SUB11538,C11538,Standard,999,Yearly,Yes
SUB11539,C11539,Premium,1499,Yearly,No
SUB11540,C11540,Standard,999,Yearly,Yes
SUB11541,C11541,Premium,1499,Yearly,No
SUB11542,C11542,Premium,1499,Yearly,No
SUB11543,C11543,Basic,499,Monthly,Yes
SUB11544,C11544,Standard,999,Monthly,Yes
SUB11545,C11545,Basic,499,Yearly,No
SUB11546,C11546,Basic,499,Monthly,Yes
SUB11547,C11547,Premium,1499,Yearly,Yes
SUB11548,C11548,Standard,999,Monthly,Yes
SUB11549,C11549,Standard,999,Monthly,No
SUB11550,C11550,Standard,999,Monthly,No
SUB11551,C11551,Standard,999,Yearly,Yes
SUB11552,C11552,Standard,999,Yearly,Yes
SUB11553,C11553,Basic,499,Monthly,Yes
SUB11554,C11554,Standard,999,Monthly,No
SUB11555,C11555,Standard,999,Monthly,Yes
SUB11556,C11556,Standard,999,Yearly,No
SUB11557,C11557,Basic,499,Monthly,No
SUB11558,C11558,Basic,499,Monthly,No
SUB11559,C11559,Basic,499,Monthly,No
SUB11560,C11560,Basic,499,Yearly,No
SUB11561,C11561,Premium,1499,Monthly,No
SUB11562,C11562,Premium,1499,Monthly,Yes
SUB11563,C11563,Standard,999,Monthly,No
SUB11564,C11564,Standard,999,Monthly,Yes
SUB11565,C11565,Premium,1499,Yearly,No
SUB11566,C11566,Basic,499,Monthly,No
SUB11567,C11567,Premium,1499,Yearly,No
SUB11568,C11568,Basic,499,Yearly,No
SUB11569,C11569,Standard,999,Yearly,No
SUB11570,C11570,Standard,999,Monthly,Yes
SUB11571,C11571,Standard,999,Yearly,No
SUB11572,C11572,Premium,1499,Yearly,No
SUB11573,C11573,Premium,1499,Yearly,No
SUB11574,C11574,Standard,999,Yearly,Yes
SUB11575,C11575,Premium,1499,Monthly,No
SUB11576,C11576,Premium,1499,Monthly,Yes
SUB11577,C11577,Premium,1499,Yearly,No
SUB11578,C11578,Basic,499,Monthly,Yes
SUB11579,C11579,Basic,499,Monthly,Yes
SUB11580,C11580,Standard,999,Yearly,Yes
SUB11581,C11581,Premium,1499,Monthly,Yes
SUB11582,C11582,Basic,499,Monthly,Yes
SUB11583,C11583,Standard,999,Yearly,Yes
SUB11584,C11584,Basic,499,Monthly,No
SUB11585,C11585,Standard,999,Yearly,Yes
SUB11586,C11586,Premium,1499,Monthly,No
SUB11587,C11587,Premium,1499,Monthly,Yes
SUB11588,C11588,Standard,999,Yearly,No
SUB11589,C11589,Premium,1499,Yearly,No
SUB11590,C11590,Premium,1499,Yearly,Yes
SUB11591,C11591,Standard,999,Monthly,No
SUB11592,C11592,Standard,999,Yearly,No
SUB11593,C11593,Premium,1499,Yearly,Yes
SUB11594,C11594,Premium,1499,Monthly,Yes
SUB11595,C11595,Standard,999,Monthly,No
SUB11596,C11596,Standard,999,Monthly,Yes
SUB11597,C11597,Premium,1499,Monthly,Yes
SUB11598,C11598,Premium,1499,Monthly,Yes
SUB11599,C11599,Basic,499,Monthly,Yes
SUB11600,C11600,Basic,499,Monthly,Yes
SUB11601,C11601,Premium,1499,Yearly,Yes
SUB11602,C11602,Basic,499,Yearly,Yes
SUB11603,C11603,Basic,499,Monthly,No
SUB11604,C11604,Standard,999,Yearly,Yes
SUB11605,C11605,Basic,499,Yearly,No
SUB11606,C11606,Basic,499,Monthly,No
SUB11607,C11607,Standard,999,Monthly,No
SUB11608,C11608,Basic,499,Monthly,No
SUB11609,C11609,Standard,999,Yearly,No
SUB11610,C11610,Standard,999,Yearly,No
SUB11611,C11611,Standard,999,Monthly,No
SUB11612,C11612,Basic,499,Monthly,No
SUB11613,C11613,Basic,499,Monthly,No
SUB11614,C11614,Standard,999,Monthly,Yes
SUB11615,C11615,Standard,999,Monthly,Yes
SUB11616,C11616,Premium,1499,Yearly,Yes
SUB11617,C11617,Premium,1499,Yearly,Yes
SUB11618,C11618,Basic,499,Yearly,Yes
SUB11619,C11619,Basic,499,Yearly,Yes
SUB11620,C11620,Premium,1499,Monthly,Yes
SUB11621,C11621,Standard,999,Monthly,Yes
SUB11622,C11622,Basic,499,Monthly,No
SUB11623,C11623,Basic,499,Monthly,No
SUB11624,C11624,Standard,999,Monthly,No
SUB11625,C11625,Basic,499,Monthly,Yes
SUB11626,C11626,Basic,499,Yearly,No
SUB11627,C11627,Premium,1499,Monthly,Yes
SUB11628,C11628,Standard,999,Yearly,No
SUB11629,C11629,Standard,999,Monthly,No
SUB11630,C11630,Premium,1499,Yearly,No
SUB11631,C11631,Basic,499,Monthly,No
SUB11632,C11632,Standard,999,Monthly,Yes
SUB11633,C11633,Premium,1499,Yearly,No
SUB11634,C11634,Standard,999,Yearly,Yes
SUB11635,C11635,Basic,499,Yearly,No
SUB11636,C11636,Basic,499,Monthly,Yes
SUB11637,C11637,Standard,999,Monthly,Yes
SUB11638,C11638,Basic,499,Yearly,Yes
SUB11639,C11639,Premium,1499,Yearly,No
SUB11640,C11640,Premium,1499,Monthly,Yes
SUB11641,C11641,Standard,999,Yearly,Yes
SUB11642,C11642,Premium,1499,Monthly,Yes
SUB11643,C11643,Basic,499,Monthly,Yes
SUB11644,C11644,Basic,499,Yearly,No
SUB11645,C11645,Premium,1499,Monthly,Yes
SUB11646,C11646,Basic,499,Monthly,Yes
SUB11647,C11647,Standard,999,Yearly,No
SUB11648,C11648,Premium,1499,Yearly,No
SUB11649,C11649,Premium,1499,Monthly,No
SUB11650,C11650,Premium,1499,Yearly,Yes
SUB11651,C11651,Basic,499,Yearly,Yes
SUB11652,C11652,Basic,499,Monthly,Yes
SUB11653,C11653,Standard,999,Yearly,Yes
SUB11654,C11654,Standard,999,Monthly,No
SUB11655,C11655,Basic,499,Yearly,Yes
SUB11656,C11656,Standard,999,Monthly,Yes
SUB11657,C11657,Premium,1499,Monthly,Yes
SUB11658,C11658,Basic,499,Monthly,No
SUB11659,C11659,Premium,1499,Monthly,Yes
SUB11660,C11660,Standard,999,Monthly,No
SUB11661,C11661,Standard,999,Monthly,Yes
SUB11662,C11662,Premium,1499,Monthly,Yes
SUB11663,C11663,Premium,1499,Yearly,No
SUB11664,C11664,Basic,499,Monthly,No
SUB11665,C11665,Basic,499,Monthly,Yes
SUB11666,C11666,Standard,999,Monthly,Yes
SUB11667,C11667,Premium,1499,Monthly,Yes
SUB11668,C11668,Basic,499,Monthly,Yes
SUB11669,C11669,Premium,1499,Yearly,No
SUB11670,C11670,Standard,999,Monthly,Yes
SUB11671,C11671,Basic,499,Monthly,Yes
SUB11672,C11672,Basic,499,Yearly,No
SUB11673,C11673,Basic,499,Monthly,Yes
SUB11674,C11674,Basic,499,Monthly,Yes
SUB11675,C11675,Standard,999,Monthly,No
SUB11676,C11676,Premium,1499,Yearly,Yes
SUB11677,C11677,Basic,499,Monthly,Yes
SUB11678,C11678,Standard,999,Monthly,No
SUB11679,C11679,Standard,999,Yearly,Yes
SUB11680,C11680,Premium,1499,Monthly,Yes
SUB11681,C11681,Standard,999,Yearly,Yes
SUB11682,C11682,Basic,499,Yearly,Yes
SUB11683,C11683,Basic,499,Monthly,No
SUB11684,C11684,Basic,499,Yearly,Yes
SUB11685,C11685,Standard,999,Monthly,No
SUB11686,C11686,Basic,499,Monthly,No
SUB11687,C11687,Standard,999,Monthly,Yes
SUB11688,C11688,Premium,1499,Monthly,No
SUB11689,C11689,Standard,999,Yearly,Yes
SUB11690,C11690,Premium,1499,Monthly,Yes
SUB11691,C11691,Premium,1499,Yearly,Yes
SUB11692,C11692,Premium,1499,Yearly,Yes
SUB11693,C11693,Basic,499,Monthly,No
SUB11694,C11694,Basic,499,Monthly,No
SUB11695,C11695,Basic,499,Yearly,No
SUB11696,C11696,Premium,1499,Yearly,No
SUB11697,C11697,Standard,999,Yearly,Yes
SUB11698,C11698,Basic,499,Monthly,No
SUB11699,C11699,Basic,499,Monthly,Yes
SUB11700,C11700,Basic,499,Yearly,Yes
SUB11701,C11701,Standard,999,Monthly,No
SUB11702,C11702,Premium,1499,Monthly,No
SUB11703,C11703,Basic,499,Yearly,No
SUB11704,C11704,Basic,499,Monthly,Yes
SUB11705,C11705,Standard,999,Monthly,No
SUB11706,C11706,Standard,999,Monthly,No
SUB11707,C11707,Basic,499,Monthly,Yes
SUB11708,C11708,Standard,999,Monthly,No
SUB11709,C11709,Standard,999,Yearly,Yes
SUB11710,C11710,Premium,1499,Monthly,Yes
SUB11711,C11711,Premium,1499,Yearly,Yes
SUB11712,C11712,Basic,499,Monthly,Yes
SUB11713,C11713,Basic,499,Yearly,No
SUB11714,C11714,Standard,999,Yearly,No
SUB11715,C11715,Standard,999,Yearly,Yes
SUB11716,C11716,Standard,999,Yearly,No
SUB11717,C11717,Standard,999,Yearly,No
SUB11718,C11718,Basic,499,Monthly,No
SUB11719,C11719,Standard,999,Monthly,Yes
SUB11720,C11720,Standard,999,Yearly,No
SUB11721,C11721,Basic,499,Monthly,Yes
SUB11722,C11722,Premium,1499,Monthly,Yes
SUB11723,C11723,Premium,1499,Monthly,Yes
SUB11724,C11724,Basic,499,Monthly,No
SUB11725,C11725,Premium,1499,Monthly,Yes
SUB11726,C11726,Standard,999,Yearly,No
SUB11727,C11727,Basic,499,Yearly,Yes
SUB11728,C11728,Standard,999,Monthly,Yes
SUB11729,C11729,Premium,1499,Monthly,No
SUB11730,C11730,Standard,999,Monthly,Yes
SUB11731,C11731,Premium,1499,Monthly,Yes
SUB11732,C11732,Standard,999,Monthly,No
SUB11733,C11733,Basic,499,Monthly,Yes
SUB11734,C11734,Standard,999,Yearly,Yes
SUB11735,C11735,Basic,499,Monthly,No
SUB11736,C11736,Premium,1499,Monthly,No
SUB11737,C11737,Basic,499,Monthly,No
SUB11738,C11738,Standard,999,Yearly,No
SUB11739,C11739,Standard,999,Monthly,No
SUB11740,C11740,Basic,499,Monthly,Yes
SUB11741,C11741,Basic,499,Monthly,No
SUB11742,C11742,Basic,499,Yearly,No
SUB11743,C11743,Standard,999,Yearly,No
SUB11744,C11744,Premium,1499,Yearly,No
SUB11745,C11745,Basic,499,Monthly,Yes
SUB11746,C11746,Premium,1499,Monthly,No
SUB11747,C11747,Basic,499,Monthly,No
SUB11748,C11748,Basic,499,Yearly,No
SUB11749,C11749,Standard,999,Yearly,No
SUB11750,C11750,Basic,499,Monthly,No
SUB11751,C11751,Premium,1499,Monthly,Yes
SUB11752,C11752,Basic,499,Yearly,Yes
SUB11753,C11753,Basic,499,Monthly,No
SUB11754,C11754,Standard,999,Yearly,No
SUB11755,C11755,Basic,499,Yearly,No
SUB11756,C11756,Premium,1499,Monthly,Yes
SUB11757,C11757,Basic,499,Monthly,No
SUB11758,C11758,Premium,1499,Yearly,No
SUB11759,C11759,Basic,499,Yearly,Yes
SUB11760,C11760,Basic,499,Yearly,Yes
SUB11761,C11761,Premium,1499,Monthly,No
SUB11762,C11762,Premium,1499,Monthly,No
SUB11763,C11763,Basic,499,Monthly,No
SUB11764,C11764,Basic,499,Monthly,No
SUB11765,C11765,Premium,1499,Monthly,No
SUB11766,C11766,Premium,1499,Yearly,No
SUB11767,C11767,Premium,1499,Yearly,Yes
SUB11768,C11768,Premium,1499,Monthly,Yes
SUB11769,C11769,Standard,999,Yearly,Yes
SUB11770,C11770,Standard,999,Yearly,No
SUB11771,C11771,Basic,499,Yearly,No
SUB11772,C11772,Basic,499,Monthly,Yes
SUB11773,C11773,Standard,999,Yearly,Yes
SUB11774,C11774,Standard,999,Yearly,No
SUB11775,C11775,Basic,499,Monthly,Yes
SUB11776,C11776,Standard,999,Yearly,Yes
SUB11777,C11777,Basic,499,Yearly,Yes
SUB11778,C11778,Premium,1499,Yearly,Yes
SUB11779,C11779,Basic,499,Yearly,Yes
SUB11780,C11780,Standard,999,Monthly,Yes
SUB11781,C11781,Basic,499,Yearly,Yes
SUB11782,C11782,Premium,1499,Yearly,Yes
SUB11783,C11783,Basic,499,Monthly,No
SUB11784,C11784,Basic,499,Monthly,Yes
SUB11785,C11785,Premium,1499,Yearly,Yes
SUB11786,C11786,Premium,1499,Monthly,Yes
SUB11787,C11787,Standard,999,Yearly,Yes
SUB11788,C11788,Basic,499,Monthly,No
SUB11789,C11789,Basic,499,Yearly,Yes
SUB11790,C11790,Basic,499,Yearly,No
SUB11791,C11791,Standard,999,Monthly,Yes
SUB11792,C11792,Basic,499,Yearly,No
SUB11793,C11793,Premium,1499,Monthly,No
SUB11794,C11794,Premium,1499,Yearly,No
SUB11795,C11795,Basic,499,Monthly,Yes
SUB11796,C11796,Basic,499,Yearly,Yes
SUB11797,C11797,Standard,999,Yearly,No
SUB11798,C11798,Standard,999,Monthly,Yes
SUB11799,C11799,Basic,499,Yearly,Yes
SUB11800,C11800,Standard,999,Yearly,Yes
SUB11801,C11801,Premium,1499,Monthly,Yes
SUB11802,C11802,Premium,1499,Yearly,No
SUB11803,C11803,Basic,499,Yearly,Yes
SUB11804,C11804,Standard,999,Yearly,No
SUB11805,C11805,Premium,1499,Monthly,No
SUB11806,C11806,Basic,499,Yearly,Yes
SUB11807,C11807,Premium,1499,Monthly,No
SUB11808,C11808,Basic,499,Yearly,Yes
SUB11809,C11809,Standard,999,Yearly,Yes
SUB11810,C11810,Standard,999,Monthly,Yes
SUB11811,C11811,Standard,999,Yearly,Yes
SUB11812,C11812,Standard,999,Yearly,No
SUB11813,C11813,Basic,499,Yearly,No
SUB11814,C11814,Basic,499,Yearly,Yes
SUB11815,C11815,Premium,1499,Yearly,No
SUB11816,C11816,Premium,1499,Yearly,No
SUB11817,C11817,Premium,1499,Monthly,No
SUB11818,C11818,Premium,1499,Yearly,Yes
SUB11819,C11819,Standard,999,Yearly,No
SUB11820,C11820,Basic,499,Monthly,No
SUB11821,C11821,Basic,499,Monthly,No
SUB11822,C11822,Basic,499,Yearly,Yes
SUB11823,C11823,Basic,499,Yearly,Yes
SUB11824,C11824,Premium,1499,Yearly,No
SUB11825,C11825,Premium,1499,Monthly,Yes
SUB11826,C11826,Premium,1499,Monthly,No
SUB11827,C11827,Premium,1499,Yearly,Yes
SUB11828,C11828,Premium,1499,Monthly,No
SUB11829,C11829,Basic,499,Yearly,No
SUB11830,C11830,Standard,999,Monthly,No
SUB11831,C11831,Premium,1499,Monthly,No
SUB11832,C11832,Basic,499,Monthly,Yes
SUB11833,C11833,Standard,999,Monthly,Yes
SUB11834,C11834,Basic,499,Monthly,No
SUB11835,C11835,Premium,1499,Monthly,Yes
SUB11836,C11836,Premium,1499,Yearly,Yes
SUB11837,C11837,Basic,499,Monthly,No
SUB11838,C11838,Premium,1499,Yearly,Yes
SUB11839,C11839,Standard,999,Monthly,Yes
SUB11840,C11840,Basic,499,Yearly,No
SUB11841,C11841,Premium,1499,Monthly,No
SUB11842,C11842,Standard,999,Monthly,Yes
SUB11843,C11843,Standard,999,Yearly,No
SUB11844,C11844,Standard,999,Monthly,No
SUB11845,C11845,Basic,499,Monthly,No
SUB11846,C11846,Standard,999,Monthly,Yes
SUB11847,C11847,Premium,1499,Yearly,No
SUB11848,C11848,Basic,499,Yearly,No
SUB11849,C11849,Basic,499,Yearly,No
SUB11850,C11850,Premium,1499,Monthly,Yes
SUB11851,C11851,Premium,1499,Yearly,Yes
SUB11852,C11852,Premium,1499,Monthly,No
SUB11853,C11853,Standard,999,Monthly,Yes
SUB11854,C11854,Standard,999,Monthly,No
SUB11855,C11855,Standard,999,Yearly,Yes
SUB11856,C11856,Basic,499,Yearly,Yes
SUB11857,C11857,Standard,999,Yearly,No
SUB11858,C11858,Premium,1499,Yearly,Yes
SUB11859,C11859,Premium,1499,Yearly,No
SUB11860,C11860,Standard,999,Yearly,No
SUB11861,C11861,Premium,1499,Monthly,No
SUB11862,C11862,Standard,999,Yearly,No
SUB11863,C11863,Premium,1499,Monthly,Yes
SUB11864,C11864,Basic,499,Monthly,Yes
SUB11865,C11865,Basic,499,Yearly,No
SUB11866,C11866,Basic,499,Yearly,Yes
SUB11867,C11867,Standard,999,Monthly,Yes
SUB11868,C11868,Standard,999,Monthly,No
SUB11869,C11869,Premium,1499,Monthly,Yes
SUB11870,C11870,Premium,1499,Yearly,Yes
SUB11871,C11871,Standard,999,Yearly,Yes
SUB11872,C11872,Standard,999,Monthly,Yes
SUB11873,C11873,Premium,1499,Yearly,No
SUB11874,C11874,Standard,999,Monthly,No
SUB11875,C11875,Standard,999,Monthly,Yes
SUB11876,C11876,Basic,499,Yearly,Yes
SUB11877,C11877,Standard,999,Yearly,Yes
SUB11878,C11878,Basic,499,Yearly,No
SUB11879,C11879,Standard,999,Yearly,No
SUB11880,C11880,Standard,999,Yearly,No
SUB11881,C11881,Basic,499,Yearly,No
SUB11882,C11882,Standard,999,Monthly,Yes
SUB11883,C11883,Standard,999,Yearly,No
SUB11884,C11884,Standard,999,Yearly,No
SUB11885,C11885,Standard,999,Monthly,No
SUB11886,C11886,Standard,999,Yearly,Yes
SUB11887,C11887,Basic,499,Monthly,No
SUB11888,C11888,Basic,499,Monthly,No
SUB11889,C11889,Standard,999,Yearly,No
SUB11890,C11890,Basic,499,Monthly,No
SUB11891,C11891,Standard,999,Yearly,Yes
SUB11892,C11892,Basic,499,Yearly,No
SUB11893,C11893,Premium,1499,Yearly,Yes
SUB11894,C11894,Basic,499,Monthly,No
SUB11895,C11895,Basic,499,Monthly,Yes
SUB11896,C11896,Basic,499,Monthly,No
SUB11897,C11897,Basic,499,Yearly,No
SUB11898,C11898,Standard,999,Yearly,No
SUB11899,C11899,Standard,999,Monthly,No
SUB11900,C11900,Premium,1499,Monthly,No
SUB11901,C11901,Basic,499,Monthly,Yes
SUB11902,C11902,Basic,499,Yearly,Yes
SUB11903,C11903,Basic,499,Yearly,No
SUB11904,C11904,Premium,1499,Yearly,Yes
SUB11905,C11905,Basic,499,Monthly,Yes
SUB11906,C11906,Standard,999,Yearly,No
SUB11907,C11907,Premium,1499,Yearly,Yes
SUB11908,C11908,Basic,499,Monthly,Yes
SUB11909,C11909,Premium,1499,Yearly,No
SUB11910,C11910,Basic,499,Yearly,No
SUB11911,C11911,Basic,499,Yearly,No
SUB11912,C11912,Basic,499,Yearly,Yes
SUB11913,C11913,Basic,499,Monthly,Yes
SUB11914,C11914,Basic,499,Monthly,No
SUB11915,C11915,Basic,499,Yearly,No
SUB11916,C11916,Basic,499,Yearly,No
SUB11917,C11917,Premium,1499,Yearly,Yes
SUB11918,C11918,Standard,999,Yearly,Yes
SUB11919,C11919,Standard,999,Yearly,Yes
SUB11920,C11920,Standard,999,Monthly,Yes
SUB11921,C11921,Premium,1499,Monthly,No
SUB11922,C11922,Standard,999,Yearly,No
SUB11923,C11923,Basic,499,Monthly,No
SUB11924,C11924,Standard,999,Yearly,No
SUB11925,C11925,Standard,999,Yearly,No
SUB11926,C11926,Premium,1499,Monthly,Yes
SUB11927,C11927,Basic,499,Monthly,Yes
SUB11928,C11928,Basic,499,Monthly,No
SUB11929,C11929,Standard,999,Yearly,Yes
SUB11930,C11930,Standard,999,Yearly,No
SUB11931,C11931,Basic,499,Monthly,No
SUB11932,C11932,Premium,1499,Monthly,No
SUB11933,C11933,Basic,499,Monthly,Yes
SUB11934,C11934,Premium,1499,Yearly,Yes
SUB11935,C11935,Basic,499,Yearly,No
SUB11936,C11936,Premium,1499,Monthly,Yes
SUB11937,C11937,Basic,499,Yearly,Yes
SUB11938,C11938,Basic,499,Yearly,No
SUB11939,C11939,Premium,1499,Monthly,Yes
SUB11940,C11940,Standard,999,Monthly,No
SUB11941,C11941,Premium,1499,Monthly,No
SUB11942,C11942,Premium,1499,Monthly,No
SUB11943,C11943,Basic,499,Yearly,Yes
SUB11944,C11944,Basic,499,Monthly,Yes
SUB11945,C11945,Premium,1499,Yearly,No
SUB11946,C11946,Standard,999,Yearly,Yes
SUB11947,C11947,Standard,999,Yearly,Yes
SUB11948,C11948,Standard,999,Yearly,No
SUB11949,C11949,Premium,1499,Yearly,No
SUB11950,C11950,Standard,999,Yearly,Yes
SUB11951,C11951,Premium,1499,Monthly,No
SUB11952,C11952,Premium,1499,Monthly,No
SUB11953,C11953,Premium,1499,Monthly,No
SUB11954,C11954,Premium,1499,Monthly,Yes
SUB11955,C11955,Premium,1499,Yearly,Yes
SUB11956,C11956,Premium,1499,Monthly,Yes
SUB11957,C11957,Premium,1499,Yearly,No
SUB11958,C11958,Premium,1499,Yearly,No
SUB11959,C11959,Premium,1499,Monthly,Yes
SUB11960,C11960,Standard,999,Yearly,No
SUB11961,C11961,Premium,1499,Monthly,No
SUB11962,C11962,Basic,499,Yearly,No
SUB11963,C11963,Premium,1499,Monthly,No
SUB11964,C11964,Standard,999,Monthly,Yes
SUB11965,C11965,Basic,499,Yearly,No
SUB11966,C11966,Basic,499,Yearly,Yes
SUB11967,C11967,Basic,499,Monthly,No
SUB11968,C11968,Basic,499,Monthly,Yes
SUB11969,C11969,Premium,1499,Monthly,Yes
SUB11970,C11970,Basic,499,Yearly,Yes
SUB11971,C11971,Standard,999,Monthly,Yes
SUB11972,C11972,Basic,499,Monthly,Yes
SUB11973,C11973,Basic,499,Monthly,Yes
SUB11974,C11974,Basic,499,Monthly,Yes
SUB11975,C11975,Basic,499,Monthly,Yes
SUB11976,C11976,Basic,499,Monthly,Yes
SUB11977,C11977,Premium,1499,Yearly,No
SUB11978,C11978,Standard,999,Yearly,Yes
SUB11979,C11979,Basic,499,Monthly,No
SUB11980,C11980,Premium,1499,Yearly,Yes
SUB11981,C11981,Basic,499,Monthly,No
SUB11982,C11982,Basic,499,Yearly,No
SUB11983,C11983,Basic,499,Yearly,Yes
SUB11984,C11984,Premium,1499,Monthly,No
SUB11985,C11985,Standard,999,Monthly,Yes
SUB11986,C11986,Premium,1499,Monthly,No
SUB11987,C11987,Standard,999,Yearly,Yes
SUB11988,C11988,Basic,499,Yearly,No
SUB11989,C11989,Standard,999,Yearly,Yes
SUB11990,C11990,Basic,499,Monthly,Yes
SUB11991,C11991,Premium,1499,Monthly,No
SUB11992,C11992,Standard,999,Monthly,Yes
SUB11993,C11993,Standard,999,Yearly,No
SUB11994,C11994,Premium,1499,Yearly,No
SUB11995,C11995,Basic,499,Yearly,Yes
SUB11996,C11996,Premium,1499,Monthly,No
SUB11997,C11997,Standard,999,Yearly,No
SUB11998,C11998,Standard,999,Monthly,Yes
SUB11999,C11999,Basic,499,Yearly,No
SUB12000,C12000,Standard,999,Monthly,Yes
SUB12001,C12001,Premium,1499,Monthly,No
SUB12002,C12002,Basic,499,Yearly,No
SUB12003,C12003,Basic,499,Yearly,No
SUB12004,C12004,Premium,1499,Yearly,Yes
SUB12005,C12005,Premium,1499,Monthly,No
SUB12006,C12006,Premium,1499,Monthly,No
SUB12007,C12007,Standard,999,Monthly,No
SUB12008,C12008,Premium,1499,Monthly,No
SUB12009,C12009,Premium,1499,Yearly,Yes
SUB12010,C12010,Standard,999,Yearly,Yes
SUB12011,C12011,Premium,1499,Monthly,No
SUB12012,C12012,Premium,1499,Monthly,No
SUB12013,C12013,Premium,1499,Yearly,Yes
SUB12014,C12014,Standard,999,Monthly,No
SUB12015,C12015,Premium,1499,Yearly,Yes
SUB12016,C12016,Standard,999,Yearly,Yes
SUB12017,C12017,Premium,1499,Yearly,No
SUB12018,C12018,Basic,499,Monthly,Yes
SUB12019,C12019,Basic,499,Monthly,Yes
SUB12020,C12020,Standard,999,Yearly,No
SUB12021,C12021,Premium,1499,Monthly,No
SUB12022,C12022,Basic,499,Yearly,Yes
SUB12023,C12023,Premium,1499,Monthly,No
SUB12024,C12024,Basic,499,Monthly,No
SUB12025,C12025,Standard,999,Yearly,No
SUB12026,C12026,Basic,499,Yearly,No
SUB12027,C12027,Standard,999,Yearly,Yes
SUB12028,C12028,Premium,1499,Monthly,No
SUB12029,C12029,Standard,999,Yearly,Yes
SUB12030,C12030,Basic,499,Monthly,Yes
SUB12031,C12031,Standard,999,Monthly,No
SUB12032,C12032,Basic,499,Yearly,No
SUB12033,C12033,Basic,499,Monthly,Yes
SUB12034,C12034,Premium,1499,Yearly,No
SUB12035,C12035,Premium,1499,Monthly,No
SUB12036,C12036,Basic,499,Yearly,No
SUB12037,C12037,Standard,999,Monthly,Yes
SUB12038,C12038,Premium,1499,Yearly,No
SUB12039,C12039,Standard,999,Yearly,Yes
SUB12040,C12040,Standard,999,Yearly,Yes
SUB12041,C12041,Basic,499,Monthly,Yes
SUB12042,C12042,Standard,999,Yearly,Yes
SUB12043,C12043,Premium,1499,Monthly,Yes
SUB12044,C12044,Basic,499,Yearly,Yes
SUB12045,C12045,Premium,1499,Yearly,No
SUB12046,C12046,Standard,999,Monthly,No
SUB12047,C12047,Basic,499,Monthly,Yes
SUB12048,C12048,Standard,999,Yearly,Yes
SUB12049,C12049,Premium,1499,Monthly,No
SUB12050,C12050,Premium,1499,Yearly,Yes
SUB12051,C12051,Basic,499,Monthly,No
SUB12052,C12052,Premium,1499,Monthly,Yes
SUB12053,C12053,Premium,1499,Yearly,No
SUB12054,C12054,Basic,499,Monthly,Yes
SUB12055,C12055,Standard,999,Monthly,No
SUB12056,C12056,Premium,1499,Yearly,Yes
SUB12057,C12057,Standard,999,Monthly,Yes
SUB12058,C12058,Standard,999,Monthly,Yes
SUB12059,C12059,Basic,499,Yearly,Yes
SUB12060,C12060,Premium,1499,Monthly,No
SUB12061,C12061,Basic,499,Monthly,No
SUB12062,C12062,Basic,499,Yearly,Yes
SUB12063,C12063,Premium,1499,Monthly,No
SUB12064,C12064,Basic,499,Yearly,Yes
SUB12065,C12065,Premium,1499,Monthly,Yes
SUB12066,C12066,Basic,499,Monthly,No
SUB12067,C12067,Basic,499,Yearly,No
SUB12068,C12068,Premium,1499,Monthly,Yes
SUB12069,C12069,Standard,999,Yearly,Yes
SUB12070,C12070,Premium,1499,Yearly,No
SUB12071,C12071,Premium,1499,Yearly,Yes
SUB12072,C12072,Premium,1499,Monthly,No
SUB12073,C12073,Standard,999,Monthly,No
SUB12074,C12074,Standard,999,Monthly,No
SUB12075,C12075,Standard,999,Yearly,Yes
SUB12076,C12076,Standard,999,Monthly,Yes
SUB12077,C12077,Standard,999,Monthly,No
SUB12078,C12078,Premium,1499,Monthly,Yes
SUB12079,C12079,Premium,1499,Monthly,Yes
SUB12080,C12080,Standard,999,Yearly,Yes
SUB12081,C12081,Basic,499,Yearly,No
SUB12082,C12082,Basic,499,Monthly,Yes
SUB12083,C12083,Standard,999,Yearly,Yes
SUB12084,C12084,Premium,1499,Yearly,No
SUB12085,C12085,Standard,999,Monthly,No
SUB12086,C12086,Basic,499,Yearly,Yes
SUB12087,C12087,Standard,999,Yearly,No
SUB12088,C12088,Basic,499,Yearly,No
SUB12089,C12089,Basic,499,Monthly,No
SUB12090,C12090,Standard,999,Monthly,No
SUB12091,C12091,Basic,499,Yearly,Yes
SUB12092,C12092,Standard,999,Yearly,No
SUB12093,C12093,Basic,499,Monthly,No
SUB12094,C12094,Standard,999,Monthly,No
SUB12095,C12095,Standard,999,Yearly,Yes
SUB12096,C12096,Standard,999,Yearly,No
SUB12097,C12097,Premium,1499,Yearly,No
SUB12098,C12098,Basic,499,Yearly,No
SUB12099,C12099,Basic,499,Monthly,Yes
SUB12100,C12100,Premium,1499,Monthly,Yes
SUB12101,C12101,Premium,1499,Yearly,No
SUB12102,C12102,Basic,499,Monthly,No
SUB12103,C12103,Premium,1499,Yearly,Yes
SUB12104,C12104,Premium,1499,Monthly,Yes
SUB12105,C12105,Basic,499,Monthly,Yes
SUB12106,C12106,Standard,999,Yearly,Yes
SUB12107,C12107,Premium,1499,Monthly,Yes
SUB12108,C12108,Standard,999,Yearly,No
SUB12109,C12109,Premium,1499,Yearly,Yes
SUB12110,C12110,Premium,1499,Monthly,Yes
SUB12111,C12111,Premium,1499,Monthly,No
SUB12112,C12112,Premium,1499,Yearly,Yes
SUB12113,C12113,Standard,999,Yearly,Yes
SUB12114,C12114,Premium,1499,Monthly,Yes
SUB12115,C12115,Basic,499,Monthly,Yes
SUB12116,C12116,Standard,999,Yearly,No
SUB12117,C12117,Basic,499,Monthly,Yes
SUB12118,C12118,Standard,999,Monthly,Yes
SUB12119,C12119,Standard,999,Monthly,No
SUB12120,C12120,Basic,499,Monthly,No
SUB12121,C12121,Premium,1499,Yearly,No
SUB12122,C12122,Premium,1499,Yearly,Yes
SUB12123,C12123,Standard,999,Yearly,Yes
SUB12124,C12124,Standard,999,Monthly,No
SUB12125,C12125,Premium,1499,Monthly,Yes
SUB12126,C12126,Standard,999,Monthly,No
SUB12127,C12127,Premium,1499,Yearly,Yes
SUB12128,C12128,Basic,499,Monthly,Yes
SUB12129,C12129,Basic,499,Yearly,No
SUB12130,C12130,Premium,1499,Monthly,No
SUB12131,C12131,Premium,1499,Monthly,Yes
SUB12132,C12132,Premium,1499,Monthly,Yes
SUB12133,C12133,Standard,999,Yearly,Yes
SUB12134,C12134,Basic,499,Monthly,No
SUB12135,C12135,Basic,499,Yearly,Yes
SUB12136,C12136,Basic,499,Yearly,Yes
SUB12137,C12137,Basic,499,Yearly,Yes
SUB12138,C12138,Premium,1499,Yearly,No
SUB12139,C12139,Basic,499,Yearly,No
SUB12140,C12140,Basic,499,Monthly,No
SUB12141,C12141,Standard,999,Monthly,Yes
SUB12142,C12142,Basic,499,Yearly,No
SUB12143,C12143,Premium,1499,Monthly,Yes
SUB12144,C12144,Standard,999,Yearly,Yes
SUB12145,C12145,Basic,499,Yearly,No
SUB12146,C12146,Standard,999,Yearly,Yes
SUB12147,C12147,Premium,1499,Monthly,No
SUB12148,C12148,Premium,1499,Yearly,Yes
SUB12149,C12149,Premium,1499,Monthly,Yes
SUB12150,C12150,Premium,1499,Yearly,No
SUB12151,C12151,Premium,1499,Yearly,Yes
SUB12152,C12152,Basic,499,Monthly,No
SUB12153,C12153,Standard,999,Yearly,No
SUB12154,C12154,Basic,499,Yearly,No
SUB12155,C12155,Basic,499,Monthly,Yes
SUB12156,C12156,Premium,1499,Yearly,Yes
SUB12157,C12157,Basic,499,Yearly,Yes
SUB12158,C12158,Standard,999,Yearly,No
SUB12159,C12159,Basic,499,Yearly,Yes
SUB12160,C12160,Standard,999,Monthly,No
SUB12161,C12161,Premium,1499,Yearly,Yes
SUB12162,C12162,Premium,1499,Monthly,Yes
SUB12163,C12163,Premium,1499,Monthly,Yes
SUB12164,C12164,Basic,499,Yearly,No
SUB12165,C12165,Basic,499,Monthly,Yes
SUB12166,C12166,Premium,1499,Monthly,Yes
SUB12167,C12167,Premium,1499,Yearly,Yes
SUB12168,C12168,Standard,999,Monthly,Yes
SUB12169,C12169,Premium,1499,Yearly,No
SUB12170,C12170,Basic,499,Monthly,Yes
SUB12171,C12171,Basic,499,Monthly,No
SUB12172,C12172,Standard,999,Yearly,Yes
SUB12173,C12173,Basic,499,Monthly,No
SUB12174,C12174,Premium,1499,Yearly,No
SUB12175,C12175,Standard,999,Yearly,No
SUB12176,C12176,Premium,1499,Monthly,Yes
SUB12177,C12177,Basic,499,Yearly,No
SUB12178,C12178,Basic,499,Yearly,Yes
SUB12179,C12179,Basic,499,Monthly,No
SUB12180,C12180,Premium,1499,Monthly,Yes
SUB12181,C12181,Premium,1499,Monthly,No
SUB12182,C12182,Standard,999,Yearly,Yes
SUB12183,C12183,Basic,499,Yearly,No
SUB12184,C12184,Standard,999,Monthly,Yes
SUB12185,C12185,Basic,499,Yearly,Yes
SUB12186,C12186,Basic,499,Yearly,Yes
SUB12187,C12187,Basic,499,Monthly,Yes
SUB12188,C12188,Basic,499,Yearly,Yes
SUB12189,C12189,Basic,499,Monthly,Yes
SUB12190,C12190,Standard,999,Monthly,No
SUB12191,C12191,Premium,1499,Monthly,No
SUB12192,C12192,Premium,1499,Monthly,No
SUB12193,C12193,Basic,499,Monthly,No
SUB12194,C12194,Basic,499,Yearly,No
SUB12195,C12195,Premium,1499,Monthly,No
SUB12196,C12196,Premium,1499,Yearly,No
SUB12197,C12197,Basic,499,Monthly,No
SUB12198,C12198,Premium,1499,Monthly,Yes
SUB12199,C12199,Standard,999,Monthly,No
SUB12200,C12200,Premium,1499,Monthly,Yes
SUB12201,C12201,Premium,1499,Yearly,Yes
SUB12202,C12202,Premium,1499,Yearly,Yes
SUB12203,C12203,Premium,1499,Yearly,No
SUB12204,C12204,Standard,999,Monthly,Yes
SUB12205,C12205,Premium,1499,Monthly,Yes
SUB12206,C12206,Premium,1499,Yearly,Yes
SUB12207,C12207,Basic,499,Monthly,Yes
SUB12208,C12208,Premium,1499,Monthly,No
SUB12209,C12209,Premium,1499,Monthly,Yes
SUB12210,C12210,Basic,499,Monthly,Yes
SUB12211,C12211,Standard,999,Monthly,No
SUB12212,C12212,Standard,999,Yearly,No
SUB12213,C12213,Premium,1499,Monthly,Yes
SUB12214,C12214,Premium,1499,Monthly,Yes
SUB12215,C12215,Standard,999,Yearly,Yes
SUB12216,C12216,Premium,1499,Monthly,Yes
SUB12217,C12217,Premium,1499,Monthly,Yes
SUB12218,C12218,Basic,499,Monthly,Yes
SUB12219,C12219,Standard,999,Monthly,Yes
SUB12220,C12220,Basic,499,Monthly,No
SUB12221,C12221,Standard,999,Yearly,Yes
SUB12222,C12222,Premium,1499,Monthly,Yes
SUB12223,C12223,Standard,999,Monthly,Yes
SUB12224,C12224,Basic,499,Monthly,No
SUB12225,C12225,Standard,999,Monthly,No
SUB12226,C12226,Standard,999,Yearly,Yes
SUB12227,C12227,Basic,499,Monthly,No
SUB12228,C12228,Premium,1499,Monthly,No
SUB12229,C12229,Standard,999,Yearly,No
SUB12230,C12230,Standard,999,Monthly,Yes
SUB12231,C12231,Basic,499,Monthly,Yes
SUB12232,C12232,Premium,1499,Monthly,Yes
SUB12233,C12233,Standard,999,Monthly,No
SUB12234,C12234,Standard,999,Yearly,Yes
SUB12235,C12235,Basic,499,Monthly,Yes
SUB12236,C12236,Basic,499,Yearly,Yes
SUB12237,C12237,Premium,1499,Yearly,Yes
SUB12238,C12238,Premium,1499,Yearly,No
SUB12239,C12239,Basic,499,Monthly,Yes
SUB12240,C12240,Basic,499,Monthly,No
SUB12241,C12241,Standard,999,Monthly,Yes
SUB12242,C12242,Standard,999,Yearly,No
SUB12243,C12243,Standard,999,Yearly,No
SUB12244,C12244,Basic,499,Yearly,Yes
SUB12245,C12245,Premium,1499,Yearly,Yes
SUB12246,C12246,Basic,499,Yearly,No
SUB12247,C12247,Standard,999,Monthly,No
SUB12248,C12248,Premium,1499,Yearly,No
SUB12249,C12249,Standard,999,Monthly,No
SUB12250,C12250,Standard,999,Yearly,Yes
SUB12251,C12251,Premium,1499,Yearly,Yes
SUB12252,C12252,Premium,1499,Monthly,No
SUB12253,C12253,Standard,999,Monthly,No
SUB12254,C12254,Premium,1499,Yearly,Yes
SUB12255,C12255,Standard,999,Monthly,Yes
SUB12256,C12256,Basic,499,Yearly,Yes
SUB12257,C12257,Standard,999,Monthly,Yes
SUB12258,C12258,Standard,999,Monthly,No
SUB12259,C12259,Basic,499,Yearly,Yes
SUB12260,C12260,Premium,1499,Yearly,No
SUB12261,C12261,Standard,999,Monthly,Yes
SUB12262,C12262,Premium,1499,Monthly,No
SUB12263,C12263,Premium,1499,Monthly,No
SUB12264,C12264,Basic,499,Monthly,No
SUB12265,C12265,Premium,1499,Monthly,No
SUB12266,C12266,Standard,999,Monthly,Yes
SUB12267,C12267,Premium,1499,Yearly,Yes
SUB12268,C12268,Basic,499,Yearly,No
SUB12269,C12269,Basic,499,Yearly,Yes
SUB12270,C12270,Standard,999,Monthly,Yes
SUB12271,C12271,Basic,499,Yearly,Yes
SUB12272,C12272,Basic,499,Monthly,Yes
SUB12273,C12273,Basic,499,Yearly,No
SUB12274,C12274,Standard,999,Monthly,No
SUB12275,C12275,Premium,1499,Yearly,No
SUB12276,C12276,Standard,999,Yearly,No
SUB12277,C12277,Standard,999,Yearly,No
SUB12278,C12278,Standard,999,Yearly,No
SUB12279,C12279,Basic,499,Yearly,Yes
SUB12280,C12280,Standard,999,Yearly,No
SUB12281,C12281,Standard,999,Yearly,No
SUB12282,C12282,Premium,1499,Yearly,Yes
SUB12283,C12283,Standard,999,Monthly,No
SUB12284,C12284,Basic,499,Monthly,Yes
SUB12285,C12285,Standard,999,Yearly,No
SUB12286,C12286,Basic,499,Monthly,No
SUB12287,C12287,Premium,1499,Yearly,Yes
SUB12288,C12288,Standard,999,Monthly,No
SUB12289,C12289,Premium,1499,Monthly,No
SUB12290,C12290,Standard,999,Yearly,No
SUB12291,C12291,Standard,999,Yearly,Yes
SUB12292,C12292,Basic,499,Monthly,Yes
SUB12293,C12293,Standard,999,Yearly,Yes
SUB12294,C12294,Basic,499,Yearly,Yes
SUB12295,C12295,Standard,999,Monthly,No
SUB12296,C12296,Basic,499,Yearly,Yes
SUB12297,C12297,Premium,1499,Yearly,Yes
SUB12298,C12298,Basic,499,Monthly,No
SUB12299,C12299,Basic,499,Yearly,No
SUB12300,C12300,Standard,999,Monthly,Yes
SUB12301,C12301,Standard,999,Yearly,Yes
SUB12302,C12302,Premium,1499,Yearly,Yes
SUB12303,C12303,Basic,499,Monthly,Yes
SUB12304,C12304,Premium,1499,Monthly,No
SUB12305,C12305,Premium,1499,Yearly,Yes
SUB12306,C12306,Basic,499,Monthly,Yes
SUB12307,C12307,Standard,999,Yearly,Yes
SUB12308,C12308,Premium,1499,Yearly,No
SUB12309,C12309,Basic,499,Monthly,No
SUB12310,C12310,Premium,1499,Yearly,Yes
SUB12311,C12311,Standard,999,Yearly,No
SUB12312,C12312,Standard,999,Yearly,Yes
SUB12313,C12313,Basic,499,Yearly,Yes
SUB12314,C12314,Premium,1499,Monthly,Yes
SUB12315,C12315,Premium,1499,Yearly,No
SUB12316,C12316,Premium,1499,Monthly,Yes
SUB12317,C12317,Standard,999,Yearly,No
SUB12318,C12318,Basic,499,Yearly,No
SUB12319,C12319,Premium,1499,Yearly,No
SUB12320,C12320,Basic,499,Monthly,No
SUB12321,C12321,Basic,499,Monthly,No
SUB12322,C12322,Basic,499,Monthly,No
SUB12323,C12323,Basic,499,Yearly,Yes
SUB12324,C12324,Basic,499,Yearly,No
SUB12325,C12325,Premium,1499,Monthly,Yes
SUB12326,C12326,Basic,499,Monthly,No
SUB12327,C12327,Premium,1499,Monthly,Yes
SUB12328,C12328,Basic,499,Yearly,Yes
SUB12329,C12329,Standard,999,Yearly,Yes
SUB12330,C12330,Basic,499,Yearly,Yes
SUB12331,C12331,Premium,1499,Yearly,Yes
SUB12332,C12332,Premium,1499,Monthly,Yes
SUB12333,C12333,Standard,999,Monthly,No
SUB12334,C12334,Basic,499,Monthly,Yes
SUB12335,C12335,Basic,499,Monthly,No
SUB12336,C12336,Premium,1499,Yearly,No
SUB12337,C12337,Premium,1499,Monthly,No
SUB12338,C12338,Basic,499,Monthly,Yes
SUB12339,C12339,Premium,1499,Yearly,Yes
SUB12340,C12340,Standard,999,Monthly,No
SUB12341,C12341,Premium,1499,Yearly,Yes
SUB12342,C12342,Basic,499,Monthly,Yes
SUB12343,C12343,Basic,499,Yearly,Yes
SUB12344,C12344,Premium,1499,Monthly,Yes
SUB12345,C12345,Basic,499,Yearly,No
SUB12346,C12346,Standard,999,Monthly,No
SUB12347,C12347,Basic,499,Monthly,Yes
SUB12348,C12348,Standard,999,Yearly,Yes
SUB12349,C12349,Premium,1499,Yearly,Yes
SUB12350,C12350,Standard,999,Yearly,Yes
SUB12351,C12351,Basic,499,Yearly,Yes
SUB12352,C12352,Premium,1499,Monthly,No
SUB12353,C12353,Premium,1499,Yearly,Yes
SUB12354,C12354,Premium,1499,Monthly,Yes
SUB12355,C12355,Standard,999,Monthly,Yes
SUB12356,C12356,Basic,499,Yearly,Yes
SUB12357,C12357,Basic,499,Yearly,Yes
SUB12358,C12358,Standard,999,Monthly,Yes
SUB12359,C12359,Premium,1499,Monthly,No
SUB12360,C12360,Premium,1499,Yearly,No
SUB12361,C12361,Premium,1499,Yearly,No
SUB12362,C12362,Standard,999,Monthly,No
SUB12363,C12363,Standard,999,Yearly,Yes
SUB12364,C12364,Basic,499,Monthly,Yes
SUB12365,C12365,Premium,1499,Monthly,Yes
SUB12366,C12366,Basic,499,Monthly,Yes
SUB12367,C12367,Premium,1499,Yearly,No
SUB12368,C12368,Basic,499,Yearly,Yes
SUB12369,C12369,Premium,1499,Monthly,Yes
SUB12370,C12370,Premium,1499,Yearly,No
SUB12371,C12371,Basic,499,Yearly,Yes
SUB12372,C12372,Premium,1499,Yearly,Yes
SUB12373,C12373,Standard,999,Monthly,No
SUB12374,C12374,Basic,499,Yearly,Yes
SUB12375,C12375,Basic,499,Monthly,Yes
SUB12376,C12376,Standard,999,Yearly,No
SUB12377,C12377,Standard,999,Monthly,Yes
SUB12378,C12378,Basic,499,Yearly,No
SUB12379,C12379,Basic,499,Yearly,Yes
SUB12380,C12380,Premium,1499,Yearly,Yes
SUB12381,C12381,Basic,499,Monthly,Yes
SUB12382,C12382,Standard,999,Monthly,No
SUB12383,C12383,Premium,1499,Monthly,No
SUB12384,C12384,Premium,1499,Yearly,Yes
SUB12385,C12385,Premium,1499,Yearly,No
SUB12386,C12386,Standard,999,Monthly,No
SUB12387,C12387,Premium,1499,Yearly,No
SUB12388,C12388,Basic,499,Yearly,No
SUB12389,C12389,Standard,999,Monthly,Yes
SUB12390,C12390,Premium,1499,Monthly,No
SUB12391,C12391,Basic,499,Yearly,No
SUB12392,C12392,Basic,499,Monthly,No
SUB12393,C12393,Standard,999,Yearly,No
SUB12394,C12394,Basic,499,Monthly,No
SUB12395,C12395,Premium,1499,Monthly,No
SUB12396,C12396,Standard,999,Yearly,No
SUB12397,C12397,Basic,499,Monthly,No
SUB12398,C12398,Basic,499,Monthly,Yes
SUB12399,C12399,Standard,999,Monthly,No
SUB12400,C12400,Basic,499,Monthly,Yes
SUB12401,C12401,Premium,1499,Yearly,Yes
SUB12402,C12402,Basic,499,Monthly,Yes
SUB12403,C12403,Standard,999,Monthly,Yes
SUB12404,C12404,Premium,1499,Monthly,No
SUB12405,C12405,Premium,1499,Yearly,No
SUB12406,C12406,Premium,1499,Yearly,No
SUB12407,C12407,Basic,499,Yearly,Yes
SUB12408,C12408,Basic,499,Monthly,No
SUB12409,C12409,Standard,999,Yearly,Yes
SUB12410,C12410,Basic,499,Monthly,Yes
SUB12411,C12411,Standard,999,Yearly,Yes
SUB12412,C12412,Standard,999,Yearly,No
SUB12413,C12413,Premium,1499,Yearly,No
SUB12414,C12414,Basic,499,Monthly,No
SUB12415,C12415,Basic,499,Monthly,Yes
SUB12416,C12416,Premium,1499,Yearly,No
SUB12417,C12417,Standard,999,Monthly,Yes
SUB12418,C12418,Premium,1499,Yearly,Yes
SUB12419,C12419,Basic,499,Monthly,Yes
SUB12420,C12420,Basic,499,Monthly,Yes
SUB12421,C12421,Premium,1499,Monthly,No
SUB12422,C12422,Basic,499,Yearly,No
SUB12423,C12423,Standard,999,Yearly,No
SUB12424,C12424,Premium,1499,Yearly,No
SUB12425,C12425,Standard,999,Monthly,Yes
SUB12426,C12426,Basic,499,Monthly,No
SUB12427,C12427,Premium,1499,Yearly,No
SUB12428,C12428,Standard,999,Yearly,No
SUB12429,C12429,Standard,999,Yearly,No
SUB12430,C12430,Premium,1499,Yearly,No
SUB12431,C12431,Standard,999,Monthly,No
SUB12432,C12432,Basic,499,Yearly,No
SUB12433,C12433,Standard,999,Monthly,No
SUB12434,C12434,Standard,999,Monthly,Yes
SUB12435,C12435,Standard,999,Monthly,No
SUB12436,C12436,Standard,999,Monthly,No
SUB12437,C12437,Basic,499,Monthly,No
SUB12438,C12438,Standard,999,Yearly,Yes
SUB12439,C12439,Standard,999,Yearly,Yes
SUB12440,C12440,Basic,499,Yearly,Yes
SUB12441,C12441,Premium,1499,Yearly,Yes
SUB12442,C12442,Standard,999,Monthly,Yes
SUB12443,C12443,Premium,1499,Yearly,No
SUB12444,C12444,Premium,1499,Monthly,Yes
SUB12445,C12445,Standard,999,Yearly,Yes
SUB12446,C12446,Basic,499,Monthly,No
SUB12447,C12447,Standard,999,Monthly,No
SUB12448,C12448,Standard,999,Monthly,Yes
SUB12449,C12449,Standard,999,Yearly,No
SUB12450,C12450,Premium,1499,Yearly,No
SUB12451,C12451,Standard,999,Yearly,No
SUB12452,C12452,Basic,499,Yearly,No
SUB12453,C12453,Standard,999,Yearly,Yes
SUB12454,C12454,Standard,999,Yearly,Yes
SUB12455,C12455,Standard,999,Monthly,No
SUB12456,C12456,Premium,1499,Monthly,Yes
SUB12457,C12457,Premium,1499,Yearly,No
SUB12458,C12458,Premium,1499,Yearly,No
SUB12459,C12459,Basic,499,Yearly,No
SUB12460,C12460,Standard,999,Monthly,Yes
SUB12461,C12461,Basic,499,Monthly,Yes
SUB12462,C12462,Premium,1499,Yearly,No
SUB12463,C12463,Basic,499,Yearly,Yes
SUB12464,C12464,Premium,1499,Yearly,Yes
SUB12465,C12465,Basic,499,Monthly,Yes
SUB12466,C12466,Basic,499,Yearly,Yes
SUB12467,C12467,Basic,499,Monthly,Yes
SUB12468,C12468,Standard,999,Monthly,No
SUB12469,C12469,Standard,999,Yearly,No
SUB12470,C12470,Basic,499,Yearly,No
SUB12471,C12471,Standard,999,Yearly,No
SUB12472,C12472,Premium,1499,Monthly,Yes
SUB12473,C12473,Basic,499,Monthly,Yes
SUB12474,C12474,Basic,499,Yearly,No
SUB12475,C12475,Premium,1499,Yearly,No
SUB12476,C12476,Standard,999,Monthly,Yes
SUB12477,C12477,Premium,1499,Monthly,Yes
SUB12478,C12478,Basic,499,Monthly,No
SUB12479,C12479,Basic,499,Monthly,Yes
SUB12480,C12480,Basic,499,Yearly,No
SUB12481,C12481,Standard,999,Yearly,No
SUB12482,C12482,Basic,499,Yearly,No
SUB12483,C12483,Premium,1499,Yearly,Yes
SUB12484,C12484,Premium,1499,Yearly,Yes
SUB12485,C12485,Premium,1499,Monthly,Yes
SUB12486,C12486,Standard,999,Yearly,No
SUB12487,C12487,Basic,499,Yearly,No
SUB12488,C12488,Standard,999,Yearly,Yes
SUB12489,C12489,Basic,499,Monthly,Yes
SUB12490,C12490,Premium,1499,Yearly,Yes
SUB12491,C12491,Basic,499,Yearly,Yes
SUB12492,C12492,Basic,499,Yearly,Yes
SUB12493,C12493,Premium,1499,Monthly,Yes
SUB12494,C12494,Basic,499,Monthly,No
SUB12495,C12495,Standard,999,Yearly,Yes
SUB12496,C12496,Standard,999,Yearly,Yes
SUB12497,C12497,Premium,1499,Monthly,Yes
SUB12498,C12498,Standard,999,Monthly,No
SUB12499,C12499,Premium,1499,Yearly,No
SUB12500,C12500,Premium,1499,Monthly,Yes
SUB12501,C12501,Premium,1499,Yearly,Yes
SUB12502,C12502,Premium,1499,Yearly,No
SUB12503,C12503,Premium,1499,Monthly,Yes
SUB12504,C12504,Premium,1499,Monthly,No
SUB12505,C12505,Standard,999,Yearly,Yes
SUB12506,C12506,Standard,999,Yearly,Yes
SUB12507,C12507,Basic,499,Yearly,Yes
SUB12508,C12508,Standard,999,Monthly,Yes
SUB12509,C12509,Basic,499,Yearly,Yes
SUB12510,C12510,Basic,499,Monthly,No
SUB12511,C12511,Standard,999,Yearly,No
SUB12512,C12512,Basic,499,Yearly,No
SUB12513,C12513,Premium,1499,Monthly,Yes
SUB12514,C12514,Basic,499,Monthly,Yes
SUB12515,C12515,Premium,1499,Monthly,Yes
SUB12516,C12516,Basic,499,Monthly,Yes
SUB12517,C12517,Standard,999,Yearly,Yes
SUB12518,C12518,Basic,499,Monthly,Yes
SUB12519,C12519,Basic,499,Monthly,Yes
SUB12520,C12520,Basic,499,Yearly,No
SUB12521,C12521,Standard,999,Yearly,Yes
SUB12522,C12522,Premium,1499,Monthly,No
SUB12523,C12523,Standard,999,Yearly,Yes
SUB12524,C12524,Standard,999,Yearly,Yes
SUB12525,C12525,Standard,999,Yearly,No
SUB12526,C12526,Basic,499,Monthly,Yes
SUB12527,C12527,Standard,999,Yearly,Yes
SUB12528,C12528,Basic,499,Monthly,Yes
SUB12529,C12529,Basic,499,Yearly,No
SUB12530,C12530,Basic,499,Monthly,Yes
SUB12531,C12531,Basic,499,Yearly,Yes
SUB12532,C12532,Basic,499,Monthly,No
SUB12533,C12533,Standard,999,Monthly,Yes
SUB12534,C12534,Basic,499,Yearly,Yes
SUB12535,C12535,Basic,499,Monthly,No
SUB12536,C12536,Basic,499,Yearly,Yes
SUB12537,C12537,Standard,999,Yearly,No
SUB12538,C12538,Premium,1499,Yearly,Yes
SUB12539,C12539,Standard,999,Yearly,No
SUB12540,C12540,Standard,999,Yearly,Yes
SUB12541,C12541,Premium,1499,Monthly,No
SUB12542,C12542,Basic,499,Yearly,No
SUB12543,C12543,Premium,1499,Monthly,No
SUB12544,C12544,Basic,499,Yearly,Yes
SUB12545,C12545,Standard,999,Monthly,Yes
SUB12546,C12546,Basic,499,Yearly,Yes
SUB12547,C12547,Premium,1499,Yearly,No
SUB12548,C12548,Standard,999,Yearly,No
SUB12549,C12549,Premium,1499,Monthly,Yes
SUB12550,C12550,Standard,999,Monthly,Yes
SUB12551,C12551,Standard,999,Monthly,Yes
SUB12552,C12552,Basic,499,Monthly,Yes
SUB12553,C12553,Basic,499,Monthly,Yes
SUB12554,C12554,Premium,1499,Yearly,Yes
SUB12555,C12555,Basic,499,Yearly,No
SUB12556,C12556,Premium,1499,Monthly,Yes
SUB12557,C12557,Standard,999,Monthly,No
SUB12558,C12558,Standard,999,Monthly,Yes
SUB12559,C12559,Premium,1499,Monthly,No
SUB12560,C12560,Basic,499,Yearly,No
SUB12561,C12561,Basic,499,Yearly,Yes
SUB12562,C12562,Standard,999,Monthly,Yes
SUB12563,C12563,Basic,499,Monthly,No
SUB12564,C12564,Standard,999,Yearly,Yes
SUB12565,C12565,Basic,499,Yearly,Yes
SUB12566,C12566,Basic,499,Monthly,No
SUB12567,C12567,Standard,999,Monthly,Yes
SUB12568,C12568,Basic,499,Yearly,Yes
SUB12569,C12569,Standard,999,Yearly,No
SUB12570,C12570,Premium,1499,Yearly,Yes
SUB12571,C12571,Basic,499,Monthly,Yes
SUB12572,C12572,Basic,499,Yearly,No
SUB12573,C12573,Standard,999,Yearly,Yes
SUB12574,C12574,Standard,999,Yearly,No
SUB12575,C12575,Basic,499,Yearly,No
SUB12576,C12576,Basic,499,Monthly,Yes
SUB12577,C12577,Standard,999,Yearly,No
SUB12578,C12578,Basic,499,Yearly,Yes
SUB12579,C12579,Premium,1499,Yearly,No
SUB12580,C12580,Standard,999,Monthly,No
SUB12581,C12581,Standard,999,Monthly,Yes
SUB12582,C12582,Premium,1499,Yearly,No
SUB12583,C12583,Basic,499,Yearly,Yes
SUB12584,C12584,Standard,999,Yearly,No
SUB12585,C12585,Standard,999,Monthly,Yes
SUB12586,C12586,Standard,999,Monthly,Yes
SUB12587,C12587,Standard,999,Monthly,No
SUB12588,C12588,Standard,999,Monthly,Yes
SUB12589,C12589,Premium,1499,Monthly,Yes
SUB12590,C12590,Premium,1499,Yearly,Yes
SUB12591,C12591,Basic,499,Yearly,Yes
SUB12592,C12592,Basic,499,Yearly,No
SUB12593,C12593,Basic,499,Monthly,Yes
SUB12594,C12594,Premium,1499,Yearly,No
SUB12595,C12595,Premium,1499,Yearly,Yes
SUB12596,C12596,Standard,999,Monthly,No
SUB12597,C12597,Premium,1499,Monthly,No
SUB12598,C12598,Basic,499,Yearly,Yes
SUB12599,C12599,Basic,499,Yearly,No
SUB12600,C12600,Basic,499,Yearly,No
SUB12601,C12601,Premium,1499,Monthly,No
SUB12602,C12602,Basic,499,Monthly,Yes
SUB12603,C12603,Premium,1499,Monthly,Yes
SUB12604,C12604,Premium,1499,Monthly,Yes
SUB12605,C12605,Standard,999,Monthly,Yes
SUB12606,C12606,Basic,499,Monthly,Yes
SUB12607,C12607,Basic,499,Monthly,Yes
SUB12608,C12608,Basic,499,Yearly,No
SUB12609,C12609,Premium,1499,Monthly,No
SUB12610,C12610,Premium,1499,Monthly,No
SUB12611,C12611,Premium,1499,Yearly,No
SUB12612,C12612,Standard,999,Yearly,Yes
SUB12613,C12613,Basic,499,Monthly,No
SUB12614,C12614,Standard,999,Monthly,No
SUB12615,C12615,Standard,999,Yearly,Yes
SUB12616,C12616,Premium,1499,Monthly,Yes
SUB12617,C12617,Standard,999,Monthly,No
SUB12618,C12618,Standard,999,Yearly,Yes
SUB12619,C12619,Standard,999,Yearly,No
SUB12620,C12620,Premium,1499,Yearly,No
SUB12621,C12621,Standard,999,Yearly,Yes
SUB12622,C12622,Premium,1499,Yearly,Yes
SUB12623,C12623,Basic,499,Yearly,Yes
SUB12624,C12624,Basic,499,Monthly,No
SUB12625,C12625,Basic,499,Monthly,Yes
SUB12626,C12626,Basic,499,Monthly,Yes
SUB12627,C12627,Standard,999,Monthly,Yes
SUB12628,C12628,Standard,999,Monthly,No
SUB12629,C12629,Premium,1499,Monthly,Yes
SUB12630,C12630,Standard,999,Yearly,Yes
SUB12631,C12631,Basic,499,Yearly,No
SUB12632,C12632,Basic,499,Yearly,No
SUB12633,C12633,Premium,1499,Monthly,Yes
SUB12634,C12634,Premium,1499,Monthly,Yes
SUB12635,C12635,Premium,1499,Monthly,Yes
SUB12636,C12636,Basic,499,Yearly,No
SUB12637,C12637,Standard,999,Monthly,Yes
SUB12638,C12638,Premium,1499,Monthly,Yes
SUB12639,C12639,Basic,499,Yearly,Yes
SUB12640,C12640,Premium,1499,Monthly,No
SUB12641,C12641,Basic,499,Yearly,Yes
SUB12642,C12642,Basic,499,Monthly,No
SUB12643,C12643,Premium,1499,Monthly,No
SUB12644,C12644,Basic,499,Yearly,Yes
SUB12645,C12645,Premium,1499,Monthly,Yes
SUB12646,C12646,Standard,999,Monthly,No
SUB12647,C12647,Premium,1499,Monthly,Yes
SUB12648,C12648,Basic,499,Yearly,No
SUB12649,C12649,Premium,1499,Yearly,Yes
SUB12650,C12650,Standard,999,Yearly,Yes
SUB12651,C12651,Basic,499,Monthly,Yes
SUB12652,C12652,Premium,1499,Yearly,Yes
SUB12653,C12653,Basic,499,Yearly,No
SUB12654,C12654,Premium,1499,Monthly,No
SUB12655,C12655,Premium,1499,Monthly,No
SUB12656,C12656,Basic,499,Yearly,No
SUB12657,C12657,Basic,499,Monthly,No
SUB12658,C12658,Premium,1499,Yearly,Yes
SUB12659,C12659,Basic,499,Monthly,Yes
SUB12660,C12660,Basic,499,Monthly,Yes
SUB12661,C12661,Basic,499,Monthly,Yes
SUB12662,C12662,Premium,1499,Monthly,No
SUB12663,C12663,Basic,499,Yearly,Yes
SUB12664,C12664,Premium,1499,Yearly,No
SUB12665,C12665,Premium,1499,Monthly,No
SUB12666,C12666,Standard,999,Yearly,No
SUB12667,C12667,Basic,499,Monthly,No
SUB12668,C12668,Premium,1499,Yearly,Yes
SUB12669,C12669,Basic,499,Monthly,No
SUB12670,C12670,Basic,499,Monthly,Yes
SUB12671,C12671,Standard,999,Yearly,No
SUB12672,C12672,Basic,499,Yearly,Yes
SUB12673,C12673,Standard,999,Yearly,Yes
SUB12674,C12674,Premium,1499,Yearly,No
SUB12675,C12675,Premium,1499,Yearly,Yes
SUB12676,C12676,Premium,1499,Monthly,Yes
SUB12677,C12677,Premium,1499,Yearly,No
SUB12678,C12678,Standard,999,Yearly,No
SUB12679,C12679,Basic,499,Yearly,Yes
SUB12680,C12680,Basic,499,Yearly,No
SUB12681,C12681,Basic,499,Yearly,Yes
SUB12682,C12682,Standard,999,Yearly,Yes
SUB12683,C12683,Premium,1499,Yearly,No
SUB12684,C12684,Premium,1499,Monthly,No
SUB12685,C12685,Premium,1499,Yearly,Yes
SUB12686,C12686,Premium,1499,Monthly,No
SUB12687,C12687,Standard,999,Yearly,Yes
SUB12688,C12688,Premium,1499,Yearly,No
SUB12689,C12689,Premium,1499,Yearly,Yes
SUB12690,C12690,Standard,999,Yearly,No
SUB12691,C12691,Basic,499,Monthly,No
SUB12692,C12692,Standard,999,Yearly,No
SUB12693,C12693,Premium,1499,Yearly,No
SUB12694,C12694,Standard,999,Yearly,Yes
SUB12695,C12695,Premium,1499,Monthly,No
SUB12696,C12696,Basic,499,Yearly,No
SUB12697,C12697,Basic,499,Yearly,No
SUB12698,C12698,Premium,1499,Yearly,Yes
SUB12699,C12699,Standard,999,Monthly,No
SUB12700,C12700,Standard,999,Monthly,No
SUB12701,C12701,Standard,999,Yearly,Yes
SUB12702,C12702,Premium,1499,Monthly,No
SUB12703,C12703,Basic,499,Yearly,Yes
SUB12704,C12704,Basic,499,Monthly,Yes
SUB12705,C12705,Standard,999,Monthly,No
SUB12706,C12706,Basic,499,Yearly,No
SUB12707,C12707,Standard,999,Monthly,Yes
SUB12708,C12708,Premium,1499,Monthly,No
SUB12709,C12709,Premium,1499,Yearly,No
SUB12710,C12710,Premium,1499,Monthly,Yes
SUB12711,C12711,Basic,499,Monthly,Yes
SUB12712,C12712,Standard,999,Yearly,No
SUB12713,C12713,Premium,1499,Monthly,No
SUB12714,C12714,Standard,999,Monthly,No
SUB12715,C12715,Standard,999,Monthly,Yes
SUB12716,C12716,Basic,499,Yearly,No
SUB12717,C12717,Basic,499,Monthly,Yes
SUB12718,C12718,Basic,499,Monthly,No
SUB12719,C12719,Premium,1499,Yearly,No
SUB12720,C12720,Basic,499,Yearly,Yes
SUB12721,C12721,Basic,499,Yearly,No
SUB12722,C12722,Standard,999,Monthly,No
SUB12723,C12723,Premium,1499,Monthly,No
SUB12724,C12724,Premium,1499,Yearly,No
SUB12725,C12725,Standard,999,Monthly,No
SUB12726,C12726,Premium,1499,Monthly,Yes
SUB12727,C12727,Premium,1499,Yearly,Yes
SUB12728,C12728,Standard,999,Monthly,Yes
SUB12729,C12729,Basic,499,Monthly,No
SUB12730,C12730,Standard,999,Monthly,Yes
SUB12731,C12731,Basic,499,Yearly,No
SUB12732,C12732,Standard,999,Yearly,Yes
SUB12733,C12733,Premium,1499,Monthly,No
SUB12734,C12734,Standard,999,Yearly,No
SUB12735,C12735,Standard,999,Yearly,No
SUB12736,C12736,Basic,499,Yearly,Yes
SUB12737,C12737,Standard,999,Monthly,Yes
SUB12738,C12738,Basic,499,Yearly,No
SUB12739,C12739,Premium,1499,Yearly,No
SUB12740,C12740,Basic,499,Yearly,No
SUB12741,C12741,Basic,499,Monthly,Yes
SUB12742,C12742,Basic,499,Monthly,No
SUB12743,C12743,Basic,499,Monthly,No
SUB12744,C12744,Standard,999,Monthly,No
SUB12745,C12745,Standard,999,Yearly,No
SUB12746,C12746,Standard,999,Yearly,No
SUB12747,C12747,Premium,1499,Yearly,No
SUB12748,C12748,Premium,1499,Monthly,No
SUB12749,C12749,Standard,999,Monthly,Yes
SUB12750,C12750,Basic,499,Monthly,No
SUB12751,C12751,Basic,499,Yearly,Yes
SUB12752,C12752,Basic,499,Yearly,No
SUB12753,C12753,Premium,1499,Yearly,Yes
SUB12754,C12754,Basic,499,Monthly,Yes
SUB12755,C12755,Basic,499,Monthly,No
SUB12756,C12756,Basic,499,Monthly,Yes
SUB12757,C12757,Basic,499,Yearly,Yes
SUB12758,C12758,Premium,1499,Monthly,No
SUB12759,C12759,Standard,999,Monthly,No
SUB12760,C12760,Standard,999,Monthly,No
SUB12761,C12761,Premium,1499,Yearly,No
SUB12762,C12762,Premium,1499,Yearly,Yes
SUB12763,C12763,Basic,499,Yearly,Yes
SUB12764,C12764,Premium,1499,Yearly,Yes
SUB12765,C12765,Premium,1499,Yearly,Yes
SUB12766,C12766,Standard,999,Monthly,No
SUB12767,C12767,Standard,999,Yearly,Yes
SUB12768,C12768,Standard,999,Monthly,Yes
SUB12769,C12769,Standard,999,Monthly,Yes
SUB12770,C12770,Standard,999,Yearly,Yes
SUB12771,C12771,Standard,999,Yearly,No
SUB12772,C12772,Standard,999,Yearly,No
SUB12773,C12773,Basic,499,Yearly,Yes
SUB12774,C12774,Standard,999,Monthly,No
SUB12775,C12775,Standard,999,Yearly,Yes
SUB12776,C12776,Standard,999,Monthly,No
SUB12777,C12777,Premium,1499,Yearly,No
SUB12778,C12778,Basic,499,Yearly,No
SUB12779,C12779,Premium,1499,Monthly,Yes
SUB12780,C12780,Standard,999,Monthly,No
SUB12781,C12781,Premium,1499,Monthly,Yes
SUB12782,C12782,Basic,499,Monthly,Yes
SUB12783,C12783,Standard,999,Monthly,Yes
SUB12784,C12784,Premium,1499,Monthly,Yes
SUB12785,C12785,Premium,1499,Monthly,No
SUB12786,C12786,Basic,499,Yearly,Yes
SUB12787,C12787,Premium,1499,Monthly,No
SUB12788,C12788,Basic,499,Yearly,No
SUB12789,C12789,Basic,499,Monthly,No
SUB12790,C12790,Premium,1499,Yearly,Yes
SUB12791,C12791,Standard,999,Monthly,No
SUB12792,C12792,Basic,499,Monthly,No
SUB12793,C12793,Premium,1499,Yearly,No
SUB12794,C12794,Standard,999,Monthly,No
SUB12795,C12795,Premium,1499,Monthly,No
SUB12796,C12796,Premium,1499,Monthly,Yes
SUB12797,C12797,Premium,1499,Monthly,No
SUB12798,C12798,Standard,999,Yearly,Yes
SUB12799,C12799,Standard,999,Yearly,No
SUB12800,C12800,Standard,999,Monthly,No
SUB12801,C12801,Standard,999,Yearly,Yes
SUB12802,C12802,Premium,1499,Yearly,Yes
SUB12803,C12803,Standard,999,Monthly,Yes
SUB12804,C12804,Standard,999,Monthly,No
SUB12805,C12805,Standard,999,Yearly,No
SUB12806,C12806,Standard,999,Monthly,Yes
SUB12807,C12807,Premium,1499,Monthly,Yes
SUB12808,C12808,Basic,499,Yearly,No
SUB12809,C12809,Basic,499,Monthly,Yes
SUB12810,C12810,Premium,1499,Yearly,Yes
SUB12811,C12811,Basic,499,Monthly,No
SUB12812,C12812,Premium,1499,Yearly,No
SUB12813,C12813,Basic,499,Yearly,No
SUB12814,C12814,Standard,999,Yearly,No
SUB12815,C12815,Premium,1499,Yearly,No
SUB12816,C12816,Basic,499,Yearly,No
SUB12817,C12817,Standard,999,Yearly,Yes
SUB12818,C12818,Premium,1499,Monthly,Yes
SUB12819,C12819,Basic,499,Monthly,Yes
SUB12820,C12820,Standard,999,Yearly,Yes
SUB12821,C12821,Basic,499,Yearly,Yes
SUB12822,C12822,Premium,1499,Yearly,Yes
SUB12823,C12823,Standard,999,Monthly,No
SUB12824,C12824,Premium,1499,Yearly,No
SUB12825,C12825,Standard,999,Monthly,No
SUB12826,C12826,Basic,499,Yearly,No
SUB12827,C12827,Basic,499,Yearly,Yes
SUB12828,C12828,Basic,499,Monthly,Yes
SUB12829,C12829,Premium,1499,Monthly,Yes
SUB12830,C12830,Premium,1499,Yearly,No
SUB12831,C12831,Premium,1499,Monthly,Yes
SUB12832,C12832,Premium,1499,Monthly,No
SUB12833,C12833,Premium,1499,Monthly,No
SUB12834,C12834,Standard,999,Monthly,Yes
SUB12835,C12835,Premium,1499,Monthly,Yes
SUB12836,C12836,Standard,999,Yearly,Yes
SUB12837,C12837,Standard,999,Yearly,Yes
SUB12838,C12838,Premium,1499,Yearly,No
SUB12839,C12839,Premium,1499,Monthly,Yes
SUB12840,C12840,Standard,999,Monthly,No
SUB12841,C12841,Premium,1499,Monthly,No
SUB12842,C12842,Premium,1499,Monthly,No
SUB12843,C12843,Basic,499,Monthly,No
SUB12844,C12844,Basic,499,Monthly,Yes
SUB12845,C12845,Premium,1499,Monthly,Yes
SUB12846,C12846,Basic,499,Monthly,Yes
SUB12847,C12847,Premium,1499,Yearly,No
SUB12848,C12848,Basic,499,Yearly,No
SUB12849,C12849,Basic,499,Monthly,No
SUB12850,C12850,Basic,499,Monthly,No
SUB12851,C12851,Premium,1499,Monthly,Yes
SUB12852,C12852,Basic,499,Yearly,No
SUB12853,C12853,Basic,499,Monthly,No
SUB12854,C12854,Basic,499,Yearly,Yes
SUB12855,C12855,Standard,999,Monthly,No
SUB12856,C12856,Premium,1499,Yearly,Yes
SUB12857,C12857,Standard,999,Yearly,Yes
SUB12858,C12858,Standard,999,Monthly,Yes
SUB12859,C12859,Premium,1499,Yearly,No
SUB12860,C12860,Premium,1499,Monthly,Yes
SUB12861,C12861,Standard,999,Monthly,Yes
SUB12862,C12862,Premium,1499,Monthly,No
SUB12863,C12863,Premium,1499,Yearly,No
SUB12864,C12864,Basic,499,Yearly,No
SUB12865,C12865,Standard,999,Monthly,Yes
SUB12866,C12866,Premium,1499,Yearly,No
SUB12867,C12867,Standard,999,Monthly,No
SUB12868,C12868,Premium,1499,Monthly,No
SUB12869,C12869,Standard,999,Monthly,Yes
SUB12870,C12870,Standard,999,Yearly,Yes
SUB12871,C12871,Standard,999,Monthly,Yes
SUB12872,C12872,Premium,1499,Monthly,No
SUB12873,C12873,Standard,999,Monthly,No
SUB12874,C12874,Basic,499,Monthly,No
SUB12875,C12875,Premium,1499,Yearly,No
SUB12876,C12876,Basic,499,Yearly,Yes
SUB12877,C12877,Standard,999,Monthly,Yes
SUB12878,C12878,Standard,999,Yearly,No
SUB12879,C12879,Basic,499,Yearly,Yes
SUB12880,C12880,Basic,499,Monthly,No
SUB12881,C12881,Standard,999,Monthly,No
SUB12882,C12882,Premium,1499,Yearly,No
SUB12883,C12883,Standard,999,Monthly,No
SUB12884,C12884,Basic,499,Monthly,Yes
SUB12885,C12885,Premium,1499,Monthly,Yes
SUB12886,C12886,Standard,999,Monthly,Yes
SUB12887,C12887,Standard,999,Monthly,No
SUB12888,C12888,Standard,999,Monthly,No
SUB12889,C12889,Basic,499,Monthly,No
SUB12890,C12890,Premium,1499,Yearly,No
SUB12891,C12891,Standard,999,Monthly,Yes
SUB12892,C12892,Premium,1499,Yearly,Yes
SUB12893,C12893,Basic,499,Yearly,Yes
SUB12894,C12894,Standard,999,Yearly,No
SUB12895,C12895,Standard,999,Monthly,Yes
SUB12896,C12896,Basic,499,Yearly,No
SUB12897,C12897,Standard,999,Yearly,No
SUB12898,C12898,Basic,499,Monthly,No
SUB12899,C12899,Premium,1499,Yearly,Yes
SUB12900,C12900,Standard,999,Monthly,No
SUB12901,C12901,Standard,999,Monthly,Yes
SUB12902,C12902,Premium,1499,Yearly,Yes
SUB12903,C12903,Basic,499,Yearly,No
SUB12904,C12904,Premium,1499,Monthly,Yes
SUB12905,C12905,Standard,999,Monthly,Yes
SUB12906,C12906,Premium,1499,Yearly,Yes
SUB12907,C12907,Premium,1499,Yearly,No
SUB12908,C12908,Premium,1499,Yearly,Yes
SUB12909,C12909,Premium,1499,Monthly,Yes
SUB12910,C12910,Standard,999,Yearly,No
SUB12911,C12911,Standard,999,Monthly,No
SUB12912,C12912,Basic,499,Monthly,Yes
SUB12913,C12913,Premium,1499,Monthly,Yes
SUB12914,C12914,Standard,999,Monthly,No
SUB12915,C12915,Basic,499,Monthly,Yes
SUB12916,C12916,Standard,999,Monthly,No
SUB12917,C12917,Standard,999,Monthly,Yes
SUB12918,C12918,Standard,999,Monthly,Yes
SUB12919,C12919,Basic,499,Monthly,Yes
SUB12920,C12920,Premium,1499,Yearly,No
SUB12921,C12921,Standard,999,Monthly,Yes
SUB12922,C12922,Standard,999,Yearly,Yes
SUB12923,C12923,Basic,499,Monthly,No
SUB12924,C12924,Premium,1499,Yearly,Yes
SUB12925,C12925,Premium,1499,Monthly,Yes
SUB12926,C12926,Standard,999,Yearly,Yes
SUB12927,C12927,Premium,1499,Monthly,Yes
SUB12928,C12928,Premium,1499,Yearly,No
SUB12929,C12929,Basic,499,Monthly,Yes
SUB12930,C12930,Standard,999,Yearly,Yes
SUB12931,C12931,Premium,1499,Yearly,Yes
SUB12932,C12932,Premium,1499,Yearly,No
SUB12933,C12933,Premium,1499,Yearly,Yes
SUB12934,C12934,Basic,499,Monthly,No
SUB12935,C12935,Basic,499,Yearly,No
SUB12936,C12936,Basic,499,Monthly,No
SUB12937,C12937,Basic,499,Yearly,Yes
SUB12938,C12938,Basic,499,Yearly,Yes
SUB12939,C12939,Basic,499,Monthly,Yes
SUB12940,C12940,Basic,499,Yearly,No
SUB12941,C12941,Premium,1499,Yearly,Yes
SUB12942,C12942,Premium,1499,Yearly,Yes
SUB12943,C12943,Basic,499,Yearly,Yes
SUB12944,C12944,Basic,499,Yearly,No
SUB12945,C12945,Premium,1499,Monthly,Yes
SUB12946,C12946,Basic,499,Monthly,Yes
SUB12947,C12947,Premium,1499,Yearly,Yes
SUB12948,C12948,Standard,999,Yearly,Yes
SUB12949,C12949,Basic,499,Yearly,Yes
SUB12950,C12950,Standard,999,Monthly,Yes
SUB12951,C12951,Standard,999,Yearly,No
SUB12952,C12952,Premium,1499,Yearly,Yes
SUB12953,C12953,Basic,499,Monthly,No
SUB12954,C12954,Basic,499,Monthly,No
SUB12955,C12955,Premium,1499,Monthly,Yes
SUB12956,C12956,Standard,999,Monthly,No
SUB12957,C12957,Basic,499,Monthly,Yes
SUB12958,C12958,Premium,1499,Yearly,Yes
SUB12959,C12959,Basic,499,Monthly,Yes
SUB12960,C12960,Basic,499,Yearly,Yes
SUB12961,C12961,Premium,1499,Yearly,Yes
SUB12962,C12962,Premium,1499,Yearly,No
SUB12963,C12963,Basic,499,Monthly,Yes
SUB12964,C12964,Basic,499,Yearly,No
SUB12965,C12965,Premium,1499,Yearly,No
SUB12966,C12966,Basic,499,Yearly,Yes
SUB12967,C12967,Premium,1499,Monthly,Yes
SUB12968,C12968,Standard,999,Monthly,No
SUB12969,C12969,Standard,999,Yearly,Yes
SUB12970,C12970,Standard,999,Monthly,Yes
SUB12971,C12971,Basic,499,Yearly,No
SUB12972,C12972,Basic,499,Monthly,No
SUB12973,C12973,Basic,499,Monthly,No
SUB12974,C12974,Basic,499,Monthly,No
SUB12975,C12975,Basic,499,Monthly,No
SUB12976,C12976,Basic,499,Monthly,Yes
SUB12977,C12977,Premium,1499,Yearly,No
SUB12978,C12978,Premium,1499,Yearly,No
SUB12979,C12979,Basic,499,Yearly,Yes
SUB12980,C12980,Basic,499,Monthly,No
SUB12981,C12981,Premium,1499,Yearly,No
SUB12982,C12982,Basic,499,Monthly,Yes
SUB12983,C12983,Standard,999,Yearly,Yes
SUB12984,C12984,Premium,1499,Yearly,No
SUB12985,C12985,Premium,1499,Monthly,Yes
SUB12986,C12986,Standard,999,Yearly,No
SUB12987,C12987,Premium,1499,Yearly,Yes
SUB12988,C12988,Standard,999,Monthly,Yes
SUB12989,C12989,Basic,499,Monthly,Yes
SUB12990,C12990,Standard,999,Monthly,Yes
SUB12991,C12991,Standard,999,Yearly,No
SUB12992,C12992,Premium,1499,Yearly,No
SUB12993,C12993,Standard,999,Yearly,No
SUB12994,C12994,Basic,499,Monthly,No
SUB12995,C12995,Standard,999,Monthly,Yes
SUB12996,C12996,Premium,1499,Yearly,No
SUB12997,C12997,Standard,999,Yearly,Yes
SUB12998,C12998,Premium,1499,Monthly,No
SUB12999,C12999,Premium,1499,Monthly,Yes
SUB13000,C13000,Premium,1499,Monthly,No
SUB13001,C13001,Standard,999,Monthly,Yes
SUB13002,C13002,Standard,999,Yearly,Yes
SUB13003,C13003,Basic,499,Yearly,Yes
SUB13004,C13004,Standard,999,Monthly,Yes
SUB13005,C13005,Standard,999,Monthly,No
SUB13006,C13006,Premium,1499,Yearly,No
SUB13007,C13007,Standard,999,Yearly,Yes
SUB13008,C13008,Premium,1499,Monthly,Yes
SUB13009,C13009,Basic,499,Yearly,No
SUB13010,C13010,Standard,999,Yearly,Yes
SUB13011,C13011,Basic,499,Monthly,Yes
SUB13012,C13012,Basic,499,Monthly,Yes
SUB13013,C13013,Premium,1499,Yearly,Yes
SUB13014,C13014,Basic,499,Yearly,No
SUB13015,C13015,Basic,499,Monthly,Yes
SUB13016,C13016,Basic,499,Monthly,Yes
SUB13017,C13017,Basic,499,Yearly,Yes
SUB13018,C13018,Standard,999,Yearly,No
SUB13019,C13019,Basic,499,Monthly,Yes
SUB13020,C13020,Basic,499,Monthly,Yes
SUB13021,C13021,Standard,999,Monthly,No
SUB13022,C13022,Basic,499,Monthly,Yes
SUB13023,C13023,Standard,999,Monthly,Yes
SUB13024,C13024,Basic,499,Yearly,Yes
SUB13025,C13025,Standard,999,Yearly,Yes
SUB13026,C13026,Standard,999,Monthly,No
SUB13027,C13027,Standard,999,Monthly,No
SUB13028,C13028,Standard,999,Yearly,No
SUB13029,C13029,Basic,499,Monthly,Yes
SUB13030,C13030,Basic,499,Yearly,Yes
SUB13031,C13031,Basic,499,Yearly,Yes
SUB13032,C13032,Basic,499,Monthly,No
SUB13033,C13033,Basic,499,Monthly,Yes
SUB13034,C13034,Standard,999,Monthly,No
SUB13035,C13035,Premium,1499,Yearly,No
SUB13036,C13036,Premium,1499,Monthly,No
SUB13037,C13037,Basic,499,Monthly,Yes
SUB13038,C13038,Premium,1499,Yearly,Yes
SUB13039,C13039,Basic,499,Yearly,Yes
SUB13040,C13040,Standard,999,Monthly,No
SUB13041,C13041,Standard,999,Yearly,Yes
SUB13042,C13042,Standard,999,Yearly,No
SUB13043,C13043,Premium,1499,Yearly,No
SUB13044,C13044,Premium,1499,Yearly,No
SUB13045,C13045,Standard,999,Yearly,Yes
SUB13046,C13046,Premium,1499,Monthly,Yes
SUB13047,C13047,Basic,499,Monthly,No
SUB13048,C13048,Premium,1499,Monthly,Yes
SUB13049,C13049,Premium,1499,Monthly,Yes
SUB13050,C13050,Basic,499,Monthly,No
SUB13051,C13051,Premium,1499,Yearly,Yes
SUB13052,C13052,Basic,499,Yearly,Yes
SUB13053,C13053,Basic,499,Yearly,Yes
SUB13054,C13054,Standard,999,Yearly,No
SUB13055,C13055,Basic,499,Yearly,Yes
SUB13056,C13056,Standard,999,Monthly,No
SUB13057,C13057,Standard,999,Monthly,Yes
SUB13058,C13058,Standard,999,Yearly,Yes
SUB13059,C13059,Basic,499,Yearly,Yes
SUB13060,C13060,Basic,499,Monthly,Yes
SUB13061,C13061,Premium,1499,Yearly,Yes
SUB13062,C13062,Premium,1499,Monthly,No
SUB13063,C13063,Basic,499,Monthly,No
SUB13064,C13064,Standard,999,Monthly,No
SUB13065,C13065,Premium,1499,Yearly,Yes
SUB13066,C13066,Basic,499,Monthly,No
SUB13067,C13067,Premium,1499,Monthly,Yes
SUB13068,C13068,Basic,499,Yearly,No
SUB13069,C13069,Standard,999,Monthly,Yes
SUB13070,C13070,Basic,499,Monthly,Yes
SUB13071,C13071,Premium,1499,Monthly,No
SUB13072,C13072,Basic,499,Monthly,Yes
SUB13073,C13073,Premium,1499,Monthly,Yes
SUB13074,C13074,Basic,499,Yearly,Yes
SUB13075,C13075,Standard,999,Monthly,Yes
SUB13076,C13076,Basic,499,Yearly,No
SUB13077,C13077,Basic,499,Yearly,No
SUB13078,C13078,Standard,999,Yearly,Yes
SUB13079,C13079,Premium,1499,Yearly,No
SUB13080,C13080,Standard,999,Monthly,No
SUB13081,C13081,Premium,1499,Monthly,Yes
SUB13082,C13082,Standard,999,Yearly,Yes
SUB13083,C13083,Premium,1499,Yearly,No
SUB13084,C13084,Basic,499,Monthly,Yes
SUB13085,C13085,Standard,999,Monthly,Yes
SUB13086,C13086,Standard,999,Yearly,Yes
SUB13087,C13087,Premium,1499,Yearly,No
SUB13088,C13088,Basic,499,Yearly,Yes
SUB13089,C13089,Standard,999,Yearly,Yes
SUB13090,C13090,Standard,999,Yearly,Yes
SUB13091,C13091,Basic,499,Yearly,Yes
SUB13092,C13092,Premium,1499,Monthly,No
SUB13093,C13093,Premium,1499,Monthly,No
SUB13094,C13094,Standard,999,Monthly,No
SUB13095,C13095,Standard,999,Yearly,No
SUB13096,C13096,Premium,1499,Yearly,Yes
SUB13097,C13097,Basic,499,Yearly,Yes
SUB13098,C13098,Premium,1499,Yearly,No
SUB13099,C13099,Premium,1499,Yearly,No
SUB13100,C13100,Premium,1499,Yearly,No
SUB13101,C13101,Standard,999,Monthly,Yes
SUB13102,C13102,Premium,1499,Monthly,Yes
SUB13103,C13103,Standard,999,Monthly,Yes
SUB13104,C13104,Standard,999,Monthly,No
SUB13105,C13105,Premium,1499,Yearly,No
SUB13106,C13106,Basic,499,Monthly,Yes
SUB13107,C13107,Standard,999,Yearly,Yes
SUB13108,C13108,Standard,999,Monthly,No
SUB13109,C13109,Premium,1499,Yearly,No
SUB13110,C13110,Premium,1499,Monthly,Yes
SUB13111,C13111,Basic,499,Monthly,No
SUB13112,C13112,Premium,1499,Yearly,No
SUB13113,C13113,Premium,1499,Yearly,Yes
SUB13114,C13114,Standard,999,Yearly,Yes
SUB13115,C13115,Basic,499,Yearly,No
SUB13116,C13116,Standard,999,Monthly,Yes
SUB13117,C13117,Basic,499,Yearly,Yes
SUB13118,C13118,Premium,1499,Monthly,Yes
SUB13119,C13119,Standard,999,Monthly,Yes
SUB13120,C13120,Premium,1499,Yearly,Yes
SUB13121,C13121,Standard,999,Monthly,No
SUB13122,C13122,Premium,1499,Yearly,Yes
SUB13123,C13123,Premium,1499,Monthly,No
SUB13124,C13124,Premium,1499,Yearly,Yes
SUB13125,C13125,Standard,999,Yearly,No
SUB13126,C13126,Basic,499,Yearly,Yes
SUB13127,C13127,Basic,499,Monthly,Yes
SUB13128,C13128,Basic,499,Monthly,No
SUB13129,C13129,Standard,999,Monthly,No
SUB13130,C13130,Basic,499,Monthly,Yes
SUB13131,C13131,Basic,499,Monthly,No
SUB13132,C13132,Basic,499,Yearly,No
SUB13133,C13133,Basic,499,Monthly,No
SUB13134,C13134,Basic,499,Monthly,No
SUB13135,C13135,Basic,499,Monthly,Yes
SUB13136,C13136,Basic,499,Monthly,Yes
SUB13137,C13137,Basic,499,Yearly,Yes
SUB13138,C13138,Basic,499,Monthly,No
SUB13139,C13139,Basic,499,Monthly,Yes
SUB13140,C13140,Standard,999,Yearly,Yes
SUB13141,C13141,Basic,499,Monthly,No
SUB13142,C13142,Premium,1499,Monthly,No
SUB13143,C13143,Premium,1499,Yearly,Yes
SUB13144,C13144,Premium,1499,Monthly,No
SUB13145,C13145,Basic,499,Yearly,Yes
SUB13146,C13146,Premium,1499,Yearly,Yes
SUB13147,C13147,Premium,1499,Yearly,No
SUB13148,C13148,Premium,1499,Yearly,No
SUB13149,C13149,Basic,499,Monthly,Yes
SUB13150,C13150,Basic,499,Yearly,No
SUB13151,C13151,Basic,499,Yearly,Yes
SUB13152,C13152,Premium,1499,Monthly,Yes
SUB13153,C13153,Standard,999,Monthly,No
SUB13154,C13154,Premium,1499,Monthly,No
SUB13155,C13155,Basic,499,Yearly,Yes
SUB13156,C13156,Premium,1499,Monthly,No
SUB13157,C13157,Basic,499,Yearly,Yes
SUB13158,C13158,Standard,999,Monthly,Yes
SUB13159,C13159,Premium,1499,Yearly,Yes
SUB13160,C13160,Basic,499,Monthly,No
SUB13161,C13161,Standard,999,Yearly,No
SUB13162,C13162,Basic,499,Monthly,No
SUB13163,C13163,Standard,999,Monthly,Yes
SUB13164,C13164,Standard,999,Yearly,Yes
SUB13165,C13165,Basic,499,Monthly,No
SUB13166,C13166,Premium,1499,Monthly,No
SUB13167,C13167,Standard,999,Yearly,Yes
SUB13168,C13168,Basic,499,Monthly,No
SUB13169,C13169,Premium,1499,Yearly,Yes
SUB13170,C13170,Basic,499,Monthly,No
SUB13171,C13171,Basic,499,Monthly,Yes
SUB13172,C13172,Standard,999,Monthly,No
SUB13173,C13173,Premium,1499,Yearly,No
SUB13174,C13174,Standard,999,Yearly,No
SUB13175,C13175,Premium,1499,Yearly,Yes
SUB13176,C13176,Standard,999,Yearly,No
SUB13177,C13177,Basic,499,Yearly,Yes
SUB13178,C13178,Basic,499,Yearly,Yes
SUB13179,C13179,Basic,499,Yearly,Yes
SUB13180,C13180,Premium,1499,Monthly,No
SUB13181,C13181,Standard,999,Monthly,No
SUB13182,C13182,Basic,499,Monthly,No
SUB13183,C13183,Basic,499,Monthly,Yes
SUB13184,C13184,Standard,999,Monthly,No
SUB13185,C13185,Basic,499,Yearly,Yes
SUB13186,C13186,Premium,1499,Monthly,Yes
SUB13187,C13187,Premium,1499,Monthly,No
SUB13188,C13188,Premium,1499,Yearly,Yes
SUB13189,C13189,Basic,499,Monthly,Yes
SUB13190,C13190,Standard,999,Monthly,No
SUB13191,C13191,Premium,1499,Monthly,Yes
SUB13192,C13192,Standard,999,Monthly,Yes
SUB13193,C13193,Basic,499,Monthly,No
SUB13194,C13194,Basic,499,Yearly,No
SUB13195,C13195,Premium,1499,Yearly,No
SUB13196,C13196,Premium,1499,Yearly,No
SUB13197,C13197,Premium,1499,Monthly,Yes
SUB13198,C13198,Premium,1499,Yearly,Yes
SUB13199,C13199,Standard,999,Monthly,Yes
SUB13200,C13200,Basic,499,Yearly,Yes
SUB13201,C13201,Basic,499,Yearly,No
SUB13202,C13202,Standard,999,Yearly,Yes
SUB13203,C13203,Standard,999,Yearly,Yes
SUB13204,C13204,Standard,999,Yearly,Yes
SUB13205,C13205,Premium,1499,Yearly,No
SUB13206,C13206,Premium,1499,Monthly,Yes
SUB13207,C13207,Premium,1499,Monthly,No
SUB13208,C13208,Standard,999,Yearly,Yes
SUB13209,C13209,Basic,499,Monthly,No
SUB13210,C13210,Premium,1499,Yearly,Yes
SUB13211,C13211,Standard,999,Yearly,No
SUB13212,C13212,Basic,499,Yearly,Yes
SUB13213,C13213,Premium,1499,Yearly,Yes
SUB13214,C13214,Basic,499,Yearly,Yes
SUB13215,C13215,Basic,499,Yearly,No
SUB13216,C13216,Standard,999,Yearly,No
SUB13217,C13217,Standard,999,Yearly,No
SUB13218,C13218,Basic,499,Monthly,No
SUB13219,C13219,Basic,499,Yearly,Yes
SUB13220,C13220,Basic,499,Yearly,Yes
SUB13221,C13221,Basic,499,Yearly,Yes
SUB13222,C13222,Standard,999,Yearly,No
SUB13223,C13223,Premium,1499,Yearly,Yes
SUB13224,C13224,Standard,999,Monthly,Yes
SUB13225,C13225,Basic,499,Yearly,No
SUB13226,C13226,Standard,999,Monthly,Yes
SUB13227,C13227,Basic,499,Yearly,No
SUB13228,C13228,Basic,499,Yearly,No
SUB13229,C13229,Premium,1499,Yearly,Yes
SUB13230,C13230,Standard,999,Monthly,Yes
SUB13231,C13231,Premium,1499,Monthly,No
SUB13232,C13232,Standard,999,Yearly,No
SUB13233,C13233,Basic,499,Yearly,Yes
SUB13234,C13234,Premium,1499,Yearly,Yes
SUB13235,C13235,Standard,999,Yearly,No
SUB13236,C13236,Standard,999,Monthly,Yes
SUB13237,C13237,Standard,999,Yearly,Yes
SUB13238,C13238,Basic,499,Yearly,Yes
SUB13239,C13239,Premium,1499,Monthly,No
SUB13240,C13240,Basic,499,Yearly,No
SUB13241,C13241,Standard,999,Monthly,No
SUB13242,C13242,Premium,1499,Monthly,Yes
SUB13243,C13243,Premium,1499,Yearly,No
SUB13244,C13244,Premium,1499,Monthly,No
SUB13245,C13245,Premium,1499,Monthly,No
SUB13246,C13246,Premium,1499,Yearly,Yes
SUB13247,C13247,Basic,499,Monthly,No
SUB13248,C13248,Standard,999,Monthly,No
SUB13249,C13249,Basic,499,Yearly,Yes
SUB13250,C13250,Premium,1499,Monthly,No
SUB13251,C13251,Basic,499,Yearly,Yes
SUB13252,C13252,Standard,999,Yearly,No
SUB13253,C13253,Standard,999,Monthly,No
SUB13254,C13254,Basic,499,Yearly,No
SUB13255,C13255,Standard,999,Monthly,No
SUB13256,C13256,Premium,1499,Yearly,No
SUB13257,C13257,Premium,1499,Yearly,No
SUB13258,C13258,Standard,999,Monthly,No
SUB13259,C13259,Basic,499,Monthly,Yes
SUB13260,C13260,Premium,1499,Yearly,Yes
SUB13261,C13261,Basic,499,Yearly,Yes
SUB13262,C13262,Standard,999,Monthly,No
SUB13263,C13263,Premium,1499,Monthly,Yes
SUB13264,C13264,Basic,499,Monthly,Yes
SUB13265,C13265,Premium,1499,Monthly,No
SUB13266,C13266,Basic,499,Monthly,Yes
SUB13267,C13267,Standard,999,Yearly,No
SUB13268,C13268,Standard,999,Monthly,No
SUB13269,C13269,Basic,499,Yearly,Yes
SUB13270,C13270,Basic,499,Yearly,Yes
SUB13271,C13271,Premium,1499,Yearly,Yes
SUB13272,C13272,Standard,999,Yearly,No
SUB13273,C13273,Premium,1499,Monthly,Yes
SUB13274,C13274,Standard,999,Monthly,Yes
SUB13275,C13275,Standard,999,Monthly,Yes
SUB13276,C13276,Premium,1499,Monthly,Yes
SUB13277,C13277,Basic,499,Monthly,No
SUB13278,C13278,Premium,1499,Monthly,Yes
SUB13279,C13279,Standard,999,Monthly,No
SUB13280,C13280,Standard,999,Yearly,Yes
SUB13281,C13281,Basic,499,Yearly,Yes
SUB13282,C13282,Basic,499,Yearly,No
SUB13283,C13283,Basic,499,Monthly,Yes
SUB13284,C13284,Standard,999,Monthly,No
SUB13285,C13285,Basic,499,Yearly,Yes
SUB13286,C13286,Basic,499,Yearly,Yes
SUB13287,C13287,Basic,499,Monthly,No
SUB13288,C13288,Standard,999,Monthly,No
SUB13289,C13289,Standard,999,Yearly,Yes
SUB13290,C13290,Basic,499,Yearly,Yes
SUB13291,C13291,Premium,1499,Yearly,No
SUB13292,C13292,Standard,999,Monthly,Yes
SUB13293,C13293,Premium,1499,Monthly,Yes
SUB13294,C13294,Premium,1499,Yearly,No
SUB13295,C13295,Standard,999,Monthly,Yes
SUB13296,C13296,Standard,999,Yearly,Yes
SUB13297,C13297,Premium,1499,Monthly,Yes
SUB13298,C13298,Basic,499,Yearly,Yes
SUB13299,C13299,Standard,999,Monthly,Yes
SUB13300,C13300,Basic,499,Monthly,No
SUB13301,C13301,Basic,499,Yearly,Yes
SUB13302,C13302,Standard,999,Yearly,Yes
SUB13303,C13303,Basic,499,Yearly,No
SUB13304,C13304,Standard,999,Yearly,No
SUB13305,C13305,Basic,499,Yearly,Yes
SUB13306,C13306,Premium,1499,Yearly,No
SUB13307,C13307,Basic,499,Yearly,No
SUB13308,C13308,Premium,1499,Yearly,Yes
SUB13309,C13309,Standard,999,Monthly,No
SUB13310,C13310,Standard,999,Monthly,No
SUB13311,C13311,Premium,1499,Yearly,No
SUB13312,C13312,Standard,999,Monthly,Yes
SUB13313,C13313,Basic,499,Monthly,Yes
SUB13314,C13314,Premium,1499,Monthly,Yes
SUB13315,C13315,Basic,499,Monthly,Yes
SUB13316,C13316,Standard,999,Yearly,Yes
SUB13317,C13317,Premium,1499,Monthly,No
SUB13318,C13318,Standard,999,Monthly,Yes
SUB13319,C13319,Basic,499,Monthly,No
SUB13320,C13320,Basic,499,Monthly,Yes
SUB13321,C13321,Basic,499,Monthly,Yes
SUB13322,C13322,Basic,499,Yearly,Yes
SUB13323,C13323,Basic,499,Monthly,No
SUB13324,C13324,Premium,1499,Yearly,No
SUB13325,C13325,Basic,499,Monthly,Yes
SUB13326,C13326,Standard,999,Yearly,No
SUB13327,C13327,Premium,1499,Monthly,Yes
SUB13328,C13328,Standard,999,Yearly,Yes
SUB13329,C13329,Premium,1499,Monthly,Yes
SUB13330,C13330,Basic,499,Monthly,No
SUB13331,C13331,Basic,499,Yearly,Yes
SUB13332,C13332,Premium,1499,Yearly,Yes
SUB13333,C13333,Basic,499,Monthly,No
SUB13334,C13334,Premium,1499,Monthly,Yes
SUB13335,C13335,Basic,499,Yearly,No
SUB13336,C13336,Basic,499,Monthly,Yes
SUB13337,C13337,Standard,999,Yearly,No
SUB13338,C13338,Standard,999,Monthly,Yes
SUB13339,C13339,Basic,499,Monthly,Yes
SUB13340,C13340,Standard,999,Yearly,Yes
SUB13341,C13341,Basic,499,Yearly,No
SUB13342,C13342,Standard,999,Yearly,No
SUB13343,C13343,Basic,499,Monthly,Yes
SUB13344,C13344,Standard,999,Monthly,No
SUB13345,C13345,Premium,1499,Monthly,Yes
SUB13346,C13346,Standard,999,Yearly,Yes
SUB13347,C13347,Premium,1499,Monthly,Yes
SUB13348,C13348,Standard,999,Yearly,Yes
SUB13349,C13349,Premium,1499,Monthly,Yes
SUB13350,C13350,Standard,999,Yearly,Yes
SUB13351,C13351,Premium,1499,Yearly,Yes
SUB13352,C13352,Standard,999,Yearly,No
SUB13353,C13353,Standard,999,Monthly,No
SUB13354,C13354,Standard,999,Yearly,Yes
SUB13355,C13355,Basic,499,Monthly,No
SUB13356,C13356,Basic,499,Yearly,Yes
SUB13357,C13357,Basic,499,Monthly,Yes
SUB13358,C13358,Premium,1499,Yearly,No
SUB13359,C13359,Basic,499,Yearly,Yes
SUB13360,C13360,Basic,499,Monthly,Yes
SUB13361,C13361,Basic,499,Yearly,Yes
SUB13362,C13362,Standard,999,Yearly,Yes
SUB13363,C13363,Standard,999,Monthly,No
SUB13364,C13364,Basic,499,Monthly,Yes
SUB13365,C13365,Premium,1499,Monthly,No
SUB13366,C13366,Basic,499,Monthly,No
SUB13367,C13367,Standard,999,Yearly,Yes
SUB13368,C13368,Standard,999,Yearly,Yes
SUB13369,C13369,Standard,999,Yearly,Yes
SUB13370,C13370,Basic,499,Monthly,Yes
SUB13371,C13371,Premium,1499,Yearly,No
SUB13372,C13372,Premium,1499,Monthly,Yes
SUB13373,C13373,Premium,1499,Monthly,No
SUB13374,C13374,Premium,1499,Yearly,No
SUB13375,C13375,Basic,499,Yearly,No
SUB13376,C13376,Premium,1499,Yearly,Yes
SUB13377,C13377,Basic,499,Monthly,Yes
SUB13378,C13378,Premium,1499,Yearly,No
SUB13379,C13379,Basic,499,Yearly,Yes
SUB13380,C13380,Basic,499,Yearly,No
SUB13381,C13381,Premium,1499,Yearly,No
SUB13382,C13382,Standard,999,Monthly,No
SUB13383,C13383,Premium,1499,Yearly,Yes
SUB13384,C13384,Premium,1499,Monthly,No
SUB13385,C13385,Premium,1499,Yearly,No
SUB13386,C13386,Basic,499,Yearly,Yes
SUB13387,C13387,Basic,499,Yearly,No
SUB13388,C13388,Standard,999,Monthly,Yes
SUB13389,C13389,Standard,999,Yearly,Yes
SUB13390,C13390,Premium,1499,Yearly,No
SUB13391,C13391,Basic,499,Yearly,Yes
SUB13392,C13392,Premium,1499,Monthly,Yes
SUB13393,C13393,Basic,499,Yearly,Yes
SUB13394,C13394,Basic,499,Monthly,No
SUB13395,C13395,Premium,1499,Yearly,Yes
SUB13396,C13396,Standard,999,Yearly,Yes
SUB13397,C13397,Premium,1499,Yearly,Yes
SUB13398,C13398,Premium,1499,Yearly,Yes
SUB13399,C13399,Premium,1499,Monthly,Yes
SUB13400,C13400,Basic,499,Monthly,Yes
SUB13401,C13401,Standard,999,Monthly,No
SUB13402,C13402,Premium,1499,Monthly,Yes
SUB13403,C13403,Basic,499,Yearly,No
SUB13404,C13404,Basic,499,Yearly,Yes
SUB13405,C13405,Basic,499,Yearly,No
SUB13406,C13406,Basic,499,Yearly,No
SUB13407,C13407,Basic,499,Yearly,No
SUB13408,C13408,Basic,499,Monthly,Yes
SUB13409,C13409,Standard,999,Yearly,Yes
SUB13410,C13410,Basic,499,Monthly,Yes
SUB13411,C13411,Basic,499,Monthly,Yes
SUB13412,C13412,Basic,499,Yearly,Yes
SUB13413,C13413,Premium,1499,Monthly,Yes
SUB13414,C13414,Basic,499,Yearly,No
SUB13415,C13415,Basic,499,Monthly,Yes
SUB13416,C13416,Standard,999,Monthly,Yes
SUB13417,C13417,Standard,999,Monthly,Yes
SUB13418,C13418,Standard,999,Yearly,Yes
SUB13419,C13419,Standard,999,Yearly,No
SUB13420,C13420,Standard,999,Monthly,No
SUB13421,C13421,Basic,499,Yearly,No
SUB13422,C13422,Basic,499,Yearly,No
SUB13423,C13423,Basic,499,Yearly,Yes
SUB13424,C13424,Basic,499,Yearly,Yes
SUB13425,C13425,Standard,999,Monthly,Yes
SUB13426,C13426,Standard,999,Yearly,Yes
SUB13427,C13427,Standard,999,Yearly,Yes
SUB13428,C13428,Basic,499,Monthly,Yes
SUB13429,C13429,Basic,499,Yearly,Yes
SUB13430,C13430,Basic,499,Yearly,No
SUB13431,C13431,Premium,1499,Monthly,No
SUB13432,C13432,Standard,999,Monthly,Yes
SUB13433,C13433,Premium,1499,Monthly,No
SUB13434,C13434,Standard,999,Yearly,No
SUB13435,C13435,Basic,499,Monthly,No
SUB13436,C13436,Basic,499,Yearly,No
SUB13437,C13437,Premium,1499,Yearly,No
SUB13438,C13438,Standard,999,Yearly,Yes
SUB13439,C13439,Standard,999,Monthly,No
SUB13440,C13440,Premium,1499,Yearly,Yes
SUB13441,C13441,Premium,1499,Monthly,No
SUB13442,C13442,Standard,999,Monthly,No
SUB13443,C13443,Standard,999,Yearly,Yes
SUB13444,C13444,Premium,1499,Yearly,Yes
SUB13445,C13445,Basic,499,Yearly,Yes
SUB13446,C13446,Basic,499,Yearly,Yes
SUB13447,C13447,Basic,499,Monthly,No
SUB13448,C13448,Premium,1499,Monthly,No
SUB13449,C13449,Standard,999,Yearly,No
SUB13450,C13450,Basic,499,Yearly,Yes
SUB13451,C13451,Basic,499,Yearly,No
SUB13452,C13452,Standard,999,Yearly,Yes
SUB13453,C13453,Premium,1499,Yearly,No
SUB13454,C13454,Standard,999,Monthly,Yes
SUB13455,C13455,Standard,999,Yearly,No
SUB13456,C13456,Premium,1499,Monthly,No
SUB13457,C13457,Basic,499,Yearly,Yes
SUB13458,C13458,Standard,999,Yearly,Yes
SUB13459,C13459,Basic,499,Yearly,No
SUB13460,C13460,Basic,499,Monthly,Yes
SUB13461,C13461,Premium,1499,Yearly,Yes
SUB13462,C13462,Premium,1499,Yearly,No
SUB13463,C13463,Standard,999,Yearly,Yes
SUB13464,C13464,Basic,499,Yearly,No
SUB13465,C13465,Basic,499,Yearly,Yes
SUB13466,C13466,Basic,499,Monthly,No
SUB13467,C13467,Premium,1499,Monthly,No
SUB13468,C13468,Premium,1499,Yearly,Yes
SUB13469,C13469,Standard,999,Yearly,No
SUB13470,C13470,Premium,1499,Monthly,No
SUB13471,C13471,Basic,499,Yearly,No
SUB13472,C13472,Standard,999,Monthly,No
SUB13473,C13473,Basic,499,Yearly,No
SUB13474,C13474,Basic,499,Yearly,No
SUB13475,C13475,Standard,999,Yearly,No
SUB13476,C13476,Standard,999,Monthly,No
SUB13477,C13477,Basic,499,Yearly,Yes
SUB13478,C13478,Standard,999,Yearly,Yes
SUB13479,C13479,Premium,1499,Yearly,Yes
SUB13480,C13480,Basic,499,Monthly,No
SUB13481,C13481,Standard,999,Monthly,Yes
SUB13482,C13482,Basic,499,Yearly,No
SUB13483,C13483,Basic,499,Yearly,No
SUB13484,C13484,Basic,499,Yearly,Yes
SUB13485,C13485,Standard,999,Yearly,No
SUB13486,C13486,Basic,499,Yearly,Yes
SUB13487,C13487,Basic,499,Monthly,No
SUB13488,C13488,Standard,999,Yearly,Yes
SUB13489,C13489,Basic,499,Monthly,No
SUB13490,C13490,Standard,999,Yearly,Yes
SUB13491,C13491,Basic,499,Yearly,No
SUB13492,C13492,Premium,1499,Monthly,Yes
SUB13493,C13493,Basic,499,Monthly,No
SUB13494,C13494,Standard,999,Yearly,No
SUB13495,C13495,Basic,499,Monthly,No
SUB13496,C13496,Premium,1499,Yearly,No
SUB13497,C13497,Basic,499,Yearly,Yes
SUB13498,C13498,Standard,999,Yearly,Yes
SUB13499,C13499,Premium,1499,Yearly,Yes
SUB13500,C13500,Standard,999,Monthly,No
SUB13501,C13501,Standard,999,Monthly,No
SUB13502,C13502,Premium,1499,Yearly,Yes
SUB13503,C13503,Premium,1499,Yearly,Yes
SUB13504,C13504,Basic,499,Monthly,No
SUB13505,C13505,Basic,499,Yearly,No
SUB13506,C13506,Premium,1499,Monthly,No
SUB13507,C13507,Premium,1499,Yearly,Yes
SUB13508,C13508,Standard,999,Yearly,Yes
SUB13509,C13509,Basic,499,Monthly,Yes
SUB13510,C13510,Standard,999,Monthly,Yes
SUB13511,C13511,Standard,999,Monthly,Yes
SUB13512,C13512,Premium,1499,Monthly,Yes
SUB13513,C13513,Standard,999,Monthly,Yes
SUB13514,C13514,Standard,999,Yearly,Yes
SUB13515,C13515,Basic,499,Yearly,Yes
SUB13516,C13516,Standard,999,Monthly,No
SUB13517,C13517,Standard,999,Yearly,Yes
SUB13518,C13518,Standard,999,Yearly,Yes
SUB13519,C13519,Basic,499,Monthly,Yes
SUB13520,C13520,Basic,499,Monthly,No
SUB13521,C13521,Standard,999,Monthly,Yes
SUB13522,C13522,Standard,999,Yearly,No
SUB13523,C13523,Standard,999,Monthly,No
SUB13524,C13524,Premium,1499,Monthly,Yes
SUB13525,C13525,Premium,1499,Yearly,No
SUB13526,C13526,Basic,499,Monthly,No
SUB13527,C13527,Standard,999,Monthly,No
SUB13528,C13528,Basic,499,Yearly,Yes
SUB13529,C13529,Basic,499,Monthly,Yes
SUB13530,C13530,Standard,999,Monthly,No
SUB13531,C13531,Standard,999,Monthly,No
SUB13532,C13532,Premium,1499,Yearly,No
SUB13533,C13533,Premium,1499,Monthly,Yes
SUB13534,C13534,Standard,999,Monthly,Yes
SUB13535,C13535,Standard,999,Yearly,Yes
SUB13536,C13536,Premium,1499,Monthly,No
SUB13537,C13537,Basic,499,Monthly,No
SUB13538,C13538,Basic,499,Monthly,No
SUB13539,C13539,Basic,499,Monthly,No
SUB13540,C13540,Premium,1499,Yearly,Yes
SUB13541,C13541,Standard,999,Monthly,Yes
SUB13542,C13542,Basic,499,Monthly,Yes
SUB13543,C13543,Standard,999,Monthly,No
SUB13544,C13544,Basic,499,Monthly,No
SUB13545,C13545,Premium,1499,Monthly,No
SUB13546,C13546,Standard,999,Yearly,Yes
SUB13547,C13547,Premium,1499,Monthly,No
SUB13548,C13548,Basic,499,Yearly,Yes
SUB13549,C13549,Premium,1499,Yearly,No
SUB13550,C13550,Basic,499,Monthly,No
SUB13551,C13551,Premium,1499,Monthly,No
SUB13552,C13552,Premium,1499,Monthly,No
SUB13553,C13553,Basic,499,Monthly,No
SUB13554,C13554,Standard,999,Yearly,Yes
SUB13555,C13555,Basic,499,Monthly,Yes
SUB13556,C13556,Basic,499,Monthly,Yes
SUB13557,C13557,Standard,999,Monthly,Yes
SUB13558,C13558,Standard,999,Monthly,No
SUB13559,C13559,Standard,999,Yearly,Yes
SUB13560,C13560,Standard,999,Yearly,Yes
SUB13561,C13561,Premium,1499,Yearly,No
SUB13562,C13562,Premium,1499,Yearly,Yes
SUB13563,C13563,Basic,499,Monthly,Yes
SUB13564,C13564,Premium,1499,Yearly,Yes
SUB13565,C13565,Standard,999,Monthly,No
SUB13566,C13566,Basic,499,Yearly,Yes
SUB13567,C13567,Premium,1499,Monthly,Yes
SUB13568,C13568,Basic,499,Yearly,No
SUB13569,C13569,Basic,499,Monthly,Yes
SUB13570,C13570,Premium,1499,Yearly,No
SUB13571,C13571,Standard,999,Monthly,Yes
SUB13572,C13572,Premium,1499,Yearly,No
SUB13573,C13573,Basic,499,Monthly,No
SUB13574,C13574,Basic,499,Yearly,No
SUB13575,C13575,Basic,499,Yearly,Yes
SUB13576,C13576,Standard,999,Yearly,Yes
SUB13577,C13577,Premium,1499,Yearly,No
SUB13578,C13578,Premium,1499,Monthly,No
SUB13579,C13579,Standard,999,Yearly,Yes
SUB13580,C13580,Basic,499,Yearly,No
SUB13581,C13581,Premium,1499,Monthly,Yes
SUB13582,C13582,Standard,999,Yearly,No
SUB13583,C13583,Basic,499,Yearly,No
SUB13584,C13584,Premium,1499,Yearly,No
SUB13585,C13585,Basic,499,Monthly,Yes
SUB13586,C13586,Basic,499,Yearly,Yes
SUB13587,C13587,Standard,999,Yearly,No
SUB13588,C13588,Premium,1499,Yearly,No
SUB13589,C13589,Premium,1499,Monthly,Yes
SUB13590,C13590,Standard,999,Yearly,No
SUB13591,C13591,Premium,1499,Monthly,Yes
SUB13592,C13592,Premium,1499,Monthly,No
SUB13593,C13593,Basic,499,Yearly,Yes
SUB13594,C13594,Basic,499,Yearly,Yes
SUB13595,C13595,Basic,499,Yearly,No
SUB13596,C13596,Standard,999,Monthly,No
SUB13597,C13597,Premium,1499,Yearly,Yes
SUB13598,C13598,Basic,499,Yearly,No
SUB13599,C13599,Premium,1499,Monthly,Yes
SUB13600,C13600,Basic,499,Yearly,No
SUB13601,C13601,Standard,999,Yearly,No
SUB13602,C13602,Standard,999,Monthly,No
SUB13603,C13603,Standard,999,Monthly,No
SUB13604,C13604,Basic,499,Monthly,No
SUB13605,C13605,Premium,1499,Monthly,Yes
SUB13606,C13606,Premium,1499,Yearly,Yes
SUB13607,C13607,Basic,499,Yearly,Yes
SUB13608,C13608,Premium,1499,Monthly,Yes
SUB13609,C13609,Basic,499,Monthly,No
SUB13610,C13610,Basic,499,Monthly,Yes
SUB13611,C13611,Basic,499,Yearly,No
SUB13612,C13612,Basic,499,Yearly,No
SUB13613,C13613,Basic,499,Monthly,No
SUB13614,C13614,Premium,1499,Monthly,Yes
SUB13615,C13615,Standard,999,Monthly,Yes
SUB13616,C13616,Standard,999,Monthly,Yes
SUB13617,C13617,Basic,499,Yearly,No
SUB13618,C13618,Basic,499,Yearly,Yes
SUB13619,C13619,Basic,499,Yearly,No
SUB13620,C13620,Premium,1499,Yearly,No
SUB13621,C13621,Basic,499,Monthly,No
SUB13622,C13622,Basic,499,Yearly,Yes
SUB13623,C13623,Basic,499,Monthly,Yes
SUB13624,C13624,Standard,999,Monthly,Yes
SUB13625,C13625,Premium,1499,Yearly,No
SUB13626,C13626,Standard,999,Monthly,No
SUB13627,C13627,Premium,1499,Yearly,Yes
SUB13628,C13628,Premium,1499,Monthly,No
SUB13629,C13629,Standard,999,Monthly,Yes
SUB13630,C13630,Basic,499,Yearly,No
SUB13631,C13631,Basic,499,Monthly,No
SUB13632,C13632,Premium,1499,Yearly,No
SUB13633,C13633,Basic,499,Yearly,No
SUB13634,C13634,Standard,999,Monthly,No
SUB13635,C13635,Basic,499,Yearly,Yes
SUB13636,C13636,Standard,999,Yearly,No
SUB13637,C13637,Basic,499,Monthly,No
SUB13638,C13638,Basic,499,Monthly,Yes
SUB13639,C13639,Standard,999,Yearly,No
SUB13640,C13640,Basic,499,Monthly,Yes
SUB13641,C13641,Standard,999,Yearly,No
SUB13642,C13642,Basic,499,Monthly,Yes
SUB13643,C13643,Standard,999,Yearly,Yes
SUB13644,C13644,Basic,499,Yearly,Yes
SUB13645,C13645,Premium,1499,Monthly,Yes
SUB13646,C13646,Basic,499,Yearly,Yes
SUB13647,C13647,Premium,1499,Monthly,No
SUB13648,C13648,Basic,499,Monthly,No
SUB13649,C13649,Basic,499,Monthly,No
SUB13650,C13650,Premium,1499,Monthly,No
SUB13651,C13651,Standard,999,Yearly,No
SUB13652,C13652,Standard,999,Monthly,No
SUB13653,C13653,Standard,999,Yearly,Yes
SUB13654,C13654,Standard,999,Yearly,Yes
SUB13655,C13655,Basic,499,Yearly,Yes
SUB13656,C13656,Basic,499,Yearly,No
SUB13657,C13657,Standard,999,Monthly,Yes
SUB13658,C13658,Standard,999,Monthly,No
SUB13659,C13659,Basic,499,Yearly,Yes
SUB13660,C13660,Premium,1499,Monthly,No
SUB13661,C13661,Basic,499,Yearly,No
SUB13662,C13662,Standard,999,Monthly,No
SUB13663,C13663,Basic,499,Monthly,No
SUB13664,C13664,Premium,1499,Monthly,No
SUB13665,C13665,Standard,999,Monthly,Yes
SUB13666,C13666,Standard,999,Yearly,No
SUB13667,C13667,Standard,999,Yearly,No
SUB13668,C13668,Basic,499,Monthly,No
SUB13669,C13669,Basic,499,Yearly,No
SUB13670,C13670,Basic,499,Monthly,No
SUB13671,C13671,Basic,499,Monthly,Yes
SUB13672,C13672,Premium,1499,Yearly,No
SUB13673,C13673,Standard,999,Monthly,No
SUB13674,C13674,Basic,499,Monthly,Yes
SUB13675,C13675,Basic,499,Monthly,Yes
SUB13676,C13676,Premium,1499,Monthly,No
SUB13677,C13677,Standard,999,Monthly,Yes
SUB13678,C13678,Basic,499,Yearly,No
SUB13679,C13679,Premium,1499,Yearly,Yes
SUB13680,C13680,Premium,1499,Yearly,Yes
SUB13681,C13681,Basic,499,Yearly,No
SUB13682,C13682,Basic,499,Yearly,Yes
SUB13683,C13683,Standard,999,Yearly,No
SUB13684,C13684,Premium,1499,Monthly,Yes
SUB13685,C13685,Premium,1499,Monthly,No
SUB13686,C13686,Premium,1499,Yearly,Yes
SUB13687,C13687,Basic,499,Monthly,Yes
SUB13688,C13688,Premium,1499,Yearly,No
SUB13689,C13689,Standard,999,Monthly,Yes
SUB13690,C13690,Standard,999,Yearly,Yes
SUB13691,C13691,Premium,1499,Yearly,Yes
SUB13692,C13692,Premium,1499,Monthly,Yes
SUB13693,C13693,Premium,1499,Monthly,Yes
SUB13694,C13694,Premium,1499,Yearly,Yes
SUB13695,C13695,Basic,499,Monthly,Yes
SUB13696,C13696,Premium,1499,Monthly,No
SUB13697,C13697,Standard,999,Monthly,Yes
SUB13698,C13698,Standard,999,Yearly,No
SUB13699,C13699,Premium,1499,Monthly,No
SUB13700,C13700,Basic,499,Yearly,Yes
SUB13701,C13701,Basic,499,Monthly,Yes
SUB13702,C13702,Premium,1499,Yearly,Yes
SUB13703,C13703,Standard,999,Yearly,Yes
SUB13704,C13704,Basic,499,Monthly,No
SUB13705,C13705,Basic,499,Yearly,Yes
SUB13706,C13706,Standard,999,Yearly,No
SUB13707,C13707,Standard,999,Yearly,No
SUB13708,C13708,Standard,999,Monthly,Yes
SUB13709,C13709,Premium,1499,Monthly,Yes
SUB13710,C13710,Standard,999,Monthly,No
SUB13711,C13711,Standard,999,Monthly,No
SUB13712,C13712,Premium,1499,Monthly,No
SUB13713,C13713,Standard,999,Yearly,No
SUB13714,C13714,Standard,999,Monthly,No
SUB13715,C13715,Basic,499,Monthly,No
SUB13716,C13716,Premium,1499,Yearly,Yes
SUB13717,C13717,Standard,999,Monthly,Yes
SUB13718,C13718,Basic,499,Yearly,Yes
SUB13719,C13719,Premium,1499,Yearly,Yes
SUB13720,C13720,Basic,499,Yearly,No
SUB13721,C13721,Premium,1499,Yearly,Yes
SUB13722,C13722,Basic,499,Yearly,No
SUB13723,C13723,Basic,499,Yearly,Yes
SUB13724,C13724,Standard,999,Monthly,Yes
SUB13725,C13725,Standard,999,Yearly,Yes
SUB13726,C13726,Standard,999,Monthly,No
SUB13727,C13727,Basic,499,Monthly,Yes
SUB13728,C13728,Premium,1499,Yearly,No
SUB13729,C13729,Basic,499,Monthly,Yes
SUB13730,C13730,Basic,499,Monthly,Yes
SUB13731,C13731,Basic,499,Monthly,Yes
SUB13732,C13732,Premium,1499,Monthly,Yes
SUB13733,C13733,Standard,999,Monthly,Yes
SUB13734,C13734,Premium,1499,Yearly,No
SUB13735,C13735,Basic,499,Monthly,No
SUB13736,C13736,Standard,999,Yearly,No
SUB13737,C13737,Basic,499,Monthly,Yes
SUB13738,C13738,Standard,999,Monthly,Yes
SUB13739,C13739,Premium,1499,Yearly,Yes
SUB13740,C13740,Basic,499,Yearly,No
SUB13741,C13741,Standard,999,Yearly,No
SUB13742,C13742,Standard,999,Yearly,Yes
SUB13743,C13743,Basic,499,Yearly,No
SUB13744,C13744,Premium,1499,Yearly,No
SUB13745,C13745,Standard,999,Monthly,Yes
SUB13746,C13746,Basic,499,Monthly,Yes
SUB13747,C13747,Premium,1499,Yearly,No
SUB13748,C13748,Premium,1499,Yearly,Yes
SUB13749,C13749,Standard,999,Yearly,No
SUB13750,C13750,Standard,999,Yearly,Yes
SUB13751,C13751,Basic,499,Yearly,Yes
SUB13752,C13752,Basic,499,Yearly,No
SUB13753,C13753,Basic,499,Yearly,No
SUB13754,C13754,Standard,999,Monthly,Yes
SUB13755,C13755,Standard,999,Monthly,No
SUB13756,C13756,Basic,499,Yearly,No
SUB13757,C13757,Basic,499,Yearly,Yes
SUB13758,C13758,Standard,999,Yearly,Yes
SUB13759,C13759,Standard,999,Yearly,Yes
SUB13760,C13760,Basic,499,Monthly,No
SUB13761,C13761,Basic,499,Yearly,No
SUB13762,C13762,Basic,499,Monthly,No
SUB13763,C13763,Basic,499,Monthly,Yes
SUB13764,C13764,Standard,999,Monthly,Yes
SUB13765,C13765,Standard,999,Yearly,Yes
SUB13766,C13766,Standard,999,Yearly,Yes
SUB13767,C13767,Standard,999,Yearly,Yes
SUB13768,C13768,Standard,999,Monthly,Yes
SUB13769,C13769,Standard,999,Yearly,Yes
SUB13770,C13770,Basic,499,Monthly,No
SUB13771,C13771,Standard,999,Yearly,No
SUB13772,C13772,Basic,499,Yearly,No
SUB13773,C13773,Premium,1499,Yearly,Yes
SUB13774,C13774,Basic,499,Yearly,No
SUB13775,C13775,Premium,1499,Monthly,No
SUB13776,C13776,Premium,1499,Yearly,Yes
SUB13777,C13777,Premium,1499,Monthly,No
SUB13778,C13778,Standard,999,Yearly,No
SUB13779,C13779,Premium,1499,Monthly,No
SUB13780,C13780,Standard,999,Yearly,Yes
SUB13781,C13781,Premium,1499,Monthly,Yes
SUB13782,C13782,Standard,999,Yearly,No
SUB13783,C13783,Premium,1499,Yearly,No
SUB13784,C13784,Premium,1499,Monthly,No
SUB13785,C13785,Premium,1499,Yearly,Yes
SUB13786,C13786,Basic,499,Monthly,No
SUB13787,C13787,Standard,999,Monthly,No
SUB13788,C13788,Basic,499,Monthly,Yes
SUB13789,C13789,Premium,1499,Monthly,Yes
SUB13790,C13790,Basic,499,Yearly,No
SUB13791,C13791,Standard,999,Monthly,Yes
SUB13792,C13792,Basic,499,Monthly,No
SUB13793,C13793,Basic,499,Monthly,Yes
SUB13794,C13794,Premium,1499,Yearly,No
SUB13795,C13795,Standard,999,Monthly,Yes
SUB13796,C13796,Premium,1499,Monthly,No
SUB13797,C13797,Basic,499,Monthly,No
SUB13798,C13798,Standard,999,Yearly,Yes
SUB13799,C13799,Standard,999,Monthly,No
SUB13800,C13800,Standard,999,Monthly,Yes
SUB13801,C13801,Basic,499,Yearly,Yes
SUB13802,C13802,Basic,499,Monthly,Yes
SUB13803,C13803,Premium,1499,Monthly,Yes
SUB13804,C13804,Premium,1499,Monthly,No
SUB13805,C13805,Premium,1499,Monthly,Yes
SUB13806,C13806,Standard,999,Monthly,Yes
SUB13807,C13807,Basic,499,Yearly,No
SUB13808,C13808,Basic,499,Monthly,No
SUB13809,C13809,Standard,999,Monthly,Yes
SUB13810,C13810,Premium,1499,Monthly,No
SUB13811,C13811,Standard,999,Yearly,Yes
SUB13812,C13812,Standard,999,Yearly,No
SUB13813,C13813,Basic,499,Yearly,Yes
SUB13814,C13814,Standard,999,Yearly,No
SUB13815,C13815,Premium,1499,Monthly,Yes
SUB13816,C13816,Premium,1499,Monthly,Yes
SUB13817,C13817,Basic,499,Monthly,No
SUB13818,C13818,Standard,999,Monthly,Yes
SUB13819,C13819,Premium,1499,Monthly,Yes
SUB13820,C13820,Standard,999,Monthly,Yes
SUB13821,C13821,Standard,999,Yearly,No
SUB13822,C13822,Standard,999,Monthly,Yes
SUB13823,C13823,Basic,499,Yearly,Yes
SUB13824,C13824,Standard,999,Yearly,No
SUB13825,C13825,Premium,1499,Yearly,Yes
SUB13826,C13826,Standard,999,Monthly,Yes
SUB13827,C13827,Premium,1499,Yearly,Yes
SUB13828,C13828,Basic,499,Yearly,Yes
SUB13829,C13829,Standard,999,Yearly,Yes
SUB13830,C13830,Premium,1499,Yearly,Yes
SUB13831,C13831,Premium,1499,Yearly,Yes
SUB13832,C13832,Premium,1499,Monthly,No
SUB13833,C13833,Premium,1499,Yearly,Yes
SUB13834,C13834,Basic,499,Yearly,No
SUB13835,C13835,Basic,499,Yearly,No
SUB13836,C13836,Standard,999,Monthly,No
SUB13837,C13837,Standard,999,Yearly,Yes
SUB13838,C13838,Standard,999,Monthly,No
SUB13839,C13839,Basic,499,Monthly,Yes
SUB13840,C13840,Basic,499,Yearly,Yes
SUB13841,C13841,Premium,1499,Yearly,No
SUB13842,C13842,Standard,999,Yearly,Yes
SUB13843,C13843,Standard,999,Yearly,No
SUB13844,C13844,Standard,999,Yearly,Yes
SUB13845,C13845,Basic,499,Monthly,No
SUB13846,C13846,Premium,1499,Yearly,Yes
SUB13847,C13847,Standard,999,Yearly,Yes
SUB13848,C13848,Premium,1499,Yearly,No
SUB13849,C13849,Basic,499,Yearly,Yes
SUB13850,C13850,Basic,499,Yearly,No
SUB13851,C13851,Standard,999,Monthly,Yes
SUB13852,C13852,Basic,499,Monthly,No
SUB13853,C13853,Standard,999,Monthly,Yes
SUB13854,C13854,Basic,499,Monthly,Yes
SUB13855,C13855,Premium,1499,Monthly,No
SUB13856,C13856,Premium,1499,Yearly,No
SUB13857,C13857,Basic,499,Yearly,Yes
SUB13858,C13858,Basic,499,Monthly,Yes
SUB13859,C13859,Premium,1499,Yearly,No
SUB13860,C13860,Premium,1499,Monthly,Yes
SUB13861,C13861,Basic,499,Yearly,No
SUB13862,C13862,Standard,999,Monthly,Yes
SUB13863,C13863,Standard,999,Yearly,No
SUB13864,C13864,Premium,1499,Yearly,Yes
SUB13865,C13865,Premium,1499,Monthly,Yes
SUB13866,C13866,Basic,499,Yearly,No
SUB13867,C13867,Basic,499,Yearly,No
SUB13868,C13868,Basic,499,Yearly,Yes
SUB13869,C13869,Standard,999,Monthly,Yes
SUB13870,C13870,Premium,1499,Yearly,No
SUB13871,C13871,Standard,999,Yearly,No
SUB13872,C13872,Premium,1499,Yearly,No
SUB13873,C13873,Basic,499,Yearly,No
SUB13874,C13874,Premium,1499,Yearly,No
SUB13875,C13875,Premium,1499,Yearly,Yes
SUB13876,C13876,Premium,1499,Monthly,Yes
SUB13877,C13877,Premium,1499,Yearly,Yes
SUB13878,C13878,Basic,499,Yearly,Yes
SUB13879,C13879,Basic,499,Monthly,Yes
SUB13880,C13880,Standard,999,Monthly,No
SUB13881,C13881,Standard,999,Monthly,Yes
SUB13882,C13882,Basic,499,Yearly,No
SUB13883,C13883,Standard,999,Yearly,No
SUB13884,C13884,Premium,1499,Yearly,No
SUB13885,C13885,Standard,999,Yearly,No
SUB13886,C13886,Standard,999,Yearly,No
SUB13887,C13887,Standard,999,Yearly,Yes
SUB13888,C13888,Basic,499,Yearly,No
SUB13889,C13889,Standard,999,Yearly,Yes
SUB13890,C13890,Basic,499,Monthly,No
SUB13891,C13891,Premium,1499,Yearly,No
SUB13892,C13892,Premium,1499,Yearly,Yes
SUB13893,C13893,Standard,999,Monthly,No
SUB13894,C13894,Basic,499,Yearly,No
SUB13895,C13895,Standard,999,Yearly,No
SUB13896,C13896,Basic,499,Monthly,Yes
SUB13897,C13897,Standard,999,Yearly,No
SUB13898,C13898,Basic,499,Yearly,No
SUB13899,C13899,Basic,499,Monthly,Yes
SUB13900,C13900,Basic,499,Yearly,No
SUB13901,C13901,Basic,499,Monthly,No
SUB13902,C13902,Standard,999,Monthly,Yes
SUB13903,C13903,Standard,999,Monthly,Yes
SUB13904,C13904,Standard,999,Monthly,Yes
SUB13905,C13905,Premium,1499,Yearly,No
SUB13906,C13906,Basic,499,Monthly,No
SUB13907,C13907,Basic,499,Monthly,Yes
SUB13908,C13908,Premium,1499,Yearly,Yes
SUB13909,C13909,Premium,1499,Monthly,Yes
SUB13910,C13910,Premium,1499,Yearly,Yes
SUB13911,C13911,Basic,499,Yearly,Yes
SUB13912,C13912,Premium,1499,Yearly,Yes
SUB13913,C13913,Premium,1499,Yearly,No
SUB13914,C13914,Premium,1499,Yearly,Yes
SUB13915,C13915,Standard,999,Yearly,Yes
SUB13916,C13916,Premium,1499,Yearly,Yes
SUB13917,C13917,Basic,499,Yearly,No
SUB13918,C13918,Premium,1499,Yearly,Yes
SUB13919,C13919,Standard,999,Yearly,Yes
SUB13920,C13920,Standard,999,Monthly,No
SUB13921,C13921,Standard,999,Yearly,No
SUB13922,C13922,Premium,1499,Monthly,No
SUB13923,C13923,Standard,999,Monthly,No
SUB13924,C13924,Premium,1499,Monthly,No
SUB13925,C13925,Premium,1499,Monthly,Yes
SUB13926,C13926,Premium,1499,Yearly,Yes
SUB13927,C13927,Basic,499,Yearly,No
SUB13928,C13928,Basic,499,Monthly,Yes
SUB13929,C13929,Basic,499,Yearly,Yes
SUB13930,C13930,Standard,999,Yearly,Yes
SUB13931,C13931,Standard,999,Monthly,No
SUB13932,C13932,Basic,499,Monthly,Yes
SUB13933,C13933,Basic,499,Yearly,No
SUB13934,C13934,Standard,999,Yearly,No
SUB13935,C13935,Standard,999,Yearly,No
SUB13936,C13936,Basic,499,Yearly,Yes
SUB13937,C13937,Premium,1499,Yearly,No
SUB13938,C13938,Premium,1499,Monthly,Yes
SUB13939,C13939,Basic,499,Monthly,No
SUB13940,C13940,Premium,1499,Yearly,No
SUB13941,C13941,Basic,499,Yearly,Yes
SUB13942,C13942,Basic,499,Monthly,Yes
SUB13943,C13943,Standard,999,Monthly,No
SUB13944,C13944,Premium,1499,Yearly,No
SUB13945,C13945,Basic,499,Yearly,No
SUB13946,C13946,Standard,999,Yearly,Yes
SUB13947,C13947,Basic,499,Yearly,Yes
SUB13948,C13948,Premium,1499,Monthly,No
SUB13949,C13949,Standard,999,Monthly,Yes
SUB13950,C13950,Premium,1499,Monthly,No
SUB13951,C13951,Basic,499,Monthly,No
SUB13952,C13952,Premium,1499,Monthly,No
SUB13953,C13953,Basic,499,Yearly,No
SUB13954,C13954,Standard,999,Yearly,No
SUB13955,C13955,Premium,1499,Monthly,No
SUB13956,C13956,Basic,499,Monthly,Yes
SUB13957,C13957,Standard,999,Monthly,Yes
SUB13958,C13958,Premium,1499,Yearly,Yes
SUB13959,C13959,Standard,999,Monthly,Yes
SUB13960,C13960,Basic,499,Monthly,No
SUB13961,C13961,Premium,1499,Monthly,Yes
SUB13962,C13962,Premium,1499,Yearly,No
SUB13963,C13963,Standard,999,Yearly,Yes
SUB13964,C13964,Premium,1499,Yearly,No
SUB13965,C13965,Standard,999,Yearly,No
SUB13966,C13966,Basic,499,Yearly,No
SUB13967,C13967,Standard,999,Yearly,No
SUB13968,C13968,Basic,499,Monthly,Yes
SUB13969,C13969,Standard,999,Monthly,No
SUB13970,C13970,Premium,1499,Monthly,No
SUB13971,C13971,Premium,1499,Monthly,No
SUB13972,C13972,Standard,999,Monthly,No
SUB13973,C13973,Standard,999,Yearly,Yes
SUB13974,C13974,Standard,999,Monthly,No
SUB13975,C13975,Premium,1499,Yearly,No
SUB13976,C13976,Basic,499,Monthly,Yes
SUB13977,C13977,Basic,499,Yearly,No
SUB13978,C13978,Basic,499,Monthly,Yes
SUB13979,C13979,Premium,1499,Yearly,Yes
SUB13980,C13980,Basic,499,Monthly,Yes
SUB13981,C13981,Premium,1499,Yearly,Yes
SUB13982,C13982,Premium,1499,Monthly,Yes
SUB13983,C13983,Premium,1499,Yearly,Yes
SUB13984,C13984,Premium,1499,Monthly,Yes
SUB13985,C13985,Premium,1499,Yearly,Yes
SUB13986,C13986,Standard,999,Yearly,Yes
SUB13987,C13987,Basic,499,Monthly,No
SUB13988,C13988,Premium,1499,Monthly,Yes
SUB13989,C13989,Standard,999,Monthly,Yes
SUB13990,C13990,Standard,999,Monthly,Yes
SUB13991,C13991,Standard,999,Yearly,No
SUB13992,C13992,Premium,1499,Yearly,Yes
SUB13993,C13993,Basic,499,Yearly,Yes
SUB13994,C13994,Standard,999,Yearly,No
SUB13995,C13995,Standard,999,Yearly,Yes
SUB13996,C13996,Basic,499,Yearly,No
SUB13997,C13997,Premium,1499,Yearly,Yes
SUB13998,C13998,Standard,999,Yearly,Yes
SUB13999,C13999,Premium,1499,Monthly,Yes
SUB14000,C14000,Premium,1499,Monthly,Yes
SUB14001,C14001,Standard,999,Yearly,No
SUB14002,C14002,Premium,1499,Monthly,No
SUB14003,C14003,Standard,999,Monthly,No
SUB14004,C14004,Basic,499,Monthly,No
SUB14005,C14005,Premium,1499,Monthly,No
SUB14006,C14006,Premium,1499,Yearly,No
SUB14007,C14007,Basic,499,Yearly,No
SUB14008,C14008,Premium,1499,Monthly,Yes
SUB14009,C14009,Basic,499,Yearly,Yes
SUB14010,C14010,Standard,999,Yearly,Yes
SUB14011,C14011,Premium,1499,Monthly,Yes
SUB14012,C14012,Basic,499,Yearly,Yes
SUB14013,C14013,Basic,499,Yearly,No
SUB14014,C14014,Basic,499,Yearly,No
SUB14015,C14015,Premium,1499,Monthly,Yes
SUB14016,C14016,Premium,1499,Yearly,No
SUB14017,C14017,Premium,1499,Yearly,Yes
SUB14018,C14018,Basic,499,Monthly,No
SUB14019,C14019,Premium,1499,Yearly,No
SUB14020,C14020,Standard,999,Yearly,No
SUB14021,C14021,Standard,999,Yearly,No
SUB14022,C14022,Basic,499,Monthly,No
SUB14023,C14023,Premium,1499,Yearly,No
SUB14024,C14024,Basic,499,Monthly,No
SUB14025,C14025,Basic,499,Monthly,No
SUB14026,C14026,Standard,999,Monthly,No
SUB14027,C14027,Premium,1499,Monthly,Yes
SUB14028,C14028,Standard,999,Yearly,No
SUB14029,C14029,Standard,999,Monthly,Yes
SUB14030,C14030,Premium,1499,Yearly,Yes
SUB14031,C14031,Basic,499,Yearly,Yes
SUB14032,C14032,Premium,1499,Monthly,Yes
SUB14033,C14033,Premium,1499,Monthly,No
SUB14034,C14034,Premium,1499,Yearly,No
SUB14035,C14035,Premium,1499,Monthly,Yes
SUB14036,C14036,Basic,499,Monthly,No
SUB14037,C14037,Basic,499,Yearly,No
SUB14038,C14038,Basic,499,Yearly,No
SUB14039,C14039,Premium,1499,Monthly,No
SUB14040,C14040,Standard,999,Monthly,No
SUB14041,C14041,Basic,499,Yearly,No
SUB14042,C14042,Standard,999,Yearly,No
SUB14043,C14043,Standard,999,Monthly,Yes
SUB14044,C14044,Standard,999,Yearly,No
SUB14045,C14045,Premium,1499,Monthly,No
SUB14046,C14046,Standard,999,Monthly,No
SUB14047,C14047,Basic,499,Yearly,Yes
SUB14048,C14048,Standard,999,Monthly,Yes
SUB14049,C14049,Basic,499,Monthly,Yes
SUB14050,C14050,Standard,999,Monthly,No
SUB14051,C14051,Basic,499,Monthly,No
SUB14052,C14052,Standard,999,Yearly,No
SUB14053,C14053,Premium,1499,Monthly,No
SUB14054,C14054,Premium,1499,Monthly,No
SUB14055,C14055,Standard,999,Yearly,Yes
SUB14056,C14056,Premium,1499,Monthly,Yes
SUB14057,C14057,Premium,1499,Yearly,No
SUB14058,C14058,Premium,1499,Monthly,Yes
SUB14059,C14059,Basic,499,Monthly,No
SUB14060,C14060,Premium,1499,Yearly,Yes
SUB14061,C14061,Premium,1499,Yearly,Yes
SUB14062,C14062,Basic,499,Monthly,No
SUB14063,C14063,Standard,999,Yearly,No
SUB14064,C14064,Basic,499,Yearly,No
SUB14065,C14065,Standard,999,Yearly,Yes
SUB14066,C14066,Basic,499,Monthly,No
SUB14067,C14067,Premium,1499,Yearly,Yes
SUB14068,C14068,Standard,999,Monthly,Yes
SUB14069,C14069,Basic,499,Monthly,Yes
SUB14070,C14070,Premium,1499,Monthly,No
SUB14071,C14071,Premium,1499,Monthly,Yes
SUB14072,C14072,Basic,499,Yearly,No
SUB14073,C14073,Premium,1499,Monthly,No
SUB14074,C14074,Standard,999,Yearly,Yes
SUB14075,C14075,Basic,499,Yearly,No
SUB14076,C14076,Premium,1499,Monthly,No
SUB14077,C14077,Basic,499,Yearly,No
SUB14078,C14078,Standard,999,Monthly,No
SUB14079,C14079,Standard,999,Monthly,Yes
SUB14080,C14080,Basic,499,Monthly,No
SUB14081,C14081,Basic,499,Yearly,No
SUB14082,C14082,Standard,999,Yearly,No
SUB14083,C14083,Standard,999,Monthly,No
SUB14084,C14084,Basic,499,Monthly,No
SUB14085,C14085,Basic,499,Yearly,Yes
SUB14086,C14086,Standard,999,Monthly,Yes
SUB14087,C14087,Premium,1499,Yearly,No
SUB14088,C14088,Premium,1499,Yearly,No
SUB14089,C14089,Premium,1499,Monthly,Yes
SUB14090,C14090,Standard,999,Yearly,No
SUB14091,C14091,Standard,999,Monthly,No
SUB14092,C14092,Premium,1499,Monthly,Yes
SUB14093,C14093,Basic,499,Yearly,Yes
SUB14094,C14094,Basic,499,Yearly,No
SUB14095,C14095,Basic,499,Monthly,No
SUB14096,C14096,Standard,999,Yearly,No
SUB14097,C14097,Standard,999,Monthly,Yes
SUB14098,C14098,Premium,1499,Monthly,Yes
SUB14099,C14099,Standard,999,Yearly,Yes
SUB14100,C14100,Basic,499,Monthly,No
SUB14101,C14101,Standard,999,Yearly,No
SUB14102,C14102,Premium,1499,Monthly,No
SUB14103,C14103,Premium,1499,Yearly,No
SUB14104,C14104,Premium,1499,Monthly,Yes
SUB14105,C14105,Standard,999,Monthly,Yes
SUB14106,C14106,Standard,999,Yearly,No
SUB14107,C14107,Premium,1499,Yearly,Yes
SUB14108,C14108,Basic,499,Monthly,Yes
SUB14109,C14109,Standard,999,Monthly,No
SUB14110,C14110,Standard,999,Monthly,No
SUB14111,C14111,Standard,999,Yearly,No
SUB14112,C14112,Basic,499,Monthly,Yes
SUB14113,C14113,Premium,1499,Yearly,Yes
SUB14114,C14114,Basic,499,Monthly,No
SUB14115,C14115,Basic,499,Monthly,No
SUB14116,C14116,Basic,499,Monthly,No
SUB14117,C14117,Basic,499,Monthly,No
SUB14118,C14118,Basic,499,Yearly,No
SUB14119,C14119,Premium,1499,Yearly,Yes
SUB14120,C14120,Premium,1499,Monthly,Yes
SUB14121,C14121,Standard,999,Monthly,No
SUB14122,C14122,Basic,499,Monthly,No
SUB14123,C14123,Premium,1499,Yearly,No
SUB14124,C14124,Standard,999,Monthly,No
SUB14125,C14125,Standard,999,Monthly,No
SUB14126,C14126,Premium,1499,Monthly,Yes
SUB14127,C14127,Standard,999,Monthly,Yes
SUB14128,C14128,Premium,1499,Monthly,No
SUB14129,C14129,Standard,999,Monthly,Yes
SUB14130,C14130,Basic,499,Yearly,Yes
SUB14131,C14131,Basic,499,Monthly,Yes
SUB14132,C14132,Basic,499,Monthly,No
SUB14133,C14133,Standard,999,Yearly,Yes
SUB14134,C14134,Premium,1499,Yearly,Yes
SUB14135,C14135,Basic,499,Yearly,Yes
SUB14136,C14136,Basic,499,Yearly,Yes
SUB14137,C14137,Basic,499,Yearly,No
SUB14138,C14138,Standard,999,Monthly,Yes
SUB14139,C14139,Standard,999,Monthly,No
SUB14140,C14140,Standard,999,Monthly,Yes
SUB14141,C14141,Basic,499,Yearly,No
SUB14142,C14142,Basic,499,Monthly,Yes
SUB14143,C14143,Basic,499,Monthly,Yes
SUB14144,C14144,Standard,999,Monthly,Yes
SUB14145,C14145,Standard,999,Monthly,Yes
SUB14146,C14146,Basic,499,Monthly,Yes
SUB14147,C14147,Standard,999,Yearly,Yes
SUB14148,C14148,Premium,1499,Monthly,Yes
SUB14149,C14149,Premium,1499,Monthly,Yes
SUB14150,C14150,Basic,499,Monthly,No
SUB14151,C14151,Premium,1499,Yearly,Yes
SUB14152,C14152,Basic,499,Monthly,Yes
SUB14153,C14153,Basic,499,Monthly,No
SUB14154,C14154,Basic,499,Yearly,Yes
SUB14155,C14155,Basic,499,Monthly,Yes
SUB14156,C14156,Premium,1499,Yearly,No
SUB14157,C14157,Standard,999,Yearly,No
SUB14158,C14158,Basic,499,Monthly,No
SUB14159,C14159,Basic,499,Yearly,No
SUB14160,C14160,Standard,999,Yearly,No
SUB14161,C14161,Basic,499,Monthly,No
SUB14162,C14162,Premium,1499,Yearly,No
SUB14163,C14163,Basic,499,Yearly,Yes
SUB14164,C14164,Premium,1499,Monthly,No
SUB14165,C14165,Basic,499,Yearly,No
SUB14166,C14166,Premium,1499,Yearly,Yes
SUB14167,C14167,Standard,999,Yearly,Yes
SUB14168,C14168,Premium,1499,Yearly,Yes
SUB14169,C14169,Standard,999,Yearly,Yes
SUB14170,C14170,Standard,999,Monthly,No
SUB14171,C14171,Standard,999,Yearly,No
SUB14172,C14172,Premium,1499,Monthly,No
SUB14173,C14173,Standard,999,Yearly,Yes
SUB14174,C14174,Standard,999,Monthly,Yes
SUB14175,C14175,Premium,1499,Yearly,No
SUB14176,C14176,Standard,999,Monthly,No
SUB14177,C14177,Standard,999,Yearly,Yes
SUB14178,C14178,Basic,499,Yearly,No
SUB14179,C14179,Basic,499,Yearly,No
SUB14180,C14180,Standard,999,Yearly,No
SUB14181,C14181,Premium,1499,Yearly,Yes
SUB14182,C14182,Standard,999,Monthly,No
SUB14183,C14183,Basic,499,Yearly,Yes
SUB14184,C14184,Basic,499,Yearly,Yes
SUB14185,C14185,Premium,1499,Yearly,No
SUB14186,C14186,Premium,1499,Monthly,No
SUB14187,C14187,Basic,499,Yearly,No
SUB14188,C14188,Basic,499,Monthly,No
SUB14189,C14189,Premium,1499,Yearly,Yes
SUB14190,C14190,Premium,1499,Monthly,No
SUB14191,C14191,Standard,999,Monthly,No
SUB14192,C14192,Standard,999,Yearly,No
SUB14193,C14193,Basic,499,Monthly,No
SUB14194,C14194,Basic,499,Yearly,Yes
SUB14195,C14195,Standard,999,Yearly,Yes
SUB14196,C14196,Premium,1499,Monthly,No
SUB14197,C14197,Basic,499,Yearly,Yes
SUB14198,C14198,Premium,1499,Monthly,Yes
SUB14199,C14199,Standard,999,Monthly,No
SUB14200,C14200,Basic,499,Monthly,Yes
SUB14201,C14201,Basic,499,Yearly,Yes
SUB14202,C14202,Standard,999,Monthly,No
SUB14203,C14203,Basic,499,Yearly,Yes
SUB14204,C14204,Basic,499,Monthly,No
SUB14205,C14205,Premium,1499,Yearly,No
SUB14206,C14206,Premium,1499,Monthly,Yes
SUB14207,C14207,Standard,999,Yearly,Yes
SUB14208,C14208,Basic,499,Monthly,Yes
SUB14209,C14209,Standard,999,Yearly,Yes
SUB14210,C14210,Premium,1499,Yearly,No
SUB14211,C14211,Standard,999,Monthly,No
SUB14212,C14212,Premium,1499,Yearly,Yes
SUB14213,C14213,Premium,1499,Monthly,No
SUB14214,C14214,Premium,1499,Yearly,No
SUB14215,C14215,Standard,999,Monthly,Yes
SUB14216,C14216,Premium,1499,Monthly,No
SUB14217,C14217,Basic,499,Yearly,Yes
SUB14218,C14218,Basic,499,Yearly,No
SUB14219,C14219,Premium,1499,Monthly,Yes
SUB14220,C14220,Basic,499,Yearly,No
SUB14221,C14221,Premium,1499,Yearly,No
SUB14222,C14222,Basic,499,Yearly,No
SUB14223,C14223,Premium,1499,Monthly,No
SUB14224,C14224,Premium,1499,Monthly,Yes
SUB14225,C14225,Standard,999,Monthly,Yes
SUB14226,C14226,Basic,499,Monthly,No
SUB14227,C14227,Basic,499,Monthly,No
SUB14228,C14228,Premium,1499,Monthly,Yes
SUB14229,C14229,Standard,999,Monthly,No
SUB14230,C14230,Premium,1499,Monthly,Yes
SUB14231,C14231,Basic,499,Monthly,Yes
SUB14232,C14232,Standard,999,Yearly,Yes
SUB14233,C14233,Standard,999,Yearly,No
SUB14234,C14234,Premium,1499,Monthly,No
SUB14235,C14235,Premium,1499,Monthly,No
SUB14236,C14236,Basic,499,Yearly,Yes
SUB14237,C14237,Premium,1499,Monthly,Yes
SUB14238,C14238,Standard,999,Yearly,Yes
SUB14239,C14239,Basic,499,Monthly,No
SUB14240,C14240,Premium,1499,Monthly,Yes
SUB14241,C14241,Standard,999,Monthly,No
SUB14242,C14242,Premium,1499,Monthly,Yes
SUB14243,C14243,Basic,499,Yearly,Yes
SUB14244,C14244,Basic,499,Monthly,No
SUB14245,C14245,Standard,999,Monthly,No
SUB14246,C14246,Premium,1499,Monthly,Yes
SUB14247,C14247,Premium,1499,Monthly,Yes
SUB14248,C14248,Standard,999,Monthly,Yes
SUB14249,C14249,Basic,499,Yearly,No
SUB14250,C14250,Standard,999,Yearly,Yes
SUB14251,C14251,Basic,499,Monthly,No
SUB14252,C14252,Basic,499,Monthly,No
SUB14253,C14253,Basic,499,Yearly,Yes
SUB14254,C14254,Standard,999,Monthly,Yes
SUB14255,C14255,Premium,1499,Yearly,Yes
SUB14256,C14256,Basic,499,Yearly,No
SUB14257,C14257,Basic,499,Monthly,No
SUB14258,C14258,Basic,499,Monthly,Yes
SUB14259,C14259,Premium,1499,Monthly,No
SUB14260,C14260,Basic,499,Monthly,No
SUB14261,C14261,Standard,999,Monthly,Yes
SUB14262,C14262,Premium,1499,Monthly,No
SUB14263,C14263,Basic,499,Monthly,Yes
SUB14264,C14264,Premium,1499,Yearly,No
SUB14265,C14265,Standard,999,Monthly,No
SUB14266,C14266,Premium,1499,Monthly,Yes
SUB14267,C14267,Standard,999,Yearly,No
SUB14268,C14268,Standard,999,Yearly,No
SUB14269,C14269,Standard,999,Monthly,Yes
SUB14270,C14270,Basic,499,Monthly,Yes
SUB14271,C14271,Premium,1499,Yearly,No
SUB14272,C14272,Premium,1499,Monthly,No
SUB14273,C14273,Basic,499,Yearly,Yes
SUB14274,C14274,Basic,499,Monthly,Yes
SUB14275,C14275,Standard,999,Yearly,Yes
SUB14276,C14276,Basic,499,Monthly,Yes
SUB14277,C14277,Standard,999,Monthly,No
SUB14278,C14278,Basic,499,Yearly,No
SUB14279,C14279,Premium,1499,Monthly,No
SUB14280,C14280,Basic,499,Yearly,No
SUB14281,C14281,Standard,999,Yearly,Yes
SUB14282,C14282,Standard,999,Monthly,No
SUB14283,C14283,Premium,1499,Yearly,Yes
SUB14284,C14284,Basic,499,Monthly,No
SUB14285,C14285,Standard,999,Yearly,Yes
SUB14286,C14286,Premium,1499,Yearly,No
SUB14287,C14287,Premium,1499,Yearly,No
SUB14288,C14288,Standard,999,Yearly,Yes
SUB14289,C14289,Basic,499,Monthly,No
SUB14290,C14290,Basic,499,Yearly,No
SUB14291,C14291,Standard,999,Yearly,No
SUB14292,C14292,Basic,499,Yearly,No
SUB14293,C14293,Premium,1499,Yearly,Yes
SUB14294,C14294,Basic,499,Yearly,Yes
SUB14295,C14295,Standard,999,Monthly,No
SUB14296,C14296,Standard,999,Monthly,No
SUB14297,C14297,Standard,999,Yearly,Yes
SUB14298,C14298,Standard,999,Yearly,Yes
SUB14299,C14299,Standard,999,Monthly,Yes
SUB14300,C14300,Basic,499,Yearly,No
SUB14301,C14301,Basic,499,Monthly,Yes
SUB14302,C14302,Standard,999,Yearly,Yes
SUB14303,C14303,Standard,999,Monthly,No
SUB14304,C14304,Basic,499,Monthly,Yes
SUB14305,C14305,Premium,1499,Yearly,No
SUB14306,C14306,Premium,1499,Monthly,No
SUB14307,C14307,Basic,499,Yearly,Yes
SUB14308,C14308,Premium,1499,Monthly,Yes
SUB14309,C14309,Standard,999,Yearly,Yes
SUB14310,C14310,Basic,499,Monthly,Yes
SUB14311,C14311,Standard,999,Monthly,Yes
SUB14312,C14312,Basic,499,Monthly,Yes
SUB14313,C14313,Basic,499,Monthly,Yes
SUB14314,C14314,Standard,999,Monthly,No
SUB14315,C14315,Standard,999,Yearly,Yes
SUB14316,C14316,Premium,1499,Monthly,No
SUB14317,C14317,Premium,1499,Yearly,Yes
SUB14318,C14318,Basic,499,Yearly,Yes
SUB14319,C14319,Basic,499,Yearly,No
SUB14320,C14320,Premium,1499,Monthly,Yes
SUB14321,C14321,Standard,999,Monthly,Yes
SUB14322,C14322,Basic,499,Yearly,Yes
SUB14323,C14323,Standard,999,Monthly,No
SUB14324,C14324,Standard,999,Monthly,Yes
SUB14325,C14325,Premium,1499,Monthly,Yes
SUB14326,C14326,Standard,999,Yearly,Yes
SUB14327,C14327,Premium,1499,Yearly,No
SUB14328,C14328,Premium,1499,Monthly,No
SUB14329,C14329,Premium,1499,Monthly,Yes
SUB14330,C14330,Basic,499,Monthly,Yes
SUB14331,C14331,Basic,499,Yearly,Yes
SUB14332,C14332,Premium,1499,Yearly,No
SUB14333,C14333,Basic,499,Yearly,Yes
SUB14334,C14334,Premium,1499,Yearly,Yes
SUB14335,C14335,Premium,1499,Monthly,No
SUB14336,C14336,Standard,999,Yearly,No
SUB14337,C14337,Standard,999,Yearly,Yes
SUB14338,C14338,Premium,1499,Monthly,Yes
SUB14339,C14339,Basic,499,Monthly,Yes
SUB14340,C14340,Standard,999,Monthly,No
SUB14341,C14341,Standard,999,Monthly,Yes
SUB14342,C14342,Standard,999,Monthly,Yes
SUB14343,C14343,Basic,499,Monthly,No
SUB14344,C14344,Standard,999,Monthly,No
SUB14345,C14345,Premium,1499,Monthly,No
SUB14346,C14346,Standard,999,Yearly,No
SUB14347,C14347,Standard,999,Yearly,No
SUB14348,C14348,Premium,1499,Monthly,No
SUB14349,C14349,Basic,499,Monthly,No
SUB14350,C14350,Premium,1499,Yearly,Yes
SUB14351,C14351,Premium,1499,Yearly,No
SUB14352,C14352,Basic,499,Yearly,Yes
SUB14353,C14353,Standard,999,Monthly,Yes
SUB14354,C14354,Standard,999,Yearly,No
SUB14355,C14355,Standard,999,Monthly,Yes
SUB14356,C14356,Standard,999,Yearly,No
SUB14357,C14357,Standard,999,Monthly,Yes
SUB14358,C14358,Standard,999,Yearly,Yes
SUB14359,C14359,Standard,999,Yearly,Yes
SUB14360,C14360,Basic,499,Yearly,Yes
SUB14361,C14361,Standard,999,Monthly,Yes
SUB14362,C14362,Standard,999,Monthly,Yes
SUB14363,C14363,Premium,1499,Yearly,Yes
SUB14364,C14364,Standard,999,Yearly,Yes
SUB14365,C14365,Premium,1499,Yearly,No
SUB14366,C14366,Standard,999,Yearly,No
SUB14367,C14367,Standard,999,Monthly,No
SUB14368,C14368,Basic,499,Yearly,Yes
SUB14369,C14369,Basic,499,Monthly,No
SUB14370,C14370,Basic,499,Monthly,No
SUB14371,C14371,Premium,1499,Monthly,Yes
SUB14372,C14372,Standard,999,Monthly,No
SUB14373,C14373,Premium,1499,Monthly,No
SUB14374,C14374,Basic,499,Yearly,No
SUB14375,C14375,Basic,499,Yearly,Yes
SUB14376,C14376,Standard,999,Yearly,No
SUB14377,C14377,Standard,999,Yearly,Yes
SUB14378,C14378,Standard,999,Monthly,No
SUB14379,C14379,Premium,1499,Yearly,Yes
SUB14380,C14380,Basic,499,Yearly,Yes
SUB14381,C14381,Standard,999,Yearly,Yes
SUB14382,C14382,Basic,499,Monthly,Yes
SUB14383,C14383,Premium,1499,Monthly,No
SUB14384,C14384,Premium,1499,Yearly,No
SUB14385,C14385,Basic,499,Monthly,Yes
SUB14386,C14386,Standard,999,Monthly,No
SUB14387,C14387,Basic,499,Monthly,No
SUB14388,C14388,Basic,499,Monthly,No
SUB14389,C14389,Standard,999,Monthly,Yes
SUB14390,C14390,Standard,999,Monthly,Yes
SUB14391,C14391,Standard,999,Yearly,Yes
SUB14392,C14392,Premium,1499,Monthly,Yes
SUB14393,C14393,Basic,499,Yearly,Yes
SUB14394,C14394,Standard,999,Yearly,Yes
SUB14395,C14395,Basic,499,Yearly,Yes
SUB14396,C14396,Premium,1499,Monthly,No
SUB14397,C14397,Standard,999,Monthly,No
SUB14398,C14398,Basic,499,Yearly,Yes
SUB14399,C14399,Basic,499,Yearly,Yes
SUB14400,C14400,Basic,499,Monthly,Yes
SUB14401,C14401,Premium,1499,Monthly,Yes
SUB14402,C14402,Standard,999,Yearly,Yes
SUB14403,C14403,Basic,499,Monthly,Yes
SUB14404,C14404,Standard,999,Monthly,Yes
SUB14405,C14405,Basic,499,Monthly,Yes
SUB14406,C14406,Basic,499,Yearly,Yes
SUB14407,C14407,Standard,999,Yearly,Yes
SUB14408,C14408,Premium,1499,Monthly,Yes
SUB14409,C14409,Basic,499,Monthly,Yes
SUB14410,C14410,Premium,1499,Yearly,No
SUB14411,C14411,Basic,499,Yearly,Yes
SUB14412,C14412,Basic,499,Yearly,No
SUB14413,C14413,Premium,1499,Yearly,No
SUB14414,C14414,Basic,499,Yearly,No
SUB14415,C14415,Premium,1499,Yearly,Yes
SUB14416,C14416,Premium,1499,Yearly,Yes
SUB14417,C14417,Basic,499,Monthly,No
SUB14418,C14418,Standard,999,Monthly,Yes
SUB14419,C14419,Premium,1499,Monthly,Yes
SUB14420,C14420,Standard,999,Yearly,No
SUB14421,C14421,Premium,1499,Monthly,No
SUB14422,C14422,Standard,999,Yearly,No
SUB14423,C14423,Standard,999,Yearly,Yes
SUB14424,C14424,Standard,999,Monthly,Yes
SUB14425,C14425,Premium,1499,Yearly,No
SUB14426,C14426,Basic,499,Monthly,Yes
SUB14427,C14427,Premium,1499,Yearly,No
SUB14428,C14428,Standard,999,Yearly,No
SUB14429,C14429,Standard,999,Monthly,No
SUB14430,C14430,Basic,499,Yearly,No
SUB14431,C14431,Basic,499,Monthly,Yes
SUB14432,C14432,Premium,1499,Monthly,Yes
SUB14433,C14433,Premium,1499,Yearly,No
SUB14434,C14434,Premium,1499,Monthly,No
SUB14435,C14435,Premium,1499,Monthly,Yes
SUB14436,C14436,Basic,499,Monthly,Yes
SUB14437,C14437,Basic,499,Monthly,No
SUB14438,C14438,Standard,999,Yearly,Yes
SUB14439,C14439,Standard,999,Yearly,No
SUB14440,C14440,Basic,499,Yearly,Yes
SUB14441,C14441,Basic,499,Monthly,Yes
SUB14442,C14442,Premium,1499,Yearly,Yes
SUB14443,C14443,Premium,1499,Yearly,Yes
SUB14444,C14444,Basic,499,Monthly,No
SUB14445,C14445,Premium,1499,Yearly,No
SUB14446,C14446,Standard,999,Monthly,No
SUB14447,C14447,Basic,499,Monthly,No
SUB14448,C14448,Basic,499,Yearly,Yes
SUB14449,C14449,Basic,499,Monthly,Yes
SUB14450,C14450,Premium,1499,Monthly,No
SUB14451,C14451,Standard,999,Monthly,Yes
SUB14452,C14452,Basic,499,Monthly,Yes
SUB14453,C14453,Basic,499,Yearly,No
SUB14454,C14454,Standard,999,Yearly,No
SUB14455,C14455,Premium,1499,Monthly,Yes
SUB14456,C14456,Standard,999,Yearly,Yes
SUB14457,C14457,Standard,999,Monthly,No
SUB14458,C14458,Standard,999,Yearly,Yes
SUB14459,C14459,Standard,999,Monthly,Yes
SUB14460,C14460,Basic,499,Monthly,Yes
SUB14461,C14461,Standard,999,Monthly,No
SUB14462,C14462,Standard,999,Monthly,No
SUB14463,C14463,Standard,999,Yearly,Yes
SUB14464,C14464,Standard,999,Yearly,Yes
SUB14465,C14465,Standard,999,Monthly,Yes
SUB14466,C14466,Standard,999,Monthly,No
SUB14467,C14467,Standard,999,Yearly,Yes
SUB14468,C14468,Basic,499,Yearly,No
SUB14469,C14469,Premium,1499,Yearly,No
SUB14470,C14470,Standard,999,Yearly,No
SUB14471,C14471,Standard,999,Yearly,No
SUB14472,C14472,Premium,1499,Yearly,Yes
SUB14473,C14473,Basic,499,Yearly,No
SUB14474,C14474,Premium,1499,Yearly,Yes
SUB14475,C14475,Basic,499,Yearly,No
SUB14476,C14476,Premium,1499,Monthly,No
SUB14477,C14477,Basic,499,Yearly,Yes
SUB14478,C14478,Premium,1499,Yearly,No
SUB14479,C14479,Standard,999,Yearly,Yes
SUB14480,C14480,Basic,499,Monthly,No
SUB14481,C14481,Basic,499,Yearly,No
SUB14482,C14482,Premium,1499,Yearly,Yes
SUB14483,C14483,Premium,1499,Monthly,No
SUB14484,C14484,Premium,1499,Monthly,No
SUB14485,C14485,Premium,1499,Monthly,No
SUB14486,C14486,Premium,1499,Yearly,Yes
SUB14487,C14487,Basic,499,Monthly,Yes
SUB14488,C14488,Standard,999,Yearly,No
SUB14489,C14489,Basic,499,Monthly,Yes
SUB14490,C14490,Basic,499,Yearly,No
SUB14491,C14491,Standard,999,Monthly,No
SUB14492,C14492,Standard,999,Yearly,No
SUB14493,C14493,Basic,499,Yearly,Yes
SUB14494,C14494,Premium,1499,Yearly,Yes
SUB14495,C14495,Standard,999,Monthly,Yes
SUB14496,C14496,Basic,499,Monthly,Yes
SUB14497,C14497,Standard,999,Yearly,Yes
SUB14498,C14498,Basic,499,Monthly,No
SUB14499,C14499,Premium,1499,Monthly,Yes
SUB14500,C14500,Premium,1499,Yearly,No
SUB14501,C14501,Basic,499,Yearly,No
SUB14502,C14502,Standard,999,Yearly,Yes
SUB14503,C14503,Standard,999,Monthly,No
SUB14504,C14504,Premium,1499,Monthly,Yes
SUB14505,C14505,Premium,1499,Yearly,Yes
SUB14506,C14506,Basic,499,Monthly,Yes
SUB14507,C14507,Basic,499,Monthly,Yes
SUB14508,C14508,Basic,499,Yearly,No
SUB14509,C14509,Basic,499,Yearly,No
SUB14510,C14510,Premium,1499,Monthly,Yes
SUB14511,C14511,Basic,499,Yearly,No
SUB14512,C14512,Premium,1499,Yearly,Yes
SUB14513,C14513,Premium,1499,Monthly,No
SUB14514,C14514,Standard,999,Monthly,Yes
SUB14515,C14515,Standard,999,Monthly,No
SUB14516,C14516,Premium,1499,Yearly,No
SUB14517,C14517,Standard,999,Monthly,Yes
SUB14518,C14518,Premium,1499,Yearly,No
SUB14519,C14519,Standard,999,Monthly,Yes
SUB14520,C14520,Basic,499,Monthly,No
SUB14521,C14521,Premium,1499,Yearly,Yes
SUB14522,C14522,Premium,1499,Monthly,No
SUB14523,C14523,Basic,499,Monthly,Yes
SUB14524,C14524,Basic,499,Yearly,No
SUB14525,C14525,Standard,999,Monthly,No
SUB14526,C14526,Standard,999,Monthly,Yes
SUB14527,C14527,Basic,499,Monthly,No
SUB14528,C14528,Standard,999,Monthly,Yes
SUB14529,C14529,Standard,999,Monthly,No
SUB14530,C14530,Basic,499,Monthly,No
SUB14531,C14531,Standard,999,Yearly,No
SUB14532,C14532,Basic,499,Monthly,No
SUB14533,C14533,Basic,499,Monthly,No
SUB14534,C14534,Premium,1499,Monthly,No
SUB14535,C14535,Standard,999,Yearly,No
SUB14536,C14536,Standard,999,Monthly,Yes
SUB14537,C14537,Basic,499,Monthly,Yes
SUB14538,C14538,Standard,999,Yearly,No
SUB14539,C14539,Standard,999,Yearly,Yes
SUB14540,C14540,Standard,999,Yearly,No
SUB14541,C14541,Basic,499,Monthly,Yes
SUB14542,C14542,Basic,499,Yearly,Yes
SUB14543,C14543,Standard,999,Monthly,No
SUB14544,C14544,Premium,1499,Monthly,No
SUB14545,C14545,Basic,499,Monthly,No
SUB14546,C14546,Premium,1499,Yearly,No
SUB14547,C14547,Premium,1499,Yearly,Yes
SUB14548,C14548,Basic,499,Yearly,No
SUB14549,C14549,Standard,999,Yearly,Yes
SUB14550,C14550,Premium,1499,Monthly,Yes
SUB14551,C14551,Standard,999,Monthly,No
SUB14552,C14552,Basic,499,Yearly,Yes
SUB14553,C14553,Standard,999,Monthly,No
SUB14554,C14554,Basic,499,Yearly,No
SUB14555,C14555,Premium,1499,Monthly,No
SUB14556,C14556,Standard,999,Yearly,No
SUB14557,C14557,Premium,1499,Monthly,No
SUB14558,C14558,Basic,499,Yearly,Yes
SUB14559,C14559,Basic,499,Monthly,No
SUB14560,C14560,Basic,499,Yearly,No
SUB14561,C14561,Premium,1499,Monthly,Yes
SUB14562,C14562,Standard,999,Yearly,No
SUB14563,C14563,Premium,1499,Monthly,Yes
SUB14564,C14564,Premium,1499,Yearly,No
SUB14565,C14565,Standard,999,Yearly,No
SUB14566,C14566,Premium,1499,Monthly,Yes
SUB14567,C14567,Basic,499,Monthly,Yes
SUB14568,C14568,Premium,1499,Yearly,Yes
SUB14569,C14569,Basic,499,Yearly,Yes
SUB14570,C14570,Standard,999,Yearly,No
SUB14571,C14571,Premium,1499,Monthly,No
SUB14572,C14572,Standard,999,Monthly,No
SUB14573,C14573,Premium,1499,Monthly,Yes
SUB14574,C14574,Standard,999,Monthly,No
SUB14575,C14575,Standard,999,Yearly,Yes
SUB14576,C14576,Basic,499,Monthly,No
SUB14577,C14577,Basic,499,Monthly,No
SUB14578,C14578,Basic,499,Monthly,No
SUB14579,C14579,Basic,499,Monthly,No
SUB14580,C14580,Standard,999,Yearly,No
SUB14581,C14581,Premium,1499,Monthly,Yes
SUB14582,C14582,Premium,1499,Yearly,Yes
SUB14583,C14583,Standard,999,Monthly,No
SUB14584,C14584,Premium,1499,Yearly,Yes
SUB14585,C14585,Basic,499,Monthly,Yes
SUB14586,C14586,Standard,999,Monthly,Yes
SUB14587,C14587,Basic,499,Monthly,Yes
SUB14588,C14588,Premium,1499,Yearly,Yes
SUB14589,C14589,Basic,499,Yearly,No
SUB14590,C14590,Standard,999,Monthly,Yes
SUB14591,C14591,Standard,999,Yearly,No
SUB14592,C14592,Standard,999,Monthly,No
SUB14593,C14593,Basic,499,Yearly,Yes
SUB14594,C14594,Standard,999,Yearly,No
SUB14595,C14595,Standard,999,Yearly,No
SUB14596,C14596,Standard,999,Yearly,No
SUB14597,C14597,Basic,499,Yearly,Yes
SUB14598,C14598,Basic,499,Yearly,No
SUB14599,C14599,Basic,499,Monthly,No
SUB14600,C14600,Basic,499,Monthly,No
SUB14601,C14601,Basic,499,Yearly,No
SUB14602,C14602,Basic,499,Yearly,Yes
SUB14603,C14603,Premium,1499,Monthly,Yes
SUB14604,C14604,Basic,499,Monthly,No
SUB14605,C14605,Basic,499,Monthly,No
SUB14606,C14606,Basic,499,Yearly,No
SUB14607,C14607,Standard,999,Monthly,No
SUB14608,C14608,Basic,499,Monthly,No
SUB14609,C14609,Standard,999,Monthly,Yes
SUB14610,C14610,Standard,999,Monthly,Yes
SUB14611,C14611,Basic,499,Monthly,No
SUB14612,C14612,Premium,1499,Monthly,No
SUB14613,C14613,Basic,499,Monthly,Yes
SUB14614,C14614,Basic,499,Yearly,No
SUB14615,C14615,Premium,1499,Monthly,No
SUB14616,C14616,Standard,999,Yearly,No
SUB14617,C14617,Premium,1499,Monthly,Yes
SUB14618,C14618,Standard,999,Yearly,Yes
SUB14619,C14619,Standard,999,Yearly,Yes
SUB14620,C14620,Premium,1499,Monthly,Yes
SUB14621,C14621,Standard,999,Yearly,No
SUB14622,C14622,Premium,1499,Monthly,No
SUB14623,C14623,Standard,999,Monthly,No
SUB14624,C14624,Premium,1499,Yearly,No
SUB14625,C14625,Premium,1499,Monthly,Yes
SUB14626,C14626,Basic,499,Monthly,Yes
SUB14627,C14627,Standard,999,Monthly,No
SUB14628,C14628,Standard,999,Yearly,Yes
SUB14629,C14629,Premium,1499,Monthly,No
SUB14630,C14630,Standard,999,Yearly,No
SUB14631,C14631,Premium,1499,Monthly,No
SUB14632,C14632,Premium,1499,Monthly,No
SUB14633,C14633,Basic,499,Monthly,Yes
SUB14634,C14634,Premium,1499,Monthly,Yes
SUB14635,C14635,Premium,1499,Yearly,Yes
SUB14636,C14636,Basic,499,Yearly,No
SUB14637,C14637,Basic,499,Yearly,Yes
SUB14638,C14638,Premium,1499,Monthly,No
SUB14639,C14639,Standard,999,Monthly,Yes
SUB14640,C14640,Standard,999,Monthly,No
SUB14641,C14641,Premium,1499,Monthly,Yes
SUB14642,C14642,Premium,1499,Monthly,Yes
SUB14643,C14643,Standard,999,Yearly,Yes
SUB14644,C14644,Standard,999,Monthly,Yes
SUB14645,C14645,Basic,499,Monthly,Yes
SUB14646,C14646,Premium,1499,Monthly,Yes
SUB14647,C14647,Premium,1499,Monthly,Yes
SUB14648,C14648,Premium,1499,Yearly,Yes
SUB14649,C14649,Premium,1499,Monthly,No
SUB14650,C14650,Premium,1499,Monthly,Yes
SUB14651,C14651,Premium,1499,Monthly,No
SUB14652,C14652,Premium,1499,Yearly,Yes
SUB14653,C14653,Standard,999,Monthly,Yes
SUB14654,C14654,Premium,1499,Monthly,Yes
SUB14655,C14655,Standard,999,Monthly,No
SUB14656,C14656,Standard,999,Yearly,Yes
SUB14657,C14657,Basic,499,Yearly,No
SUB14658,C14658,Basic,499,Monthly,Yes
SUB14659,C14659,Basic,499,Monthly,No
SUB14660,C14660,Premium,1499,Monthly,No
SUB14661,C14661,Premium,1499,Yearly,No
SUB14662,C14662,Premium,1499,Yearly,No
SUB14663,C14663,Basic,499,Yearly,Yes
SUB14664,C14664,Basic,499,Monthly,Yes
SUB14665,C14665,Standard,999,Monthly,Yes
SUB14666,C14666,Basic,499,Yearly,No
SUB14667,C14667,Basic,499,Yearly,No
SUB14668,C14668,Basic,499,Monthly,Yes
SUB14669,C14669,Premium,1499,Yearly,Yes
SUB14670,C14670,Premium,1499,Yearly,Yes
SUB14671,C14671,Standard,999,Yearly,No
SUB14672,C14672,Premium,1499,Monthly,Yes
SUB14673,C14673,Standard,999,Yearly,No
SUB14674,C14674,Standard,999,Monthly,No
SUB14675,C14675,Standard,999,Yearly,Yes
SUB14676,C14676,Premium,1499,Monthly,No
SUB14677,C14677,Basic,499,Yearly,No
SUB14678,C14678,Basic,499,Monthly,No
SUB14679,C14679,Premium,1499,Monthly,No
SUB14680,C14680,Standard,999,Monthly,Yes
SUB14681,C14681,Basic,499,Yearly,No
SUB14682,C14682,Standard,999,Yearly,Yes
SUB14683,C14683,Premium,1499,Monthly,No
SUB14684,C14684,Premium,1499,Yearly,Yes
SUB14685,C14685,Standard,999,Yearly,Yes
SUB14686,C14686,Basic,499,Monthly,No
SUB14687,C14687,Standard,999,Monthly,No
SUB14688,C14688,Premium,1499,Monthly,Yes
SUB14689,C14689,Standard,999,Yearly,No
SUB14690,C14690,Standard,999,Yearly,Yes
SUB14691,C14691,Standard,999,Yearly,No
SUB14692,C14692,Standard,999,Yearly,Yes
SUB14693,C14693,Premium,1499,Monthly,No
SUB14694,C14694,Premium,1499,Monthly,No
SUB14695,C14695,Basic,499,Monthly,No
SUB14696,C14696,Basic,499,Yearly,Yes
SUB14697,C14697,Standard,999,Yearly,No
SUB14698,C14698,Premium,1499,Monthly,Yes
SUB14699,C14699,Basic,499,Yearly,No
SUB14700,C14700,Standard,999,Monthly,No
SUB14701,C14701,Basic,499,Monthly,No
SUB14702,C14702,Premium,1499,Yearly,Yes
SUB14703,C14703,Basic,499,Yearly,Yes
SUB14704,C14704,Basic,499,Monthly,No
SUB14705,C14705,Standard,999,Monthly,No
SUB14706,C14706,Premium,1499,Yearly,No
SUB14707,C14707,Premium,1499,Yearly,Yes
SUB14708,C14708,Premium,1499,Monthly,Yes
SUB14709,C14709,Basic,499,Monthly,Yes
SUB14710,C14710,Basic,499,Monthly,Yes
SUB14711,C14711,Standard,999,Monthly,Yes
SUB14712,C14712,Premium,1499,Yearly,Yes
SUB14713,C14713,Standard,999,Yearly,Yes
SUB14714,C14714,Premium,1499,Monthly,No
SUB14715,C14715,Premium,1499,Yearly,Yes
SUB14716,C14716,Basic,499,Monthly,Yes
SUB14717,C14717,Basic,499,Yearly,Yes
SUB14718,C14718,Basic,499,Monthly,No
SUB14719,C14719,Basic,499,Monthly,Yes
SUB14720,C14720,Standard,999,Monthly,Yes
SUB14721,C14721,Basic,499,Yearly,Yes
SUB14722,C14722,Standard,999,Yearly,Yes
SUB14723,C14723,Standard,999,Yearly,No
SUB14724,C14724,Basic,499,Yearly,No
SUB14725,C14725,Basic,499,Yearly,No
SUB14726,C14726,Premium,1499,Monthly,No
SUB14727,C14727,Standard,999,Yearly,No
SUB14728,C14728,Standard,999,Yearly,No
SUB14729,C14729,Basic,499,Yearly,No
SUB14730,C14730,Basic,499,Yearly,No
SUB14731,C14731,Standard,999,Yearly,Yes
SUB14732,C14732,Standard,999,Yearly,Yes
SUB14733,C14733,Standard,999,Yearly,No
SUB14734,C14734,Premium,1499,Yearly,No
SUB14735,C14735,Premium,1499,Monthly,No
SUB14736,C14736,Premium,1499,Monthly,No
SUB14737,C14737,Premium,1499,Monthly,No
SUB14738,C14738,Premium,1499,Yearly,Yes
SUB14739,C14739,Standard,999,Yearly,Yes
SUB14740,C14740,Standard,999,Yearly,No
SUB14741,C14741,Premium,1499,Yearly,Yes
SUB14742,C14742,Basic,499,Monthly,No
SUB14743,C14743,Standard,999,Yearly,No
SUB14744,C14744,Basic,499,Yearly,Yes
SUB14745,C14745,Basic,499,Yearly,Yes
SUB14746,C14746,Premium,1499,Yearly,No
SUB14747,C14747,Basic,499,Yearly,No
SUB14748,C14748,Premium,1499,Monthly,No
SUB14749,C14749,Basic,499,Yearly,No
SUB14750,C14750,Basic,499,Yearly,Yes
SUB14751,C14751,Premium,1499,Monthly,No
SUB14752,C14752,Standard,999,Yearly,Yes
SUB14753,C14753,Premium,1499,Monthly,Yes
SUB14754,C14754,Standard,999,Monthly,No
SUB14755,C14755,Basic,499,Monthly,Yes
SUB14756,C14756,Premium,1499,Yearly,No
SUB14757,C14757,Basic,499,Yearly,Yes
SUB14758,C14758,Premium,1499,Yearly,No
SUB14759,C14759,Premium,1499,Yearly,Yes
SUB14760,C14760,Basic,499,Monthly,Yes
SUB14761,C14761,Standard,999,Monthly,No
SUB14762,C14762,Premium,1499,Yearly,Yes
SUB14763,C14763,Standard,999,Monthly,Yes
SUB14764,C14764,Premium,1499,Monthly,No
SUB14765,C14765,Standard,999,Monthly,Yes
SUB14766,C14766,Premium,1499,Monthly,No
SUB14767,C14767,Basic,499,Yearly,Yes
SUB14768,C14768,Basic,499,Monthly,No
SUB14769,C14769,Premium,1499,Yearly,Yes
SUB14770,C14770,Basic,499,Yearly,No
SUB14771,C14771,Basic,499,Monthly,Yes
SUB14772,C14772,Basic,499,Monthly,Yes
SUB14773,C14773,Premium,1499,Yearly,Yes
SUB14774,C14774,Standard,999,Monthly,No
SUB14775,C14775,Standard,999,Monthly,No
SUB14776,C14776,Standard,999,Monthly,No
SUB14777,C14777,Premium,1499,Yearly,Yes
SUB14778,C14778,Premium,1499,Yearly,Yes
SUB14779,C14779,Premium,1499,Monthly,No
SUB14780,C14780,Standard,999,Monthly,Yes
SUB14781,C14781,Premium,1499,Yearly,No
SUB14782,C14782,Standard,999,Yearly,Yes
SUB14783,C14783,Standard,999,Yearly,Yes
SUB14784,C14784,Premium,1499,Monthly,Yes
SUB14785,C14785,Standard,999,Monthly,Yes
SUB14786,C14786,Standard,999,Yearly,No
SUB14787,C14787,Standard,999,Yearly,Yes
SUB14788,C14788,Premium,1499,Yearly,Yes
SUB14789,C14789,Standard,999,Monthly,No
SUB14790,C14790,Basic,499,Monthly,No
SUB14791,C14791,Standard,999,Monthly,Yes
SUB14792,C14792,Standard,999,Yearly,No
SUB14793,C14793,Basic,499,Monthly,Yes
SUB14794,C14794,Premium,1499,Yearly,No
SUB14795,C14795,Standard,999,Yearly,Yes
SUB14796,C14796,Standard,999,Yearly,Yes
SUB14797,C14797,Basic,499,Yearly,Yes
SUB14798,C14798,Premium,1499,Yearly,Yes
SUB14799,C14799,Premium,1499,Yearly,No
SUB14800,C14800,Basic,499,Monthly,Yes
SUB14801,C14801,Standard,999,Monthly,Yes
SUB14802,C14802,Premium,1499,Yearly,Yes
SUB14803,C14803,Basic,499,Monthly,No
SUB14804,C14804,Basic,499,Yearly,No
SUB14805,C14805,Basic,499,Yearly,No
SUB14806,C14806,Basic,499,Yearly,Yes
SUB14807,C14807,Basic,499,Yearly,No
SUB14808,C14808,Basic,499,Monthly,Yes
SUB14809,C14809,Basic,499,Yearly,Yes
SUB14810,C14810,Premium,1499,Monthly,No
SUB14811,C14811,Premium,1499,Yearly,Yes
SUB14812,C14812,Premium,1499,Yearly,Yes
SUB14813,C14813,Basic,499,Monthly,No
SUB14814,C14814,Premium,1499,Monthly,No
SUB14815,C14815,Standard,999,Yearly,Yes
SUB14816,C14816,Premium,1499,Monthly,Yes
SUB14817,C14817,Premium,1499,Monthly,Yes
SUB14818,C14818,Basic,499,Yearly,Yes
SUB14819,C14819,Standard,999,Yearly,No
SUB14820,C14820,Standard,999,Yearly,No
SUB14821,C14821,Basic,499,Monthly,Yes
SUB14822,C14822,Premium,1499,Yearly,No
SUB14823,C14823,Premium,1499,Monthly,No
SUB14824,C14824,Premium,1499,Yearly,Yes
SUB14825,C14825,Basic,499,Monthly,No
SUB14826,C14826,Basic,499,Yearly,No
SUB14827,C14827,Basic,499,Monthly,Yes
SUB14828,C14828,Premium,1499,Monthly,No
SUB14829,C14829,Standard,999,Monthly,Yes
SUB14830,C14830,Standard,999,Monthly,No
SUB14831,C14831,Basic,499,Monthly,No
SUB14832,C14832,Premium,1499,Monthly,No
SUB14833,C14833,Standard,999,Monthly,No
SUB14834,C14834,Basic,499,Monthly,Yes
SUB14835,C14835,Standard,999,Monthly,Yes
SUB14836,C14836,Premium,1499,Monthly,No
SUB14837,C14837,Basic,499,Monthly,Yes
SUB14838,C14838,Basic,499,Monthly,No
SUB14839,C14839,Premium,1499,Monthly,No
SUB14840,C14840,Standard,999,Monthly,No
SUB14841,C14841,Standard,999,Yearly,Yes
SUB14842,C14842,Basic,499,Yearly,Yes
SUB14843,C14843,Premium,1499,Yearly,No
SUB14844,C14844,Basic,499,Yearly,No
SUB14845,C14845,Standard,999,Monthly,No
SUB14846,C14846,Basic,499,Monthly,No
SUB14847,C14847,Standard,999,Yearly,Yes
SUB14848,C14848,Basic,499,Monthly,Yes
SUB14849,C14849,Basic,499,Yearly,Yes
SUB14850,C14850,Premium,1499,Yearly,Yes
SUB14851,C14851,Basic,499,Yearly,No
SUB14852,C14852,Basic,499,Monthly,No
SUB14853,C14853,Premium,1499,Yearly,No
SUB14854,C14854,Standard,999,Monthly,Yes
SUB14855,C14855,Premium,1499,Monthly,No
SUB14856,C14856,Basic,499,Monthly,No
SUB14857,C14857,Standard,999,Yearly,No
SUB14858,C14858,Standard,999,Monthly,Yes
SUB14859,C14859,Basic,499,Yearly,Yes
SUB14860,C14860,Basic,499,Monthly,Yes
SUB14861,C14861,Premium,1499,Monthly,No
SUB14862,C14862,Basic,499,Monthly,Yes
SUB14863,C14863,Standard,999,Monthly,Yes
SUB14864,C14864,Basic,499,Yearly,No
SUB14865,C14865,Basic,499,Monthly,No
SUB14866,C14866,Basic,499,Monthly,Yes
SUB14867,C14867,Basic,499,Monthly,Yes
SUB14868,C14868,Standard,999,Monthly,Yes
SUB14869,C14869,Basic,499,Monthly,Yes
SUB14870,C14870,Premium,1499,Yearly,Yes
SUB14871,C14871,Premium,1499,Yearly,Yes
SUB14872,C14872,Standard,999,Monthly,Yes
SUB14873,C14873,Premium,1499,Monthly,No
SUB14874,C14874,Basic,499,Yearly,Yes
SUB14875,C14875,Standard,999,Yearly,No
SUB14876,C14876,Standard,999,Yearly,Yes
SUB14877,C14877,Basic,499,Monthly,Yes
SUB14878,C14878,Standard,999,Monthly,Yes
SUB14879,C14879,Standard,999,Monthly,Yes
SUB14880,C14880,Standard,999,Monthly,No
SUB14881,C14881,Basic,499,Yearly,Yes
SUB14882,C14882,Standard,999,Yearly,Yes
SUB14883,C14883,Premium,1499,Yearly,Yes
SUB14884,C14884,Basic,499,Monthly,No
SUB14885,C14885,Basic,499,Yearly,Yes
SUB14886,C14886,Basic,499,Monthly,No
SUB14887,C14887,Premium,1499,Yearly,No
SUB14888,C14888,Standard,999,Yearly,No
SUB14889,C14889,Premium,1499,Yearly,Yes
SUB14890,C14890,Premium,1499,Yearly,No
SUB14891,C14891,Standard,999,Yearly,Yes
SUB14892,C14892,Premium,1499,Monthly,No
SUB14893,C14893,Standard,999,Yearly,Yes
SUB14894,C14894,Basic,499,Yearly,No
SUB14895,C14895,Premium,1499,Monthly,No
SUB14896,C14896,Basic,499,Yearly,Yes
SUB14897,C14897,Premium,1499,Yearly,No
SUB14898,C14898,Basic,499,Monthly,No
SUB14899,C14899,Standard,999,Yearly,Yes
SUB14900,C14900,Basic,499,Yearly,No
SUB14901,C14901,Standard,999,Monthly,No
SUB14902,C14902,Basic,499,Monthly,No
SUB14903,C14903,Premium,1499,Yearly,Yes
SUB14904,C14904,Basic,499,Monthly,Yes
SUB14905,C14905,Premium,1499,Yearly,No
SUB14906,C14906,Basic,499,Yearly,No
SUB14907,C14907,Standard,999,Yearly,Yes
SUB14908,C14908,Standard,999,Yearly,Yes
SUB14909,C14909,Premium,1499,Monthly,Yes
SUB14910,C14910,Standard,999,Monthly,Yes
SUB14911,C14911,Standard,999,Yearly,Yes
SUB14912,C14912,Premium,1499,Yearly,Yes
SUB14913,C14913,Premium,1499,Monthly,No
SUB14914,C14914,Basic,499,Yearly,Yes
SUB14915,C14915,Basic,499,Yearly,No
SUB14916,C14916,Basic,499,Yearly,No
SUB14917,C14917,Standard,999,Monthly,No
SUB14918,C14918,Standard,999,Yearly,No
SUB14919,C14919,Premium,1499,Yearly,No
SUB14920,C14920,Basic,499,Monthly,No
SUB14921,C14921,Premium,1499,Monthly,Yes
SUB14922,C14922,Basic,499,Yearly,Yes
SUB14923,C14923,Standard,999,Monthly,No
SUB14924,C14924,Premium,1499,Monthly,Yes
SUB14925,C14925,Standard,999,Monthly,Yes
SUB14926,C14926,Premium,1499,Monthly,Yes
SUB14927,C14927,Standard,999,Monthly,No
SUB14928,C14928,Standard,999,Monthly,No
SUB14929,C14929,Basic,499,Monthly,No
SUB14930,C14930,Basic,499,Yearly,Yes
SUB14931,C14931,Premium,1499,Monthly,Yes
SUB14932,C14932,Premium,1499,Yearly,Yes
SUB14933,C14933,Basic,499,Monthly,No
SUB14934,C14934,Standard,999,Monthly,Yes
SUB14935,C14935,Basic,499,Monthly,Yes
SUB14936,C14936,Standard,999,Yearly,Yes
SUB14937,C14937,Standard,999,Yearly,No
SUB14938,C14938,Premium,1499,Yearly,No
SUB14939,C14939,Standard,999,Yearly,Yes
SUB14940,C14940,Standard,999,Monthly,Yes
SUB14941,C14941,Basic,499,Yearly,Yes
SUB14942,C14942,Basic,499,Yearly,No
SUB14943,C14943,Standard,999,Yearly,No
SUB14944,C14944,Premium,1499,Monthly,Yes
SUB14945,C14945,Basic,499,Yearly,Yes
SUB14946,C14946,Standard,999,Monthly,No
SUB14947,C14947,Standard,999,Monthly,Yes
SUB14948,C14948,Standard,999,Monthly,Yes
SUB14949,C14949,Basic,499,Yearly,No
SUB14950,C14950,Standard,999,Yearly,Yes
SUB14951,C14951,Premium,1499,Yearly,Yes
SUB14952,C14952,Standard,999,Yearly,No
SUB14953,C14953,Basic,499,Yearly,Yes
SUB14954,C14954,Basic,499,Monthly,Yes
SUB14955,C14955,Standard,999,Monthly,Yes
SUB14956,C14956,Basic,499,Monthly,Yes
SUB14957,C14957,Standard,999,Monthly,No
SUB14958,C14958,Standard,999,Yearly,Yes
SUB14959,C14959,Premium,1499,Monthly,Yes
SUB14960,C14960,Standard,999,Monthly,Yes
SUB14961,C14961,Standard,999,Monthly,Yes
SUB14962,C14962,Basic,499,Yearly,No
SUB14963,C14963,Standard,999,Monthly,Yes
SUB14964,C14964,Standard,999,Monthly,Yes
SUB14965,C14965,Standard,999,Monthly,No
SUB14966,C14966,Premium,1499,Yearly,No
SUB14967,C14967,Premium,1499,Yearly,Yes
SUB14968,C14968,Standard,999,Yearly,Yes
SUB14969,C14969,Premium,1499,Monthly,Yes
SUB14970,C14970,Standard,999,Yearly,Yes
SUB14971,C14971,Premium,1499,Monthly,Yes
SUB14972,C14972,Standard,999,Yearly,Yes
SUB14973,C14973,Standard,999,Yearly,Yes
SUB14974,C14974,Premium,1499,Monthly,No
SUB14975,C14975,Premium,1499,Monthly,No
SUB14976,C14976,Standard,999,Yearly,Yes
SUB14977,C14977,Basic,499,Monthly,Yes
SUB14978,C14978,Standard,999,Monthly,Yes
SUB14979,C14979,Premium,1499,Yearly,Yes
SUB14980,C14980,Premium,1499,Yearly,No
SUB14981,C14981,Standard,999,Monthly,Yes
SUB14982,C14982,Premium,1499,Yearly,No
SUB14983,C14983,Basic,499,Monthly,No
SUB14984,C14984,Standard,999,Monthly,Yes
SUB14985,C14985,Premium,1499,Monthly,Yes
SUB14986,C14986,Standard,999,Yearly,No
SUB14987,C14987,Premium,1499,Monthly,No
SUB14988,C14988,Premium,1499,Yearly,No
SUB14989,C14989,Premium,1499,Yearly,Yes
SUB14990,C14990,Premium,1499,Yearly,Yes
SUB14991,C14991,Premium,1499,Monthly,Yes
SUB14992,C14992,Standard,999,Yearly,Yes
SUB14993,C14993,Standard,999,Monthly,No
SUB14994,C14994,Standard,999,Monthly,Yes
SUB14995,C14995,Basic,499,Monthly,No
SUB14996,C14996,Basic,499,Yearly,No
SUB14997,C14997,Basic,499,Yearly,Yes
SUB14998,C14998,Basic,499,Yearly,Yes
SUB14999,C14999,Premium,1499,Yearly,Yes
SUB15000,C15000,Premium,1499,Monthly,No
