ticket_id,customer_id,ticket_date,issue_category,priority,resolution_hours,ticket_status,customer_sentiment
S1,C10001,2026-03-29,Payment,Medium,4,Resolved,Positive
S2,C10001,2026-05-30,Payment,Medium,30,Resolved,Neutral
S3,C10002,2026-01-11,Billing,High,38,Open,Negative
S4,C10002,2025-12-21,Payment,Low,42,Open,Negative
S5,C10003,2025-09-17,Subscription,High,24,Open,Neutral
S6,C10003,2025-12-13,Payment,High,61,Resolved,Negative
S7,C10003,2025-09-05,Payment,Medium,72,Resolved,Negative
S8,C10004,2025-10-24,Billing,Low,39,Resolved,Negative
S9,C10004,2026-02-03,Payment,Medium,29,Resolved,Neutral
S10,C10006,2026-06-18,Technical,Medium,21,Open,Neutral
S11,C10006,2025-10-05,Login,Low,11,Resolved,Positive
S12,C10006,2026-02-13,Login,Medium,7,Resolved,Positive
S13,C10006,2026-08-01,Subscription,Low,36,Open,Neutral
S14,C10006,2026-01-29,Subscription,Low,36,Resolved,Neutral
S15,C10007,2026-07-02,Subscription,Low,55,Open,Negative
S16,C10007,2026-03-20,Billing,Low,48,Resolved,Negative
S17,C10007,2026-05-12,Technical,Medium,69,Open,Negative
S18,C10007,2025-12-08,Login,High,15,Resolved,Neutral
S19,C10007,2026-01-02,Technical,Medium,40,Resolved,Negative
S20,C10009,2026-05-24,Login,Medium,4,Resolved,Positive
S21,C10010,2025-09-23,Subscription,High,51,Resolved,Negative
S22,C10010,2025-10-08,Login,Low,63,Open,Negative
S23,C10010,2026-01-01,Login,Medium,9,Open,Positive
S24,C10011,2026-07-06,Payment,High,28,Resolved,Neutral
S25,C10011,2026-02-14,Billing,High,10,Resolved,Positive
S26,C10011,2026-06-17,Payment,High,11,Resolved,Positive
S27,C10011,2026-05-11,Technical,Medium,34,Open,Neutral
S28,C10011,2025-10-20,Billing,High,27,Open,Neutral
S29,C10015,2025-11-03,Subscription,High,46,Resolved,Negative
S30,C10015,2026-01-10,Technical,High,11,Resolved,Positive
S31,C10015,2026-07-06,Technical,Medium,13,Resolved,Neutral
S32,C10015,2026-03-28,Subscription,High,32,Resolved,Neutral
S33,C10015,2025-12-10,Subscription,Medium,23,Resolved,Neutral
S34,C10016,2026-03-20,Subscription,High,25,Open,Neutral
S35,C10018,2025-10-14,Login,Medium,10,Resolved,Positive
S36,C10018,2026-04-29,Payment,Medium,67,Open,Negative
S37,C10018,2026-06-20,Subscription,Medium,24,Open,Neutral
S38,C10019,2025-09-06,Login,High,51,Open,Negative
S39,C10019,2026-02-05,Billing,Low,72,Resolved,Negative
S40,C10020,2025-09-05,Payment,Medium,31,Resolved,Neutral
S41,C10021,2025-12-21,Technical,High,10,Resolved,Positive
S42,C10022,2026-01-07,Subscription,Medium,59,Resolved,Negative
S43,C10022,2026-07-18,Login,High,18,Resolved,Neutral
S44,C10022,2026-05-08,Technical,Medium,49,Open,Negative
S45,C10023,2026-06-17,Subscription,Medium,44,Resolved,Negative
S46,C10023,2026-04-24,Login,Low,40,Resolved,Negative
S47,C10024,2026-03-30,Payment,Medium,66,Open,Negative
S48,C10024,2025-11-11,Subscription,High,35,Resolved,Neutral
S49,C10025,2026-06-01,Subscription,Medium,26,Resolved,Neutral
S50,C10025,2026-02-17,Technical,Low,3,Resolved,Positive
S51,C10025,2026-04-01,Login,Medium,56,Resolved,Negative
S52,C10026,2025-09-25,Billing,High,63,Open,Negative
S53,C10027,2025-12-18,Technical,Low,4,Open,Positive
S54,C10030,2026-08-15,Technical,High,49,Open,Negative
S55,C10031,2026-03-02,Billing,Low,27,Resolved,Neutral
S56,C10031,2025-09-13,Technical,High,68,Resolved,Negative
S57,C10031,2026-01-10,Payment,Low,72,Resolved,Negative
S58,C10031,2026-05-15,Technical,Low,69,Resolved,Negative
S59,C10032,2026-06-15,Payment,Low,39,Open,Negative
S60,C10032,2026-02-15,Payment,Medium,4,Open,Positive
S61,C10032,2025-12-25,Technical,Low,19,Open,Neutral
S62,C10032,2026-04-25,Subscription,Low,23,Resolved,Neutral
S63,C10032,2026-06-28,Login,High,33,Resolved,Neutral
S64,C10033,2026-02-26,Payment,Medium,14,Resolved,Neutral
S65,C10033,2026-05-21,Technical,Low,58,Open,Negative
S66,C10033,2025-10-07,Technical,Low,63,Resolved,Negative
S67,C10033,2026-07-24,Payment,High,31,Resolved,Neutral
S68,C10034,2026-03-06,Payment,Medium,37,Open,Negative
S69,C10034,2025-10-26,Payment,High,45,Resolved,Negative
S70,C10034,2026-04-13,Subscription,Medium,46,Open,Negative
S71,C10034,2025-10-18,Billing,High,69,Resolved,Negative
S72,C10034,2025-11-05,Billing,Medium,62,Resolved,Negative
S73,C10035,2026-02-02,Login,Medium,35,Resolved,Neutral
S74,C10035,2026-04-06,Billing,High,3,Resolved,Positive
S75,C10035,2026-03-18,Subscription,High,61,Resolved,Negative
S76,C10035,2025-10-06,Login,Low,32,Open,Neutral
S77,C10035,2025-12-30,Billing,High,41,Resolved,Negative
S78,C10036,2026-07-16,Payment,Medium,7,Resolved,Positive
S79,C10036,2025-12-03,Payment,Medium,51,Resolved,Negative
S80,C10037,2025-11-25,Subscription,High,36,Open,Neutral
S81,C10038,2025-12-14,Login,High,62,Resolved,Negative
S82,C10040,2026-01-17,Payment,Medium,46,Resolved,Negative
S83,C10040,2025-11-26,Technical,Low,24,Resolved,Neutral
S84,C10040,2025-11-13,Login,Low,9,Open,Positive
S85,C10040,2026-03-30,Login,Medium,48,Open,Negative
S86,C10041,2025-12-24,Billing,Low,64,Open,Negative
S87,C10041,2026-07-14,Billing,Low,36,Open,Neutral
S88,C10041,2025-11-19,Technical,High,19,Open,Neutral
S89,C10042,2025-09-08,Payment,Low,34,Resolved,Neutral
S90,C10044,2026-04-25,Subscription,Low,39,Open,Negative
S91,C10044,2026-05-05,Billing,High,26,Resolved,Neutral
S92,C10044,2025-10-23,Payment,Medium,52,Resolved,Negative
S93,C10045,2026-02-09,Subscription,High,2,Open,Positive
S94,C10046,2026-04-21,Billing,High,6,Resolved,Positive
S95,C10046,2026-02-23,Billing,High,65,Resolved,Negative
S96,C10047,2026-03-15,Technical,Medium,60,Resolved,Negative
S97,C10047,2026-03-17,Technical,High,15,Resolved,Neutral
S98,C10047,2026-05-11,Technical,Low,16,Resolved,Neutral
S99,C10047,2025-11-15,Payment,High,39,Resolved,Negative
S100,C10047,2025-11-20,Payment,Medium,19,Open,Neutral
S101,C10048,2025-10-15,Login,High,70,Resolved,Negative
S102,C10048,2025-09-19,Login,Medium,50,Open,Negative
S103,C10048,2026-06-03,Subscription,High,53,Open,Negative
S104,C10048,2025-11-07,Login,High,21,Open,Neutral
S105,C10049,2026-08-19,Payment,Low,53,Resolved,Negative
S106,C10049,2026-06-25,Subscription,High,53,Resolved,Negative
S107,C10050,2025-09-19,Billing,High,48,Resolved,Negative
S108,C10050,2026-03-14,Subscription,Medium,60,Resolved,Negative
S109,C10050,2026-01-10,Subscription,High,42,Resolved,Negative
S110,C10053,2026-05-25,Payment,Low,68,Resolved,Negative
S111,C10054,2025-10-29,Subscription,High,55,Resolved,Negative
S112,C10054,2025-09-16,Billing,Medium,10,Resolved,Positive
S113,C10055,2026-05-07,Payment,High,56,Resolved,Negative
S114,C10055,2026-01-19,Technical,Low,28,Resolved,Neutral
S115,C10056,2026-02-02,Technical,Medium,17,Resolved,Neutral
S116,C10056,2025-12-09,Payment,High,11,Resolved,Positive
S117,C10056,2026-01-09,Technical,High,63,Open,Negative
S118,C10056,2026-04-26,Subscription,High,46,Open,Negative
S119,C10057,2026-03-22,Subscription,Low,2,Open,Positive
S120,C10060,2025-09-03,Technical,High,4,Resolved,Positive
S121,C10061,2025-11-12,Login,Low,68,Resolved,Negative
S122,C10061,2025-12-09,Billing,High,30,Resolved,Neutral
S123,C10061,2025-12-08,Login,Medium,7,Resolved,Positive
S124,C10061,2025-09-20,Billing,High,13,Resolved,Neutral
S125,C10062,2026-01-10,Subscription,High,54,Resolved,Negative
S126,C10062,2026-03-27,Login,High,9,Resolved,Positive
S127,C10062,2026-07-10,Subscription,High,14,Resolved,Neutral
S128,C10062,2026-01-17,Payment,High,41,Resolved,Negative
S129,C10062,2026-02-16,Technical,Low,49,Resolved,Negative
S130,C10064,2026-01-16,Login,High,67,Resolved,Negative
S131,C10064,2026-06-12,Billing,Medium,51,Resolved,Negative
S132,C10064,2026-04-27,Payment,High,20,Resolved,Neutral
S133,C10064,2026-07-13,Payment,High,21,Resolved,Neutral
S134,C10064,2026-01-19,Payment,Medium,35,Resolved,Neutral
S135,C10068,2025-09-30,Billing,Low,65,Resolved,Negative
S136,C10069,2026-04-14,Subscription,High,70,Resolved,Negative
S137,C10069,2026-07-13,Payment,Medium,39,Open,Negative
S138,C10069,2026-03-01,Subscription,Low,6,Resolved,Positive
S139,C10070,2026-06-17,Billing,Medium,41,Open,Negative
S140,C10071,2025-12-08,Billing,Medium,22,Open,Neutral
S141,C10071,2026-05-29,Billing,Low,46,Open,Negative
S142,C10071,2025-12-03,Technical,Medium,7,Resolved,Positive
S143,C10072,2026-06-28,Payment,Medium,56,Resolved,Negative
S144,C10072,2026-04-23,Payment,Medium,16,Open,Neutral
S145,C10073,2026-06-26,Billing,High,20,Open,Neutral
S146,C10073,2026-01-12,Billing,Medium,35,Open,Neutral
S147,C10073,2025-09-13,Payment,High,57,Resolved,Negative
S148,C10074,2025-12-06,Payment,Medium,47,Resolved,Negative
S149,C10075,2026-08-06,Payment,High,6,Open,Positive
S150,C10076,2025-12-24,Subscription,Medium,38,Open,Negative
S151,C10076,2026-06-19,Technical,High,37,Resolved,Negative
S152,C10077,2026-06-01,Login,Low,36,Open,Neutral
S153,C10077,2026-05-17,Technical,High,23,Resolved,Neutral
S154,C10077,2026-05-05,Technical,High,70,Resolved,Negative
S155,C10078,2026-05-15,Billing,High,52,Resolved,Negative
S156,C10078,2025-12-25,Login,Medium,71,Resolved,Negative
S157,C10080,2026-08-02,Login,High,12,Open,Positive
S158,C10080,2026-08-04,Billing,Low,34,Open,Neutral
S159,C10081,2026-05-31,Payment,Low,20,Open,Neutral
S160,C10081,2026-05-29,Technical,Low,53,Open,Negative
S161,C10081,2026-04-06,Login,Medium,40,Open,Negative
S162,C10081,2026-06-11,Technical,High,14,Resolved,Neutral
S163,C10081,2026-08-10,Payment,Low,42,Open,Negative
S164,C10082,2026-07-05,Technical,High,21,Resolved,Neutral
S165,C10083,2025-10-24,Subscription,Low,35,Resolved,Neutral
S166,C10083,2026-06-20,Login,Low,23,Resolved,Neutral
S167,C10084,2026-05-24,Payment,Low,15,Resolved,Neutral
S168,C10084,2025-09-06,Technical,High,57,Open,Negative
S169,C10084,2026-04-18,Payment,Medium,69,Open,Negative
S170,C10085,2026-01-22,Subscription,High,43,Resolved,Negative
S171,C10085,2025-12-17,Subscription,Low,29,Open,Neutral
S172,C10086,2026-01-02,Login,High,69,Resolved,Negative
S173,C10086,2026-01-19,Payment,Medium,44,Resolved,Negative
S174,C10086,2025-12-14,Billing,High,16,Resolved,Neutral
S175,C10087,2026-08-31,Subscription,High,9,Resolved,Positive
S176,C10087,2026-04-22,Billing,High,25,Open,Neutral
S177,C10087,2025-10-03,Subscription,High,66,Resolved,Negative
S178,C10087,2025-11-09,Technical,High,12,Resolved,Positive
S179,C10087,2026-06-19,Payment,High,23,Resolved,Neutral
S180,C10088,2026-03-23,Login,Low,64,Resolved,Negative
S181,C10089,2025-11-20,Subscription,High,3,Open,Positive
S182,C10089,2025-09-28,Login,Low,4,Resolved,Positive
S183,C10089,2026-07-21,Billing,Low,54,Resolved,Negative
S184,C10089,2025-10-08,Subscription,High,7,Open,Positive
S185,C10089,2026-07-10,Technical,Medium,53,Open,Negative
S186,C10090,2026-02-22,Subscription,High,48,Resolved,Negative
S187,C10090,2026-08-11,Login,High,16,Resolved,Neutral
S188,C10090,2026-05-28,Payment,Medium,9,Open,Positive
S189,C10091,2026-04-09,Billing,Low,6,Resolved,Positive
S190,C10091,2026-07-28,Billing,Low,38,Resolved,Negative
S191,C10091,2025-12-19,Billing,High,6,Resolved,Positive
S192,C10091,2026-08-26,Login,Medium,45,Resolved,Negative
S193,C10091,2026-08-12,Technical,High,54,Resolved,Negative
S194,C10092,2026-04-14,Payment,Medium,21,Resolved,Neutral
S195,C10093,2025-12-23,Billing,High,47,Open,Negative
S196,C10094,2026-08-16,Billing,Low,48,Open,Negative
S197,C10094,2025-12-13,Billing,Medium,41,Resolved,Negative
S198,C10095,2026-08-19,Subscription,Low,17,Open,Neutral
S199,C10095,2025-10-21,Subscription,High,14,Resolved,Neutral
S200,C10095,2025-11-10,Login,Medium,22,Resolved,Neutral
S201,C10095,2026-07-23,Technical,High,60,Resolved,Negative
S202,C10095,2026-03-18,Login,Low,30,Resolved,Neutral
S203,C10097,2025-11-30,Payment,Medium,63,Open,Negative
S204,C10097,2025-10-24,Billing,Medium,5,Resolved,Positive
S205,C10097,2026-04-30,Billing,Low,10,Resolved,Positive
S206,C10097,2026-05-04,Billing,Medium,55,Resolved,Negative
S207,C10097,2026-04-10,Payment,Low,11,Open,Positive
S208,C10099,2026-01-08,Payment,Medium,35,Resolved,Neutral
S209,C10099,2026-05-17,Payment,Medium,52,Open,Negative
S210,C10100,2026-03-13,Billing,High,51,Resolved,Negative
S211,C10100,2026-08-11,Technical,High,48,Resolved,Negative
S212,C10100,2026-02-25,Login,Medium,47,Resolved,Negative
S213,C10100,2026-08-05,Login,High,19,Resolved,Neutral
S214,C10100,2025-12-23,Login,High,17,Resolved,Neutral
S215,C10101,2025-10-30,Subscription,Medium,53,Resolved,Negative
S216,C10101,2026-02-17,Technical,Medium,69,Resolved,Negative
S217,C10101,2026-08-18,Login,Medium,16,Resolved,Neutral
S218,C10102,2026-08-15,Technical,High,35,Resolved,Neutral
S219,C10102,2026-08-11,Subscription,High,30,Open,Neutral
S220,C10103,2026-04-20,Login,High,3,Resolved,Positive
S221,C10103,2026-07-17,Payment,High,26,Resolved,Neutral
S222,C10104,2026-08-20,Subscription,Medium,14,Open,Neutral
S223,C10105,2026-02-06,Technical,Medium,1,Open,Positive
S224,C10105,2026-06-14,Technical,High,35,Resolved,Neutral
S225,C10105,2025-11-24,Login,Medium,33,Resolved,Neutral
S226,C10106,2025-09-01,Payment,Low,62,Open,Negative
S227,C10106,2026-07-27,Technical,Medium,16,Open,Neutral
S228,C10107,2025-12-17,Login,High,11,Resolved,Positive
S229,C10107,2026-04-26,Payment,High,2,Resolved,Positive
S230,C10108,2026-07-30,Technical,Low,40,Resolved,Negative
S231,C10108,2026-01-02,Billing,Low,71,Resolved,Negative
S232,C10108,2026-07-16,Billing,Medium,39,Open,Negative
S233,C10110,2026-05-09,Payment,Medium,34,Resolved,Neutral
S234,C10112,2026-01-10,Subscription,Low,16,Open,Neutral
S235,C10112,2025-09-09,Billing,High,2,Resolved,Positive
S236,C10112,2026-04-08,Payment,Medium,57,Resolved,Negative
S237,C10112,2026-07-04,Subscription,Low,46,Open,Negative
S238,C10113,2026-08-03,Billing,High,57,Resolved,Negative
S239,C10114,2025-12-27,Billing,Medium,24,Resolved,Neutral
S240,C10114,2026-02-18,Login,Medium,51,Resolved,Negative
S241,C10114,2026-03-25,Payment,High,15,Open,Neutral
S242,C10114,2026-05-11,Billing,Medium,69,Resolved,Negative
S243,C10114,2026-05-19,Payment,High,8,Resolved,Positive
S244,C10115,2026-01-25,Payment,High,12,Resolved,Positive
S245,C10115,2026-06-02,Login,Medium,56,Resolved,Negative
S246,C10115,2025-12-19,Billing,Medium,48,Resolved,Negative
S247,C10116,2025-09-26,Technical,High,66,Resolved,Negative
S248,C10116,2026-08-08,Technical,Medium,22,Resolved,Neutral
S249,C10117,2026-02-15,Subscription,Medium,45,Resolved,Negative
S250,C10117,2025-11-15,Payment,Low,6,Open,Positive
S251,C10117,2026-03-31,Login,Low,61,Resolved,Negative
S252,C10117,2026-04-02,Payment,Medium,11,Open,Positive
S253,C10118,2026-07-20,Billing,Low,1,Resolved,Positive
S254,C10118,2025-11-04,Billing,High,5,Resolved,Positive
S255,C10119,2026-03-15,Billing,High,16,Resolved,Neutral
S256,C10119,2026-05-18,Payment,Low,44,Open,Negative
S257,C10119,2026-08-22,Billing,Low,13,Open,Neutral
S258,C10119,2025-09-24,Billing,High,53,Resolved,Negative
S259,C10120,2025-09-05,Technical,High,16,Open,Neutral
S260,C10121,2026-06-07,Technical,Low,20,Open,Neutral
S261,C10122,2026-01-08,Login,Medium,70,Open,Negative
S262,C10123,2026-06-06,Login,Medium,44,Resolved,Negative
S263,C10123,2026-07-21,Payment,Low,36,Resolved,Neutral
S264,C10123,2026-04-06,Subscription,Medium,49,Resolved,Negative
S265,C10123,2026-06-21,Payment,High,9,Open,Positive
S266,C10125,2025-11-01,Login,Low,57,Resolved,Negative
S267,C10125,2026-01-13,Subscription,Low,35,Open,Neutral
S268,C10125,2025-10-09,Subscription,Low,39,Open,Negative
S269,C10126,2025-11-02,Billing,Medium,30,Open,Neutral
S270,C10126,2025-10-10,Login,High,24,Open,Neutral
S271,C10126,2025-10-16,Login,High,16,Resolved,Neutral
S272,C10128,2026-08-04,Login,High,66,Resolved,Negative
S273,C10128,2026-08-19,Subscription,Low,14,Resolved,Neutral
S274,C10129,2026-03-14,Subscription,Medium,69,Open,Negative
S275,C10129,2026-04-17,Technical,Low,47,Open,Negative
S276,C10129,2026-06-09,Login,Medium,18,Resolved,Neutral
S277,C10131,2026-08-06,Login,High,42,Resolved,Negative
S278,C10131,2025-12-18,Payment,Low,37,Open,Negative
S279,C10133,2026-01-26,Billing,Low,33,Open,Neutral
S280,C10133,2025-10-31,Payment,Low,20,Resolved,Neutral
S281,C10133,2025-12-04,Subscription,Medium,58,Resolved,Negative
S282,C10133,2025-10-10,Login,Low,61,Open,Negative
S283,C10133,2025-10-02,Subscription,Medium,30,Resolved,Neutral
S284,C10135,2026-02-15,Subscription,Low,36,Open,Neutral
S285,C10135,2026-08-12,Subscription,Low,58,Resolved,Negative
S286,C10135,2026-01-24,Technical,High,62,Open,Negative
S287,C10136,2026-01-21,Billing,High,32,Resolved,Neutral
S288,C10136,2026-07-18,Payment,Low,34,Open,Neutral
S289,C10136,2026-08-14,Subscription,Low,59,Resolved,Negative
S290,C10136,2026-07-22,Subscription,Medium,66,Open,Negative
S291,C10136,2026-01-21,Subscription,High,21,Resolved,Neutral
S292,C10137,2026-01-29,Billing,Low,46,Resolved,Negative
S293,C10137,2025-11-25,Login,Low,62,Resolved,Negative
S294,C10137,2026-08-12,Technical,Medium,25,Resolved,Neutral
S295,C10138,2026-05-02,Billing,High,67,Resolved,Negative
S296,C10138,2026-02-12,Subscription,Medium,11,Resolved,Positive
S297,C10138,2026-08-03,Login,Low,34,Resolved,Neutral
S298,C10138,2025-11-25,Billing,Low,17,Resolved,Neutral
S299,C10140,2025-08-31,Billing,Medium,61,Open,Negative
S300,C10140,2025-09-18,Payment,Medium,61,Resolved,Negative
S301,C10140,2026-08-29,Payment,Medium,69,Resolved,Negative
S302,C10140,2026-05-22,Payment,High,5,Open,Positive
S303,C10140,2025-12-23,Billing,High,55,Resolved,Negative
S304,C10141,2026-07-15,Subscription,Medium,69,Resolved,Negative
S305,C10141,2026-05-21,Billing,Low,24,Open,Neutral
S306,C10141,2026-07-12,Billing,High,39,Resolved,Negative
S307,C10141,2025-11-14,Subscription,Low,21,Open,Neutral
S308,C10141,2025-11-17,Subscription,High,63,Resolved,Negative
S309,C10142,2026-01-02,Login,High,20,Resolved,Neutral
S310,C10143,2026-04-13,Billing,High,25,Open,Neutral
S311,C10143,2026-07-28,Subscription,Low,69,Resolved,Negative
S312,C10143,2026-08-04,Technical,Low,35,Resolved,Neutral
S313,C10143,2025-09-15,Technical,Medium,53,Resolved,Negative
S314,C10143,2025-09-30,Login,Low,31,Resolved,Neutral
S315,C10145,2026-01-13,Payment,Low,37,Open,Negative
S316,C10145,2026-01-31,Technical,Medium,35,Resolved,Neutral
S317,C10145,2026-07-16,Payment,Low,9,Resolved,Positive
S318,C10145,2025-12-23,Subscription,Medium,40,Open,Negative
S319,C10146,2025-09-04,Subscription,Medium,12,Resolved,Positive
S320,C10147,2026-02-25,Login,Low,64,Resolved,Negative
S321,C10147,2026-05-16,Billing,Medium,28,Resolved,Neutral
S322,C10147,2026-08-13,Billing,Medium,23,Resolved,Neutral
S323,C10148,2026-05-02,Technical,High,48,Resolved,Negative
S324,C10148,2026-01-19,Payment,High,28,Resolved,Neutral
S325,C10148,2026-07-22,Billing,High,12,Resolved,Positive
S326,C10150,2026-06-20,Payment,Medium,24,Resolved,Neutral
S327,C10150,2026-01-05,Subscription,Medium,65,Resolved,Negative
S328,C10151,2026-06-05,Billing,High,10,Open,Positive
S329,C10151,2026-02-03,Billing,High,3,Open,Positive
S330,C10151,2026-04-08,Subscription,Low,27,Open,Neutral
S331,C10151,2025-12-19,Technical,High,2,Resolved,Positive
S332,C10151,2026-07-26,Login,Low,68,Open,Negative
S333,C10153,2025-10-05,Payment,Low,34,Resolved,Neutral
S334,C10153,2025-12-11,Technical,Medium,67,Open,Negative
S335,C10153,2026-08-27,Subscription,High,46,Resolved,Negative
S336,C10153,2026-01-29,Subscription,Medium,65,Open,Negative
S337,C10153,2026-06-09,Billing,Low,7,Resolved,Positive
S338,C10154,2026-08-19,Billing,Medium,20,Resolved,Neutral
S339,C10154,2026-02-19,Billing,High,1,Resolved,Positive
S340,C10154,2025-11-20,Billing,Medium,21,Resolved,Neutral
S341,C10154,2026-01-10,Payment,Medium,45,Open,Negative
S342,C10155,2026-04-28,Login,High,37,Resolved,Negative
S343,C10156,2025-10-26,Technical,High,55,Resolved,Negative
S344,C10156,2026-05-26,Payment,Medium,34,Open,Neutral
S345,C10159,2026-03-14,Technical,Medium,65,Resolved,Negative
S346,C10159,2025-11-14,Billing,Low,68,Resolved,Negative
S347,C10161,2026-06-07,Subscription,Low,37,Resolved,Negative
S348,C10161,2026-05-21,Login,Low,28,Resolved,Neutral
S349,C10161,2026-07-20,Payment,Low,45,Resolved,Negative
S350,C10162,2026-04-27,Billing,Low,4,Open,Positive
S351,C10162,2026-01-26,Billing,Medium,64,Resolved,Negative
S352,C10162,2026-07-12,Billing,High,34,Resolved,Neutral
S353,C10162,2025-10-27,Payment,Medium,47,Open,Negative
S354,C10163,2026-01-21,Login,High,18,Open,Neutral
S355,C10163,2026-06-20,Login,Low,45,Resolved,Negative
S356,C10163,2026-03-03,Subscription,Medium,41,Open,Negative
S357,C10163,2026-08-03,Billing,Medium,46,Open,Negative
S358,C10163,2026-02-24,Subscription,High,25,Resolved,Neutral
S359,C10165,2025-12-10,Technical,Medium,52,Resolved,Negative
S360,C10165,2026-05-29,Payment,Medium,67,Resolved,Negative
S361,C10165,2025-10-09,Billing,High,64,Resolved,Negative
S362,C10166,2026-05-13,Technical,Medium,59,Resolved,Negative
S363,C10166,2026-01-30,Technical,High,61,Resolved,Negative
S364,C10166,2025-10-17,Technical,Low,67,Open,Negative
S365,C10166,2026-07-10,Login,Medium,33,Resolved,Neutral
S366,C10166,2026-07-15,Technical,High,47,Resolved,Negative
S367,C10167,2026-08-10,Billing,Medium,21,Open,Neutral
S368,C10167,2026-02-11,Subscription,Medium,30,Resolved,Neutral
S369,C10168,2026-08-23,Billing,Medium,28,Open,Neutral
S370,C10169,2026-07-14,Technical,Low,67,Open,Negative
S371,C10169,2026-01-19,Subscription,Low,2,Resolved,Positive
S372,C10169,2026-02-08,Subscription,High,5,Resolved,Positive
S373,C10170,2026-05-24,Billing,Low,48,Open,Negative
S374,C10170,2026-01-30,Technical,High,28,Resolved,Neutral
S375,C10170,2026-06-18,Login,Medium,34,Open,Neutral
S376,C10170,2025-12-31,Payment,Medium,53,Open,Negative
S377,C10171,2026-08-16,Payment,Low,40,Resolved,Negative
S378,C10171,2026-02-26,Login,High,23,Resolved,Neutral
S379,C10171,2026-02-03,Login,High,61,Resolved,Negative
S380,C10172,2025-12-29,Login,Low,69,Open,Negative
S381,C10172,2025-09-05,Login,High,32,Resolved,Neutral
S382,C10173,2026-02-01,Payment,Low,9,Resolved,Positive
S383,C10173,2025-11-21,Billing,High,45,Resolved,Negative
S384,C10173,2025-12-03,Technical,Medium,35,Resolved,Neutral
S385,C10173,2026-01-26,Technical,Low,65,Open,Negative
S386,C10173,2026-01-16,Technical,High,33,Resolved,Neutral
S387,C10174,2026-01-10,Technical,Medium,47,Resolved,Negative
S388,C10174,2026-03-16,Billing,High,30,Resolved,Neutral
S389,C10174,2026-01-30,Billing,Medium,62,Resolved,Negative
S390,C10177,2025-10-14,Billing,High,31,Resolved,Neutral
S391,C10178,2026-02-20,Payment,High,51,Resolved,Negative
S392,C10178,2025-10-14,Billing,High,27,Open,Neutral
S393,C10178,2025-10-02,Payment,Medium,8,Resolved,Positive
S394,C10178,2025-09-21,Technical,Medium,23,Resolved,Neutral
S395,C10178,2026-02-11,Subscription,Low,44,Resolved,Negative
S396,C10179,2026-04-09,Technical,Medium,56,Resolved,Negative
S397,C10179,2026-07-16,Login,Medium,61,Resolved,Negative
S398,C10179,2026-02-05,Billing,Low,9,Open,Positive
S399,C10180,2026-02-25,Login,Medium,67,Resolved,Negative
S400,C10180,2026-04-09,Payment,Medium,35,Resolved,Neutral
S401,C10180,2026-01-29,Payment,Low,8,Resolved,Positive
S402,C10181,2026-04-20,Login,High,2,Open,Positive
S403,C10181,2025-11-26,Billing,Low,47,Resolved,Negative
S404,C10181,2026-04-27,Subscription,Low,30,Open,Neutral
S405,C10181,2026-08-09,Payment,Low,57,Open,Negative
S406,C10182,2025-11-10,Payment,High,34,Open,Neutral
S407,C10182,2025-12-18,Payment,Low,20,Resolved,Neutral
S408,C10182,2026-08-12,Payment,Low,40,Resolved,Negative
S409,C10185,2026-04-15,Subscription,Medium,52,Resolved,Negative
S410,C10185,2026-05-07,Payment,Low,33,Resolved,Neutral
S411,C10185,2026-02-04,Billing,Low,26,Open,Neutral
S412,C10185,2026-08-26,Technical,Low,35,Resolved,Neutral
S413,C10186,2025-10-29,Billing,Low,32,Open,Neutral
S414,C10186,2025-11-27,Subscription,Low,19,Open,Neutral
S415,C10186,2025-12-29,Billing,Low,52,Resolved,Negative
S416,C10186,2025-12-19,Technical,High,28,Resolved,Neutral
S417,C10186,2025-11-17,Billing,High,12,Resolved,Positive
S418,C10187,2026-02-11,Subscription,Low,9,Open,Positive
S419,C10187,2026-04-21,Billing,High,55,Open,Negative
S420,C10187,2026-08-22,Technical,Low,4,Open,Positive
S421,C10187,2025-11-05,Payment,Medium,59,Resolved,Negative
S422,C10187,2026-03-14,Billing,Low,47,Resolved,Negative
S423,C10188,2026-08-18,Login,High,58,Resolved,Negative
S424,C10189,2025-12-31,Subscription,Low,54,Open,Negative
S425,C10189,2025-10-02,Subscription,Medium,2,Resolved,Positive
S426,C10189,2026-01-11,Payment,Low,70,Open,Negative
S427,C10189,2026-02-08,Payment,Medium,45,Resolved,Negative
S428,C10189,2025-11-11,Login,Low,68,Resolved,Negative
S429,C10192,2026-06-03,Subscription,Medium,38,Resolved,Negative
S430,C10192,2026-03-23,Payment,High,47,Resolved,Negative
S431,C10193,2025-11-19,Billing,Medium,70,Open,Negative
S432,C10193,2026-03-11,Technical,Medium,55,Open,Negative
S433,C10193,2026-04-20,Technical,Low,59,Resolved,Negative
S434,C10194,2026-06-26,Payment,Low,5,Resolved,Positive
S435,C10194,2025-12-19,Billing,Low,65,Resolved,Negative
S436,C10195,2026-02-19,Payment,High,25,Open,Neutral
S437,C10195,2026-02-20,Technical,Low,51,Resolved,Negative
S438,C10195,2026-05-02,Login,Medium,23,Resolved,Neutral
S439,C10195,2025-12-21,Subscription,Medium,5,Open,Positive
S440,C10195,2025-09-26,Technical,High,64,Resolved,Negative
S441,C10196,2026-03-13,Technical,Low,15,Resolved,Neutral
S442,C10197,2026-06-13,Subscription,High,23,Resolved,Neutral
S443,C10197,2025-11-22,Billing,Medium,54,Resolved,Negative
S444,C10197,2025-11-25,Subscription,High,11,Open,Positive
S445,C10197,2026-05-29,Login,Medium,56,Resolved,Negative
S446,C10197,2025-12-05,Login,High,65,Resolved,Negative
S447,C10198,2026-02-08,Technical,High,66,Resolved,Negative
S448,C10198,2026-06-14,Technical,Low,33,Open,Neutral
S449,C10198,2026-08-31,Technical,High,50,Open,Negative
S450,C10199,2025-09-21,Billing,Medium,2,Resolved,Positive
S451,C10199,2025-10-14,Payment,Low,19,Open,Neutral
S452,C10199,2025-09-20,Billing,Low,56,Resolved,Negative
S453,C10199,2026-03-01,Login,Low,8,Open,Positive
S454,C10200,2026-03-27,Billing,Medium,26,Resolved,Neutral
S455,C10200,2026-02-12,Login,Medium,52,Resolved,Negative
S456,C10201,2026-03-04,Payment,Medium,40,Resolved,Negative
S457,C10202,2026-01-26,Billing,Medium,8,Resolved,Positive
S458,C10202,2026-06-27,Payment,High,72,Resolved,Negative
S459,C10203,2026-05-23,Billing,High,41,Open,Negative
S460,C10203,2025-09-17,Technical,Medium,66,Resolved,Negative
S461,C10203,2026-01-20,Payment,Medium,57,Open,Negative
S462,C10203,2025-11-22,Payment,Low,15,Resolved,Neutral
S463,C10204,2025-12-18,Payment,Medium,5,Resolved,Positive
S464,C10204,2026-06-16,Technical,Low,66,Open,Negative
S465,C10205,2026-01-08,Payment,Medium,57,Resolved,Negative
S466,C10206,2025-09-14,Billing,Low,6,Open,Positive
S467,C10206,2025-11-18,Login,High,40,Resolved,Negative
S468,C10206,2026-01-05,Login,Medium,45,Open,Negative
S469,C10206,2026-08-27,Payment,Medium,46,Resolved,Negative
S470,C10206,2026-03-31,Payment,Medium,34,Resolved,Neutral
S471,C10207,2026-07-23,Payment,Low,17,Open,Neutral
S472,C10207,2026-05-26,Subscription,High,33,Resolved,Neutral
S473,C10207,2026-06-29,Technical,High,48,Open,Negative
S474,C10207,2025-10-08,Technical,Medium,24,Open,Neutral
S475,C10208,2026-02-13,Subscription,Low,72,Resolved,Negative
S476,C10208,2026-05-19,Subscription,Medium,23,Resolved,Neutral
S477,C10208,2026-06-14,Billing,High,53,Resolved,Negative
S478,C10209,2026-07-10,Technical,Low,23,Open,Neutral
S479,C10209,2026-05-15,Login,Low,51,Open,Negative
S480,C10209,2026-05-15,Subscription,Medium,22,Open,Neutral
S481,C10209,2026-01-18,Payment,Medium,40,Open,Negative
S482,C10209,2026-08-23,Billing,Medium,40,Open,Negative
S483,C10210,2025-12-29,Billing,Low,48,Resolved,Negative
S484,C10211,2026-04-25,Technical,Medium,56,Open,Negative
S485,C10212,2026-06-07,Technical,Low,6,Resolved,Positive
S486,C10212,2026-08-10,Payment,Medium,53,Resolved,Negative
S487,C10212,2026-03-28,Billing,High,34,Open,Neutral
S488,C10213,2026-05-01,Technical,Low,2,Resolved,Positive
S489,C10213,2026-08-19,Subscription,Low,5,Open,Positive
S490,C10214,2026-05-05,Technical,High,23,Open,Neutral
S491,C10214,2025-09-21,Billing,High,56,Open,Negative
S492,C10214,2026-05-01,Subscription,Low,8,Resolved,Positive
S493,C10214,2026-05-21,Technical,High,1,Open,Positive
S494,C10214,2026-01-30,Billing,Medium,7,Resolved,Positive
S495,C10215,2025-10-12,Billing,Low,44,Resolved,Negative
S496,C10215,2026-03-17,Payment,Medium,63,Resolved,Negative
S497,C10215,2026-07-25,Login,Medium,24,Open,Neutral
S498,C10215,2025-12-30,Login,High,33,Open,Neutral
S499,C10216,2026-01-26,Billing,Medium,51,Resolved,Negative
S500,C10216,2025-12-26,Billing,High,72,Open,Negative
S501,C10217,2026-04-03,Technical,Medium,1,Open,Positive
S502,C10217,2026-07-03,Subscription,Medium,59,Resolved,Negative
S503,C10217,2026-07-28,Payment,High,10,Resolved,Positive
S504,C10217,2026-03-10,Technical,Low,64,Resolved,Negative
S505,C10217,2026-01-24,Login,Medium,4,Open,Positive
S506,C10218,2025-09-02,Login,High,36,Resolved,Neutral
S507,C10218,2026-03-22,Payment,Medium,24,Resolved,Neutral
S508,C10218,2026-05-17,Technical,High,65,Open,Negative
S509,C10218,2026-01-22,Login,Low,68,Resolved,Negative
S510,C10219,2026-07-29,Login,High,13,Open,Neutral
S511,C10219,2026-02-22,Login,Medium,31,Open,Neutral
S512,C10219,2026-08-16,Billing,Medium,32,Resolved,Neutral
S513,C10220,2026-01-29,Subscription,Medium,15,Resolved,Neutral
S514,C10220,2025-12-27,Subscription,High,36,Resolved,Neutral
S515,C10221,2026-02-13,Subscription,Low,15,Open,Neutral
S516,C10221,2026-07-07,Subscription,Medium,55,Resolved,Negative
S517,C10222,2026-07-21,Billing,Medium,59,Resolved,Negative
S518,C10222,2025-09-09,Subscription,High,53,Open,Negative
S519,C10222,2025-11-18,Payment,High,59,Open,Negative
S520,C10223,2026-07-27,Technical,High,26,Resolved,Neutral
S521,C10223,2026-01-23,Billing,Medium,23,Resolved,Neutral
S522,C10223,2026-08-06,Billing,High,11,Resolved,Positive
S523,C10224,2026-08-07,Billing,Low,10,Resolved,Positive
S524,C10224,2025-11-17,Billing,Medium,11,Resolved,Positive
S525,C10224,2026-05-14,Technical,Low,50,Resolved,Negative
S526,C10224,2025-11-04,Billing,Low,2,Resolved,Positive
S527,C10224,2026-08-08,Technical,Medium,50,Resolved,Negative
S528,C10225,2025-12-18,Login,Medium,31,Resolved,Neutral
S529,C10225,2025-10-20,Subscription,Medium,55,Open,Negative
S530,C10225,2026-03-27,Payment,Medium,43,Resolved,Negative
S531,C10226,2026-06-29,Billing,High,33,Resolved,Neutral
S532,C10227,2026-02-14,Login,High,40,Open,Negative
S533,C10227,2026-02-04,Billing,Low,57,Resolved,Negative
S534,C10227,2025-11-08,Payment,Medium,40,Resolved,Negative
S535,C10227,2025-10-25,Billing,Low,58,Resolved,Negative
S536,C10227,2026-03-12,Login,High,8,Resolved,Positive
S537,C10228,2025-10-08,Technical,Low,28,Resolved,Neutral
S538,C10229,2026-08-21,Technical,Medium,15,Resolved,Neutral
S539,C10229,2026-04-29,Billing,Medium,45,Resolved,Negative
S540,C10229,2026-05-01,Payment,Medium,31,Open,Neutral
S541,C10229,2025-10-25,Technical,High,7,Resolved,Positive
S542,C10229,2025-10-03,Technical,High,48,Resolved,Negative
S543,C10230,2026-02-24,Technical,Medium,18,Resolved,Neutral
S544,C10230,2025-11-25,Subscription,Medium,12,Resolved,Positive
S545,C10230,2026-02-06,Subscription,Low,14,Resolved,Neutral
S546,C10231,2026-01-28,Subscription,Low,24,Resolved,Neutral
S547,C10231,2026-06-17,Billing,Medium,51,Resolved,Negative
S548,C10232,2026-01-08,Billing,Medium,52,Resolved,Negative
S549,C10232,2026-02-16,Payment,Medium,63,Resolved,Negative
S550,C10232,2026-02-09,Billing,Low,50,Open,Negative
S551,C10233,2026-02-24,Login,High,60,Resolved,Negative
S552,C10233,2025-11-28,Billing,Low,4,Resolved,Positive
S553,C10234,2026-04-23,Login,Low,6,Resolved,Positive
S554,C10234,2025-09-21,Technical,High,63,Resolved,Negative
S555,C10234,2026-01-24,Technical,High,22,Resolved,Neutral
S556,C10234,2026-08-20,Billing,High,49,Open,Negative
S557,C10234,2026-05-22,Subscription,Medium,38,Open,Negative
S558,C10235,2026-06-28,Subscription,Low,22,Resolved,Neutral
S559,C10235,2026-07-23,Subscription,Medium,61,Open,Negative
S560,C10235,2025-09-17,Login,Medium,60,Resolved,Negative
S561,C10235,2026-08-27,Payment,High,48,Open,Negative
S562,C10235,2026-03-08,Subscription,High,44,Resolved,Negative
S563,C10236,2026-08-16,Payment,Low,45,Open,Negative
S564,C10236,2025-10-31,Billing,High,31,Resolved,Neutral
S565,C10236,2026-03-12,Payment,Medium,45,Resolved,Negative
S566,C10236,2026-05-22,Subscription,Low,71,Resolved,Negative
S567,C10237,2026-03-11,Subscription,Low,21,Resolved,Neutral
S568,C10237,2026-06-21,Payment,Medium,44,Resolved,Negative
S569,C10237,2025-11-02,Subscription,Medium,18,Resolved,Neutral
S570,C10238,2026-08-26,Payment,Medium,58,Open,Negative
S571,C10239,2026-07-02,Technical,High,32,Resolved,Neutral
S572,C10239,2026-05-16,Payment,Low,56,Open,Negative
S573,C10239,2025-11-14,Login,Low,2,Resolved,Positive
S574,C10239,2026-02-07,Subscription,High,62,Resolved,Negative
S575,C10240,2026-01-23,Payment,High,69,Open,Negative
S576,C10240,2026-06-03,Payment,High,12,Resolved,Positive
S577,C10240,2026-02-20,Technical,Medium,10,Resolved,Positive
S578,C10241,2026-02-07,Payment,Low,30,Resolved,Neutral
S579,C10241,2025-09-29,Payment,Medium,42,Resolved,Negative
S580,C10241,2025-12-09,Technical,Low,68,Open,Negative
S581,C10241,2026-02-25,Login,Low,49,Resolved,Negative
S582,C10241,2026-05-29,Login,Medium,18,Open,Neutral
S583,C10243,2026-02-14,Subscription,High,70,Open,Negative
S584,C10243,2026-02-06,Payment,High,38,Resolved,Negative
S585,C10244,2026-01-14,Login,Low,58,Open,Negative
S586,C10244,2026-05-27,Billing,Medium,68,Resolved,Negative
S587,C10244,2026-07-08,Technical,High,67,Open,Negative
S588,C10245,2026-06-15,Technical,High,23,Open,Neutral
S589,C10246,2026-03-01,Technical,High,31,Resolved,Neutral
S590,C10246,2026-05-02,Login,High,62,Resolved,Negative
S591,C10246,2025-10-15,Payment,High,11,Resolved,Positive
S592,C10247,2026-02-08,Technical,Medium,59,Resolved,Negative
S593,C10247,2025-12-08,Billing,High,72,Open,Negative
S594,C10248,2025-09-10,Payment,High,62,Resolved,Negative
S595,C10248,2026-08-14,Payment,Low,70,Open,Negative
S596,C10248,2025-10-30,Login,High,44,Resolved,Negative
S597,C10248,2025-10-31,Subscription,Low,34,Resolved,Neutral
S598,C10248,2026-01-31,Login,Low,65,Resolved,Negative
S599,C10249,2025-10-12,Billing,Medium,54,Open,Negative
S600,C10249,2026-06-04,Billing,Low,12,Resolved,Positive
S601,C10249,2026-05-14,Payment,Medium,19,Resolved,Neutral
S602,C10249,2026-06-14,Login,Medium,45,Open,Negative
S603,C10249,2025-10-19,Technical,Medium,35,Open,Neutral
S604,C10250,2026-07-14,Billing,Medium,25,Open,Neutral
S605,C10251,2025-11-15,Login,High,44,Resolved,Negative
S606,C10251,2025-12-08,Subscription,High,33,Open,Neutral
S607,C10251,2026-07-31,Payment,Medium,54,Resolved,Negative
S608,C10251,2026-08-21,Login,High,38,Open,Negative
S609,C10251,2026-04-14,Technical,Low,9,Resolved,Positive
S610,C10252,2026-06-01,Payment,Low,24,Resolved,Neutral
S611,C10253,2025-12-08,Subscription,Medium,59,Open,Negative
S612,C10253,2026-07-13,Payment,Medium,56,Resolved,Negative
S613,C10254,2026-08-26,Payment,Low,40,Resolved,Negative
S614,C10254,2026-01-09,Subscription,High,32,Resolved,Neutral
S615,C10254,2026-06-09,Login,Low,24,Resolved,Neutral
S616,C10254,2026-02-21,Billing,Medium,35,Open,Neutral
S617,C10254,2025-11-06,Payment,Medium,55,Open,Negative
S618,C10258,2025-12-12,Login,High,67,Resolved,Negative
S619,C10258,2026-05-25,Login,Medium,66,Resolved,Negative
S620,C10258,2025-12-10,Payment,Medium,43,Resolved,Negative
S621,C10258,2026-04-18,Login,Low,57,Open,Negative
S622,C10258,2025-10-03,Subscription,Medium,38,Open,Negative
S623,C10259,2026-02-23,Subscription,High,3,Resolved,Positive
S624,C10259,2026-02-14,Technical,Medium,69,Open,Negative
S625,C10259,2025-12-14,Login,High,37,Resolved,Negative
S626,C10259,2026-03-27,Subscription,High,63,Open,Negative
S627,C10262,2026-06-05,Billing,Medium,32,Resolved,Neutral
S628,C10262,2026-08-18,Subscription,Low,44,Resolved,Negative
S629,C10262,2025-11-10,Billing,Low,59,Resolved,Negative
S630,C10263,2026-02-11,Login,Low,52,Resolved,Negative
S631,C10263,2025-10-07,Payment,Low,69,Open,Negative
S632,C10263,2025-12-25,Subscription,Medium,19,Resolved,Neutral
S633,C10263,2026-07-07,Technical,Low,58,Resolved,Negative
S634,C10264,2026-03-23,Technical,High,31,Open,Neutral
S635,C10265,2026-05-05,Technical,High,36,Resolved,Neutral
S636,C10265,2025-09-28,Login,Medium,28,Resolved,Neutral
S637,C10266,2025-09-10,Technical,Medium,55,Open,Negative
S638,C10266,2026-04-12,Technical,Low,3,Resolved,Positive
S639,C10267,2026-04-19,Login,Medium,15,Resolved,Neutral
S640,C10268,2026-08-17,Payment,Medium,13,Open,Neutral
S641,C10269,2026-08-23,Technical,High,40,Open,Negative
S642,C10269,2026-01-10,Payment,High,3,Resolved,Positive
S643,C10269,2026-08-22,Technical,Low,44,Resolved,Negative
S644,C10269,2026-05-08,Subscription,High,48,Resolved,Negative
S645,C10270,2026-03-04,Login,Low,7,Open,Positive
S646,C10270,2026-03-18,Billing,High,50,Resolved,Negative
S647,C10270,2026-07-10,Login,Medium,69,Resolved,Negative
S648,C10270,2025-09-27,Subscription,Medium,3,Resolved,Positive
S649,C10271,2026-04-06,Billing,High,27,Resolved,Neutral
S650,C10271,2025-12-03,Billing,High,44,Open,Negative
S651,C10271,2025-11-18,Subscription,Low,40,Resolved,Negative
S652,C10271,2026-03-20,Technical,High,39,Resolved,Negative
S653,C10272,2026-05-05,Subscription,Low,63,Resolved,Negative
S654,C10272,2026-06-22,Billing,High,24,Resolved,Neutral
S655,C10272,2025-09-06,Payment,Medium,47,Resolved,Negative
S656,C10272,2026-03-09,Subscription,Low,9,Open,Positive
S657,C10273,2025-09-04,Payment,Low,24,Resolved,Neutral
S658,C10273,2025-11-24,Payment,High,61,Resolved,Negative
S659,C10273,2026-05-03,Technical,Low,33,Resolved,Neutral
S660,C10273,2025-12-01,Technical,Medium,47,Resolved,Negative
S661,C10273,2026-06-17,Billing,Low,50,Resolved,Negative
S662,C10274,2025-10-14,Payment,High,72,Open,Negative
S663,C10274,2026-01-14,Login,Medium,64,Resolved,Negative
S664,C10274,2026-01-30,Technical,High,50,Open,Negative
S665,C10274,2026-06-23,Technical,Medium,14,Resolved,Neutral
S666,C10275,2026-02-09,Subscription,Medium,39,Open,Negative
S667,C10275,2026-03-06,Payment,Medium,51,Resolved,Negative
S668,C10275,2025-09-03,Billing,Medium,24,Open,Neutral
S669,C10275,2026-01-10,Billing,High,54,Open,Negative
S670,C10275,2025-11-14,Payment,High,64,Resolved,Negative
S671,C10276,2026-07-17,Billing,High,7,Resolved,Positive
S672,C10276,2025-12-05,Billing,Medium,38,Resolved,Negative
S673,C10276,2026-05-09,Subscription,Medium,5,Resolved,Positive
S674,C10276,2026-07-21,Billing,Medium,72,Resolved,Negative
S675,C10276,2026-05-18,Payment,Low,54,Resolved,Negative
S676,C10277,2025-09-15,Payment,Low,10,Open,Positive
S677,C10277,2026-03-25,Technical,Low,66,Resolved,Negative
S678,C10277,2026-06-30,Login,High,62,Open,Negative
S679,C10278,2026-01-05,Billing,High,16,Open,Neutral
S680,C10279,2025-10-03,Subscription,Low,31,Resolved,Neutral
S681,C10279,2026-04-20,Billing,Low,19,Open,Neutral
S682,C10279,2026-03-26,Billing,Medium,4,Open,Positive
S683,C10279,2025-11-16,Payment,Low,26,Resolved,Neutral
S684,C10280,2026-03-29,Payment,High,46,Resolved,Negative
S685,C10280,2026-05-20,Login,Medium,19,Open,Neutral
S686,C10280,2026-01-27,Billing,Medium,39,Open,Negative
S687,C10280,2025-09-22,Billing,Medium,55,Resolved,Negative
S688,C10280,2026-02-01,Login,Low,64,Resolved,Negative
S689,C10282,2026-04-08,Technical,High,64,Resolved,Negative
S690,C10282,2026-02-03,Subscription,Low,60,Resolved,Negative
S691,C10283,2026-05-25,Payment,High,21,Open,Neutral
S692,C10283,2025-11-09,Login,Medium,16,Resolved,Neutral
S693,C10283,2025-12-28,Technical,Medium,44,Open,Negative
S694,C10283,2026-04-27,Login,Medium,70,Open,Negative
S695,C10284,2026-03-31,Payment,Medium,53,Resolved,Negative
S696,C10285,2026-04-22,Login,High,26,Resolved,Neutral
S697,C10285,2026-01-19,Billing,High,27,Resolved,Neutral
S698,C10285,2026-02-08,Technical,High,51,Open,Negative
S699,C10285,2026-06-14,Payment,Low,9,Resolved,Positive
S700,C10285,2026-04-10,Payment,High,60,Open,Negative
S701,C10286,2025-10-03,Subscription,Medium,33,Resolved,Neutral
S702,C10286,2025-09-24,Payment,High,56,Open,Negative
S703,C10288,2025-09-16,Technical,Low,10,Resolved,Positive
S704,C10289,2026-07-24,Billing,Medium,63,Open,Negative
S705,C10289,2025-11-14,Billing,Medium,68,Resolved,Negative
S706,C10289,2025-09-05,Subscription,Medium,60,Resolved,Negative
S707,C10289,2026-03-29,Billing,Low,50,Open,Negative
S708,C10289,2026-07-19,Technical,Low,71,Resolved,Negative
S709,C10290,2026-08-19,Payment,Low,39,Resolved,Negative
S710,C10290,2026-04-16,Billing,High,3,Resolved,Positive
S711,C10290,2026-02-18,Technical,High,36,Resolved,Neutral
S712,C10291,2026-08-05,Technical,Low,6,Resolved,Positive
S713,C10291,2026-01-17,Login,Medium,37,Open,Negative
S714,C10291,2026-03-24,Login,Medium,49,Open,Negative
S715,C10291,2026-01-27,Technical,Medium,5,Resolved,Positive
S716,C10291,2025-11-21,Payment,Low,31,Resolved,Neutral
S717,C10292,2026-04-03,Payment,High,44,Resolved,Negative
S718,C10293,2026-05-27,Billing,High,26,Resolved,Neutral
S719,C10294,2026-05-12,Subscription,High,4,Resolved,Positive
S720,C10294,2026-06-23,Subscription,Medium,68,Open,Negative
S721,C10294,2025-09-10,Payment,Medium,35,Open,Neutral
S722,C10294,2026-08-28,Technical,High,25,Resolved,Neutral
S723,C10294,2025-12-09,Billing,Medium,25,Open,Neutral
S724,C10295,2025-09-21,Subscription,Medium,5,Resolved,Positive
S725,C10295,2026-07-10,Subscription,High,36,Resolved,Neutral
S726,C10296,2025-12-24,Login,Medium,14,Open,Neutral
S727,C10296,2026-06-25,Login,High,41,Resolved,Negative
S728,C10296,2025-12-13,Subscription,Medium,27,Resolved,Neutral
S729,C10296,2025-10-07,Payment,High,9,Resolved,Positive
S730,C10297,2026-08-27,Billing,Medium,22,Resolved,Neutral
S731,C10297,2026-01-28,Technical,Low,62,Resolved,Negative
S732,C10298,2025-09-28,Technical,Medium,48,Resolved,Negative
S733,C10298,2026-01-31,Payment,Low,16,Resolved,Neutral
S734,C10298,2026-02-04,Subscription,Low,28,Open,Neutral
S735,C10298,2026-05-04,Payment,Medium,71,Resolved,Negative
S736,C10298,2026-05-07,Payment,Medium,2,Open,Positive
S737,C10299,2026-05-20,Login,Medium,46,Resolved,Negative
S738,C10299,2025-10-07,Login,Medium,49,Open,Negative
S739,C10300,2025-11-17,Payment,Medium,3,Open,Positive
S740,C10300,2026-07-07,Payment,High,18,Resolved,Neutral
S741,C10300,2025-09-01,Payment,High,14,Open,Neutral
S742,C10300,2026-02-01,Subscription,Medium,46,Resolved,Negative
S743,C10301,2025-11-17,Billing,Low,15,Resolved,Neutral
S744,C10302,2026-01-05,Subscription,Medium,27,Open,Neutral
S745,C10302,2025-12-19,Billing,Low,54,Resolved,Negative
S746,C10302,2026-03-23,Billing,High,10,Open,Positive
S747,C10302,2026-01-13,Login,High,17,Resolved,Neutral
S748,C10303,2025-11-14,Subscription,Low,50,Open,Negative
S749,C10303,2026-04-10,Billing,High,62,Resolved,Negative
S750,C10303,2026-08-29,Login,Medium,57,Open,Negative
S751,C10303,2026-02-09,Payment,Medium,15,Resolved,Neutral
S752,C10304,2025-10-04,Billing,Low,43,Open,Negative
S753,C10304,2026-05-02,Login,Medium,21,Resolved,Neutral
S754,C10304,2026-07-11,Login,Medium,25,Resolved,Neutral
S755,C10304,2026-06-19,Technical,Medium,67,Resolved,Negative
S756,C10304,2026-06-30,Billing,Medium,43,Resolved,Negative
S757,C10305,2026-07-24,Billing,Medium,67,Resolved,Negative
S758,C10305,2026-08-28,Subscription,Low,38,Resolved,Negative
S759,C10305,2025-09-05,Technical,Medium,21,Resolved,Neutral
S760,C10306,2025-12-21,Billing,High,54,Resolved,Negative
S761,C10306,2026-07-01,Subscription,Low,46,Resolved,Negative
S762,C10306,2026-03-18,Technical,High,35,Open,Neutral
S763,C10307,2026-07-02,Billing,Low,17,Resolved,Neutral
S764,C10307,2025-09-07,Billing,High,1,Resolved,Positive
S765,C10307,2026-03-19,Payment,High,24,Resolved,Neutral
S766,C10307,2026-04-06,Technical,Low,29,Resolved,Neutral
S767,C10307,2026-08-22,Payment,Medium,61,Open,Negative
S768,C10308,2025-09-02,Login,Medium,67,Open,Negative
S769,C10308,2025-12-31,Login,High,4,Open,Positive
S770,C10309,2026-07-25,Payment,Medium,58,Open,Negative
S771,C10309,2026-05-11,Billing,Low,39,Open,Negative
S772,C10309,2026-03-04,Subscription,High,45,Open,Negative
S773,C10310,2026-08-13,Billing,Low,34,Resolved,Neutral
S774,C10311,2025-12-10,Login,Medium,62,Resolved,Negative
S775,C10311,2026-08-03,Billing,Medium,37,Resolved,Negative
S776,C10312,2026-05-22,Login,Medium,48,Resolved,Negative
S777,C10312,2026-04-14,Subscription,Medium,67,Resolved,Negative
S778,C10312,2026-03-22,Technical,Medium,6,Open,Positive
S779,C10312,2026-06-02,Billing,Low,34,Resolved,Neutral
S780,C10313,2026-06-03,Technical,Low,16,Resolved,Neutral
S781,C10313,2026-03-07,Subscription,Medium,21,Resolved,Neutral
S782,C10313,2026-01-17,Subscription,High,41,Resolved,Negative
S783,C10313,2026-03-24,Login,High,6,Resolved,Positive
S784,C10313,2026-06-02,Billing,High,60,Open,Negative
S785,C10314,2025-12-07,Payment,High,16,Resolved,Neutral
S786,C10316,2026-06-30,Subscription,Medium,71,Open,Negative
S787,C10316,2026-06-06,Billing,High,16,Resolved,Neutral
S788,C10317,2026-07-26,Login,Medium,2,Resolved,Positive
S789,C10317,2025-09-20,Technical,Low,18,Resolved,Neutral
S790,C10317,2025-11-04,Login,Medium,49,Resolved,Negative
S791,C10317,2025-12-25,Billing,High,68,Resolved,Negative
S792,C10317,2026-06-23,Payment,Low,61,Resolved,Negative
S793,C10318,2026-04-17,Login,High,18,Resolved,Neutral
S794,C10318,2025-12-03,Subscription,Low,35,Open,Neutral
S795,C10318,2026-03-13,Billing,Low,33,Open,Neutral
S796,C10318,2026-02-25,Billing,Low,39,Open,Negative
S797,C10318,2025-09-25,Login,Medium,66,Resolved,Negative
S798,C10319,2026-07-18,Subscription,Low,27,Open,Neutral
S799,C10319,2025-11-22,Billing,Medium,18,Resolved,Neutral
S800,C10319,2026-03-28,Billing,Medium,54,Resolved,Negative
S801,C10321,2026-04-21,Payment,Medium,26,Resolved,Neutral
S802,C10321,2026-04-20,Subscription,Low,31,Resolved,Neutral
S803,C10321,2026-06-21,Subscription,Medium,44,Resolved,Negative
S804,C10321,2025-10-25,Payment,Medium,58,Open,Negative
S805,C10321,2026-02-25,Billing,Medium,14,Resolved,Neutral
S806,C10322,2026-04-08,Billing,Low,8,Resolved,Positive
S807,C10322,2026-05-25,Login,High,62,Resolved,Negative
S808,C10322,2025-11-28,Login,Medium,33,Open,Neutral
S809,C10322,2026-01-09,Subscription,High,5,Resolved,Positive
S810,C10322,2026-05-17,Technical,Low,58,Resolved,Negative
S811,C10323,2025-12-18,Login,Medium,52,Resolved,Negative
S812,C10323,2026-06-20,Subscription,High,56,Resolved,Negative
S813,C10323,2026-08-01,Login,Medium,60,Resolved,Negative
S814,C10323,2026-07-18,Payment,Low,40,Resolved,Negative
S815,C10323,2025-12-11,Payment,Low,66,Resolved,Negative
S816,C10324,2026-05-24,Technical,High,50,Resolved,Negative
S817,C10324,2025-12-13,Login,High,38,Open,Negative
S818,C10324,2026-01-08,Subscription,Medium,5,Resolved,Positive
S819,C10324,2026-07-02,Login,Medium,1,Open,Positive
S820,C10324,2026-08-22,Subscription,Low,43,Resolved,Negative
S821,C10326,2026-03-29,Technical,High,7,Resolved,Positive
S822,C10326,2026-08-17,Technical,High,24,Resolved,Neutral
S823,C10326,2026-06-17,Login,Low,69,Open,Negative
S824,C10326,2026-08-07,Login,Low,20,Resolved,Neutral
S825,C10327,2026-06-29,Billing,High,59,Open,Negative
S826,C10327,2026-04-27,Technical,Low,58,Resolved,Negative
S827,C10332,2025-09-09,Technical,Low,17,Resolved,Neutral
S828,C10333,2026-01-10,Subscription,Low,4,Resolved,Positive
S829,C10334,2026-07-30,Payment,High,51,Resolved,Negative
S830,C10335,2026-06-12,Payment,Low,57,Resolved,Negative
S831,C10338,2026-02-16,Subscription,Low,18,Resolved,Neutral
S832,C10338,2026-08-18,Payment,Medium,32,Open,Neutral
S833,C10338,2026-07-12,Subscription,Low,37,Resolved,Negative
S834,C10338,2025-11-17,Technical,High,37,Resolved,Negative
S835,C10338,2026-05-11,Login,Medium,6,Resolved,Positive
S836,C10339,2025-09-24,Technical,Medium,32,Open,Neutral
S837,C10339,2025-10-18,Billing,Medium,54,Open,Negative
S838,C10339,2026-04-17,Subscription,Low,17,Open,Neutral
S839,C10339,2026-06-16,Technical,High,48,Resolved,Negative
S840,C10339,2026-04-21,Subscription,High,25,Resolved,Neutral
S841,C10340,2026-01-03,Login,Medium,39,Resolved,Negative
S842,C10340,2025-10-21,Subscription,Medium,72,Open,Negative
S843,C10340,2026-01-31,Login,Medium,14,Resolved,Neutral
S844,C10340,2025-09-29,Login,Low,54,Open,Negative
S845,C10340,2026-06-24,Payment,Low,30,Resolved,Neutral
S846,C10341,2025-12-16,Technical,Medium,32,Open,Neutral
S847,C10341,2026-05-29,Payment,Medium,2,Resolved,Positive
S848,C10342,2026-01-14,Technical,High,46,Resolved,Negative
S849,C10342,2026-07-05,Login,Low,15,Open,Neutral
S850,C10342,2026-05-21,Payment,Low,49,Open,Negative
S851,C10342,2026-02-19,Subscription,Medium,45,Resolved,Negative
S852,C10342,2026-05-06,Subscription,Medium,14,Resolved,Neutral
S853,C10343,2026-03-20,Technical,Medium,62,Open,Negative
S854,C10344,2025-11-05,Technical,High,5,Open,Positive
S855,C10344,2026-07-19,Login,Medium,48,Resolved,Negative
S856,C10344,2025-12-23,Billing,High,5,Resolved,Positive
S857,C10346,2026-01-20,Login,Low,6,Resolved,Positive
S858,C10346,2026-06-11,Payment,Low,50,Open,Negative
S859,C10346,2026-05-06,Billing,High,54,Resolved,Negative
S860,C10346,2026-02-03,Billing,Low,72,Open,Negative
S861,C10347,2026-02-11,Payment,Low,26,Resolved,Neutral
S862,C10348,2025-11-27,Subscription,Medium,40,Open,Negative
S863,C10348,2026-02-15,Billing,High,44,Resolved,Negative
S864,C10348,2025-11-22,Subscription,High,20,Resolved,Neutral
S865,C10348,2025-09-18,Subscription,High,16,Open,Neutral
S866,C10349,2026-01-17,Payment,Medium,51,Resolved,Negative
S867,C10349,2025-10-12,Login,High,71,Resolved,Negative
S868,C10350,2025-10-23,Payment,Low,20,Resolved,Neutral
S869,C10350,2026-03-19,Payment,High,14,Open,Neutral
S870,C10350,2026-08-21,Subscription,Low,54,Resolved,Negative
S871,C10351,2025-10-02,Subscription,Low,51,Open,Negative
S872,C10353,2026-02-06,Payment,Low,44,Resolved,Negative
S873,C10353,2025-11-14,Payment,High,29,Resolved,Neutral
S874,C10353,2026-07-19,Technical,Medium,30,Open,Neutral
S875,C10354,2026-02-17,Billing,Low,42,Resolved,Negative
S876,C10354,2026-04-27,Billing,Medium,69,Resolved,Negative
S877,C10354,2026-04-15,Payment,Medium,67,Resolved,Negative
S878,C10354,2026-02-16,Payment,Medium,66,Open,Negative
S879,C10354,2025-11-27,Technical,Low,41,Open,Negative
S880,C10355,2026-08-07,Technical,Medium,8,Resolved,Positive
S881,C10355,2025-10-04,Billing,Medium,37,Open,Negative
S882,C10355,2026-02-25,Payment,High,56,Open,Negative
S883,C10355,2025-12-03,Login,Medium,64,Resolved,Negative
S884,C10356,2025-11-15,Login,Medium,25,Resolved,Neutral
S885,C10356,2026-06-19,Subscription,Medium,66,Resolved,Negative
S886,C10357,2026-08-25,Payment,High,43,Open,Negative
S887,C10357,2025-11-16,Billing,Low,44,Resolved,Negative
S888,C10357,2026-08-04,Login,High,35,Open,Neutral
S889,C10357,2026-04-05,Subscription,High,57,Resolved,Negative
S890,C10357,2026-07-21,Payment,High,10,Open,Positive
S891,C10358,2026-01-14,Payment,Medium,8,Resolved,Positive
S892,C10358,2026-01-31,Login,Medium,11,Resolved,Positive
S893,C10358,2026-04-01,Technical,Low,46,Resolved,Negative
S894,C10359,2026-05-02,Login,Low,57,Open,Negative
S895,C10359,2025-12-06,Subscription,Medium,22,Open,Neutral
S896,C10359,2026-01-31,Login,Medium,47,Open,Negative
S897,C10359,2026-04-09,Technical,Low,33,Resolved,Neutral
S898,C10359,2026-06-23,Subscription,High,36,Open,Neutral
S899,C10360,2026-05-04,Subscription,High,3,Resolved,Positive
S900,C10360,2026-01-07,Billing,Medium,42,Resolved,Negative
S901,C10360,2026-02-20,Payment,High,20,Resolved,Neutral
S902,C10361,2025-09-15,Billing,Low,48,Open,Negative
S903,C10361,2026-06-11,Payment,Low,35,Resolved,Neutral
S904,C10361,2026-06-10,Login,Medium,21,Resolved,Neutral
S905,C10361,2026-05-03,Subscription,Medium,63,Resolved,Negative
S906,C10362,2026-08-15,Technical,Low,13,Resolved,Neutral
S907,C10362,2025-09-23,Technical,High,41,Resolved,Negative
S908,C10362,2026-07-05,Subscription,High,30,Open,Neutral
S909,C10362,2025-10-14,Technical,High,72,Resolved,Negative
S910,C10362,2026-01-05,Payment,High,48,Resolved,Negative
S911,C10363,2026-05-20,Payment,Low,47,Open,Negative
S912,C10363,2025-09-13,Subscription,Low,44,Open,Negative
S913,C10364,2026-07-23,Technical,Low,23,Resolved,Neutral
S914,C10364,2026-05-31,Billing,Low,24,Open,Neutral
S915,C10366,2025-12-03,Login,Low,55,Open,Negative
S916,C10366,2025-12-14,Subscription,Low,35,Resolved,Neutral
S917,C10366,2025-11-18,Payment,Medium,66,Open,Negative
S918,C10367,2025-10-16,Technical,Low,70,Resolved,Negative
S919,C10367,2026-07-26,Login,Medium,53,Resolved,Negative
S920,C10367,2026-02-13,Login,Low,49,Resolved,Negative
S921,C10367,2025-10-29,Login,Medium,10,Resolved,Positive
S922,C10368,2026-04-24,Subscription,High,13,Resolved,Neutral
S923,C10368,2025-11-07,Technical,High,53,Open,Negative
S924,C10368,2025-11-17,Login,Medium,34,Resolved,Neutral
S925,C10368,2026-06-09,Subscription,Low,2,Resolved,Positive
S926,C10369,2026-01-02,Subscription,High,71,Open,Negative
S927,C10369,2026-02-04,Technical,High,69,Resolved,Negative
S928,C10369,2025-11-10,Payment,Low,45,Resolved,Negative
S929,C10370,2025-10-18,Technical,Low,50,Open,Negative
S930,C10370,2026-07-28,Subscription,Low,59,Resolved,Negative
S931,C10370,2025-12-01,Subscription,High,16,Resolved,Neutral
S932,C10370,2025-12-10,Login,High,14,Resolved,Neutral
S933,C10371,2026-07-13,Payment,Low,38,Resolved,Negative
S934,C10371,2025-11-14,Technical,Medium,23,Resolved,Neutral
S935,C10372,2025-12-01,Payment,High,58,Open,Negative
S936,C10372,2026-01-21,Billing,Medium,42,Open,Negative
S937,C10372,2026-02-20,Technical,Low,55,Resolved,Negative
S938,C10372,2025-10-04,Subscription,Medium,19,Resolved,Neutral
S939,C10373,2026-06-27,Billing,Low,36,Resolved,Neutral
S940,C10373,2026-07-06,Subscription,High,63,Resolved,Negative
S941,C10373,2025-11-06,Login,High,15,Resolved,Neutral
S942,C10373,2025-09-06,Technical,Low,30,Resolved,Neutral
S943,C10373,2026-08-11,Subscription,Medium,28,Open,Neutral
S944,C10374,2026-01-03,Subscription,Low,57,Resolved,Negative
S945,C10374,2026-03-08,Login,Low,42,Resolved,Negative
S946,C10374,2025-12-29,Billing,Low,22,Resolved,Neutral
S947,C10374,2026-04-27,Login,Medium,46,Open,Negative
S948,C10375,2025-10-20,Login,Medium,45,Resolved,Negative
S949,C10375,2026-07-15,Payment,Low,49,Open,Negative
S950,C10375,2025-09-26,Payment,High,30,Resolved,Neutral
S951,C10376,2025-11-24,Billing,High,70,Resolved,Negative
S952,C10376,2026-05-06,Billing,Medium,29,Resolved,Neutral
S953,C10377,2026-03-26,Login,Medium,57,Resolved,Negative
S954,C10377,2026-02-11,Payment,High,30,Open,Neutral
S955,C10377,2025-09-01,Billing,Low,12,Open,Positive
S956,C10377,2026-01-25,Payment,Medium,62,Resolved,Negative
S957,C10378,2026-03-14,Payment,High,20,Resolved,Neutral
S958,C10379,2025-11-11,Subscription,High,62,Open,Negative
S959,C10379,2026-03-25,Payment,Medium,58,Resolved,Negative
S960,C10379,2026-04-25,Technical,High,23,Resolved,Neutral
S961,C10379,2026-02-22,Technical,High,45,Resolved,Negative
S962,C10380,2026-06-24,Login,High,23,Resolved,Neutral
S963,C10380,2025-10-21,Subscription,High,4,Resolved,Positive
S964,C10381,2026-07-03,Payment,Low,51,Resolved,Negative
S965,C10381,2026-05-17,Login,High,22,Open,Neutral
S966,C10381,2026-05-15,Billing,Low,55,Resolved,Negative
S967,C10382,2026-03-17,Technical,Low,34,Resolved,Neutral
S968,C10383,2026-02-21,Billing,Low,47,Resolved,Negative
S969,C10383,2025-09-12,Billing,Medium,25,Open,Neutral
S970,C10383,2025-10-25,Billing,High,4,Open,Positive
S971,C10383,2025-12-06,Subscription,Medium,10,Resolved,Positive
S972,C10385,2026-01-21,Payment,Low,20,Resolved,Neutral
S973,C10385,2026-02-02,Payment,Low,2,Open,Positive
S974,C10385,2025-12-29,Technical,Low,71,Resolved,Negative
S975,C10385,2026-07-07,Login,Low,61,Resolved,Negative
S976,C10385,2026-05-25,Technical,Low,48,Open,Negative
S977,C10386,2026-01-05,Login,Low,31,Open,Neutral
S978,C10386,2026-08-08,Subscription,Medium,55,Open,Negative
S979,C10386,2026-06-23,Billing,High,1,Resolved,Positive
S980,C10386,2025-11-29,Billing,High,46,Open,Negative
S981,C10387,2026-08-11,Login,Low,48,Open,Negative
S982,C10387,2025-10-16,Technical,Low,9,Resolved,Positive
S983,C10387,2026-05-20,Billing,Medium,22,Resolved,Neutral
S984,C10388,2026-07-24,Login,High,57,Resolved,Negative
S985,C10388,2025-09-19,Login,Medium,1,Open,Positive
S986,C10388,2026-03-01,Subscription,Medium,30,Resolved,Neutral
S987,C10388,2026-02-01,Subscription,Medium,33,Resolved,Neutral
S988,C10388,2026-05-06,Billing,High,52,Open,Negative
S989,C10389,2026-04-15,Login,High,14,Resolved,Neutral
S990,C10389,2026-05-30,Payment,Low,20,Open,Neutral
S991,C10390,2025-09-21,Billing,Medium,35,Resolved,Neutral
S992,C10390,2026-03-04,Login,Low,45,Open,Negative
S993,C10390,2025-09-11,Technical,Low,9,Open,Positive
S994,C10390,2025-09-05,Subscription,Medium,36,Resolved,Neutral
S995,C10390,2026-06-24,Login,Low,65,Open,Negative
S996,C10391,2026-05-19,Login,Medium,69,Resolved,Negative
S997,C10391,2026-04-12,Subscription,Low,54,Open,Negative
S998,C10392,2026-01-27,Payment,High,54,Resolved,Negative
S999,C10392,2025-09-15,Technical,Medium,57,Open,Negative
S1000,C10392,2026-04-01,Technical,Medium,29,Resolved,Neutral
S1001,C10392,2026-04-10,Technical,Low,4,Resolved,Positive
S1002,C10392,2026-02-16,Subscription,High,2,Open,Positive
S1003,C10393,2026-02-27,Payment,High,43,Resolved,Negative
S1004,C10393,2025-12-27,Login,Medium,14,Resolved,Neutral
S1005,C10393,2025-12-11,Subscription,Low,29,Resolved,Neutral
S1006,C10394,2025-11-27,Technical,Low,17,Resolved,Neutral
S1007,C10395,2026-05-08,Payment,Low,54,Resolved,Negative
S1008,C10395,2026-08-19,Technical,Low,70,Resolved,Negative
S1009,C10395,2026-01-03,Payment,Low,44,Resolved,Negative
S1010,C10395,2026-07-11,Payment,Medium,11,Resolved,Positive
S1011,C10397,2026-04-15,Subscription,High,14,Resolved,Neutral
S1012,C10398,2026-06-25,Login,Low,28,Open,Neutral
S1013,C10398,2025-11-26,Login,High,61,Resolved,Negative
S1014,C10398,2025-12-16,Technical,Medium,70,Resolved,Negative
S1015,C10398,2026-01-19,Technical,Medium,38,Open,Negative
S1016,C10398,2026-05-12,Subscription,Medium,72,Open,Negative
S1017,C10400,2026-08-28,Login,Low,65,Open,Negative
S1018,C10400,2026-03-10,Technical,Low,31,Open,Neutral
S1019,C10400,2026-08-23,Technical,High,34,Open,Neutral
S1020,C10400,2025-09-27,Login,Medium,12,Resolved,Positive
S1021,C10400,2026-02-04,Technical,High,6,Resolved,Positive
S1022,C10401,2026-05-30,Technical,Low,2,Open,Positive
S1023,C10401,2026-05-19,Billing,Medium,62,Resolved,Negative
S1024,C10401,2025-10-13,Technical,Low,50,Resolved,Negative
S1025,C10402,2026-08-31,Subscription,Low,46,Open,Negative
S1026,C10402,2026-07-31,Technical,High,57,Resolved,Negative
S1027,C10403,2026-01-18,Billing,Medium,15,Resolved,Neutral
S1028,C10404,2026-08-07,Payment,Low,8,Resolved,Positive
S1029,C10404,2026-05-10,Billing,Medium,3,Resolved,Positive
S1030,C10405,2026-05-07,Payment,Low,18,Open,Neutral
S1031,C10405,2026-07-22,Billing,Low,40,Open,Negative
S1032,C10405,2026-02-12,Billing,High,69,Resolved,Negative
S1033,C10405,2025-11-19,Login,Low,9,Resolved,Positive
S1034,C10405,2025-12-04,Subscription,Medium,60,Open,Negative
S1035,C10406,2026-01-29,Billing,Low,26,Open,Neutral
S1036,C10406,2025-09-07,Login,Low,60,Resolved,Negative
S1037,C10406,2026-02-05,Billing,Medium,49,Resolved,Negative
S1038,C10408,2026-05-21,Payment,Medium,47,Resolved,Negative
S1039,C10409,2025-10-01,Billing,Low,63,Resolved,Negative
S1040,C10410,2025-09-06,Technical,High,46,Resolved,Negative
S1041,C10410,2026-06-18,Login,Low,35,Open,Neutral
S1042,C10410,2026-05-28,Billing,High,38,Resolved,Negative
S1043,C10411,2026-05-19,Billing,Low,11,Resolved,Positive
S1044,C10412,2025-09-30,Billing,Low,47,Resolved,Negative
S1045,C10412,2026-07-24,Login,High,21,Open,Neutral
S1046,C10413,2025-12-03,Subscription,Low,18,Resolved,Neutral
S1047,C10413,2026-05-24,Technical,Low,28,Open,Neutral
S1048,C10414,2025-11-02,Billing,Medium,13,Resolved,Neutral
S1049,C10414,2025-11-21,Subscription,Medium,6,Resolved,Positive
S1050,C10414,2025-09-27,Payment,High,30,Resolved,Neutral
S1051,C10414,2025-11-08,Payment,Low,43,Resolved,Negative
S1052,C10414,2025-11-12,Login,Medium,11,Open,Positive
S1053,C10415,2025-09-08,Login,Medium,34,Open,Neutral
S1054,C10416,2025-11-27,Payment,High,47,Resolved,Negative
S1055,C10416,2026-08-11,Login,Medium,31,Resolved,Neutral
S1056,C10416,2026-02-01,Payment,Low,67,Resolved,Negative
S1057,C10416,2026-03-12,Billing,High,22,Resolved,Neutral
S1058,C10416,2025-10-31,Subscription,Medium,59,Resolved,Negative
S1059,C10417,2026-02-12,Payment,Low,56,Resolved,Negative
S1060,C10417,2026-03-14,Payment,High,52,Resolved,Negative
S1061,C10417,2025-12-18,Billing,Medium,49,Resolved,Negative
S1062,C10417,2026-02-18,Technical,Low,63,Resolved,Negative
S1063,C10418,2025-11-27,Subscription,High,51,Open,Negative
S1064,C10418,2025-09-15,Login,Low,61,Resolved,Negative
S1065,C10418,2026-03-29,Payment,Low,41,Resolved,Negative
S1066,C10418,2025-10-03,Login,Low,29,Open,Neutral
S1067,C10418,2026-02-06,Billing,Medium,48,Resolved,Negative
S1068,C10419,2026-04-18,Technical,Low,66,Resolved,Negative
S1069,C10420,2025-09-16,Payment,Low,9,Resolved,Positive
S1070,C10421,2025-11-15,Technical,Low,58,Resolved,Negative
S1071,C10421,2026-01-11,Login,Low,6,Open,Positive
S1072,C10421,2025-09-11,Billing,Medium,2,Open,Positive
S1073,C10422,2025-11-19,Payment,Medium,24,Resolved,Neutral
S1074,C10422,2026-06-08,Billing,Medium,59,Open,Negative
S1075,C10422,2026-06-16,Billing,Medium,1,Resolved,Positive
S1076,C10422,2025-12-14,Payment,High,38,Resolved,Negative
S1077,C10422,2025-10-19,Payment,Low,18,Open,Neutral
S1078,C10423,2025-09-17,Payment,Low,63,Resolved,Negative
S1079,C10423,2026-02-02,Billing,Low,11,Resolved,Positive
S1080,C10423,2025-10-26,Technical,Medium,13,Resolved,Neutral
S1081,C10424,2026-03-16,Billing,Low,3,Open,Positive
S1082,C10424,2026-06-06,Login,High,15,Resolved,Neutral
S1083,C10424,2026-04-24,Subscription,Medium,20,Resolved,Neutral
S1084,C10424,2026-01-11,Login,Low,26,Open,Neutral
S1085,C10424,2026-06-10,Technical,Medium,5,Open,Positive
S1086,C10425,2026-03-23,Technical,Medium,8,Resolved,Positive
S1087,C10425,2026-06-16,Billing,Low,28,Resolved,Neutral
S1088,C10425,2025-09-03,Subscription,High,8,Resolved,Positive
S1089,C10425,2025-12-15,Subscription,Low,31,Resolved,Neutral
S1090,C10425,2025-10-23,Payment,Low,61,Resolved,Negative
S1091,C10426,2025-12-22,Billing,High,37,Open,Negative
S1092,C10426,2026-08-12,Login,High,5,Resolved,Positive
S1093,C10427,2026-04-03,Payment,Medium,57,Resolved,Negative
S1094,C10427,2026-01-06,Billing,Low,38,Resolved,Negative
S1095,C10427,2026-07-13,Billing,High,21,Resolved,Neutral
S1096,C10427,2026-08-19,Payment,Low,71,Open,Negative
S1097,C10428,2025-10-08,Subscription,Medium,47,Open,Negative
S1098,C10428,2026-05-02,Billing,Low,24,Resolved,Neutral
S1099,C10429,2025-09-29,Technical,High,39,Open,Negative
S1100,C10429,2026-05-14,Login,Medium,10,Resolved,Positive
S1101,C10429,2026-02-14,Payment,High,19,Open,Neutral
S1102,C10429,2026-03-23,Payment,High,8,Open,Positive
S1103,C10429,2026-06-06,Billing,High,11,Resolved,Positive
S1104,C10430,2026-04-04,Billing,Low,57,Resolved,Negative
S1105,C10430,2026-06-12,Billing,Medium,59,Resolved,Negative
S1106,C10431,2025-11-25,Subscription,Low,35,Open,Neutral
S1107,C10431,2026-04-15,Login,Low,6,Resolved,Positive
S1108,C10432,2025-11-01,Payment,Low,63,Open,Negative
S1109,C10432,2025-09-28,Billing,High,13,Resolved,Neutral
S1110,C10433,2026-07-12,Technical,High,65,Open,Negative
S1111,C10433,2025-09-25,Payment,High,70,Resolved,Negative
S1112,C10434,2026-08-06,Subscription,High,64,Open,Negative
S1113,C10435,2025-12-30,Payment,Medium,26,Resolved,Neutral
S1114,C10435,2026-07-03,Payment,Low,24,Open,Neutral
S1115,C10435,2025-12-04,Technical,Low,28,Resolved,Neutral
S1116,C10436,2026-05-03,Subscription,Medium,26,Open,Neutral
S1117,C10436,2026-01-24,Login,Medium,6,Resolved,Positive
S1118,C10436,2026-03-11,Subscription,High,64,Resolved,Negative
S1119,C10437,2026-04-01,Login,High,36,Resolved,Neutral
S1120,C10437,2026-01-12,Technical,Low,13,Resolved,Neutral
S1121,C10438,2026-03-24,Technical,Medium,65,Resolved,Negative
S1122,C10438,2026-02-22,Technical,Low,39,Resolved,Negative
S1123,C10438,2025-11-29,Payment,High,3,Open,Positive
S1124,C10439,2025-11-14,Billing,High,15,Resolved,Neutral
S1125,C10440,2026-07-08,Payment,Medium,53,Resolved,Negative
S1126,C10441,2026-06-15,Login,High,56,Open,Negative
S1127,C10441,2026-05-22,Billing,Low,21,Resolved,Neutral
S1128,C10441,2025-12-11,Billing,Medium,7,Resolved,Positive
S1129,C10441,2026-01-28,Login,Medium,13,Resolved,Neutral
S1130,C10441,2026-01-25,Subscription,Low,11,Resolved,Positive
S1131,C10442,2026-08-29,Login,Medium,62,Resolved,Negative
S1132,C10443,2026-08-25,Technical,Medium,30,Resolved,Neutral
S1133,C10443,2026-03-06,Login,Medium,39,Open,Negative
S1134,C10446,2026-02-13,Payment,Medium,34,Resolved,Neutral
S1135,C10446,2026-08-28,Login,Medium,70,Resolved,Negative
S1136,C10447,2026-06-12,Billing,Low,57,Resolved,Negative
S1137,C10447,2026-02-02,Technical,Medium,5,Resolved,Positive
S1138,C10447,2026-03-25,Billing,Low,50,Open,Negative
S1139,C10447,2025-10-19,Subscription,High,63,Open,Negative
S1140,C10448,2026-04-27,Login,High,4,Resolved,Positive
S1141,C10448,2025-11-19,Billing,High,22,Resolved,Neutral
S1142,C10448,2025-09-21,Technical,High,50,Resolved,Negative
S1143,C10450,2025-09-10,Login,Medium,18,Open,Neutral
S1144,C10450,2026-06-14,Technical,Medium,26,Open,Neutral
S1145,C10450,2026-03-08,Subscription,Medium,55,Resolved,Negative
S1146,C10450,2025-11-20,Technical,Medium,4,Open,Positive
S1147,C10452,2026-03-02,Payment,Low,15,Resolved,Neutral
S1148,C10452,2025-09-05,Technical,High,56,Resolved,Negative
S1149,C10452,2025-12-02,Billing,Medium,43,Open,Negative
S1150,C10452,2026-08-15,Technical,Low,70,Resolved,Negative
S1151,C10452,2026-03-15,Billing,High,13,Open,Neutral
S1152,C10454,2026-02-22,Subscription,Medium,56,Resolved,Negative
S1153,C10454,2026-07-05,Login,High,17,Resolved,Neutral
S1154,C10455,2026-03-10,Technical,Medium,69,Resolved,Negative
S1155,C10456,2025-12-21,Billing,Medium,66,Open,Negative
S1156,C10457,2026-07-26,Subscription,Low,60,Resolved,Negative
S1157,C10457,2026-02-14,Payment,Medium,38,Open,Negative
S1158,C10457,2026-07-26,Billing,Low,55,Open,Negative
S1159,C10457,2025-12-13,Billing,Low,3,Resolved,Positive
S1160,C10457,2025-11-29,Login,Low,58,Open,Negative
S1161,C10458,2026-03-16,Login,High,48,Open,Negative
S1162,C10459,2026-05-15,Payment,Medium,32,Resolved,Neutral
S1163,C10459,2026-01-10,Billing,High,56,Resolved,Negative
S1164,C10459,2025-09-06,Payment,Low,67,Open,Negative
S1165,C10459,2026-03-22,Technical,Low,27,Resolved,Neutral
S1166,C10459,2026-03-20,Login,Medium,31,Resolved,Neutral
S1167,C10460,2026-07-28,Payment,Medium,67,Resolved,Negative
S1168,C10460,2025-11-03,Subscription,High,13,Resolved,Neutral
S1169,C10460,2026-01-22,Technical,Low,9,Resolved,Positive
S1170,C10460,2026-05-19,Subscription,Medium,1,Resolved,Positive
S1171,C10461,2026-02-22,Billing,High,53,Open,Negative
S1172,C10462,2025-09-11,Billing,High,39,Open,Negative
S1173,C10462,2025-12-18,Billing,High,53,Resolved,Negative
S1174,C10463,2025-12-12,Billing,High,66,Open,Negative
S1175,C10463,2026-08-15,Subscription,Low,1,Resolved,Positive
S1176,C10464,2026-06-12,Payment,Low,63,Resolved,Negative
S1177,C10464,2026-06-20,Subscription,Medium,28,Resolved,Neutral
S1178,C10464,2026-01-08,Login,High,66,Open,Negative
S1179,C10464,2026-06-30,Technical,Medium,18,Resolved,Neutral
S1180,C10465,2026-01-13,Subscription,Medium,41,Resolved,Negative
S1181,C10465,2025-12-07,Payment,Low,63,Resolved,Negative
S1182,C10466,2025-11-02,Subscription,Medium,46,Resolved,Negative
S1183,C10467,2026-04-04,Billing,Low,59,Resolved,Negative
S1184,C10467,2025-12-04,Payment,Low,9,Open,Positive
S1185,C10467,2026-01-20,Payment,Medium,19,Resolved,Neutral
S1186,C10468,2026-05-04,Payment,Low,66,Open,Negative
S1187,C10468,2026-03-17,Technical,High,6,Open,Positive
S1188,C10468,2026-03-28,Payment,Medium,64,Open,Negative
S1189,C10469,2026-03-05,Billing,Medium,68,Open,Negative
S1190,C10469,2026-05-02,Subscription,High,68,Resolved,Negative
S1191,C10469,2025-12-07,Login,Medium,46,Resolved,Negative
S1192,C10469,2025-11-05,Technical,High,39,Resolved,Negative
S1193,C10470,2025-10-07,Payment,Medium,47,Resolved,Negative
S1194,C10470,2025-09-18,Login,High,25,Open,Neutral
S1195,C10471,2026-04-13,Payment,Low,33,Resolved,Neutral
S1196,C10471,2025-12-12,Subscription,Medium,2,Open,Positive
S1197,C10471,2025-11-29,Payment,Low,49,Open,Negative
S1198,C10471,2026-07-29,Login,High,61,Resolved,Negative
S1199,C10471,2026-03-30,Login,High,2,Open,Positive
S1200,C10472,2025-09-17,Technical,High,36,Resolved,Neutral
S1201,C10473,2026-01-13,Billing,High,32,Resolved,Neutral
S1202,C10473,2026-06-28,Billing,High,5,Open,Positive
S1203,C10473,2025-12-18,Billing,Low,34,Resolved,Neutral
S1204,C10474,2026-05-24,Login,Medium,54,Open,Negative
S1205,C10475,2026-07-02,Billing,High,8,Open,Positive
S1206,C10475,2026-02-23,Login,Low,37,Resolved,Negative
S1207,C10476,2026-07-23,Payment,Medium,19,Open,Neutral
S1208,C10476,2026-07-08,Billing,High,66,Resolved,Negative
S1209,C10478,2026-04-17,Login,High,51,Resolved,Negative
S1210,C10479,2026-05-09,Payment,Low,42,Open,Negative
S1211,C10479,2026-06-09,Subscription,Medium,36,Resolved,Neutral
S1212,C10480,2025-12-11,Payment,Medium,14,Resolved,Neutral
S1213,C10480,2026-06-16,Billing,Medium,28,Open,Neutral
S1214,C10480,2026-03-17,Subscription,Medium,12,Resolved,Positive
S1215,C10480,2026-04-17,Subscription,Medium,41,Open,Negative
S1216,C10480,2026-03-17,Payment,High,2,Resolved,Positive
S1217,C10481,2025-11-29,Login,High,61,Resolved,Negative
S1218,C10482,2025-09-02,Billing,Low,69,Open,Negative
S1219,C10482,2026-08-06,Login,Medium,29,Open,Neutral
S1220,C10482,2025-10-16,Payment,High,29,Open,Neutral
S1221,C10482,2026-03-21,Payment,Medium,37,Resolved,Negative
S1222,C10482,2026-06-22,Payment,High,17,Resolved,Neutral
S1223,C10483,2026-07-19,Technical,Low,33,Resolved,Neutral
S1224,C10483,2026-02-12,Technical,High,31,Resolved,Neutral
S1225,C10483,2026-07-16,Login,High,31,Resolved,Neutral
S1226,C10483,2025-09-19,Payment,Medium,1,Open,Positive
S1227,C10483,2026-08-19,Subscription,Medium,20,Open,Neutral
S1228,C10484,2026-03-27,Login,Low,70,Resolved,Negative
S1229,C10484,2025-09-11,Subscription,High,22,Resolved,Neutral
S1230,C10484,2026-06-26,Technical,Low,31,Open,Neutral
S1231,C10484,2026-06-04,Technical,Medium,42,Open,Negative
S1232,C10485,2026-03-01,Login,Medium,67,Resolved,Negative
S1233,C10485,2026-01-20,Login,Low,38,Resolved,Negative
S1234,C10485,2026-07-04,Billing,Medium,34,Resolved,Neutral
S1235,C10485,2026-06-04,Login,Low,52,Open,Negative
S1236,C10485,2026-08-30,Subscription,Medium,63,Resolved,Negative
S1237,C10486,2025-11-24,Payment,Medium,52,Open,Negative
S1238,C10486,2026-04-10,Payment,Low,23,Resolved,Neutral
S1239,C10486,2025-11-28,Login,High,26,Resolved,Neutral
S1240,C10486,2026-05-14,Technical,High,58,Resolved,Negative
S1241,C10487,2026-05-31,Technical,High,22,Resolved,Neutral
S1242,C10487,2026-06-09,Technical,High,39,Open,Negative
S1243,C10487,2026-04-17,Billing,Low,70,Resolved,Negative
S1244,C10487,2026-04-02,Billing,High,57,Open,Negative
S1245,C10487,2026-08-04,Payment,High,49,Resolved,Negative
S1246,C10488,2026-01-18,Subscription,Medium,60,Open,Negative
S1247,C10488,2026-06-24,Payment,Medium,22,Resolved,Neutral
S1248,C10489,2026-01-23,Billing,Medium,23,Resolved,Neutral
S1249,C10490,2026-02-22,Login,Medium,47,Resolved,Negative
S1250,C10490,2026-06-23,Billing,Low,16,Resolved,Neutral
S1251,C10490,2026-06-23,Subscription,Low,35,Resolved,Neutral
S1252,C10492,2026-02-11,Login,Medium,25,Open,Neutral
S1253,C10492,2026-07-01,Payment,High,10,Resolved,Positive
S1254,C10492,2025-09-03,Login,Medium,34,Resolved,Neutral
S1255,C10492,2025-09-11,Subscription,Medium,11,Resolved,Positive
S1256,C10492,2026-07-31,Technical,Medium,52,Resolved,Negative
S1257,C10493,2026-06-21,Payment,Low,48,Resolved,Negative
S1258,C10493,2026-05-31,Payment,Medium,53,Open,Negative
S1259,C10493,2025-12-06,Technical,High,66,Resolved,Negative
S1260,C10494,2025-11-09,Subscription,High,39,Resolved,Negative
S1261,C10494,2026-03-05,Billing,Medium,5,Open,Positive
S1262,C10495,2025-09-15,Billing,Low,72,Open,Negative
S1263,C10495,2026-04-17,Technical,Low,31,Open,Neutral
S1264,C10495,2026-03-18,Billing,Low,37,Resolved,Negative
S1265,C10495,2025-12-02,Payment,Medium,24,Resolved,Neutral
S1266,C10495,2026-04-21,Payment,Medium,11,Resolved,Positive
S1267,C10496,2026-02-06,Billing,Low,42,Resolved,Negative
S1268,C10496,2026-06-18,Login,Medium,67,Resolved,Negative
S1269,C10497,2026-01-08,Payment,Low,21,Resolved,Neutral
S1270,C10497,2025-12-22,Login,High,64,Resolved,Negative
S1271,C10497,2026-06-13,Subscription,Medium,68,Resolved,Negative
S1272,C10497,2026-07-17,Login,High,67,Resolved,Negative
S1273,C10498,2026-07-29,Subscription,Medium,47,Resolved,Negative
S1274,C10498,2026-03-23,Login,Medium,27,Open,Neutral
S1275,C10498,2026-08-06,Billing,Low,40,Resolved,Negative
S1276,C10498,2026-05-02,Technical,Medium,5,Open,Positive
S1277,C10499,2026-04-15,Payment,Medium,34,Resolved,Neutral
S1278,C10499,2026-08-11,Payment,Medium,60,Resolved,Negative
S1279,C10499,2026-08-25,Payment,High,45,Resolved,Negative
S1280,C10500,2025-12-25,Payment,Medium,13,Open,Neutral
S1281,C10501,2026-05-03,Payment,Low,33,Open,Neutral
S1282,C10502,2025-11-15,Payment,Low,23,Resolved,Neutral
S1283,C10502,2026-05-22,Technical,Low,51,Resolved,Negative
S1284,C10502,2026-06-18,Subscription,High,16,Open,Neutral
S1285,C10502,2025-11-22,Payment,Low,27,Resolved,Neutral
S1286,C10503,2026-06-30,Login,Low,48,Open,Negative
S1287,C10503,2026-06-23,Subscription,Medium,34,Resolved,Neutral
S1288,C10503,2026-03-18,Payment,High,1,Resolved,Positive
S1289,C10503,2026-05-08,Technical,Medium,22,Resolved,Neutral
S1290,C10503,2025-09-03,Subscription,Low,6,Resolved,Positive
S1291,C10504,2026-08-21,Subscription,Medium,24,Resolved,Neutral
S1292,C10504,2026-06-10,Billing,Medium,6,Open,Positive
S1293,C10507,2026-01-20,Billing,Medium,24,Resolved,Neutral
S1294,C10507,2025-11-23,Technical,Medium,38,Open,Negative
S1295,C10507,2026-08-27,Login,High,60,Open,Negative
S1296,C10507,2026-08-14,Billing,Low,13,Open,Neutral
S1297,C10507,2026-02-06,Subscription,High,57,Resolved,Negative
S1298,C10508,2025-11-28,Payment,Medium,11,Open,Positive
S1299,C10508,2025-12-06,Subscription,Low,40,Open,Negative
S1300,C10508,2026-02-19,Technical,High,43,Resolved,Negative
S1301,C10508,2026-07-03,Payment,Low,7,Resolved,Positive
S1302,C10508,2026-08-21,Login,Medium,68,Resolved,Negative
S1303,C10509,2026-05-02,Payment,High,5,Open,Positive
S1304,C10509,2025-09-30,Billing,High,10,Resolved,Positive
S1305,C10509,2026-08-29,Technical,Low,10,Resolved,Positive
S1306,C10509,2026-05-25,Payment,High,53,Open,Negative
S1307,C10510,2026-01-28,Login,Medium,53,Open,Negative
S1308,C10510,2026-03-11,Subscription,Medium,6,Open,Positive
S1309,C10510,2026-03-14,Billing,Low,16,Resolved,Neutral
S1310,C10510,2025-09-15,Subscription,Medium,46,Resolved,Negative
S1311,C10512,2025-12-09,Login,High,33,Resolved,Neutral
S1312,C10512,2026-06-30,Billing,High,71,Resolved,Negative
S1313,C10512,2026-07-13,Login,Low,22,Open,Neutral
S1314,C10512,2026-06-28,Login,Low,30,Resolved,Neutral
S1315,C10512,2026-08-28,Login,High,17,Resolved,Neutral
S1316,C10513,2026-02-19,Payment,Medium,27,Open,Neutral
S1317,C10514,2026-05-11,Payment,Low,28,Open,Neutral
S1318,C10514,2026-05-16,Subscription,Medium,66,Resolved,Negative
S1319,C10514,2026-07-09,Login,Medium,48,Resolved,Negative
S1320,C10514,2026-04-03,Subscription,High,53,Resolved,Negative
S1321,C10514,2025-09-24,Payment,Low,51,Resolved,Negative
S1322,C10515,2026-01-11,Subscription,Medium,33,Open,Neutral
S1323,C10516,2026-05-02,Subscription,Low,71,Resolved,Negative
S1324,C10518,2026-05-24,Subscription,Low,69,Open,Negative
S1325,C10518,2026-07-08,Subscription,Medium,20,Open,Neutral
S1326,C10518,2026-05-30,Technical,Low,48,Open,Negative
S1327,C10518,2025-12-29,Billing,Low,43,Open,Negative
S1328,C10518,2025-12-06,Subscription,Low,7,Resolved,Positive
S1329,C10519,2026-01-13,Subscription,High,16,Open,Neutral
S1330,C10519,2026-07-02,Subscription,High,47,Open,Negative
S1331,C10519,2025-10-20,Technical,Low,2,Resolved,Positive
S1332,C10519,2026-04-15,Login,Medium,72,Resolved,Negative
S1333,C10519,2025-11-05,Billing,Medium,31,Resolved,Neutral
S1334,C10521,2026-01-21,Technical,Low,50,Resolved,Negative
S1335,C10521,2026-03-18,Technical,Low,22,Resolved,Neutral
S1336,C10521,2025-11-11,Subscription,Low,26,Resolved,Neutral
S1337,C10522,2025-12-10,Subscription,Medium,21,Resolved,Neutral
S1338,C10524,2026-04-13,Login,Medium,70,Resolved,Negative
S1339,C10524,2025-10-11,Login,Low,27,Resolved,Neutral
S1340,C10524,2025-12-20,Billing,High,44,Resolved,Negative
S1341,C10524,2026-03-31,Login,Low,1,Resolved,Positive
S1342,C10524,2025-09-02,Billing,Medium,33,Resolved,Neutral
S1343,C10525,2026-04-04,Login,Low,28,Resolved,Neutral
S1344,C10525,2026-02-21,Login,High,14,Resolved,Neutral
S1345,C10526,2025-12-09,Login,Low,2,Open,Positive
S1346,C10526,2026-01-04,Login,Low,32,Open,Neutral
S1347,C10526,2026-04-10,Payment,Low,35,Resolved,Neutral
S1348,C10526,2025-11-06,Payment,Medium,17,Resolved,Neutral
S1349,C10527,2025-10-07,Subscription,Low,1,Resolved,Positive
S1350,C10527,2026-05-10,Login,Low,52,Open,Negative
S1351,C10527,2026-03-15,Login,High,24,Resolved,Neutral
S1352,C10527,2026-04-10,Payment,Medium,5,Resolved,Positive
S1353,C10528,2025-11-17,Login,High,26,Open,Neutral
S1354,C10529,2025-10-07,Subscription,High,45,Resolved,Negative
S1355,C10529,2026-06-27,Login,Low,65,Resolved,Negative
S1356,C10529,2026-06-03,Login,Low,3,Open,Positive
S1357,C10529,2025-09-15,Payment,Medium,40,Resolved,Negative
S1358,C10529,2026-01-12,Billing,Low,23,Resolved,Neutral
S1359,C10530,2026-03-21,Login,Medium,29,Resolved,Neutral
S1360,C10530,2026-08-11,Subscription,Low,26,Open,Neutral
S1361,C10530,2026-03-05,Subscription,Medium,18,Resolved,Neutral
S1362,C10531,2026-01-29,Subscription,Low,11,Resolved,Positive
S1363,C10532,2026-06-24,Billing,High,25,Resolved,Neutral
S1364,C10532,2026-03-21,Subscription,Low,42,Resolved,Negative
S1365,C10532,2026-02-02,Subscription,Low,27,Resolved,Neutral
S1366,C10532,2026-07-10,Billing,High,12,Resolved,Positive
S1367,C10532,2026-04-21,Technical,High,49,Resolved,Negative
S1368,C10533,2026-06-10,Payment,Medium,39,Resolved,Negative
S1369,C10533,2025-12-08,Billing,Medium,44,Resolved,Negative
S1370,C10533,2026-07-08,Payment,Medium,10,Open,Positive
S1371,C10534,2026-01-25,Payment,Low,45,Resolved,Negative
S1372,C10534,2025-09-25,Billing,High,5,Resolved,Positive
S1373,C10534,2026-04-01,Billing,Medium,57,Open,Negative
S1374,C10535,2026-08-28,Billing,Medium,23,Resolved,Neutral
S1375,C10535,2025-12-17,Billing,Medium,19,Resolved,Neutral
S1376,C10535,2026-07-25,Login,Medium,2,Resolved,Positive
S1377,C10536,2025-10-02,Technical,High,4,Resolved,Positive
S1378,C10537,2026-01-27,Login,Medium,16,Open,Neutral
S1379,C10537,2026-01-03,Billing,Low,7,Open,Positive
S1380,C10537,2026-06-11,Billing,Medium,35,Resolved,Neutral
S1381,C10537,2026-03-12,Payment,Low,60,Resolved,Negative
S1382,C10538,2025-09-24,Subscription,Low,47,Resolved,Negative
S1383,C10538,2025-12-10,Technical,Medium,6,Resolved,Positive
S1384,C10538,2025-10-10,Billing,High,15,Resolved,Neutral
S1385,C10539,2026-05-15,Payment,Low,27,Open,Neutral
S1386,C10540,2026-03-12,Billing,High,16,Resolved,Neutral
S1387,C10541,2026-08-15,Technical,High,62,Resolved,Negative
S1388,C10541,2026-04-02,Payment,High,17,Resolved,Neutral
S1389,C10543,2026-05-20,Billing,Medium,64,Resolved,Negative
S1390,C10543,2026-02-22,Billing,Medium,20,Open,Neutral
S1391,C10544,2026-06-23,Payment,Low,15,Resolved,Neutral
S1392,C10544,2025-12-30,Technical,Low,53,Resolved,Negative
S1393,C10545,2026-08-31,Login,High,57,Resolved,Negative
S1394,C10545,2026-06-26,Login,Medium,55,Resolved,Negative
S1395,C10546,2026-05-18,Technical,Medium,20,Open,Neutral
S1396,C10546,2026-06-05,Billing,High,17,Open,Neutral
S1397,C10546,2025-10-15,Login,Medium,23,Resolved,Neutral
S1398,C10546,2025-09-11,Technical,Low,21,Open,Neutral
S1399,C10546,2026-01-04,Billing,Low,72,Resolved,Negative
S1400,C10547,2026-02-02,Login,Low,44,Open,Negative
S1401,C10547,2026-02-06,Technical,Medium,27,Resolved,Neutral
S1402,C10547,2025-11-14,Billing,Low,9,Resolved,Positive
S1403,C10547,2026-08-07,Technical,Low,7,Open,Positive
S1404,C10548,2025-10-20,Subscription,Medium,62,Open,Negative
S1405,C10548,2026-02-06,Payment,Low,58,Resolved,Negative
S1406,C10549,2026-08-17,Subscription,Medium,18,Resolved,Neutral
S1407,C10549,2025-11-08,Login,Low,7,Resolved,Positive
S1408,C10549,2026-07-24,Payment,Medium,52,Open,Negative
S1409,C10549,2025-12-16,Payment,High,29,Resolved,Neutral
S1410,C10549,2026-02-11,Payment,Medium,33,Resolved,Neutral
S1411,C10550,2025-11-23,Billing,Medium,41,Resolved,Negative
S1412,C10550,2026-08-27,Payment,High,44,Resolved,Negative
S1413,C10550,2026-08-24,Payment,Medium,2,Resolved,Positive
S1414,C10552,2025-09-12,Login,High,57,Resolved,Negative
S1415,C10552,2025-11-08,Payment,Medium,59,Open,Negative
S1416,C10552,2026-08-30,Payment,High,40,Open,Negative
S1417,C10553,2026-06-25,Payment,Low,28,Resolved,Neutral
S1418,C10553,2026-01-10,Payment,Medium,33,Open,Neutral
S1419,C10553,2026-08-18,Login,Medium,65,Resolved,Negative
S1420,C10553,2026-06-19,Payment,Medium,45,Open,Negative
S1421,C10554,2026-06-12,Technical,High,42,Resolved,Negative
S1422,C10554,2026-05-23,Payment,Low,21,Resolved,Neutral
S1423,C10554,2026-05-05,Payment,Low,24,Resolved,Neutral
S1424,C10554,2026-08-31,Login,Low,63,Resolved,Negative
S1425,C10555,2026-03-10,Payment,High,60,Open,Negative
S1426,C10557,2026-03-29,Technical,Medium,49,Open,Negative
S1427,C10558,2026-06-13,Login,Medium,22,Resolved,Neutral
S1428,C10558,2026-02-07,Payment,High,19,Resolved,Neutral
S1429,C10558,2026-01-08,Billing,Low,43,Resolved,Negative
S1430,C10558,2026-07-26,Login,Low,10,Resolved,Positive
S1431,C10559,2025-11-29,Login,Low,1,Resolved,Positive
S1432,C10560,2026-01-08,Technical,Low,72,Resolved,Negative
S1433,C10560,2026-03-05,Technical,Low,49,Resolved,Negative
S1434,C10561,2026-04-02,Subscription,Medium,29,Resolved,Neutral
S1435,C10562,2026-01-26,Billing,Low,60,Resolved,Negative
S1436,C10562,2026-02-09,Payment,Low,35,Resolved,Neutral
S1437,C10562,2026-01-29,Login,Low,7,Resolved,Positive
S1438,C10564,2026-02-25,Technical,Medium,20,Resolved,Neutral
S1439,C10565,2026-08-16,Payment,Low,5,Open,Positive
S1440,C10565,2025-11-21,Payment,Medium,44,Resolved,Negative
S1441,C10565,2026-02-12,Subscription,High,32,Resolved,Neutral
S1442,C10565,2026-07-22,Login,High,47,Open,Negative
S1443,C10565,2026-06-29,Subscription,High,30,Resolved,Neutral
S1444,C10566,2025-09-10,Subscription,Medium,69,Resolved,Negative
S1445,C10566,2025-11-24,Billing,Low,45,Resolved,Negative
S1446,C10566,2026-08-23,Login,High,67,Resolved,Negative
S1447,C10566,2025-10-26,Subscription,High,32,Resolved,Neutral
S1448,C10566,2026-08-02,Payment,Low,10,Open,Positive
S1449,C10567,2025-10-07,Technical,Low,15,Resolved,Neutral
S1450,C10567,2025-10-13,Billing,High,28,Resolved,Neutral
S1451,C10567,2026-05-05,Login,Low,46,Resolved,Negative
S1452,C10567,2026-05-20,Billing,Medium,23,Resolved,Neutral
S1453,C10568,2026-06-05,Login,Low,57,Resolved,Negative
S1454,C10568,2025-11-03,Login,Low,40,Resolved,Negative
S1455,C10568,2025-12-16,Payment,Medium,36,Open,Neutral
S1456,C10568,2026-01-02,Technical,Medium,70,Open,Negative
S1457,C10568,2026-04-06,Login,Low,43,Resolved,Negative
S1458,C10569,2026-02-13,Login,Low,11,Resolved,Positive
S1459,C10570,2025-10-01,Technical,High,59,Open,Negative
S1460,C10571,2026-01-17,Subscription,Low,39,Resolved,Negative
S1461,C10571,2026-08-07,Login,High,38,Resolved,Negative
S1462,C10571,2025-12-15,Technical,Medium,60,Resolved,Negative
S1463,C10571,2026-03-06,Subscription,High,19,Resolved,Neutral
S1464,C10571,2026-04-25,Billing,High,33,Resolved,Neutral
S1465,C10572,2026-04-12,Subscription,High,27,Resolved,Neutral
S1466,C10572,2026-03-15,Payment,High,11,Open,Positive
S1467,C10572,2026-07-30,Subscription,High,39,Resolved,Negative
S1468,C10573,2026-08-10,Technical,Medium,8,Resolved,Positive
S1469,C10573,2025-12-24,Login,High,3,Resolved,Positive
S1470,C10574,2026-08-15,Subscription,High,55,Resolved,Negative
S1471,C10574,2025-12-12,Login,High,7,Resolved,Positive
S1472,C10574,2026-05-25,Payment,High,48,Resolved,Negative
S1473,C10575,2026-06-02,Technical,Medium,71,Resolved,Negative
S1474,C10575,2025-10-09,Payment,High,39,Resolved,Negative
S1475,C10575,2026-03-30,Subscription,Medium,31,Resolved,Neutral
S1476,C10575,2026-05-21,Subscription,Medium,15,Resolved,Neutral
S1477,C10575,2026-01-13,Billing,Low,59,Resolved,Negative
S1478,C10576,2025-09-25,Payment,High,55,Open,Negative
S1479,C10576,2026-04-20,Login,Medium,10,Open,Positive
S1480,C10578,2026-04-18,Subscription,High,27,Open,Neutral
S1481,C10578,2026-02-06,Payment,Medium,14,Open,Neutral
S1482,C10578,2026-03-18,Billing,Medium,35,Resolved,Neutral
S1483,C10578,2025-11-18,Payment,Low,53,Resolved,Negative
S1484,C10578,2026-05-26,Payment,Medium,65,Open,Negative
S1485,C10579,2025-10-31,Login,Low,21,Open,Neutral
S1486,C10579,2026-03-05,Subscription,Medium,34,Open,Neutral
S1487,C10579,2026-06-15,Billing,Medium,18,Open,Neutral
S1488,C10579,2026-02-09,Payment,Low,70,Resolved,Negative
S1489,C10580,2026-08-31,Technical,Medium,34,Open,Neutral
S1490,C10581,2025-10-24,Billing,High,31,Resolved,Neutral
S1491,C10581,2026-07-03,Billing,Low,28,Open,Neutral
S1492,C10581,2026-07-18,Technical,High,11,Resolved,Positive
S1493,C10582,2026-08-22,Billing,High,3,Resolved,Positive
S1494,C10582,2026-08-04,Billing,Medium,57,Resolved,Negative
S1495,C10583,2026-07-20,Technical,Low,24,Resolved,Neutral
S1496,C10583,2026-03-26,Payment,Low,12,Resolved,Positive
S1497,C10583,2026-04-16,Technical,High,28,Resolved,Neutral
S1498,C10584,2026-05-03,Technical,Medium,66,Open,Negative
S1499,C10584,2025-09-22,Subscription,Medium,63,Resolved,Negative
S1500,C10584,2026-03-17,Subscription,High,14,Resolved,Neutral
S1501,C10585,2025-10-25,Billing,High,6,Resolved,Positive
S1502,C10585,2026-08-21,Login,High,70,Open,Negative
S1503,C10587,2025-11-24,Technical,High,66,Resolved,Negative
S1504,C10587,2026-03-07,Subscription,Low,49,Resolved,Negative
S1505,C10587,2025-10-12,Subscription,High,58,Resolved,Negative
S1506,C10587,2025-09-10,Payment,Low,16,Resolved,Neutral
S1507,C10589,2026-01-23,Technical,Medium,70,Resolved,Negative
S1508,C10591,2026-04-17,Billing,Medium,36,Open,Neutral
S1509,C10591,2026-02-09,Billing,High,33,Resolved,Neutral
S1510,C10591,2025-09-04,Login,High,9,Resolved,Positive
S1511,C10592,2025-11-02,Login,Medium,20,Resolved,Neutral
S1512,C10592,2025-11-15,Technical,Medium,52,Resolved,Negative
S1513,C10592,2025-11-26,Login,Low,27,Resolved,Neutral
S1514,C10592,2026-05-26,Subscription,Medium,16,Open,Neutral
S1515,C10592,2026-04-23,Subscription,Medium,20,Resolved,Neutral
S1516,C10593,2026-03-16,Login,Medium,44,Resolved,Negative
S1517,C10593,2025-09-07,Technical,Medium,7,Resolved,Positive
S1518,C10593,2025-12-16,Login,Low,37,Resolved,Negative
S1519,C10594,2026-02-20,Subscription,Medium,4,Resolved,Positive
S1520,C10595,2026-06-02,Billing,High,5,Resolved,Positive
S1521,C10596,2025-12-04,Subscription,Low,13,Resolved,Neutral
S1522,C10596,2025-10-29,Payment,Medium,56,Open,Negative
S1523,C10596,2026-08-24,Login,Medium,43,Resolved,Negative
S1524,C10596,2026-03-09,Billing,Medium,2,Resolved,Positive
S1525,C10596,2026-07-02,Payment,Low,23,Resolved,Neutral
S1526,C10598,2025-11-10,Subscription,High,5,Resolved,Positive
S1527,C10598,2025-10-20,Payment,Medium,4,Open,Positive
S1528,C10598,2025-12-14,Login,Low,15,Resolved,Neutral
S1529,C10599,2025-11-12,Payment,High,45,Resolved,Negative
S1530,C10599,2026-05-29,Technical,Medium,33,Open,Neutral
S1531,C10599,2026-08-19,Login,High,3,Resolved,Positive
S1532,C10599,2026-06-20,Subscription,Low,43,Resolved,Negative
S1533,C10600,2026-03-09,Billing,Low,69,Resolved,Negative
S1534,C10600,2026-08-24,Login,Medium,54,Open,Negative
S1535,C10601,2025-12-31,Payment,Medium,19,Open,Neutral
S1536,C10601,2026-03-28,Subscription,Low,11,Open,Positive
S1537,C10603,2026-06-15,Technical,Low,62,Resolved,Negative
S1538,C10603,2026-06-04,Login,Low,71,Open,Negative
S1539,C10603,2026-06-05,Payment,Medium,36,Open,Neutral
S1540,C10604,2025-10-08,Technical,Low,10,Resolved,Positive
S1541,C10607,2025-10-09,Technical,Medium,35,Resolved,Neutral
S1542,C10607,2026-02-12,Login,Low,47,Resolved,Negative
S1543,C10607,2025-10-22,Payment,Low,22,Resolved,Neutral
S1544,C10607,2026-01-11,Login,High,42,Resolved,Negative
S1545,C10607,2026-04-10,Technical,Medium,23,Resolved,Neutral
S1546,C10608,2026-01-29,Billing,High,39,Resolved,Negative
S1547,C10608,2026-08-22,Technical,Low,4,Open,Positive
S1548,C10608,2026-06-16,Login,Low,68,Resolved,Negative
S1549,C10608,2026-04-26,Login,High,41,Resolved,Negative
S1550,C10609,2026-07-23,Subscription,Medium,38,Resolved,Negative
S1551,C10609,2026-06-16,Billing,Low,59,Resolved,Negative
S1552,C10609,2026-07-25,Technical,High,68,Resolved,Negative
S1553,C10609,2026-02-20,Billing,High,18,Resolved,Neutral
S1554,C10610,2026-08-31,Payment,High,14,Resolved,Neutral
S1555,C10610,2025-09-25,Login,Medium,61,Open,Negative
S1556,C10610,2026-03-14,Technical,Low,40,Open,Negative
S1557,C10610,2026-01-21,Billing,Low,69,Open,Negative
S1558,C10611,2025-09-27,Payment,High,46,Open,Negative
S1559,C10611,2025-10-16,Subscription,Medium,37,Resolved,Negative
S1560,C10612,2025-12-13,Subscription,High,9,Resolved,Positive
S1561,C10612,2026-05-18,Payment,High,49,Open,Negative
S1562,C10613,2026-08-18,Subscription,High,29,Open,Neutral
S1563,C10613,2026-02-18,Payment,Low,49,Resolved,Negative
S1564,C10613,2026-02-18,Technical,High,36,Resolved,Neutral
S1565,C10614,2026-02-27,Login,Medium,9,Resolved,Positive
S1566,C10614,2026-07-21,Login,High,64,Open,Negative
S1567,C10614,2025-10-16,Payment,Low,70,Resolved,Negative
S1568,C10615,2026-01-27,Subscription,Medium,49,Open,Negative
S1569,C10617,2025-11-17,Login,High,6,Resolved,Positive
S1570,C10617,2025-10-15,Payment,High,65,Open,Negative
S1571,C10619,2026-05-25,Technical,High,43,Resolved,Negative
S1572,C10619,2025-12-31,Subscription,Medium,50,Open,Negative
S1573,C10619,2026-04-27,Technical,Low,60,Resolved,Negative
S1574,C10620,2025-11-16,Payment,Low,21,Open,Neutral
S1575,C10621,2026-03-22,Payment,Medium,40,Resolved,Negative
S1576,C10622,2025-09-19,Login,High,22,Open,Neutral
S1577,C10622,2026-04-18,Billing,Medium,10,Resolved,Positive
S1578,C10623,2026-07-05,Subscription,Low,7,Resolved,Positive
S1579,C10623,2026-02-02,Billing,High,12,Resolved,Positive
S1580,C10624,2025-10-25,Subscription,Low,10,Resolved,Positive
S1581,C10624,2026-05-10,Login,Low,4,Resolved,Positive
S1582,C10625,2026-06-12,Subscription,High,13,Open,Neutral
S1583,C10625,2026-08-16,Technical,High,49,Resolved,Negative
S1584,C10625,2026-02-27,Login,High,1,Resolved,Positive
S1585,C10625,2026-03-17,Technical,Low,15,Resolved,Neutral
S1586,C10625,2026-06-18,Subscription,Low,70,Resolved,Negative
S1587,C10626,2026-01-31,Technical,Low,45,Open,Negative
S1588,C10626,2026-08-07,Billing,Medium,50,Resolved,Negative
S1589,C10628,2026-06-30,Technical,Low,70,Open,Negative
S1590,C10628,2025-10-13,Subscription,Medium,3,Resolved,Positive
S1591,C10628,2025-10-06,Payment,Low,55,Open,Negative
S1592,C10628,2026-03-20,Technical,Medium,10,Open,Positive
S1593,C10629,2026-06-17,Billing,Medium,20,Resolved,Neutral
S1594,C10629,2026-04-10,Technical,Low,72,Open,Negative
S1595,C10629,2025-09-25,Technical,High,5,Open,Positive
S1596,C10629,2026-04-07,Subscription,Medium,41,Open,Negative
S1597,C10630,2025-11-02,Payment,High,11,Resolved,Positive
S1598,C10630,2026-04-04,Technical,High,63,Resolved,Negative
S1599,C10631,2025-11-28,Login,High,44,Open,Negative
S1600,C10631,2026-05-24,Billing,High,10,Open,Positive
S1601,C10631,2026-06-04,Payment,High,25,Open,Neutral
S1602,C10632,2025-12-17,Login,High,47,Resolved,Negative
S1603,C10632,2026-06-27,Billing,Medium,31,Resolved,Neutral
S1604,C10632,2026-06-26,Payment,High,18,Open,Neutral
S1605,C10632,2026-08-31,Subscription,Medium,20,Resolved,Neutral
S1606,C10632,2026-06-03,Technical,High,36,Resolved,Neutral
S1607,C10633,2026-05-23,Billing,Medium,11,Resolved,Positive
S1608,C10633,2025-12-13,Payment,Medium,52,Resolved,Negative
S1609,C10633,2025-09-14,Technical,High,60,Resolved,Negative
S1610,C10634,2026-07-22,Billing,Medium,28,Resolved,Neutral
S1611,C10634,2025-10-20,Billing,Medium,72,Resolved,Negative
S1612,C10634,2026-02-15,Subscription,Medium,41,Open,Negative
S1613,C10634,2026-05-06,Technical,High,51,Resolved,Negative
S1614,C10635,2026-06-04,Login,High,8,Open,Positive
S1615,C10635,2026-07-15,Billing,Low,24,Resolved,Neutral
S1616,C10635,2025-09-17,Subscription,High,64,Resolved,Negative
S1617,C10635,2026-05-17,Technical,Medium,68,Resolved,Negative
S1618,C10635,2026-03-18,Subscription,Medium,54,Open,Negative
S1619,C10636,2026-08-10,Technical,Low,66,Resolved,Negative
S1620,C10637,2026-08-16,Technical,Medium,57,Resolved,Negative
S1621,C10638,2025-11-26,Subscription,Low,34,Resolved,Neutral
S1622,C10638,2026-01-07,Technical,Low,41,Resolved,Negative
S1623,C10638,2026-05-14,Billing,High,25,Open,Neutral
S1624,C10638,2026-04-03,Payment,Medium,6,Resolved,Positive
S1625,C10638,2026-08-14,Subscription,High,9,Resolved,Positive
S1626,C10641,2026-06-11,Billing,Medium,49,Open,Negative
S1627,C10641,2026-03-29,Subscription,Low,61,Resolved,Negative
S1628,C10641,2026-06-16,Billing,High,12,Open,Positive
S1629,C10641,2026-04-08,Technical,Low,44,Open,Negative
S1630,C10641,2026-02-27,Billing,Low,55,Resolved,Negative
S1631,C10642,2025-12-18,Login,High,37,Open,Negative
S1632,C10643,2026-05-04,Billing,High,10,Resolved,Positive
S1633,C10644,2026-05-06,Subscription,Medium,67,Open,Negative
S1634,C10644,2025-11-21,Billing,Medium,39,Resolved,Negative
S1635,C10645,2026-01-23,Payment,High,68,Open,Negative
S1636,C10646,2026-05-08,Billing,Medium,25,Open,Neutral
S1637,C10646,2025-12-27,Login,High,5,Resolved,Positive
S1638,C10646,2025-09-23,Login,Low,52,Resolved,Negative
S1639,C10646,2026-07-27,Billing,Medium,58,Open,Negative
S1640,C10647,2026-08-26,Technical,High,64,Resolved,Negative
S1641,C10647,2026-08-26,Subscription,High,62,Resolved,Negative
S1642,C10648,2026-06-27,Payment,Low,45,Open,Negative
S1643,C10648,2026-03-16,Billing,High,46,Open,Negative
S1644,C10648,2026-07-05,Technical,Medium,8,Open,Positive
S1645,C10648,2025-12-31,Subscription,Low,60,Resolved,Negative
S1646,C10649,2026-06-27,Technical,High,55,Resolved,Negative
S1647,C10649,2026-08-27,Subscription,High,13,Open,Neutral
S1648,C10649,2026-04-01,Technical,Low,2,Resolved,Positive
S1649,C10649,2025-12-21,Payment,High,51,Open,Negative
S1650,C10649,2025-10-31,Payment,High,41,Open,Negative
S1651,C10650,2026-07-26,Subscription,Low,58,Open,Negative
S1652,C10650,2025-08-31,Subscription,Low,14,Resolved,Neutral
S1653,C10650,2025-12-25,Payment,High,4,Resolved,Positive
S1654,C10651,2026-04-25,Subscription,Medium,22,Resolved,Neutral
S1655,C10651,2026-06-22,Subscription,Medium,63,Resolved,Negative
S1656,C10652,2026-01-18,Technical,High,56,Resolved,Negative
S1657,C10653,2026-05-02,Technical,Low,44,Resolved,Negative
S1658,C10653,2025-12-06,Technical,Low,14,Open,Neutral
S1659,C10653,2026-08-24,Technical,Low,30,Resolved,Neutral
S1660,C10653,2026-04-27,Login,High,1,Resolved,Positive
S1661,C10654,2025-11-08,Payment,High,54,Open,Negative
S1662,C10654,2026-03-14,Payment,High,30,Resolved,Neutral
S1663,C10654,2026-03-11,Technical,High,69,Resolved,Negative
S1664,C10654,2026-01-28,Subscription,Low,13,Resolved,Neutral
S1665,C10654,2026-08-25,Login,Low,42,Open,Negative
S1666,C10655,2026-02-28,Login,Low,71,Resolved,Negative
S1667,C10655,2026-05-18,Subscription,Medium,49,Resolved,Negative
S1668,C10655,2026-01-09,Payment,Low,63,Resolved,Negative
S1669,C10655,2026-02-15,Technical,High,64,Open,Negative
S1670,C10656,2026-02-22,Technical,Medium,26,Resolved,Neutral
S1671,C10656,2025-12-31,Technical,Low,3,Resolved,Positive
S1672,C10657,2025-11-27,Payment,Low,30,Resolved,Neutral
S1673,C10657,2026-06-18,Login,High,47,Open,Negative
S1674,C10657,2026-03-21,Subscription,High,34,Open,Neutral
S1675,C10657,2026-02-05,Login,Medium,59,Resolved,Negative
S1676,C10658,2026-02-05,Technical,Low,27,Resolved,Neutral
S1677,C10658,2026-04-05,Subscription,Medium,50,Open,Negative
S1678,C10658,2026-03-19,Technical,High,32,Resolved,Neutral
S1679,C10658,2025-09-29,Technical,Medium,71,Resolved,Negative
S1680,C10659,2025-12-30,Technical,Low,44,Open,Negative
S1681,C10659,2026-01-11,Payment,High,57,Open,Negative
S1682,C10660,2026-05-08,Technical,Medium,20,Open,Neutral
S1683,C10661,2025-11-21,Payment,Low,53,Open,Negative
S1684,C10661,2026-06-20,Payment,Low,16,Resolved,Neutral
S1685,C10661,2026-04-17,Login,Low,31,Resolved,Neutral
S1686,C10661,2026-07-17,Payment,High,54,Resolved,Negative
S1687,C10661,2025-10-20,Billing,Medium,66,Resolved,Negative
S1688,C10662,2026-05-19,Payment,Low,45,Resolved,Negative
S1689,C10663,2025-12-28,Subscription,Low,45,Resolved,Negative
S1690,C10664,2026-07-14,Payment,Medium,10,Resolved,Positive
S1691,C10666,2025-10-03,Payment,Low,42,Resolved,Negative
S1692,C10666,2026-07-31,Payment,Low,34,Open,Neutral
S1693,C10666,2026-07-06,Billing,High,56,Open,Negative
S1694,C10667,2025-11-16,Technical,Low,39,Resolved,Negative
S1695,C10667,2026-06-15,Payment,Medium,9,Resolved,Positive
S1696,C10668,2026-08-10,Billing,High,11,Resolved,Positive
S1697,C10669,2025-11-17,Payment,High,65,Resolved,Negative
S1698,C10670,2026-03-08,Login,Medium,22,Open,Neutral
S1699,C10670,2025-11-18,Login,Medium,20,Open,Neutral
S1700,C10672,2025-11-12,Login,High,54,Resolved,Negative
S1701,C10672,2026-07-08,Technical,Low,26,Open,Neutral
S1702,C10672,2025-11-06,Technical,Low,36,Open,Neutral
S1703,C10672,2026-01-31,Billing,Medium,59,Resolved,Negative
S1704,C10673,2026-05-13,Subscription,Medium,67,Open,Negative
S1705,C10673,2025-12-26,Subscription,High,69,Resolved,Negative
S1706,C10673,2026-07-22,Login,Medium,65,Open,Negative
S1707,C10674,2025-09-20,Technical,High,69,Resolved,Negative
S1708,C10674,2026-03-21,Subscription,High,25,Resolved,Neutral
S1709,C10674,2025-10-07,Payment,Low,66,Resolved,Negative
S1710,C10675,2026-04-21,Technical,High,63,Open,Negative
S1711,C10675,2026-05-04,Billing,Medium,7,Open,Positive
S1712,C10675,2025-12-25,Payment,Medium,44,Open,Negative
S1713,C10675,2025-12-29,Payment,Low,46,Resolved,Negative
S1714,C10675,2025-12-20,Login,Medium,69,Open,Negative
S1715,C10676,2026-04-06,Billing,Low,62,Open,Negative
S1716,C10676,2026-04-09,Payment,High,12,Resolved,Positive
S1717,C10677,2025-09-23,Subscription,High,58,Open,Negative
S1718,C10677,2026-06-25,Subscription,Low,27,Open,Neutral
S1719,C10677,2025-10-26,Login,Medium,50,Open,Negative
S1720,C10678,2025-09-09,Login,Medium,60,Resolved,Negative
S1721,C10678,2026-03-21,Technical,Medium,24,Open,Neutral
S1722,C10678,2025-12-24,Technical,Medium,66,Resolved,Negative
S1723,C10678,2025-10-24,Subscription,Low,12,Open,Positive
S1724,C10679,2026-07-06,Billing,Medium,11,Open,Positive
S1725,C10679,2026-02-28,Subscription,Medium,52,Resolved,Negative
S1726,C10680,2025-11-29,Billing,Low,45,Resolved,Negative
S1727,C10681,2026-01-16,Billing,Low,18,Resolved,Neutral
S1728,C10681,2026-04-24,Billing,Medium,41,Open,Negative
S1729,C10681,2026-04-13,Payment,High,57,Resolved,Negative
S1730,C10681,2025-10-12,Login,High,9,Open,Positive
S1731,C10681,2026-04-10,Login,Low,16,Resolved,Neutral
S1732,C10683,2025-10-19,Subscription,Low,39,Resolved,Negative
S1733,C10684,2025-10-06,Subscription,High,70,Resolved,Negative
S1734,C10685,2025-12-31,Login,Medium,49,Resolved,Negative
S1735,C10685,2026-03-04,Login,High,40,Open,Negative
S1736,C10685,2026-05-17,Billing,Medium,53,Resolved,Negative
S1737,C10686,2026-03-15,Subscription,Low,4,Resolved,Positive
S1738,C10686,2026-02-13,Technical,Low,7,Resolved,Positive
S1739,C10686,2026-07-14,Payment,High,35,Resolved,Neutral
S1740,C10687,2026-08-25,Technical,High,67,Open,Negative
S1741,C10688,2025-12-08,Login,Low,70,Open,Negative
S1742,C10688,2026-05-31,Subscription,Medium,51,Open,Negative
S1743,C10688,2025-12-16,Subscription,High,22,Open,Neutral
S1744,C10688,2026-06-03,Login,Medium,62,Resolved,Negative
S1745,C10689,2026-03-25,Technical,Low,69,Resolved,Negative
S1746,C10689,2026-07-18,Payment,Low,69,Resolved,Negative
S1747,C10689,2026-06-18,Payment,Low,63,Resolved,Negative
S1748,C10689,2025-11-02,Login,Medium,56,Resolved,Negative
S1749,C10689,2026-04-06,Login,High,27,Resolved,Neutral
S1750,C10691,2026-02-15,Billing,Medium,12,Resolved,Positive
S1751,C10692,2025-09-30,Technical,Medium,43,Resolved,Negative
S1752,C10692,2026-07-09,Subscription,High,35,Open,Neutral
S1753,C10692,2025-11-04,Login,High,38,Open,Negative
S1754,C10695,2025-09-04,Billing,Medium,55,Resolved,Negative
S1755,C10695,2026-07-03,Subscription,Medium,50,Resolved,Negative
S1756,C10695,2025-12-30,Payment,Low,31,Resolved,Neutral
S1757,C10695,2025-10-27,Payment,High,40,Open,Negative
S1758,C10695,2026-05-20,Login,Low,62,Resolved,Negative
S1759,C10696,2026-08-09,Payment,Medium,63,Resolved,Negative
S1760,C10697,2026-03-17,Technical,High,60,Resolved,Negative
S1761,C10697,2026-02-20,Login,Low,27,Resolved,Neutral
S1762,C10700,2025-09-10,Billing,Medium,34,Open,Neutral
S1763,C10701,2025-09-13,Payment,Medium,7,Resolved,Positive
S1764,C10701,2025-10-16,Login,High,54,Open,Negative
S1765,C10704,2026-04-11,Payment,Low,69,Resolved,Negative
S1766,C10704,2025-09-18,Subscription,Low,6,Open,Positive
S1767,C10704,2026-01-24,Payment,High,68,Open,Negative
S1768,C10705,2025-10-31,Subscription,High,11,Resolved,Positive
S1769,C10705,2025-12-20,Subscription,Low,55,Resolved,Negative
S1770,C10706,2026-02-12,Technical,High,29,Resolved,Neutral
S1771,C10706,2026-06-19,Technical,Medium,70,Open,Negative
S1772,C10706,2026-01-22,Billing,High,72,Resolved,Negative
S1773,C10706,2025-10-29,Billing,Medium,30,Open,Neutral
S1774,C10707,2026-08-17,Billing,Low,46,Open,Negative
S1775,C10707,2025-09-25,Billing,High,56,Resolved,Negative
S1776,C10707,2026-05-02,Login,Low,20,Open,Neutral
S1777,C10708,2026-05-15,Subscription,High,21,Resolved,Neutral
S1778,C10710,2026-07-02,Payment,High,39,Resolved,Negative
S1779,C10710,2025-10-18,Billing,Medium,1,Open,Positive
S1780,C10710,2026-08-04,Subscription,Medium,66,Resolved,Negative
S1781,C10713,2025-10-28,Login,Medium,1,Resolved,Positive
S1782,C10713,2026-01-14,Billing,Medium,12,Resolved,Positive
S1783,C10713,2026-02-04,Subscription,Medium,51,Resolved,Negative
S1784,C10713,2025-10-29,Subscription,Medium,30,Open,Neutral
S1785,C10713,2025-12-07,Billing,High,31,Resolved,Neutral
S1786,C10714,2025-12-21,Login,High,4,Resolved,Positive
S1787,C10715,2025-11-24,Technical,Medium,68,Resolved,Negative
S1788,C10715,2026-02-26,Technical,High,10,Open,Positive
S1789,C10715,2026-02-08,Billing,Medium,26,Open,Neutral
S1790,C10715,2026-07-07,Billing,Medium,25,Resolved,Neutral
S1791,C10716,2025-10-29,Billing,Medium,44,Open,Negative
S1792,C10716,2026-07-22,Payment,Medium,49,Open,Negative
S1793,C10717,2026-04-24,Billing,High,43,Open,Negative
S1794,C10717,2025-10-30,Billing,Low,31,Resolved,Neutral
S1795,C10717,2026-06-07,Subscription,High,50,Resolved,Negative
S1796,C10718,2026-08-22,Payment,Medium,19,Resolved,Neutral
S1797,C10718,2025-09-14,Login,High,52,Open,Negative
S1798,C10720,2026-02-11,Billing,Low,20,Resolved,Neutral
S1799,C10720,2026-02-09,Login,Medium,16,Open,Neutral
S1800,C10720,2026-08-24,Payment,Low,26,Resolved,Neutral
S1801,C10720,2026-01-14,Payment,Medium,39,Open,Negative
S1802,C10721,2025-12-10,Subscription,High,41,Resolved,Negative
S1803,C10722,2026-01-20,Payment,High,40,Resolved,Negative
S1804,C10723,2026-08-22,Technical,Low,37,Resolved,Negative
S1805,C10723,2026-02-07,Login,High,27,Resolved,Neutral
S1806,C10725,2026-08-08,Subscription,Medium,58,Resolved,Negative
S1807,C10725,2026-05-07,Payment,Medium,65,Open,Negative
S1808,C10725,2026-08-27,Technical,High,18,Resolved,Neutral
S1809,C10725,2026-05-05,Login,Medium,8,Resolved,Positive
S1810,C10725,2026-02-10,Subscription,Low,32,Open,Neutral
S1811,C10726,2026-06-30,Subscription,Low,19,Resolved,Neutral
S1812,C10726,2026-03-11,Billing,Low,34,Resolved,Neutral
S1813,C10727,2025-09-20,Billing,Medium,55,Resolved,Negative
S1814,C10727,2026-08-24,Billing,Medium,49,Resolved,Negative
S1815,C10727,2025-11-12,Payment,High,59,Open,Negative
S1816,C10727,2026-02-18,Payment,Low,1,Resolved,Positive
S1817,C10728,2025-09-18,Billing,High,34,Resolved,Neutral
S1818,C10728,2026-02-17,Login,Low,2,Open,Positive
S1819,C10728,2025-09-18,Login,Low,30,Resolved,Neutral
S1820,C10728,2025-09-26,Payment,Low,41,Resolved,Negative
S1821,C10728,2026-07-17,Login,Low,42,Open,Negative
S1822,C10730,2025-09-19,Technical,Low,15,Resolved,Neutral
S1823,C10730,2026-04-07,Billing,Low,65,Resolved,Negative
S1824,C10730,2026-08-17,Subscription,High,10,Open,Positive
S1825,C10730,2026-08-21,Billing,Low,50,Resolved,Negative
S1826,C10730,2026-08-23,Payment,Low,72,Resolved,Negative
S1827,C10731,2026-01-23,Billing,High,63,Open,Negative
S1828,C10732,2026-06-05,Subscription,High,6,Resolved,Positive
S1829,C10732,2026-08-07,Login,Low,49,Open,Negative
S1830,C10732,2026-01-19,Login,High,7,Resolved,Positive
S1831,C10732,2026-03-06,Subscription,Low,49,Resolved,Negative
S1832,C10733,2026-06-28,Subscription,High,40,Resolved,Negative
S1833,C10733,2026-01-15,Technical,High,23,Resolved,Neutral
S1834,C10736,2025-11-29,Login,Low,36,Resolved,Neutral
S1835,C10736,2026-08-18,Login,Medium,14,Open,Neutral
S1836,C10739,2026-03-16,Technical,Medium,59,Open,Negative
S1837,C10739,2026-08-07,Billing,Low,58,Resolved,Negative
S1838,C10739,2026-03-24,Login,Medium,55,Resolved,Negative
S1839,C10740,2026-06-09,Billing,High,43,Open,Negative
S1840,C10740,2025-10-20,Technical,Low,6,Resolved,Positive
S1841,C10740,2026-01-11,Login,Medium,20,Resolved,Neutral
S1842,C10741,2026-06-28,Login,Low,72,Resolved,Negative
S1843,C10741,2026-05-30,Billing,Low,66,Resolved,Negative
S1844,C10743,2026-02-22,Login,Low,32,Open,Neutral
S1845,C10743,2026-04-03,Subscription,High,22,Resolved,Neutral
S1846,C10743,2025-12-07,Payment,Medium,59,Open,Negative
S1847,C10744,2026-05-25,Subscription,High,27,Open,Neutral
S1848,C10744,2025-11-18,Subscription,Medium,60,Open,Negative
S1849,C10744,2026-02-25,Billing,Low,21,Open,Neutral
S1850,C10744,2025-10-06,Subscription,Low,68,Open,Negative
S1851,C10745,2025-10-09,Billing,Low,31,Resolved,Neutral
S1852,C10745,2026-03-03,Subscription,High,6,Resolved,Positive
S1853,C10746,2026-05-09,Login,Medium,22,Open,Neutral
S1854,C10746,2026-06-26,Login,Low,30,Resolved,Neutral
S1855,C10746,2025-09-27,Payment,Medium,10,Resolved,Positive
S1856,C10749,2026-07-24,Billing,Low,57,Resolved,Negative
S1857,C10751,2026-05-20,Technical,Low,38,Resolved,Negative
S1858,C10752,2026-05-25,Billing,High,41,Resolved,Negative
S1859,C10752,2026-08-06,Login,Low,24,Resolved,Neutral
S1860,C10753,2026-04-04,Subscription,High,37,Resolved,Negative
S1861,C10753,2026-01-14,Technical,Medium,43,Resolved,Negative
S1862,C10753,2026-07-28,Subscription,Medium,47,Resolved,Negative
S1863,C10753,2026-08-28,Subscription,Low,41,Resolved,Negative
S1864,C10754,2026-05-28,Subscription,Medium,56,Resolved,Negative
S1865,C10755,2026-05-07,Subscription,Low,34,Resolved,Neutral
S1866,C10755,2026-02-03,Login,High,2,Resolved,Positive
S1867,C10755,2026-04-27,Billing,Medium,72,Resolved,Negative
S1868,C10755,2025-10-11,Billing,Low,62,Resolved,Negative
S1869,C10755,2026-05-25,Technical,Medium,2,Open,Positive
S1870,C10756,2025-09-24,Technical,Medium,17,Resolved,Neutral
S1871,C10756,2026-06-05,Login,Low,61,Resolved,Negative
S1872,C10757,2026-06-06,Payment,High,7,Resolved,Positive
S1873,C10757,2026-03-02,Login,High,29,Open,Neutral
S1874,C10757,2026-07-23,Payment,High,60,Resolved,Negative
S1875,C10759,2026-07-15,Login,High,46,Resolved,Negative
S1876,C10759,2026-03-31,Subscription,Low,49,Open,Negative
S1877,C10759,2025-10-01,Billing,Low,59,Resolved,Negative
S1878,C10759,2026-03-13,Billing,Medium,58,Open,Negative
S1879,C10759,2026-04-05,Billing,High,21,Resolved,Neutral
S1880,C10760,2026-03-08,Subscription,Low,6,Resolved,Positive
S1881,C10760,2026-07-08,Technical,Medium,10,Open,Positive
S1882,C10761,2026-01-05,Billing,Medium,26,Resolved,Neutral
S1883,C10761,2026-08-21,Subscription,Medium,44,Resolved,Negative
S1884,C10761,2026-07-06,Billing,High,65,Open,Negative
S1885,C10761,2026-03-15,Login,High,44,Resolved,Negative
S1886,C10763,2026-06-22,Payment,Low,46,Resolved,Negative
S1887,C10763,2025-10-04,Login,Low,39,Resolved,Negative
S1888,C10763,2026-01-17,Payment,Medium,61,Resolved,Negative
S1889,C10763,2026-04-01,Billing,High,13,Open,Neutral
S1890,C10765,2026-04-16,Billing,Low,65,Resolved,Negative
S1891,C10765,2026-07-03,Login,High,67,Open,Negative
S1892,C10765,2025-10-16,Technical,High,63,Resolved,Negative
S1893,C10765,2026-03-24,Login,High,67,Resolved,Negative
S1894,C10765,2026-05-02,Payment,Medium,61,Resolved,Negative
S1895,C10766,2026-08-16,Login,High,16,Resolved,Neutral
S1896,C10766,2026-02-13,Billing,Medium,64,Resolved,Negative
S1897,C10766,2025-10-23,Billing,Low,22,Resolved,Neutral
S1898,C10767,2025-11-30,Subscription,Medium,28,Resolved,Neutral
S1899,C10767,2026-04-21,Subscription,Low,42,Open,Negative
S1900,C10767,2025-11-18,Login,Low,55,Resolved,Negative
S1901,C10767,2026-02-28,Payment,Medium,10,Resolved,Positive
S1902,C10767,2026-03-20,Subscription,Medium,40,Resolved,Negative
S1903,C10768,2025-12-12,Payment,Medium,43,Resolved,Negative
S1904,C10768,2025-09-22,Login,Medium,33,Resolved,Neutral
S1905,C10769,2026-03-14,Technical,Medium,21,Resolved,Neutral
S1906,C10770,2026-05-09,Billing,Medium,47,Resolved,Negative
S1907,C10771,2026-02-26,Payment,High,44,Open,Negative
S1908,C10772,2025-09-26,Billing,Low,51,Resolved,Negative
S1909,C10772,2026-04-11,Subscription,Medium,59,Resolved,Negative
S1910,C10772,2026-01-19,Login,Low,8,Resolved,Positive
S1911,C10773,2026-03-04,Subscription,Medium,46,Resolved,Negative
S1912,C10773,2025-09-30,Payment,Medium,46,Resolved,Negative
S1913,C10774,2026-01-11,Login,Low,72,Resolved,Negative
S1914,C10774,2026-07-30,Payment,High,41,Resolved,Negative
S1915,C10775,2026-02-03,Subscription,Medium,31,Resolved,Neutral
S1916,C10776,2026-07-18,Subscription,High,18,Resolved,Neutral
S1917,C10777,2026-08-06,Payment,Medium,55,Resolved,Negative
S1918,C10777,2025-11-07,Technical,High,22,Resolved,Neutral
S1919,C10779,2026-06-22,Billing,Medium,24,Resolved,Neutral
S1920,C10779,2025-10-11,Technical,High,23,Resolved,Neutral
S1921,C10780,2025-09-03,Login,Low,22,Resolved,Neutral
S1922,C10780,2025-09-18,Technical,High,25,Open,Neutral
S1923,C10781,2026-07-18,Technical,Low,60,Resolved,Negative
S1924,C10781,2025-09-07,Payment,Medium,40,Resolved,Negative
S1925,C10781,2025-12-09,Login,High,56,Resolved,Negative
S1926,C10782,2026-08-16,Technical,Medium,21,Open,Neutral
S1927,C10782,2026-03-08,Billing,High,21,Resolved,Neutral
S1928,C10782,2026-06-01,Billing,Medium,5,Open,Positive
S1929,C10783,2026-07-01,Subscription,Medium,38,Open,Negative
S1930,C10783,2025-09-27,Billing,High,68,Resolved,Negative
S1931,C10783,2026-07-03,Billing,Low,36,Resolved,Neutral
S1932,C10783,2026-04-09,Billing,High,65,Resolved,Negative
S1933,C10783,2026-06-20,Subscription,Medium,27,Resolved,Neutral
S1934,C10784,2025-12-22,Billing,High,43,Resolved,Negative
S1935,C10784,2025-09-17,Login,Low,67,Resolved,Negative
S1936,C10784,2026-02-15,Technical,Medium,40,Resolved,Negative
S1937,C10784,2026-05-12,Login,Medium,63,Resolved,Negative
S1938,C10785,2026-01-05,Login,High,26,Resolved,Neutral
S1939,C10785,2026-08-13,Technical,High,50,Open,Negative
S1940,C10785,2026-02-15,Login,Medium,31,Resolved,Neutral
S1941,C10785,2026-03-19,Billing,Medium,17,Open,Neutral
S1942,C10785,2026-01-09,Technical,High,49,Resolved,Negative
S1943,C10787,2026-07-09,Technical,Medium,18,Open,Neutral
S1944,C10787,2026-04-17,Technical,High,6,Resolved,Positive
S1945,C10787,2025-09-14,Technical,Low,34,Open,Neutral
S1946,C10788,2026-07-11,Billing,Medium,68,Resolved,Negative
S1947,C10789,2025-09-21,Payment,Medium,71,Resolved,Negative
S1948,C10789,2025-11-14,Technical,High,42,Resolved,Negative
S1949,C10789,2026-08-15,Technical,Medium,17,Open,Neutral
S1950,C10789,2026-02-19,Login,High,59,Resolved,Negative
S1951,C10789,2026-08-23,Technical,Medium,28,Resolved,Neutral
S1952,C10790,2025-09-01,Technical,Low,65,Resolved,Negative
S1953,C10790,2026-08-11,Login,High,21,Resolved,Neutral
S1954,C10791,2026-03-29,Billing,Low,57,Open,Negative
S1955,C10791,2026-08-28,Login,Low,71,Open,Negative
S1956,C10792,2026-02-08,Subscription,High,56,Resolved,Negative
S1957,C10793,2026-08-30,Billing,High,3,Resolved,Positive
S1958,C10796,2026-08-06,Technical,Medium,10,Resolved,Positive
S1959,C10797,2025-09-24,Login,High,17,Open,Neutral
S1960,C10797,2026-08-25,Billing,High,57,Resolved,Negative
S1961,C10798,2025-12-26,Technical,Low,60,Open,Negative
S1962,C10799,2026-02-11,Technical,High,10,Resolved,Positive
S1963,C10799,2026-07-25,Subscription,Medium,23,Resolved,Neutral
S1964,C10799,2025-11-18,Billing,High,10,Open,Positive
S1965,C10800,2026-04-16,Technical,High,54,Open,Negative
S1966,C10800,2025-10-01,Billing,Low,17,Open,Neutral
S1967,C10800,2025-09-21,Billing,Medium,41,Open,Negative
S1968,C10801,2025-10-25,Billing,Medium,6,Resolved,Positive
S1969,C10801,2026-07-03,Payment,Low,28,Resolved,Neutral
S1970,C10801,2026-07-31,Payment,High,47,Resolved,Negative
S1971,C10802,2026-02-25,Subscription,Medium,2,Resolved,Positive
S1972,C10803,2026-05-03,Payment,High,20,Resolved,Neutral
S1973,C10804,2025-12-22,Billing,Medium,1,Resolved,Positive
S1974,C10804,2025-11-06,Payment,Low,24,Resolved,Neutral
S1975,C10804,2025-11-23,Subscription,Low,58,Open,Negative
S1976,C10806,2026-03-01,Subscription,High,22,Open,Neutral
S1977,C10806,2026-07-06,Subscription,Low,53,Resolved,Negative
S1978,C10806,2026-03-15,Billing,High,37,Resolved,Negative
S1979,C10806,2025-11-14,Billing,High,24,Open,Neutral
S1980,C10807,2026-02-20,Payment,Low,32,Resolved,Neutral
S1981,C10807,2026-05-09,Technical,High,61,Open,Negative
S1982,C10807,2026-02-11,Billing,Low,61,Resolved,Negative
S1983,C10807,2025-10-23,Technical,High,62,Resolved,Negative
S1984,C10808,2026-08-16,Subscription,High,25,Open,Neutral
S1985,C10808,2025-12-01,Subscription,High,20,Open,Neutral
S1986,C10809,2025-10-12,Billing,Medium,48,Open,Negative
S1987,C10809,2026-06-08,Billing,Low,43,Resolved,Negative
S1988,C10809,2026-08-02,Technical,High,61,Resolved,Negative
S1989,C10809,2026-08-14,Billing,Medium,70,Resolved,Negative
S1990,C10811,2025-12-15,Billing,High,6,Open,Positive
S1991,C10811,2026-03-02,Billing,Low,56,Open,Negative
S1992,C10811,2025-09-01,Billing,High,6,Open,Positive
S1993,C10812,2025-10-06,Subscription,High,66,Resolved,Negative
S1994,C10813,2025-10-26,Login,Medium,38,Resolved,Negative
S1995,C10813,2026-01-30,Technical,High,59,Open,Negative
S1996,C10813,2026-05-24,Billing,Medium,57,Resolved,Negative
S1997,C10813,2025-09-06,Payment,Low,28,Resolved,Neutral
S1998,C10814,2026-06-17,Subscription,High,59,Resolved,Negative
S1999,C10814,2026-01-21,Login,High,50,Open,Negative
S2000,C10815,2026-08-08,Login,Medium,64,Open,Negative
S2001,C10816,2026-02-05,Technical,Low,41,Resolved,Negative
S2002,C10816,2026-08-17,Subscription,Low,51,Resolved,Negative
S2003,C10816,2026-05-31,Payment,High,65,Open,Negative
S2004,C10817,2026-05-30,Subscription,Low,9,Resolved,Positive
S2005,C10817,2026-08-18,Payment,Low,16,Resolved,Neutral
S2006,C10817,2025-10-30,Technical,Medium,17,Resolved,Neutral
S2007,C10817,2026-04-30,Login,High,53,Open,Negative
S2008,C10817,2025-10-20,Billing,Medium,49,Open,Negative
S2009,C10819,2026-02-03,Login,Low,8,Resolved,Positive
S2010,C10819,2026-01-28,Subscription,High,48,Open,Negative
S2011,C10820,2026-04-16,Subscription,Medium,37,Resolved,Negative
S2012,C10820,2025-11-02,Billing,Low,1,Resolved,Positive
S2013,C10820,2026-08-13,Billing,Low,41,Resolved,Negative
S2014,C10820,2025-11-29,Payment,High,10,Resolved,Positive
S2015,C10820,2026-01-28,Billing,Medium,52,Resolved,Negative
S2016,C10821,2025-10-22,Login,Medium,51,Resolved,Negative
S2017,C10821,2025-09-20,Login,Low,12,Open,Positive
S2018,C10822,2025-10-06,Payment,Medium,65,Resolved,Negative
S2019,C10822,2025-11-29,Subscription,High,24,Resolved,Neutral
S2020,C10822,2025-12-21,Subscription,Low,72,Resolved,Negative
S2021,C10822,2025-10-24,Billing,Medium,65,Resolved,Negative
S2022,C10823,2026-08-03,Subscription,Low,68,Open,Negative
S2023,C10823,2025-10-09,Technical,High,27,Open,Neutral
S2024,C10823,2025-12-06,Technical,High,17,Resolved,Neutral
S2025,C10823,2026-06-04,Billing,Low,26,Open,Neutral
S2026,C10823,2026-03-16,Subscription,Medium,9,Resolved,Positive
S2027,C10824,2026-07-15,Login,Medium,41,Resolved,Negative
S2028,C10824,2026-03-12,Technical,High,24,Open,Neutral
S2029,C10824,2026-02-16,Technical,High,22,Resolved,Neutral
S2030,C10824,2025-11-28,Login,Low,44,Open,Negative
S2031,C10824,2025-09-12,Login,Low,72,Resolved,Negative
S2032,C10825,2025-10-27,Payment,Low,24,Resolved,Neutral
S2033,C10826,2026-05-31,Login,High,18,Open,Neutral
S2034,C10826,2026-04-17,Payment,Low,15,Resolved,Neutral
S2035,C10827,2026-03-13,Subscription,Medium,33,Open,Neutral
S2036,C10828,2026-01-31,Payment,Medium,32,Resolved,Neutral
S2037,C10828,2025-10-20,Billing,High,1,Resolved,Positive
S2038,C10828,2026-03-14,Technical,High,43,Resolved,Negative
S2039,C10828,2025-10-12,Billing,Low,32,Resolved,Neutral
S2040,C10828,2025-10-01,Login,High,64,Resolved,Negative
S2041,C10832,2026-04-01,Subscription,High,63,Open,Negative
S2042,C10832,2025-09-06,Login,Medium,68,Open,Negative
S2043,C10832,2025-11-17,Subscription,High,33,Open,Neutral
S2044,C10832,2025-10-16,Login,Low,2,Resolved,Positive
S2045,C10833,2026-04-16,Payment,Medium,33,Open,Neutral
S2046,C10833,2026-01-29,Payment,Low,14,Resolved,Neutral
S2047,C10833,2026-05-25,Payment,High,21,Open,Neutral
S2048,C10834,2026-03-21,Billing,High,6,Resolved,Positive
S2049,C10834,2026-03-29,Technical,Low,25,Open,Neutral
S2050,C10834,2026-01-06,Subscription,Medium,67,Open,Negative
S2051,C10835,2025-11-13,Subscription,High,42,Open,Negative
S2052,C10835,2026-01-19,Payment,High,68,Open,Negative
S2053,C10835,2026-04-17,Login,High,28,Resolved,Neutral
S2054,C10836,2025-09-26,Technical,Low,21,Open,Neutral
S2055,C10836,2025-11-13,Login,Medium,58,Resolved,Negative
S2056,C10836,2026-06-14,Technical,High,71,Resolved,Negative
S2057,C10836,2026-01-13,Technical,Medium,64,Open,Negative
S2058,C10837,2026-08-25,Technical,Low,63,Open,Negative
S2059,C10837,2026-03-14,Payment,Low,20,Resolved,Neutral
S2060,C10837,2025-11-11,Billing,High,64,Resolved,Negative
S2061,C10838,2026-05-19,Login,Low,7,Resolved,Positive
S2062,C10838,2026-02-13,Login,Low,33,Open,Neutral
S2063,C10839,2025-12-05,Technical,Medium,33,Resolved,Neutral
S2064,C10840,2026-03-12,Billing,Medium,15,Resolved,Neutral
S2065,C10840,2026-08-18,Technical,Low,50,Resolved,Negative
S2066,C10840,2026-08-10,Technical,High,19,Resolved,Neutral
S2067,C10840,2026-06-11,Technical,Low,29,Open,Neutral
S2068,C10840,2025-12-18,Payment,Low,66,Resolved,Negative
S2069,C10841,2026-02-20,Billing,High,47,Resolved,Negative
S2070,C10842,2026-03-22,Technical,Medium,67,Open,Negative
S2071,C10843,2026-08-22,Billing,Medium,44,Open,Negative
S2072,C10843,2026-03-22,Login,Medium,35,Open,Neutral
S2073,C10843,2026-07-31,Billing,Low,23,Resolved,Neutral
S2074,C10843,2026-05-29,Subscription,High,13,Resolved,Neutral
S2075,C10844,2026-03-24,Technical,Low,40,Open,Negative
S2076,C10844,2026-08-16,Subscription,Low,36,Open,Neutral
S2077,C10844,2025-10-24,Login,High,25,Resolved,Neutral
S2078,C10847,2025-12-24,Login,Medium,29,Resolved,Neutral
S2079,C10847,2026-01-06,Payment,Medium,46,Resolved,Negative
S2080,C10847,2026-05-24,Subscription,High,50,Resolved,Negative
S2081,C10847,2026-04-28,Subscription,High,36,Resolved,Neutral
S2082,C10848,2026-08-13,Login,High,37,Resolved,Negative
S2083,C10850,2025-10-18,Billing,High,49,Resolved,Negative
S2084,C10850,2026-04-24,Payment,High,21,Resolved,Neutral
S2085,C10850,2026-03-21,Billing,Medium,57,Resolved,Negative
S2086,C10850,2026-03-12,Payment,High,66,Resolved,Negative
S2087,C10852,2026-03-26,Login,Low,33,Resolved,Neutral
S2088,C10853,2025-10-13,Login,High,36,Resolved,Neutral
S2089,C10853,2026-06-08,Subscription,Low,33,Resolved,Neutral
S2090,C10855,2025-11-23,Login,Medium,34,Open,Neutral
S2091,C10855,2025-11-21,Payment,Medium,45,Resolved,Negative
S2092,C10855,2026-04-08,Technical,High,43,Resolved,Negative
S2093,C10856,2025-10-16,Subscription,High,64,Open,Negative
S2094,C10856,2026-07-03,Billing,Low,70,Open,Negative
S2095,C10856,2026-03-09,Subscription,Low,53,Resolved,Negative
S2096,C10856,2025-10-27,Technical,High,23,Resolved,Neutral
S2097,C10856,2025-11-15,Login,Medium,39,Resolved,Negative
S2098,C10857,2026-06-22,Payment,Low,54,Open,Negative
S2099,C10857,2025-10-20,Subscription,Low,56,Open,Negative
S2100,C10857,2026-04-03,Billing,Medium,3,Resolved,Positive
S2101,C10857,2026-03-20,Technical,High,34,Resolved,Neutral
S2102,C10857,2025-10-31,Technical,Medium,47,Resolved,Negative
S2103,C10859,2026-05-07,Login,Low,14,Resolved,Neutral
S2104,C10859,2026-06-23,Billing,Low,29,Open,Neutral
S2105,C10859,2025-11-26,Technical,Medium,53,Resolved,Negative
S2106,C10859,2026-04-28,Login,High,43,Open,Negative
S2107,C10859,2025-11-10,Login,High,42,Resolved,Negative
S2108,C10860,2026-05-31,Technical,High,23,Resolved,Neutral
S2109,C10860,2026-05-29,Subscription,Medium,44,Open,Negative
S2110,C10860,2026-07-24,Payment,Low,27,Resolved,Neutral
S2111,C10860,2026-02-24,Billing,Medium,39,Resolved,Negative
S2112,C10860,2026-01-02,Technical,Medium,41,Open,Negative
S2113,C10861,2025-12-27,Payment,Medium,57,Resolved,Negative
S2114,C10861,2025-10-05,Payment,High,70,Resolved,Negative
S2115,C10861,2026-06-28,Billing,Medium,12,Resolved,Positive
S2116,C10861,2025-11-18,Technical,Medium,5,Resolved,Positive
S2117,C10862,2026-08-08,Payment,Low,19,Resolved,Neutral
S2118,C10862,2026-03-24,Technical,Low,9,Open,Positive
S2119,C10862,2026-03-02,Login,Medium,6,Open,Positive
S2120,C10862,2025-09-19,Payment,Medium,52,Resolved,Negative
S2121,C10862,2026-01-22,Payment,Medium,61,Open,Negative
S2122,C10864,2026-08-24,Payment,Medium,1,Open,Positive
S2123,C10864,2026-01-01,Billing,High,10,Resolved,Positive
S2124,C10864,2025-12-19,Subscription,High,50,Resolved,Negative
S2125,C10864,2026-07-09,Login,Medium,61,Open,Negative
S2126,C10864,2025-12-18,Subscription,Medium,54,Open,Negative
S2127,C10865,2025-09-10,Technical,Low,30,Resolved,Neutral
S2128,C10865,2026-07-06,Technical,Low,65,Resolved,Negative
S2129,C10865,2026-08-25,Billing,Low,37,Resolved,Negative
S2130,C10866,2026-01-08,Billing,High,58,Open,Negative
S2131,C10867,2026-05-25,Technical,High,45,Resolved,Negative
S2132,C10867,2025-12-24,Login,Medium,38,Resolved,Negative
S2133,C10867,2026-03-07,Technical,High,18,Resolved,Neutral
S2134,C10867,2026-01-03,Billing,High,11,Open,Positive
S2135,C10867,2026-01-14,Login,High,28,Resolved,Neutral
S2136,C10869,2025-11-13,Technical,Medium,72,Resolved,Negative
S2137,C10871,2025-11-10,Technical,Low,67,Open,Negative
S2138,C10871,2025-12-23,Technical,Low,4,Resolved,Positive
S2139,C10874,2025-10-13,Subscription,Low,69,Resolved,Negative
S2140,C10874,2026-08-23,Payment,Medium,49,Open,Negative
S2141,C10874,2025-11-17,Payment,High,61,Open,Negative
S2142,C10874,2026-02-10,Payment,Medium,28,Open,Neutral
S2143,C10875,2026-07-20,Technical,Low,52,Resolved,Negative
S2144,C10875,2026-04-28,Subscription,Medium,62,Resolved,Negative
S2145,C10875,2025-09-15,Technical,Medium,26,Resolved,Neutral
S2146,C10877,2026-07-12,Billing,High,19,Resolved,Neutral
S2147,C10877,2026-03-04,Subscription,Medium,6,Open,Positive
S2148,C10877,2025-09-13,Technical,Medium,54,Open,Negative
S2149,C10877,2026-07-06,Technical,Low,20,Resolved,Neutral
S2150,C10879,2026-07-27,Billing,High,33,Resolved,Neutral
S2151,C10880,2025-10-31,Billing,Low,47,Open,Negative
S2152,C10880,2026-06-08,Billing,Medium,13,Resolved,Neutral
S2153,C10881,2026-05-06,Login,Medium,44,Resolved,Negative
S2154,C10881,2025-12-25,Payment,Low,5,Open,Positive
S2155,C10883,2026-04-14,Payment,Low,15,Open,Neutral
S2156,C10883,2026-04-26,Login,Low,54,Resolved,Negative
S2157,C10883,2025-10-15,Login,Medium,41,Open,Negative
S2158,C10883,2025-12-16,Billing,Low,33,Resolved,Neutral
S2159,C10884,2026-05-19,Login,Medium,44,Resolved,Negative
S2160,C10884,2025-10-10,Billing,Low,10,Open,Positive
S2161,C10885,2025-09-04,Technical,Low,34,Resolved,Neutral
S2162,C10885,2026-05-25,Technical,High,48,Resolved,Negative
S2163,C10886,2026-03-01,Payment,Medium,30,Open,Neutral
S2164,C10886,2026-08-01,Billing,Medium,64,Resolved,Negative
S2165,C10887,2025-10-08,Payment,Medium,10,Resolved,Positive
S2166,C10887,2026-03-02,Technical,Medium,64,Open,Negative
S2167,C10887,2026-07-14,Login,High,31,Resolved,Neutral
S2168,C10887,2026-04-01,Subscription,Low,40,Resolved,Negative
S2169,C10887,2026-02-25,Subscription,Low,56,Resolved,Negative
S2170,C10888,2026-03-18,Technical,Medium,63,Open,Negative
S2171,C10888,2026-04-07,Technical,Low,66,Resolved,Negative
S2172,C10888,2026-02-10,Subscription,Medium,65,Resolved,Negative
S2173,C10889,2026-03-11,Subscription,Low,71,Resolved,Negative
S2174,C10890,2026-06-18,Login,Low,48,Open,Negative
S2175,C10890,2026-01-16,Payment,Low,68,Resolved,Negative
S2176,C10891,2026-06-14,Technical,Medium,24,Open,Neutral
S2177,C10891,2025-11-18,Technical,High,17,Open,Neutral
S2178,C10892,2026-05-25,Subscription,Medium,55,Resolved,Negative
S2179,C10892,2026-01-26,Login,Medium,60,Open,Negative
S2180,C10893,2026-08-21,Billing,Medium,34,Open,Neutral
S2181,C10893,2025-09-04,Billing,Low,48,Resolved,Negative
S2182,C10893,2025-08-31,Technical,Medium,63,Resolved,Negative
S2183,C10893,2025-12-16,Payment,Medium,4,Resolved,Positive
S2184,C10893,2026-07-20,Payment,High,2,Resolved,Positive
S2185,C10895,2026-06-28,Payment,Medium,47,Resolved,Negative
S2186,C10895,2025-12-30,Login,Low,29,Resolved,Neutral
S2187,C10895,2026-06-18,Payment,High,54,Open,Negative
S2188,C10895,2025-12-26,Billing,High,66,Resolved,Negative
S2189,C10895,2026-01-10,Billing,Low,51,Resolved,Negative
S2190,C10896,2026-03-12,Technical,Medium,25,Resolved,Neutral
S2191,C10896,2026-04-23,Billing,High,11,Resolved,Positive
S2192,C10896,2025-12-18,Billing,Medium,69,Resolved,Negative
S2193,C10898,2025-10-24,Payment,Medium,46,Resolved,Negative
S2194,C10898,2026-03-11,Login,High,62,Resolved,Negative
S2195,C10899,2026-07-31,Subscription,Low,22,Resolved,Neutral
S2196,C10899,2026-01-21,Payment,Low,15,Resolved,Neutral
S2197,C10900,2025-11-28,Technical,Medium,61,Resolved,Negative
S2198,C10900,2026-02-27,Technical,Medium,45,Resolved,Negative
S2199,C10900,2025-11-22,Billing,High,52,Open,Negative
S2200,C10901,2026-02-23,Payment,Low,60,Resolved,Negative
S2201,C10901,2025-11-19,Billing,Low,65,Resolved,Negative
S2202,C10901,2025-11-03,Login,Medium,68,Resolved,Negative
S2203,C10901,2026-08-16,Payment,High,31,Open,Neutral
S2204,C10902,2026-01-31,Billing,Medium,39,Open,Negative
S2205,C10902,2026-07-26,Subscription,High,30,Resolved,Neutral
S2206,C10903,2026-08-19,Technical,High,60,Resolved,Negative
S2207,C10903,2026-05-25,Billing,Low,5,Resolved,Positive
S2208,C10904,2026-04-11,Billing,Medium,60,Resolved,Negative
S2209,C10904,2026-08-05,Payment,Medium,63,Resolved,Negative
S2210,C10904,2026-01-12,Payment,Medium,30,Resolved,Neutral
S2211,C10905,2025-11-17,Payment,Low,60,Resolved,Negative
S2212,C10905,2026-02-22,Billing,High,69,Resolved,Negative
S2213,C10906,2025-10-27,Payment,High,45,Resolved,Negative
S2214,C10906,2025-12-08,Login,High,28,Resolved,Neutral
S2215,C10906,2025-12-30,Subscription,Medium,54,Resolved,Negative
S2216,C10907,2025-12-15,Technical,High,64,Resolved,Negative
S2217,C10907,2026-04-09,Subscription,Low,23,Open,Neutral
S2218,C10907,2026-03-03,Technical,Low,54,Open,Negative
S2219,C10907,2026-06-08,Subscription,High,17,Open,Neutral
S2220,C10908,2025-10-16,Payment,Medium,26,Resolved,Neutral
S2221,C10908,2025-11-02,Login,High,36,Open,Neutral
S2222,C10908,2026-08-22,Subscription,High,22,Resolved,Neutral
S2223,C10908,2025-10-31,Technical,Low,31,Resolved,Neutral
S2224,C10910,2026-01-24,Subscription,Medium,12,Resolved,Positive
S2225,C10911,2026-08-18,Payment,High,41,Resolved,Negative
S2226,C10911,2026-04-17,Technical,Low,69,Resolved,Negative
S2227,C10911,2025-12-31,Payment,Low,65,Resolved,Negative
S2228,C10912,2026-08-29,Technical,Medium,49,Open,Negative
S2229,C10912,2025-09-28,Subscription,High,18,Resolved,Neutral
S2230,C10912,2025-12-21,Subscription,Low,63,Resolved,Negative
S2231,C10913,2026-05-10,Payment,Medium,59,Resolved,Negative
S2232,C10913,2026-08-10,Login,Medium,45,Resolved,Negative
S2233,C10914,2026-05-05,Subscription,Medium,66,Open,Negative
S2234,C10914,2026-08-14,Login,Medium,44,Resolved,Negative
S2235,C10914,2025-12-03,Payment,High,5,Resolved,Positive
S2236,C10914,2026-02-08,Payment,Medium,10,Resolved,Positive
S2237,C10914,2026-04-20,Subscription,High,72,Resolved,Negative
S2238,C10915,2025-11-01,Subscription,Low,41,Open,Negative
S2239,C10915,2026-08-25,Billing,Low,42,Resolved,Negative
S2240,C10915,2026-08-05,Login,Medium,23,Open,Neutral
S2241,C10915,2025-09-18,Payment,Medium,55,Resolved,Negative
S2242,C10916,2025-09-23,Login,High,26,Resolved,Neutral
S2243,C10916,2026-04-13,Billing,Medium,49,Open,Negative
S2244,C10917,2025-10-07,Subscription,High,34,Resolved,Neutral
S2245,C10917,2026-06-28,Subscription,High,61,Resolved,Negative
S2246,C10917,2025-10-25,Login,High,5,Resolved,Positive
S2247,C10918,2026-01-12,Technical,High,34,Open,Neutral
S2248,C10918,2026-06-06,Login,Medium,9,Resolved,Positive
S2249,C10918,2026-07-10,Subscription,High,33,Open,Neutral
S2250,C10918,2026-03-17,Login,High,52,Resolved,Negative
S2251,C10918,2026-01-23,Payment,High,48,Open,Negative
S2252,C10919,2025-11-30,Payment,High,55,Open,Negative
S2253,C10920,2026-08-01,Subscription,Low,51,Resolved,Negative
S2254,C10921,2025-12-30,Technical,Low,15,Resolved,Neutral
S2255,C10923,2026-06-16,Subscription,Low,14,Resolved,Neutral
S2256,C10923,2026-08-29,Payment,Low,20,Open,Neutral
S2257,C10923,2025-09-19,Technical,Low,7,Open,Positive
S2258,C10924,2025-10-22,Technical,Low,65,Resolved,Negative
S2259,C10924,2026-04-21,Payment,Low,23,Resolved,Neutral
S2260,C10924,2026-03-07,Login,High,49,Open,Negative
S2261,C10925,2026-08-19,Payment,Medium,56,Resolved,Negative
S2262,C10926,2025-09-06,Billing,Medium,46,Resolved,Negative
S2263,C10926,2026-03-16,Login,Low,7,Resolved,Positive
S2264,C10927,2026-08-24,Payment,Low,60,Open,Negative
S2265,C10927,2026-04-11,Billing,High,46,Resolved,Negative
S2266,C10927,2026-01-15,Login,Low,8,Open,Positive
S2267,C10928,2025-11-30,Subscription,Medium,56,Open,Negative
S2268,C10928,2026-03-16,Payment,Low,59,Open,Negative
S2269,C10928,2026-07-01,Subscription,Low,61,Open,Negative
S2270,C10928,2026-06-01,Billing,High,32,Open,Neutral
S2271,C10928,2026-04-24,Login,Medium,11,Resolved,Positive
S2272,C10929,2026-03-02,Technical,Low,48,Resolved,Negative
S2273,C10929,2025-09-08,Payment,Low,28,Resolved,Neutral
S2274,C10929,2026-08-30,Payment,Low,10,Resolved,Positive
S2275,C10929,2026-02-16,Payment,Medium,70,Resolved,Negative
S2276,C10930,2026-05-15,Subscription,Medium,32,Resolved,Neutral
S2277,C10930,2025-12-09,Billing,Medium,31,Open,Neutral
S2278,C10930,2025-09-13,Subscription,Medium,58,Open,Negative
S2279,C10931,2025-09-29,Subscription,High,65,Resolved,Negative
S2280,C10931,2025-11-18,Technical,Medium,53,Resolved,Negative
S2281,C10931,2026-07-31,Subscription,High,64,Open,Negative
S2282,C10931,2026-03-10,Payment,Medium,24,Resolved,Neutral
S2283,C10931,2025-12-13,Login,Medium,68,Resolved,Negative
S2284,C10932,2026-04-03,Payment,Low,18,Resolved,Neutral
S2285,C10932,2026-04-11,Payment,Medium,24,Open,Neutral
S2286,C10933,2026-01-30,Login,Low,40,Resolved,Negative
S2287,C10934,2026-07-20,Payment,Low,58,Open,Negative
S2288,C10934,2026-03-13,Login,Medium,67,Open,Negative
S2289,C10934,2026-04-04,Technical,High,19,Open,Neutral
S2290,C10934,2026-07-11,Subscription,Medium,56,Open,Negative
S2291,C10935,2025-10-20,Login,Low,34,Resolved,Neutral
S2292,C10935,2026-02-13,Login,Medium,38,Resolved,Negative
S2293,C10939,2026-07-21,Technical,Medium,42,Resolved,Negative
S2294,C10940,2025-11-25,Billing,Medium,19,Resolved,Neutral
S2295,C10940,2026-08-17,Technical,Medium,7,Resolved,Positive
S2296,C10940,2026-03-09,Technical,Low,17,Open,Neutral
S2297,C10941,2026-01-25,Subscription,Medium,34,Resolved,Neutral
S2298,C10942,2026-04-24,Payment,Low,69,Resolved,Negative
S2299,C10942,2025-10-19,Billing,Medium,15,Resolved,Neutral
S2300,C10942,2025-12-11,Subscription,Medium,25,Resolved,Neutral
S2301,C10944,2026-02-01,Login,Low,56,Open,Negative
S2302,C10944,2025-09-26,Subscription,Low,26,Open,Neutral
S2303,C10945,2025-09-02,Subscription,Medium,56,Resolved,Negative
S2304,C10945,2026-01-06,Billing,Medium,9,Resolved,Positive
S2305,C10947,2026-06-06,Login,Medium,56,Resolved,Negative
S2306,C10948,2026-08-21,Technical,Medium,1,Open,Positive
S2307,C10948,2026-04-09,Subscription,High,38,Open,Negative
S2308,C10949,2026-05-02,Technical,High,35,Open,Neutral
S2309,C10949,2026-04-20,Technical,Low,17,Resolved,Neutral
S2310,C10949,2026-05-09,Technical,Low,34,Resolved,Neutral
S2311,C10951,2025-12-03,Subscription,Medium,63,Resolved,Negative
S2312,C10951,2025-10-13,Payment,Medium,30,Resolved,Neutral
S2313,C10951,2026-03-30,Billing,Low,60,Open,Negative
S2314,C10951,2026-08-18,Payment,Low,11,Resolved,Positive
S2315,C10952,2025-09-08,Technical,Medium,8,Resolved,Positive
S2316,C10954,2025-12-23,Technical,Low,28,Resolved,Neutral
S2317,C10956,2026-05-17,Technical,High,17,Resolved,Neutral
S2318,C10956,2025-12-25,Subscription,Medium,55,Resolved,Negative
S2319,C10956,2026-06-28,Subscription,High,52,Resolved,Negative
S2320,C10956,2026-03-07,Payment,High,47,Open,Negative
S2321,C10957,2026-04-24,Billing,Medium,28,Resolved,Neutral
S2322,C10957,2025-12-19,Login,Medium,27,Resolved,Neutral
S2323,C10957,2025-09-09,Technical,High,52,Resolved,Negative
S2324,C10958,2026-01-05,Payment,High,70,Open,Negative
S2325,C10958,2025-09-14,Billing,Low,21,Resolved,Neutral
S2326,C10958,2026-07-06,Billing,High,58,Open,Negative
S2327,C10958,2026-06-14,Billing,Low,31,Resolved,Neutral
S2328,C10958,2026-05-25,Technical,High,60,Open,Negative
S2329,C10959,2026-01-05,Subscription,Low,66,Resolved,Negative
S2330,C10959,2026-07-01,Subscription,High,22,Resolved,Neutral
S2331,C10959,2025-10-10,Billing,Low,60,Resolved,Negative
S2332,C10961,2026-01-07,Subscription,Low,66,Open,Negative
S2333,C10961,2026-04-15,Subscription,Medium,65,Resolved,Negative
S2334,C10961,2025-12-15,Login,High,24,Resolved,Neutral
S2335,C10961,2026-04-22,Login,Medium,60,Resolved,Negative
S2336,C10962,2025-09-04,Subscription,Low,67,Open,Negative
S2337,C10962,2026-02-05,Payment,Medium,20,Resolved,Neutral
S2338,C10962,2026-06-22,Subscription,High,56,Resolved,Negative
S2339,C10963,2025-09-23,Billing,Low,61,Resolved,Negative
S2340,C10963,2025-12-03,Billing,Medium,12,Open,Positive
S2341,C10963,2026-08-28,Subscription,Medium,34,Open,Neutral
S2342,C10963,2026-01-06,Login,High,39,Resolved,Negative
S2343,C10964,2026-02-10,Subscription,Low,52,Open,Negative
S2344,C10964,2026-05-04,Technical,Medium,26,Resolved,Neutral
S2345,C10965,2026-07-01,Technical,Medium,36,Open,Neutral
S2346,C10965,2025-11-01,Subscription,Medium,69,Resolved,Negative
S2347,C10965,2026-02-26,Technical,High,27,Open,Neutral
S2348,C10965,2025-09-04,Payment,High,54,Resolved,Negative
S2349,C10965,2026-08-12,Subscription,High,47,Resolved,Negative
S2350,C10966,2026-01-27,Login,Low,23,Open,Neutral
S2351,C10966,2025-09-29,Subscription,Medium,70,Resolved,Negative
S2352,C10967,2025-09-06,Login,High,23,Resolved,Neutral
S2353,C10967,2026-05-13,Billing,High,52,Resolved,Negative
S2354,C10967,2026-01-18,Technical,Low,9,Resolved,Positive
S2355,C10968,2025-09-15,Login,High,55,Resolved,Negative
S2356,C10968,2025-09-22,Login,High,66,Resolved,Negative
S2357,C10968,2026-06-26,Technical,High,48,Open,Negative
S2358,C10968,2026-04-20,Billing,High,7,Open,Positive
S2359,C10969,2025-10-08,Payment,Low,19,Resolved,Neutral
S2360,C10969,2026-03-07,Subscription,Medium,29,Open,Neutral
S2361,C10970,2026-07-10,Subscription,High,29,Resolved,Neutral
S2362,C10970,2025-10-10,Payment,Medium,4,Resolved,Positive
S2363,C10970,2026-08-29,Login,Low,23,Open,Neutral
S2364,C10972,2026-04-28,Payment,Medium,18,Open,Neutral
S2365,C10972,2026-05-02,Payment,High,31,Resolved,Neutral
S2366,C10973,2026-01-19,Technical,High,12,Open,Positive
S2367,C10973,2025-12-04,Subscription,Low,39,Resolved,Negative
S2368,C10973,2026-02-18,Payment,Low,12,Resolved,Positive
S2369,C10973,2025-10-27,Technical,Low,65,Resolved,Negative
S2370,C10974,2026-04-03,Subscription,Medium,53,Resolved,Negative
S2371,C10974,2026-08-10,Payment,High,71,Open,Negative
S2372,C10974,2025-10-07,Payment,Low,6,Open,Positive
S2373,C10974,2026-02-26,Payment,High,26,Open,Neutral
S2374,C10974,2026-03-06,Payment,Low,65,Resolved,Negative
S2375,C10975,2026-06-16,Login,Low,48,Open,Negative
S2376,C10975,2025-12-10,Payment,Medium,12,Open,Positive
S2377,C10975,2025-09-02,Payment,Low,60,Open,Negative
S2378,C10975,2026-04-04,Payment,High,7,Resolved,Positive
S2379,C10975,2026-04-26,Login,Low,69,Resolved,Negative
S2380,C10976,2026-04-04,Technical,High,1,Resolved,Positive
S2381,C10976,2026-03-22,Billing,High,68,Resolved,Negative
S2382,C10976,2025-12-29,Technical,Medium,37,Open,Negative
S2383,C10976,2026-03-02,Billing,Medium,34,Open,Neutral
S2384,C10976,2026-04-12,Subscription,Medium,6,Resolved,Positive
S2385,C10977,2026-02-18,Billing,Medium,56,Resolved,Negative
S2386,C10977,2026-01-19,Login,Low,9,Resolved,Positive
S2387,C10977,2026-05-13,Technical,Medium,53,Resolved,Negative
S2388,C10977,2025-11-21,Subscription,High,16,Resolved,Neutral
S2389,C10978,2025-09-29,Billing,Medium,23,Resolved,Neutral
S2390,C10978,2026-07-01,Billing,Low,5,Resolved,Positive
S2391,C10979,2026-05-22,Login,Low,50,Resolved,Negative
S2392,C10979,2026-06-06,Subscription,Medium,20,Resolved,Neutral
S2393,C10979,2025-10-15,Payment,High,57,Open,Negative
S2394,C10979,2026-01-18,Payment,Medium,14,Resolved,Neutral
S2395,C10981,2026-06-13,Payment,Medium,69,Resolved,Negative
S2396,C10981,2026-07-30,Payment,Medium,16,Resolved,Neutral
S2397,C10981,2025-12-21,Payment,High,9,Open,Positive
S2398,C10981,2026-01-03,Payment,Medium,69,Resolved,Negative
S2399,C10981,2026-06-17,Technical,Low,10,Resolved,Positive
S2400,C10982,2025-09-24,Login,Low,21,Open,Neutral
S2401,C10982,2026-02-10,Payment,High,62,Open,Negative
S2402,C10982,2025-12-25,Payment,Low,9,Resolved,Positive
S2403,C10982,2025-11-22,Subscription,Low,4,Resolved,Positive
S2404,C10982,2026-06-16,Login,Medium,8,Resolved,Positive
S2405,C10983,2025-12-03,Login,Medium,52,Resolved,Negative
S2406,C10983,2026-05-25,Login,Low,35,Resolved,Neutral
S2407,C10983,2026-05-06,Payment,High,70,Resolved,Negative
S2408,C10983,2026-04-16,Billing,Low,55,Resolved,Negative
S2409,C10984,2026-03-24,Subscription,Low,8,Resolved,Positive
S2410,C10984,2025-10-20,Subscription,Medium,5,Resolved,Positive
S2411,C10985,2026-03-20,Billing,High,28,Open,Neutral
S2412,C10987,2026-03-26,Payment,High,36,Open,Neutral
S2413,C10987,2025-11-30,Login,Medium,59,Open,Negative
S2414,C10987,2026-01-27,Billing,High,60,Open,Negative
S2415,C10987,2026-07-24,Login,Low,4,Resolved,Positive
S2416,C10987,2026-07-03,Subscription,Medium,63,Resolved,Negative
S2417,C10988,2026-07-21,Technical,High,11,Resolved,Positive
S2418,C10988,2026-02-26,Technical,High,14,Open,Neutral
S2419,C10988,2025-08-31,Login,High,46,Resolved,Negative
S2420,C10989,2025-09-15,Payment,Medium,24,Open,Neutral
S2421,C10989,2026-04-18,Payment,Medium,30,Resolved,Neutral
S2422,C10990,2026-02-23,Login,High,22,Open,Neutral
S2423,C10990,2025-12-06,Billing,High,27,Open,Neutral
S2424,C10990,2026-07-26,Billing,Medium,3,Resolved,Positive
S2425,C10990,2025-10-10,Billing,High,15,Open,Neutral
S2426,C10993,2026-07-27,Technical,High,32,Resolved,Neutral
S2427,C10994,2026-07-14,Payment,High,42,Resolved,Negative
S2428,C10994,2026-04-02,Subscription,Medium,51,Open,Negative
S2429,C10995,2026-03-31,Payment,Low,42,Open,Negative
S2430,C10995,2026-02-08,Subscription,High,6,Resolved,Positive
S2431,C10995,2026-04-02,Login,Medium,34,Resolved,Neutral
S2432,C10995,2026-07-01,Payment,Low,1,Open,Positive
S2433,C10995,2025-10-23,Payment,Medium,60,Open,Negative
S2434,C10996,2026-06-25,Payment,Medium,36,Resolved,Neutral
S2435,C10996,2026-04-02,Technical,High,27,Resolved,Neutral
S2436,C10996,2026-05-24,Subscription,Medium,67,Open,Negative
S2437,C10996,2026-08-10,Billing,High,23,Resolved,Neutral
S2438,C10997,2026-06-02,Payment,High,54,Resolved,Negative
S2439,C10997,2026-08-25,Login,High,18,Open,Neutral
S2440,C10997,2026-03-09,Login,Medium,43,Resolved,Negative
S2441,C10997,2026-06-10,Login,High,49,Resolved,Negative
S2442,C10999,2026-01-14,Billing,Low,42,Resolved,Negative
S2443,C11000,2026-03-09,Subscription,Medium,46,Resolved,Negative
S2444,C11001,2026-08-26,Billing,Medium,70,Resolved,Negative
S2445,C11001,2025-10-07,Technical,Low,66,Open,Negative
S2446,C11001,2026-04-16,Billing,High,49,Resolved,Negative
S2447,C11001,2026-05-19,Login,High,70,Resolved,Negative
S2448,C11002,2026-03-29,Subscription,High,52,Resolved,Negative
S2449,C11002,2026-03-31,Payment,Medium,14,Open,Neutral
S2450,C11002,2026-02-25,Subscription,High,11,Open,Positive
S2451,C11002,2026-07-16,Billing,High,62,Resolved,Negative
S2452,C11002,2025-11-11,Billing,Medium,15,Resolved,Neutral
S2453,C11003,2026-05-04,Technical,Low,44,Open,Negative
S2454,C11003,2026-06-27,Login,Medium,64,Resolved,Negative
S2455,C11003,2026-05-24,Subscription,Medium,51,Open,Negative
S2456,C11004,2025-11-14,Billing,Medium,24,Resolved,Neutral
S2457,C11004,2025-09-20,Technical,Low,63,Open,Negative
S2458,C11004,2026-05-24,Login,Low,41,Resolved,Negative
S2459,C11004,2026-02-17,Subscription,High,49,Resolved,Negative
S2460,C11004,2026-01-10,Technical,Low,36,Resolved,Neutral
S2461,C11005,2026-05-27,Billing,Medium,68,Resolved,Negative
S2462,C11005,2026-08-25,Billing,Medium,11,Resolved,Positive
S2463,C11006,2026-01-12,Login,Medium,7,Resolved,Positive
S2464,C11006,2026-07-19,Subscription,High,25,Resolved,Neutral
S2465,C11006,2026-03-02,Technical,High,63,Resolved,Negative
S2466,C11006,2026-07-18,Subscription,Low,19,Resolved,Neutral
S2467,C11006,2026-04-01,Technical,High,62,Open,Negative
S2468,C11007,2026-02-05,Payment,High,58,Resolved,Negative
S2469,C11008,2026-07-18,Subscription,Low,23,Open,Neutral
S2470,C11008,2026-05-10,Technical,Low,1,Resolved,Positive
S2471,C11008,2025-10-06,Login,Low,53,Open,Negative
S2472,C11009,2026-01-25,Subscription,Low,64,Resolved,Negative
S2473,C11009,2025-12-31,Technical,High,67,Resolved,Negative
S2474,C11010,2026-07-30,Login,Medium,67,Open,Negative
S2475,C11010,2026-04-03,Subscription,Medium,44,Resolved,Negative
S2476,C11010,2025-12-06,Login,Medium,48,Open,Negative
S2477,C11011,2025-10-08,Payment,Low,9,Resolved,Positive
S2478,C11011,2026-06-15,Payment,Medium,69,Open,Negative
S2479,C11011,2026-07-07,Payment,High,22,Open,Neutral
S2480,C11011,2025-11-15,Payment,High,60,Resolved,Negative
S2481,C11011,2026-07-21,Subscription,High,15,Resolved,Neutral
S2482,C11012,2025-09-02,Billing,Medium,18,Resolved,Neutral
S2483,C11012,2025-09-14,Payment,Low,61,Open,Negative
S2484,C11012,2026-06-11,Billing,Medium,33,Open,Neutral
S2485,C11013,2026-07-25,Billing,Low,14,Resolved,Neutral
S2486,C11014,2026-04-28,Billing,Low,71,Resolved,Negative
S2487,C11015,2025-11-18,Payment,Medium,8,Resolved,Positive
S2488,C11015,2026-08-27,Billing,Medium,36,Resolved,Neutral
S2489,C11015,2025-11-01,Login,High,36,Resolved,Neutral
S2490,C11015,2025-11-02,Technical,Low,27,Open,Neutral
S2491,C11015,2025-09-08,Login,Low,55,Open,Negative
S2492,C11016,2026-02-05,Technical,High,3,Resolved,Positive
S2493,C11016,2025-12-22,Subscription,High,38,Resolved,Negative
S2494,C11017,2026-02-03,Technical,Medium,18,Open,Neutral
S2495,C11017,2025-11-08,Technical,Low,39,Open,Negative
S2496,C11018,2025-09-08,Billing,High,65,Resolved,Negative
S2497,C11018,2026-02-10,Payment,Low,18,Resolved,Neutral
S2498,C11018,2026-05-10,Subscription,High,70,Resolved,Negative
S2499,C11018,2026-02-13,Technical,High,12,Open,Positive
S2500,C11019,2026-03-08,Subscription,High,10,Resolved,Positive
S2501,C11019,2025-11-05,Technical,Medium,70,Resolved,Negative
S2502,C11020,2026-04-27,Subscription,Low,50,Resolved,Negative
S2503,C11021,2026-03-13,Payment,Low,15,Resolved,Neutral
S2504,C11021,2025-12-02,Payment,Low,60,Open,Negative
S2505,C11021,2026-02-08,Billing,Low,68,Open,Negative
S2506,C11021,2026-06-30,Technical,Medium,9,Resolved,Positive
S2507,C11021,2025-10-02,Payment,Medium,62,Open,Negative
S2508,C11022,2026-04-17,Technical,Low,8,Resolved,Positive
S2509,C11023,2026-05-01,Subscription,Low,64,Open,Negative
S2510,C11023,2025-12-27,Subscription,Medium,1,Resolved,Positive
S2511,C11023,2026-06-04,Login,Medium,3,Resolved,Positive
S2512,C11023,2025-10-01,Technical,Medium,59,Resolved,Negative
S2513,C11024,2026-06-08,Technical,High,15,Resolved,Neutral
S2514,C11026,2026-07-31,Technical,Low,16,Open,Neutral
S2515,C11027,2025-09-11,Subscription,Low,61,Resolved,Negative
S2516,C11027,2025-11-09,Payment,Low,52,Open,Negative
S2517,C11028,2026-07-29,Subscription,Medium,57,Resolved,Negative
S2518,C11028,2026-03-14,Payment,Medium,52,Open,Negative
S2519,C11028,2026-05-30,Subscription,High,20,Resolved,Neutral
S2520,C11028,2026-05-17,Subscription,Low,14,Open,Neutral
S2521,C11028,2026-05-29,Payment,Medium,63,Resolved,Negative
S2522,C11029,2026-08-24,Subscription,Low,15,Resolved,Neutral
S2523,C11029,2025-11-07,Subscription,Medium,62,Open,Negative
S2524,C11029,2026-04-19,Technical,Low,23,Open,Neutral
S2525,C11030,2026-02-03,Payment,Low,6,Open,Positive
S2526,C11030,2025-11-17,Billing,High,9,Resolved,Positive
S2527,C11031,2026-06-07,Payment,High,62,Resolved,Negative
S2528,C11031,2026-06-18,Payment,Low,47,Resolved,Negative
S2529,C11031,2026-03-17,Payment,Low,8,Resolved,Positive
S2530,C11031,2026-05-24,Payment,High,66,Open,Negative
S2531,C11031,2025-09-01,Billing,Medium,66,Open,Negative
S2532,C11032,2025-11-07,Payment,High,56,Resolved,Negative
S2533,C11032,2026-02-16,Technical,High,65,Resolved,Negative
S2534,C11032,2025-12-30,Technical,High,38,Resolved,Negative
S2535,C11032,2026-06-21,Technical,Medium,56,Resolved,Negative
S2536,C11032,2026-04-19,Subscription,Medium,27,Resolved,Neutral
S2537,C11033,2026-08-04,Billing,Low,72,Resolved,Negative
S2538,C11033,2026-05-12,Login,Low,43,Resolved,Negative
S2539,C11034,2026-06-13,Technical,Medium,55,Open,Negative
S2540,C11034,2025-10-29,Subscription,Medium,10,Open,Positive
S2541,C11035,2026-07-20,Payment,Medium,17,Resolved,Neutral
S2542,C11036,2026-08-07,Payment,High,32,Resolved,Neutral
S2543,C11036,2026-06-24,Technical,Low,60,Resolved,Negative
S2544,C11036,2026-04-05,Billing,High,71,Resolved,Negative
S2545,C11036,2025-09-21,Subscription,High,51,Resolved,Negative
S2546,C11036,2025-11-28,Billing,Medium,15,Resolved,Neutral
S2547,C11038,2025-09-28,Technical,Medium,56,Open,Negative
S2548,C11038,2026-01-12,Technical,Low,23,Open,Neutral
S2549,C11038,2025-10-11,Login,Low,58,Open,Negative
S2550,C11038,2026-05-01,Payment,Medium,20,Resolved,Neutral
S2551,C11039,2026-08-11,Payment,Medium,49,Resolved,Negative
S2552,C11039,2025-11-01,Billing,High,13,Open,Neutral
S2553,C11039,2025-11-04,Technical,Medium,5,Resolved,Positive
S2554,C11039,2026-06-15,Login,Medium,69,Resolved,Negative
S2555,C11039,2026-02-14,Billing,Low,70,Resolved,Negative
S2556,C11040,2025-12-31,Technical,Medium,26,Resolved,Neutral
S2557,C11040,2026-05-07,Subscription,Low,19,Resolved,Neutral
S2558,C11040,2026-07-01,Subscription,High,23,Resolved,Neutral
S2559,C11040,2026-03-23,Payment,Low,8,Resolved,Positive
S2560,C11042,2025-10-03,Payment,Low,71,Resolved,Negative
S2561,C11042,2026-05-29,Login,Medium,1,Open,Positive
S2562,C11042,2026-07-01,Technical,High,37,Open,Negative
S2563,C11042,2026-02-18,Billing,Low,14,Resolved,Neutral
S2564,C11043,2026-02-26,Subscription,Low,47,Resolved,Negative
S2565,C11044,2025-11-06,Login,Medium,69,Resolved,Negative
S2566,C11044,2026-04-13,Login,Low,18,Open,Neutral
S2567,C11045,2026-05-08,Technical,Low,66,Resolved,Negative
S2568,C11045,2026-05-08,Billing,Low,36,Resolved,Neutral
S2569,C11045,2025-11-10,Technical,Medium,47,Resolved,Negative
S2570,C11045,2026-01-11,Payment,Medium,71,Resolved,Negative
S2571,C11046,2026-02-28,Subscription,High,47,Resolved,Negative
S2572,C11046,2026-03-25,Payment,Low,53,Resolved,Negative
S2573,C11046,2025-11-15,Subscription,High,47,Resolved,Negative
S2574,C11046,2026-02-11,Payment,High,35,Open,Neutral
S2575,C11046,2025-11-29,Payment,Low,1,Open,Positive
S2576,C11047,2026-02-08,Billing,Medium,44,Open,Negative
S2577,C11048,2026-03-25,Payment,Low,23,Open,Neutral
S2578,C11048,2025-10-11,Payment,High,26,Resolved,Neutral
S2579,C11048,2025-10-19,Subscription,Medium,2,Resolved,Positive
S2580,C11049,2025-11-25,Technical,High,71,Resolved,Negative
S2581,C11049,2025-09-06,Login,High,27,Resolved,Neutral
S2582,C11050,2026-01-04,Subscription,Medium,67,Resolved,Negative
S2583,C11050,2026-05-26,Technical,Medium,27,Open,Neutral
S2584,C11052,2025-11-24,Subscription,High,56,Resolved,Negative
S2585,C11052,2025-10-27,Billing,High,13,Open,Neutral
S2586,C11052,2026-07-23,Login,High,50,Resolved,Negative
S2587,C11053,2026-01-05,Subscription,High,15,Resolved,Neutral
S2588,C11053,2025-10-23,Payment,High,52,Resolved,Negative
S2589,C11053,2026-02-12,Payment,Medium,25,Resolved,Neutral
S2590,C11053,2025-09-18,Technical,Medium,10,Resolved,Positive
S2591,C11054,2025-09-15,Billing,High,68,Open,Negative
S2592,C11054,2025-09-26,Technical,High,26,Open,Neutral
S2593,C11055,2026-05-04,Billing,Medium,5,Resolved,Positive
S2594,C11055,2025-10-04,Login,Low,69,Resolved,Negative
S2595,C11055,2026-03-28,Billing,Medium,37,Resolved,Negative
S2596,C11055,2026-05-06,Payment,Low,14,Resolved,Neutral
S2597,C11055,2025-10-11,Login,High,17,Resolved,Neutral
S2598,C11056,2026-08-11,Login,Low,34,Resolved,Neutral
S2599,C11056,2025-11-10,Subscription,Medium,25,Resolved,Neutral
S2600,C11056,2026-08-22,Login,Low,23,Resolved,Neutral
S2601,C11058,2026-08-16,Login,Low,55,Resolved,Negative
S2602,C11058,2025-12-03,Login,Medium,42,Resolved,Negative
S2603,C11060,2026-08-22,Billing,Low,24,Resolved,Neutral
S2604,C11061,2025-09-06,Payment,Low,41,Open,Negative
S2605,C11061,2026-03-05,Login,Low,15,Resolved,Neutral
S2606,C11062,2025-11-21,Technical,Medium,28,Resolved,Neutral
S2607,C11062,2026-03-22,Technical,High,17,Open,Neutral
S2608,C11063,2026-03-23,Subscription,Medium,19,Resolved,Neutral
S2609,C11063,2026-08-30,Payment,High,35,Resolved,Neutral
S2610,C11063,2026-07-17,Payment,Low,41,Resolved,Negative
S2611,C11063,2026-08-28,Subscription,Low,23,Open,Neutral
S2612,C11065,2026-04-06,Login,High,70,Open,Negative
S2613,C11065,2026-05-13,Login,Low,36,Open,Neutral
S2614,C11066,2025-09-23,Login,Low,8,Resolved,Positive
S2615,C11066,2026-08-28,Subscription,Low,72,Open,Negative
S2616,C11068,2026-07-17,Payment,High,59,Open,Negative
S2617,C11068,2025-09-29,Subscription,High,48,Resolved,Negative
S2618,C11069,2026-05-02,Subscription,Medium,68,Resolved,Negative
S2619,C11069,2025-10-25,Subscription,High,33,Resolved,Neutral
S2620,C11069,2025-11-03,Login,Medium,57,Resolved,Negative
S2621,C11070,2025-10-03,Billing,High,41,Open,Negative
S2622,C11070,2025-10-22,Payment,Medium,21,Open,Neutral
S2623,C11070,2025-12-11,Technical,Low,20,Resolved,Neutral
S2624,C11070,2026-04-30,Billing,Low,30,Open,Neutral
S2625,C11071,2025-11-16,Subscription,High,29,Resolved,Neutral
S2626,C11071,2026-06-16,Payment,High,30,Resolved,Neutral
S2627,C11072,2026-06-27,Billing,Low,48,Resolved,Negative
S2628,C11072,2026-06-21,Technical,Medium,23,Resolved,Neutral
S2629,C11072,2026-05-22,Subscription,Low,60,Resolved,Negative
S2630,C11072,2026-07-04,Login,Medium,50,Resolved,Negative
S2631,C11074,2026-07-13,Subscription,High,45,Open,Negative
S2632,C11074,2026-02-08,Payment,High,51,Resolved,Negative
S2633,C11074,2026-01-13,Login,Low,60,Resolved,Negative
S2634,C11074,2025-10-19,Payment,Low,2,Open,Positive
S2635,C11074,2026-07-17,Technical,High,70,Resolved,Negative
S2636,C11075,2025-10-06,Technical,Medium,40,Resolved,Negative
S2637,C11076,2025-09-23,Subscription,Low,39,Open,Negative
S2638,C11076,2025-09-30,Subscription,Medium,65,Resolved,Negative
S2639,C11076,2025-09-12,Payment,Medium,37,Resolved,Negative
S2640,C11076,2026-02-19,Technical,Medium,57,Resolved,Negative
S2641,C11076,2026-07-08,Payment,High,26,Resolved,Neutral
S2642,C11078,2026-05-06,Login,Medium,3,Resolved,Positive
S2643,C11078,2025-12-14,Login,Low,41,Open,Negative
S2644,C11078,2026-01-07,Subscription,Low,40,Open,Negative
S2645,C11079,2025-11-08,Billing,High,47,Resolved,Negative
S2646,C11079,2026-08-18,Payment,Medium,72,Resolved,Negative
S2647,C11079,2026-08-01,Payment,Low,26,Open,Neutral
S2648,C11080,2025-09-18,Billing,High,10,Open,Positive
S2649,C11080,2026-06-08,Technical,Low,16,Open,Neutral
S2650,C11080,2026-01-13,Technical,Low,26,Resolved,Neutral
S2651,C11080,2026-05-31,Payment,Low,20,Resolved,Neutral
S2652,C11081,2025-09-19,Billing,Medium,1,Open,Positive
S2653,C11081,2025-09-13,Billing,Medium,58,Resolved,Negative
S2654,C11081,2026-04-16,Billing,Medium,20,Resolved,Neutral
S2655,C11082,2026-08-22,Subscription,Medium,67,Resolved,Negative
S2656,C11082,2026-04-11,Payment,Medium,9,Resolved,Positive
S2657,C11082,2025-10-01,Payment,Low,54,Resolved,Negative
S2658,C11082,2025-09-25,Billing,High,38,Resolved,Negative
S2659,C11083,2026-04-24,Login,Low,51,Open,Negative
S2660,C11083,2026-05-02,Billing,Low,34,Resolved,Neutral
S2661,C11083,2026-06-08,Technical,High,66,Resolved,Negative
S2662,C11083,2026-02-26,Billing,Medium,31,Resolved,Neutral
S2663,C11086,2025-10-15,Subscription,Low,19,Resolved,Neutral
S2664,C11087,2026-01-02,Billing,Medium,33,Resolved,Neutral
S2665,C11087,2026-03-14,Technical,High,41,Resolved,Negative
S2666,C11087,2025-09-10,Billing,Medium,11,Resolved,Positive
S2667,C11087,2026-03-17,Billing,Low,70,Resolved,Negative
S2668,C11088,2026-07-09,Subscription,High,6,Open,Positive
S2669,C11088,2026-01-22,Login,Low,51,Resolved,Negative
S2670,C11088,2026-05-01,Payment,Low,51,Open,Negative
S2671,C11089,2025-10-17,Technical,Medium,67,Resolved,Negative
S2672,C11092,2025-10-02,Payment,Low,34,Resolved,Neutral
S2673,C11092,2026-05-27,Login,Low,33,Resolved,Neutral
S2674,C11092,2025-09-24,Billing,High,21,Open,Neutral
S2675,C11092,2026-07-22,Technical,Medium,16,Resolved,Neutral
S2676,C11093,2026-08-06,Technical,Medium,33,Resolved,Neutral
S2677,C11093,2026-07-27,Subscription,Medium,52,Resolved,Negative
S2678,C11093,2026-08-06,Subscription,Medium,33,Resolved,Neutral
S2679,C11094,2026-01-03,Subscription,Medium,7,Resolved,Positive
S2680,C11094,2025-09-09,Billing,Low,42,Resolved,Negative
S2681,C11094,2026-05-15,Subscription,Medium,1,Resolved,Positive
S2682,C11095,2026-05-29,Payment,Medium,4,Open,Positive
S2683,C11095,2025-12-26,Billing,High,46,Open,Negative
S2684,C11095,2025-10-11,Payment,Low,8,Open,Positive
S2685,C11095,2025-11-03,Subscription,Medium,44,Resolved,Negative
S2686,C11096,2026-07-17,Technical,Low,3,Resolved,Positive
S2687,C11096,2025-11-01,Technical,Medium,16,Resolved,Neutral
S2688,C11096,2026-06-08,Login,High,58,Resolved,Negative
S2689,C11096,2026-07-28,Subscription,Low,15,Resolved,Neutral
S2690,C11096,2026-01-11,Billing,Medium,32,Resolved,Neutral
S2691,C11098,2025-09-23,Login,High,10,Resolved,Positive
S2692,C11098,2026-07-22,Technical,Low,45,Resolved,Negative
S2693,C11098,2025-09-29,Login,Low,48,Resolved,Negative
S2694,C11098,2025-10-14,Billing,Medium,44,Open,Negative
S2695,C11098,2025-11-03,Subscription,Medium,69,Resolved,Negative
S2696,C11099,2026-08-17,Payment,High,14,Open,Neutral
S2697,C11099,2026-03-14,Technical,Low,22,Resolved,Neutral
S2698,C11099,2026-02-23,Payment,High,33,Resolved,Neutral
S2699,C11100,2026-06-28,Technical,Low,39,Resolved,Negative
S2700,C11100,2026-06-24,Login,Medium,61,Open,Negative
S2701,C11100,2026-08-28,Technical,High,62,Resolved,Negative
S2702,C11101,2026-01-06,Login,Low,40,Open,Negative
S2703,C11101,2025-09-23,Subscription,Low,19,Resolved,Neutral
S2704,C11101,2026-03-21,Subscription,High,1,Open,Positive
S2705,C11103,2025-11-09,Payment,Medium,17,Resolved,Neutral
S2706,C11104,2026-01-31,Technical,High,28,Open,Neutral
S2707,C11104,2026-02-28,Login,Low,19,Resolved,Neutral
S2708,C11104,2026-07-08,Payment,Low,13,Open,Neutral
S2709,C11104,2025-09-16,Technical,Medium,71,Resolved,Negative
S2710,C11104,2025-11-14,Login,High,23,Open,Neutral
S2711,C11105,2026-04-07,Payment,High,61,Resolved,Negative
S2712,C11105,2025-09-21,Subscription,Medium,37,Resolved,Negative
S2713,C11106,2026-04-16,Payment,High,62,Open,Negative
S2714,C11106,2026-03-07,Subscription,Medium,72,Resolved,Negative
S2715,C11106,2025-12-04,Subscription,High,39,Resolved,Negative
S2716,C11107,2026-04-04,Subscription,Low,17,Open,Neutral
S2717,C11107,2025-09-03,Billing,Low,8,Open,Positive
S2718,C11107,2026-02-17,Payment,High,47,Resolved,Negative
S2719,C11107,2026-04-27,Technical,Medium,23,Open,Neutral
S2720,C11107,2026-04-16,Technical,High,52,Resolved,Negative
S2721,C11108,2025-10-06,Subscription,Low,27,Open,Neutral
S2722,C11108,2025-12-19,Billing,Low,55,Resolved,Negative
S2723,C11108,2026-04-23,Technical,High,8,Resolved,Positive
S2724,C11108,2025-12-02,Subscription,Medium,55,Resolved,Negative
S2725,C11108,2026-03-10,Technical,Low,36,Open,Neutral
S2726,C11109,2026-08-19,Payment,Low,16,Open,Neutral
S2727,C11109,2026-08-13,Subscription,Medium,42,Resolved,Negative
S2728,C11109,2025-10-11,Subscription,Medium,68,Resolved,Negative
S2729,C11110,2026-04-21,Payment,High,23,Resolved,Neutral
S2730,C11110,2025-10-06,Technical,High,54,Resolved,Negative
S2731,C11110,2025-09-12,Payment,Medium,67,Resolved,Negative
S2732,C11110,2025-12-16,Subscription,Low,72,Open,Negative
S2733,C11111,2026-01-21,Subscription,High,28,Resolved,Neutral
S2734,C11112,2025-10-13,Billing,Medium,51,Open,Negative
S2735,C11112,2025-12-26,Subscription,Medium,9,Resolved,Positive
S2736,C11112,2025-10-17,Subscription,High,62,Resolved,Negative
S2737,C11112,2025-12-08,Technical,Medium,70,Resolved,Negative
S2738,C11113,2026-01-26,Billing,Medium,61,Resolved,Negative
S2739,C11114,2026-05-31,Login,Medium,49,Resolved,Negative
S2740,C11116,2026-03-27,Payment,Low,45,Open,Negative
S2741,C11116,2026-03-13,Billing,Medium,21,Resolved,Neutral
S2742,C11116,2026-07-05,Billing,Medium,36,Resolved,Neutral
S2743,C11116,2025-10-16,Technical,Medium,19,Resolved,Neutral
S2744,C11117,2026-07-02,Payment,High,1,Resolved,Positive
S2745,C11117,2026-03-11,Technical,Low,46,Open,Negative
S2746,C11117,2026-01-01,Login,Low,60,Open,Negative
S2747,C11117,2026-06-18,Subscription,Medium,4,Open,Positive
S2748,C11117,2026-02-06,Billing,High,65,Resolved,Negative
S2749,C11119,2025-09-24,Technical,High,51,Resolved,Negative
S2750,C11119,2025-09-16,Payment,Low,34,Open,Neutral
S2751,C11119,2026-04-07,Payment,High,13,Open,Neutral
S2752,C11119,2026-01-13,Payment,High,19,Resolved,Neutral
S2753,C11119,2026-04-03,Technical,Low,66,Resolved,Negative
S2754,C11120,2025-11-27,Billing,Medium,58,Open,Negative
S2755,C11120,2026-07-05,Technical,High,1,Open,Positive
S2756,C11121,2025-12-23,Billing,Low,32,Resolved,Neutral
S2757,C11121,2026-03-28,Login,Medium,30,Open,Neutral
S2758,C11121,2026-06-07,Payment,High,7,Resolved,Positive
S2759,C11121,2025-12-01,Technical,Medium,60,Open,Negative
S2760,C11121,2026-01-09,Login,Medium,52,Resolved,Negative
S2761,C11122,2026-08-27,Technical,Low,6,Resolved,Positive
S2762,C11123,2026-04-19,Billing,High,30,Resolved,Neutral
S2763,C11123,2025-09-25,Billing,High,25,Open,Neutral
S2764,C11124,2026-07-14,Login,Medium,3,Open,Positive
S2765,C11124,2025-10-31,Technical,Low,43,Open,Negative
S2766,C11124,2026-02-28,Billing,Low,30,Resolved,Neutral
S2767,C11124,2026-01-08,Billing,Low,8,Open,Positive
S2768,C11125,2026-08-06,Billing,High,34,Resolved,Neutral
S2769,C11125,2025-11-27,Technical,Medium,45,Resolved,Negative
S2770,C11125,2026-02-08,Login,Low,20,Open,Neutral
S2771,C11125,2026-06-16,Technical,High,35,Resolved,Neutral
S2772,C11125,2025-11-10,Subscription,High,48,Open,Negative
S2773,C11126,2025-12-25,Subscription,Low,33,Resolved,Neutral
S2774,C11126,2026-08-24,Login,High,18,Open,Neutral
S2775,C11127,2026-08-02,Payment,High,24,Open,Neutral
S2776,C11127,2026-03-02,Payment,Low,33,Resolved,Neutral
S2777,C11127,2026-04-26,Payment,High,43,Resolved,Negative
S2778,C11127,2026-04-27,Payment,Medium,59,Resolved,Negative
S2779,C11128,2026-06-15,Payment,Medium,35,Resolved,Neutral
S2780,C11128,2025-09-21,Technical,High,23,Resolved,Neutral
S2781,C11128,2026-01-15,Login,Low,10,Resolved,Positive
S2782,C11129,2025-11-10,Payment,Low,33,Resolved,Neutral
S2783,C11129,2026-06-24,Technical,High,16,Open,Neutral
S2784,C11129,2025-11-28,Payment,Low,12,Resolved,Positive
S2785,C11130,2026-05-23,Technical,High,8,Resolved,Positive
S2786,C11130,2025-11-13,Technical,Medium,1,Resolved,Positive
S2787,C11130,2026-08-31,Billing,High,6,Resolved,Positive
S2788,C11130,2026-06-11,Technical,High,21,Resolved,Neutral
S2789,C11132,2026-05-14,Billing,Medium,64,Resolved,Negative
S2790,C11132,2026-06-07,Login,Low,55,Open,Negative
S2791,C11132,2025-12-28,Subscription,Medium,19,Resolved,Neutral
S2792,C11132,2026-03-04,Technical,High,36,Resolved,Neutral
S2793,C11132,2026-01-09,Technical,High,23,Resolved,Neutral
S2794,C11133,2025-09-05,Billing,Medium,63,Open,Negative
S2795,C11134,2026-07-09,Login,High,42,Resolved,Negative
S2796,C11134,2026-06-27,Subscription,Medium,11,Open,Positive
S2797,C11134,2026-06-21,Billing,High,8,Resolved,Positive
S2798,C11134,2026-07-13,Login,Medium,22,Resolved,Neutral
S2799,C11136,2026-04-12,Payment,High,6,Resolved,Positive
S2800,C11136,2026-07-27,Subscription,Medium,44,Resolved,Negative
S2801,C11136,2025-09-27,Login,Low,69,Open,Negative
S2802,C11137,2026-08-13,Login,High,6,Resolved,Positive
S2803,C11137,2026-03-06,Billing,High,17,Open,Neutral
S2804,C11137,2026-04-01,Payment,High,8,Resolved,Positive
S2805,C11137,2025-11-14,Billing,High,50,Resolved,Negative
S2806,C11138,2026-01-16,Login,High,24,Resolved,Neutral
S2807,C11138,2026-06-10,Technical,High,58,Resolved,Negative
S2808,C11138,2026-02-10,Subscription,High,10,Resolved,Positive
S2809,C11138,2025-11-13,Subscription,Low,63,Resolved,Negative
S2810,C11139,2026-08-22,Technical,Low,54,Resolved,Negative
S2811,C11139,2026-05-09,Login,Medium,37,Resolved,Negative
S2812,C11140,2026-01-24,Login,Medium,49,Resolved,Negative
S2813,C11140,2026-08-27,Technical,High,70,Resolved,Negative
S2814,C11140,2026-07-23,Billing,Medium,1,Open,Positive
S2815,C11140,2025-12-13,Technical,Medium,50,Resolved,Negative
S2816,C11141,2026-07-24,Billing,High,40,Open,Negative
S2817,C11141,2025-09-13,Subscription,Low,24,Open,Neutral
S2818,C11141,2026-05-02,Technical,Medium,19,Open,Neutral
S2819,C11141,2026-08-29,Technical,Medium,48,Resolved,Negative
S2820,C11141,2026-05-03,Technical,Medium,44,Resolved,Negative
S2821,C11143,2026-05-17,Payment,Medium,1,Open,Positive
S2822,C11143,2026-01-21,Login,Low,32,Resolved,Neutral
S2823,C11143,2026-03-23,Subscription,Medium,15,Open,Neutral
S2824,C11144,2026-08-30,Billing,Medium,45,Resolved,Negative
S2825,C11144,2026-01-06,Login,Medium,38,Open,Negative
S2826,C11145,2026-03-15,Technical,High,43,Resolved,Negative
S2827,C11145,2026-04-02,Billing,Low,50,Resolved,Negative
S2828,C11145,2025-09-28,Technical,Medium,8,Open,Positive
S2829,C11147,2025-10-08,Technical,Low,64,Resolved,Negative
S2830,C11147,2026-03-30,Technical,Low,36,Open,Neutral
S2831,C11147,2026-01-22,Technical,Medium,67,Open,Negative
S2832,C11147,2026-01-14,Subscription,Low,21,Resolved,Neutral
S2833,C11148,2026-02-21,Technical,High,28,Resolved,Neutral
S2834,C11148,2026-03-03,Payment,Medium,63,Open,Negative
S2835,C11149,2025-10-02,Subscription,Low,15,Resolved,Neutral
S2836,C11155,2026-03-01,Payment,Medium,23,Resolved,Neutral
S2837,C11155,2025-09-09,Login,High,66,Resolved,Negative
S2838,C11155,2026-02-18,Subscription,Medium,42,Resolved,Negative
S2839,C11156,2026-07-24,Subscription,High,57,Resolved,Negative
S2840,C11156,2026-02-22,Technical,Medium,25,Resolved,Neutral
S2841,C11156,2026-01-18,Payment,Medium,48,Open,Negative
S2842,C11157,2026-03-02,Subscription,Low,6,Resolved,Positive
S2843,C11158,2026-02-12,Billing,Medium,28,Resolved,Neutral
S2844,C11158,2026-08-14,Subscription,Low,38,Resolved,Negative
S2845,C11159,2026-02-15,Login,Medium,16,Resolved,Neutral
S2846,C11160,2026-08-19,Login,Medium,38,Open,Negative
S2847,C11160,2025-10-21,Billing,Medium,19,Resolved,Neutral
S2848,C11160,2026-08-19,Payment,Medium,1,Resolved,Positive
S2849,C11160,2026-02-26,Login,Low,71,Resolved,Negative
S2850,C11162,2025-09-27,Billing,High,32,Resolved,Neutral
S2851,C11162,2025-09-22,Technical,Medium,49,Resolved,Negative
S2852,C11162,2026-07-27,Login,High,2,Resolved,Positive
S2853,C11163,2026-07-12,Subscription,High,38,Resolved,Negative
S2854,C11163,2026-06-02,Technical,Low,50,Resolved,Negative
S2855,C11163,2026-01-29,Technical,Low,58,Resolved,Negative
S2856,C11164,2025-10-10,Subscription,Medium,25,Resolved,Neutral
S2857,C11164,2025-09-13,Login,Low,65,Resolved,Negative
S2858,C11164,2025-12-19,Technical,Low,58,Resolved,Negative
S2859,C11164,2025-11-06,Billing,Low,3,Resolved,Positive
S2860,C11165,2026-06-29,Billing,High,25,Open,Neutral
S2861,C11165,2026-06-22,Billing,High,62,Open,Negative
S2862,C11165,2025-09-12,Technical,Medium,69,Resolved,Negative
S2863,C11166,2025-12-06,Billing,Low,7,Resolved,Positive
S2864,C11167,2025-09-08,Payment,Medium,10,Resolved,Positive
S2865,C11167,2026-03-02,Billing,Medium,5,Resolved,Positive
S2866,C11167,2025-11-19,Login,Low,23,Resolved,Neutral
S2867,C11167,2026-08-23,Login,Medium,12,Open,Positive
S2868,C11168,2026-05-31,Login,Medium,20,Resolved,Neutral
S2869,C11168,2026-06-12,Payment,High,46,Open,Negative
S2870,C11168,2026-01-13,Login,Medium,72,Resolved,Negative
S2871,C11169,2025-11-29,Billing,Medium,30,Resolved,Neutral
S2872,C11170,2026-04-06,Technical,High,23,Resolved,Neutral
S2873,C11170,2026-01-29,Login,High,9,Resolved,Positive
S2874,C11171,2026-03-24,Subscription,High,38,Resolved,Negative
S2875,C11171,2025-10-25,Technical,Low,57,Open,Negative
S2876,C11171,2026-07-30,Subscription,High,34,Resolved,Neutral
S2877,C11171,2026-03-13,Billing,Medium,13,Open,Neutral
S2878,C11173,2025-09-25,Payment,High,49,Resolved,Negative
S2879,C11173,2026-01-03,Technical,Low,30,Open,Neutral
S2880,C11174,2026-04-29,Billing,Low,65,Resolved,Negative
S2881,C11174,2026-07-19,Subscription,Medium,68,Resolved,Negative
S2882,C11174,2026-02-28,Billing,Medium,60,Resolved,Negative
S2883,C11174,2026-03-27,Login,Low,21,Open,Neutral
S2884,C11174,2025-09-08,Subscription,High,35,Resolved,Neutral
S2885,C11175,2025-09-03,Subscription,Medium,66,Open,Negative
S2886,C11176,2026-06-07,Technical,High,49,Resolved,Negative
S2887,C11176,2026-02-28,Billing,Medium,57,Resolved,Negative
S2888,C11176,2026-08-27,Payment,Medium,29,Resolved,Neutral
S2889,C11176,2026-08-01,Technical,Low,47,Open,Negative
S2890,C11176,2026-05-11,Subscription,Low,69,Open,Negative
S2891,C11177,2026-07-28,Login,Medium,68,Resolved,Negative
S2892,C11178,2026-04-05,Subscription,Medium,21,Resolved,Neutral
S2893,C11178,2026-01-27,Subscription,Medium,60,Resolved,Negative
S2894,C11178,2026-08-11,Payment,Medium,31,Resolved,Neutral
S2895,C11178,2025-10-15,Payment,High,6,Open,Positive
S2896,C11179,2026-08-22,Payment,Low,56,Resolved,Negative
S2897,C11179,2026-08-09,Technical,Medium,54,Resolved,Negative
S2898,C11179,2026-02-13,Payment,High,49,Open,Negative
S2899,C11179,2026-04-22,Billing,High,51,Resolved,Negative
S2900,C11179,2025-08-31,Subscription,High,6,Open,Positive
S2901,C11180,2025-09-24,Payment,Medium,72,Resolved,Negative
S2902,C11180,2026-07-16,Billing,Low,21,Resolved,Neutral
S2903,C11180,2026-03-21,Payment,Medium,29,Resolved,Neutral
S2904,C11181,2026-01-01,Technical,Low,19,Resolved,Neutral
S2905,C11181,2025-12-04,Login,Low,48,Resolved,Negative
S2906,C11181,2025-12-10,Login,Low,58,Open,Negative
S2907,C11181,2026-06-04,Payment,Low,37,Resolved,Negative
S2908,C11182,2026-02-28,Login,High,40,Resolved,Negative
S2909,C11182,2026-01-05,Login,High,4,Resolved,Positive
S2910,C11182,2025-12-31,Subscription,Low,45,Resolved,Negative
S2911,C11183,2025-09-23,Subscription,Medium,18,Open,Neutral
S2912,C11183,2026-06-16,Payment,High,43,Open,Negative
S2913,C11184,2026-02-17,Subscription,High,48,Resolved,Negative
S2914,C11185,2025-12-24,Subscription,Medium,62,Open,Negative
S2915,C11185,2026-03-22,Billing,High,64,Resolved,Negative
S2916,C11185,2025-10-08,Subscription,Low,8,Resolved,Positive
S2917,C11185,2025-12-09,Login,Low,51,Resolved,Negative
S2918,C11185,2025-12-25,Login,Medium,23,Open,Neutral
S2919,C11187,2026-08-25,Subscription,Medium,14,Resolved,Neutral
S2920,C11187,2025-12-27,Technical,Medium,64,Resolved,Negative
S2921,C11187,2025-12-01,Payment,High,31,Resolved,Neutral
S2922,C11188,2026-06-23,Billing,Medium,11,Resolved,Positive
S2923,C11188,2026-04-17,Payment,Medium,42,Resolved,Negative
S2924,C11188,2025-12-10,Technical,High,2,Resolved,Positive
S2925,C11189,2025-12-18,Login,Medium,72,Open,Negative
S2926,C11189,2026-02-06,Technical,Medium,39,Open,Negative
S2927,C11189,2026-06-16,Technical,High,60,Open,Negative
S2928,C11189,2026-04-21,Payment,Low,59,Open,Negative
S2929,C11189,2025-11-04,Payment,Low,60,Open,Negative
S2930,C11190,2026-02-02,Billing,Medium,43,Resolved,Negative
S2931,C11190,2026-02-01,Login,High,37,Resolved,Negative
S2932,C11190,2025-11-06,Payment,Medium,5,Resolved,Positive
S2933,C11190,2026-02-07,Subscription,Medium,5,Resolved,Positive
S2934,C11191,2026-06-26,Payment,Medium,18,Open,Neutral
S2935,C11192,2025-11-23,Login,Medium,47,Open,Negative
S2936,C11192,2026-04-19,Login,High,34,Resolved,Neutral
S2937,C11193,2026-08-13,Billing,Low,25,Resolved,Neutral
S2938,C11193,2026-01-11,Payment,High,10,Open,Positive
S2939,C11195,2025-10-07,Subscription,High,60,Resolved,Negative
S2940,C11196,2026-04-15,Subscription,Low,26,Resolved,Neutral
S2941,C11196,2026-05-28,Subscription,Medium,24,Resolved,Neutral
S2942,C11196,2026-03-21,Payment,Medium,15,Resolved,Neutral
S2943,C11197,2025-10-11,Login,Medium,9,Resolved,Positive
S2944,C11198,2026-06-04,Payment,Medium,10,Resolved,Positive
S2945,C11198,2026-07-17,Technical,Medium,30,Resolved,Neutral
S2946,C11198,2025-11-27,Billing,High,9,Open,Positive
S2947,C11199,2026-03-26,Billing,High,5,Resolved,Positive
S2948,C11199,2026-08-07,Technical,Medium,28,Resolved,Neutral
S2949,C11200,2026-08-24,Login,Low,20,Open,Neutral
S2950,C11202,2025-11-29,Payment,High,72,Resolved,Negative
S2951,C11202,2025-11-12,Technical,Medium,3,Open,Positive
S2952,C11203,2025-12-17,Subscription,Medium,14,Resolved,Neutral
S2953,C11203,2026-08-21,Technical,High,18,Resolved,Neutral
S2954,C11203,2026-05-30,Billing,High,25,Open,Neutral
S2955,C11203,2026-08-05,Payment,Low,7,Resolved,Positive
S2956,C11204,2026-04-27,Login,Low,19,Open,Neutral
S2957,C11205,2026-05-08,Technical,Medium,52,Resolved,Negative
S2958,C11206,2025-12-27,Technical,Low,1,Resolved,Positive
S2959,C11206,2025-09-30,Billing,High,59,Open,Negative
S2960,C11206,2026-01-01,Login,High,58,Resolved,Negative
S2961,C11206,2026-08-21,Payment,High,61,Open,Negative
S2962,C11206,2026-01-08,Login,Medium,52,Resolved,Negative
S2963,C11207,2026-08-16,Login,High,69,Open,Negative
S2964,C11209,2025-11-09,Payment,High,10,Open,Positive
S2965,C11209,2026-04-10,Technical,Low,9,Resolved,Positive
S2966,C11209,2026-06-14,Technical,Medium,56,Resolved,Negative
S2967,C11210,2026-07-24,Billing,Low,50,Resolved,Negative
S2968,C11210,2026-07-27,Payment,Low,43,Resolved,Negative
S2969,C11210,2026-04-27,Billing,High,53,Open,Negative
S2970,C11211,2025-10-31,Payment,Low,14,Resolved,Neutral
S2971,C11211,2026-02-26,Subscription,High,54,Open,Negative
S2972,C11211,2026-02-26,Payment,Low,31,Open,Neutral
S2973,C11213,2026-03-01,Billing,Low,65,Resolved,Negative
S2974,C11213,2026-05-21,Technical,High,65,Open,Negative
S2975,C11213,2026-02-23,Login,Low,12,Open,Positive
S2976,C11213,2025-10-04,Payment,Low,23,Open,Neutral
S2977,C11214,2025-11-12,Payment,Low,24,Open,Neutral
S2978,C11214,2026-01-21,Payment,High,46,Open,Negative
S2979,C11214,2026-03-26,Subscription,High,64,Resolved,Negative
S2980,C11215,2026-04-27,Technical,Low,63,Resolved,Negative
S2981,C11216,2026-04-22,Payment,Medium,13,Resolved,Neutral
S2982,C11217,2026-07-18,Technical,Medium,16,Resolved,Neutral
S2983,C11218,2026-05-09,Technical,Low,11,Open,Positive
S2984,C11218,2026-02-06,Billing,Low,54,Resolved,Negative
S2985,C11219,2025-10-15,Technical,Medium,37,Resolved,Negative
S2986,C11219,2026-08-22,Subscription,Medium,27,Resolved,Neutral
S2987,C11219,2026-07-11,Payment,Low,38,Open,Negative
S2988,C11219,2026-01-30,Login,High,64,Resolved,Negative
S2989,C11220,2025-09-09,Payment,High,27,Resolved,Neutral
S2990,C11220,2025-09-22,Login,Medium,58,Resolved,Negative
S2991,C11220,2025-10-01,Login,High,18,Resolved,Neutral
S2992,C11220,2025-11-18,Technical,Low,54,Resolved,Negative
S2993,C11220,2025-10-10,Billing,Low,63,Open,Negative
S2994,C11221,2025-10-15,Technical,High,5,Resolved,Positive
S2995,C11221,2025-12-03,Billing,Medium,66,Resolved,Negative
S2996,C11221,2026-07-16,Technical,Medium,7,Open,Positive
S2997,C11221,2026-08-20,Subscription,High,6,Open,Positive
S2998,C11221,2026-07-01,Subscription,High,8,Resolved,Positive
S2999,C11222,2026-05-19,Login,Low,7,Resolved,Positive
S3000,C11222,2026-04-30,Subscription,High,14,Resolved,Neutral
S3001,C11222,2026-03-10,Technical,Low,36,Resolved,Neutral
S3002,C11222,2026-03-13,Technical,High,19,Resolved,Neutral
S3003,C11222,2026-02-19,Login,Low,26,Open,Neutral
S3004,C11223,2025-09-26,Billing,Medium,28,Resolved,Neutral
S3005,C11224,2026-07-08,Login,Low,52,Open,Negative
S3006,C11224,2026-03-29,Billing,Low,62,Resolved,Negative
S3007,C11224,2026-03-02,Payment,Medium,57,Resolved,Negative
S3008,C11224,2026-05-13,Technical,High,21,Open,Neutral
S3009,C11225,2026-04-23,Subscription,Low,25,Resolved,Neutral
S3010,C11226,2026-07-02,Technical,Low,66,Resolved,Negative
S3011,C11226,2026-02-26,Subscription,Medium,39,Open,Negative
S3012,C11226,2026-05-16,Subscription,Low,24,Resolved,Neutral
S3013,C11226,2026-06-02,Payment,Low,49,Resolved,Negative
S3014,C11227,2026-03-22,Billing,Low,22,Open,Neutral
S3015,C11228,2026-05-06,Login,Medium,67,Resolved,Negative
S3016,C11228,2026-07-26,Billing,Low,15,Open,Neutral
S3017,C11228,2026-04-12,Subscription,Medium,35,Resolved,Neutral
S3018,C11228,2025-11-03,Subscription,High,44,Resolved,Negative
S3019,C11229,2026-04-09,Technical,High,36,Open,Neutral
S3020,C11229,2026-07-28,Subscription,Medium,27,Resolved,Neutral
S3021,C11229,2025-12-02,Login,High,56,Resolved,Negative
S3022,C11229,2025-09-22,Login,High,52,Resolved,Negative
S3023,C11230,2026-04-11,Payment,Low,63,Resolved,Negative
S3024,C11230,2025-09-22,Technical,Medium,13,Resolved,Neutral
S3025,C11231,2026-08-24,Login,Medium,30,Resolved,Neutral
S3026,C11232,2026-06-29,Billing,Low,44,Resolved,Negative
S3027,C11232,2026-02-22,Login,High,31,Resolved,Neutral
S3028,C11232,2026-03-02,Subscription,High,14,Resolved,Neutral
S3029,C11232,2025-10-24,Billing,Low,37,Resolved,Negative
S3030,C11232,2026-07-15,Technical,Low,26,Open,Neutral
S3031,C11233,2026-01-02,Billing,Low,37,Resolved,Negative
S3032,C11233,2026-04-03,Billing,Medium,6,Open,Positive
S3033,C11233,2025-12-25,Payment,Medium,4,Resolved,Positive
S3034,C11233,2025-09-18,Billing,High,37,Resolved,Negative
S3035,C11233,2026-07-13,Billing,Medium,34,Open,Neutral
S3036,C11234,2026-07-04,Billing,Medium,47,Open,Negative
S3037,C11234,2025-09-20,Technical,Medium,26,Resolved,Neutral
S3038,C11234,2026-04-23,Payment,Low,58,Resolved,Negative
S3039,C11234,2026-05-07,Technical,High,60,Open,Negative
S3040,C11235,2025-09-02,Subscription,High,62,Resolved,Negative
S3041,C11235,2026-07-29,Subscription,Low,21,Open,Neutral
S3042,C11235,2026-02-08,Login,Low,13,Open,Neutral
S3043,C11235,2025-11-11,Payment,Medium,8,Resolved,Positive
S3044,C11235,2026-05-03,Billing,High,12,Resolved,Positive
S3045,C11236,2026-01-06,Technical,Medium,12,Open,Positive
S3046,C11236,2025-09-10,Payment,High,67,Resolved,Negative
S3047,C11237,2026-04-15,Subscription,High,49,Open,Negative
S3048,C11238,2026-06-26,Billing,Medium,6,Resolved,Positive
S3049,C11238,2025-12-14,Login,Low,30,Resolved,Neutral
S3050,C11238,2026-02-05,Subscription,Low,52,Resolved,Negative
S3051,C11238,2026-05-31,Subscription,Low,52,Open,Negative
S3052,C11238,2026-01-27,Payment,Medium,45,Open,Negative
S3053,C11240,2026-05-16,Payment,Low,38,Open,Negative
S3054,C11241,2026-01-31,Login,Low,25,Resolved,Neutral
S3055,C11241,2025-09-01,Billing,Low,34,Open,Neutral
S3056,C11241,2026-01-07,Login,Low,41,Resolved,Negative
S3057,C11241,2026-08-09,Billing,Medium,63,Open,Negative
S3058,C11242,2026-08-21,Subscription,Low,12,Resolved,Positive
S3059,C11242,2026-08-02,Payment,High,10,Resolved,Positive
S3060,C11242,2025-08-31,Login,Medium,67,Resolved,Negative
S3061,C11242,2026-02-08,Payment,Medium,9,Open,Positive
S3062,C11243,2026-03-19,Payment,Medium,37,Resolved,Negative
S3063,C11243,2026-04-08,Payment,Medium,68,Open,Negative
S3064,C11243,2025-09-10,Login,High,42,Resolved,Negative
S3065,C11243,2026-08-29,Login,Medium,57,Resolved,Negative
S3066,C11244,2026-07-09,Subscription,Low,47,Open,Negative
S3067,C11244,2026-08-14,Technical,High,21,Resolved,Neutral
S3068,C11244,2025-11-09,Technical,Low,15,Open,Neutral
S3069,C11244,2026-07-13,Payment,Medium,18,Resolved,Neutral
S3070,C11244,2026-01-19,Billing,High,19,Resolved,Neutral
S3071,C11245,2026-06-14,Login,Low,61,Open,Negative
S3072,C11245,2026-01-21,Payment,High,27,Resolved,Neutral
S3073,C11245,2026-06-12,Payment,High,56,Resolved,Negative
S3074,C11245,2025-10-30,Technical,High,19,Resolved,Neutral
S3075,C11245,2026-07-31,Billing,Medium,66,Open,Negative
S3076,C11247,2026-03-15,Login,Low,21,Open,Neutral
S3077,C11249,2026-03-21,Payment,Medium,15,Open,Neutral
S3078,C11249,2026-06-25,Subscription,Medium,53,Resolved,Negative
S3079,C11249,2026-06-18,Technical,Low,46,Resolved,Negative
S3080,C11251,2026-04-19,Payment,High,19,Resolved,Neutral
S3081,C11251,2026-02-23,Subscription,Medium,32,Resolved,Neutral
S3082,C11251,2025-11-15,Payment,Medium,55,Open,Negative
S3083,C11251,2026-02-25,Billing,High,12,Resolved,Positive
S3084,C11251,2026-05-05,Subscription,High,22,Open,Neutral
S3085,C11252,2026-04-04,Technical,Low,18,Resolved,Neutral
S3086,C11252,2025-12-11,Technical,High,23,Open,Neutral
S3087,C11253,2025-09-09,Payment,Medium,6,Resolved,Positive
S3088,C11253,2026-02-18,Billing,High,65,Open,Negative
S3089,C11254,2026-05-13,Technical,Low,30,Resolved,Neutral
S3090,C11254,2025-09-04,Payment,Low,15,Open,Neutral
S3091,C11255,2025-12-11,Login,Medium,64,Resolved,Negative
S3092,C11255,2026-08-09,Payment,Low,65,Resolved,Negative
S3093,C11256,2025-10-14,Subscription,High,5,Resolved,Positive
S3094,C11256,2026-04-13,Payment,Low,58,Resolved,Negative
S3095,C11256,2025-09-10,Login,Medium,53,Resolved,Negative
S3096,C11256,2025-11-06,Login,Medium,8,Resolved,Positive
S3097,C11256,2025-12-13,Login,Medium,29,Resolved,Neutral
S3098,C11257,2026-07-16,Payment,Medium,24,Resolved,Neutral
S3099,C11259,2025-10-16,Payment,Medium,48,Resolved,Negative
S3100,C11259,2026-02-06,Billing,Medium,35,Resolved,Neutral
S3101,C11259,2026-05-21,Payment,Medium,3,Resolved,Positive
S3102,C11259,2026-06-28,Login,Low,29,Open,Neutral
S3103,C11259,2025-10-10,Billing,Medium,65,Resolved,Negative
S3104,C11260,2026-03-11,Payment,Medium,7,Resolved,Positive
S3105,C11260,2026-02-20,Billing,High,8,Resolved,Positive
S3106,C11260,2025-10-23,Subscription,Medium,72,Resolved,Negative
S3107,C11261,2025-11-13,Subscription,High,4,Resolved,Positive
S3108,C11261,2026-03-12,Payment,Medium,26,Resolved,Neutral
S3109,C11261,2026-04-09,Login,Medium,19,Resolved,Neutral
S3110,C11261,2026-05-03,Subscription,High,6,Resolved,Positive
S3111,C11261,2026-02-18,Login,High,28,Resolved,Neutral
S3112,C11262,2026-06-22,Login,Medium,54,Resolved,Negative
S3113,C11262,2025-11-27,Subscription,Medium,64,Open,Negative
S3114,C11262,2025-09-12,Payment,Low,5,Open,Positive
S3115,C11262,2026-04-08,Technical,Low,40,Resolved,Negative
S3116,C11262,2026-07-25,Billing,High,51,Resolved,Negative
S3117,C11263,2025-09-05,Billing,Low,22,Resolved,Neutral
S3118,C11263,2026-01-05,Login,Medium,67,Resolved,Negative
S3119,C11263,2026-08-15,Billing,High,64,Open,Negative
S3120,C11265,2025-11-26,Payment,Low,30,Resolved,Neutral
S3121,C11266,2026-07-11,Technical,Medium,10,Resolved,Positive
S3122,C11266,2026-07-23,Payment,High,59,Open,Negative
S3123,C11269,2025-11-14,Subscription,High,56,Open,Negative
S3124,C11269,2026-06-22,Billing,Low,50,Resolved,Negative
S3125,C11269,2025-09-21,Technical,Low,28,Resolved,Neutral
S3126,C11269,2025-10-15,Subscription,High,59,Open,Negative
S3127,C11269,2026-05-20,Billing,High,10,Resolved,Positive
S3128,C11270,2026-04-17,Subscription,High,47,Resolved,Negative
S3129,C11270,2025-11-01,Technical,High,14,Resolved,Neutral
S3130,C11270,2026-01-06,Technical,High,41,Open,Negative
S3131,C11271,2025-10-18,Billing,High,1,Resolved,Positive
S3132,C11271,2026-07-26,Login,Medium,29,Open,Neutral
S3133,C11272,2026-07-25,Subscription,High,53,Resolved,Negative
S3134,C11272,2026-03-23,Technical,High,5,Resolved,Positive
S3135,C11272,2026-02-13,Technical,Medium,36,Open,Neutral
S3136,C11272,2025-12-18,Billing,High,25,Open,Neutral
S3137,C11272,2026-02-21,Subscription,Medium,25,Open,Neutral
S3138,C11273,2025-09-07,Billing,Low,59,Resolved,Negative
S3139,C11274,2025-12-09,Login,High,48,Resolved,Negative
S3140,C11275,2026-03-24,Billing,Medium,21,Resolved,Neutral
S3141,C11276,2026-01-22,Subscription,Medium,38,Open,Negative
S3142,C11276,2026-06-14,Technical,High,6,Resolved,Positive
S3143,C11276,2026-06-28,Payment,High,21,Resolved,Neutral
S3144,C11277,2026-01-01,Technical,Low,62,Resolved,Negative
S3145,C11277,2025-09-17,Login,High,17,Open,Neutral
S3146,C11278,2025-11-05,Billing,Medium,48,Resolved,Negative
S3147,C11278,2025-11-18,Login,Low,45,Resolved,Negative
S3148,C11278,2025-10-01,Subscription,High,10,Resolved,Positive
S3149,C11278,2025-12-05,Billing,Medium,71,Open,Negative
S3150,C11278,2026-06-30,Payment,High,72,Resolved,Negative
S3151,C11279,2026-02-21,Login,Low,45,Resolved,Negative
S3152,C11280,2026-08-21,Login,Low,11,Resolved,Positive
S3153,C11280,2026-06-19,Payment,High,46,Open,Negative
S3154,C11280,2026-06-26,Payment,Low,39,Open,Negative
S3155,C11280,2026-06-10,Billing,Low,18,Resolved,Neutral
S3156,C11281,2025-12-23,Billing,Low,22,Open,Neutral
S3157,C11282,2026-06-02,Payment,Low,45,Resolved,Negative
S3158,C11282,2025-12-14,Payment,Low,54,Resolved,Negative
S3159,C11282,2026-07-22,Technical,High,46,Resolved,Negative
S3160,C11283,2026-03-08,Subscription,Medium,22,Resolved,Neutral
S3161,C11283,2025-10-16,Payment,Medium,15,Resolved,Neutral
S3162,C11284,2026-07-29,Technical,Low,1,Resolved,Positive
S3163,C11284,2026-01-11,Subscription,High,45,Open,Negative
S3164,C11284,2026-08-20,Technical,High,67,Open,Negative
S3165,C11284,2026-01-24,Subscription,High,44,Resolved,Negative
S3166,C11284,2026-01-17,Payment,High,5,Resolved,Positive
S3167,C11285,2025-09-20,Login,Low,49,Open,Negative
S3168,C11286,2025-11-23,Login,High,57,Resolved,Negative
S3169,C11286,2026-07-15,Login,Medium,4,Resolved,Positive
S3170,C11286,2026-03-02,Billing,High,20,Resolved,Neutral
S3171,C11287,2025-10-08,Payment,Low,43,Open,Negative
S3172,C11287,2026-01-03,Technical,High,12,Open,Positive
S3173,C11287,2026-06-13,Subscription,High,72,Resolved,Negative
S3174,C11287,2026-06-01,Login,Low,2,Open,Positive
S3175,C11287,2026-08-18,Subscription,Medium,23,Resolved,Neutral
S3176,C11288,2025-09-12,Technical,Medium,35,Open,Neutral
S3177,C11288,2025-09-04,Subscription,High,58,Open,Negative
S3178,C11288,2026-03-07,Technical,Medium,12,Resolved,Positive
S3179,C11288,2025-12-08,Payment,Low,9,Resolved,Positive
S3180,C11290,2026-04-03,Billing,Low,10,Resolved,Positive
S3181,C11290,2026-03-18,Billing,Low,15,Open,Neutral
S3182,C11290,2025-11-25,Login,High,21,Resolved,Neutral
S3183,C11291,2026-08-12,Login,High,35,Resolved,Neutral
S3184,C11291,2026-03-17,Technical,High,32,Resolved,Neutral
S3185,C11291,2025-10-27,Subscription,High,31,Resolved,Neutral
S3186,C11292,2026-02-16,Billing,Low,17,Resolved,Neutral
S3187,C11292,2026-03-27,Subscription,Low,3,Open,Positive
S3188,C11292,2025-10-26,Billing,Medium,55,Open,Negative
S3189,C11292,2026-07-17,Technical,Low,53,Resolved,Negative
S3190,C11292,2025-09-21,Subscription,Medium,31,Resolved,Neutral
S3191,C11293,2025-10-01,Payment,Medium,38,Resolved,Negative
S3192,C11293,2025-10-25,Payment,High,23,Resolved,Neutral
S3193,C11293,2025-09-13,Payment,High,48,Open,Negative
S3194,C11294,2025-10-26,Login,Medium,72,Resolved,Negative
S3195,C11294,2026-06-05,Login,Low,39,Resolved,Negative
S3196,C11294,2026-07-03,Subscription,Medium,35,Resolved,Neutral
S3197,C11294,2026-08-15,Technical,Low,40,Open,Negative
S3198,C11294,2025-10-11,Payment,Low,24,Resolved,Neutral
S3199,C11295,2026-08-19,Billing,Low,27,Resolved,Neutral
S3200,C11295,2026-01-01,Payment,Low,18,Resolved,Neutral
S3201,C11295,2026-07-10,Billing,Medium,7,Resolved,Positive
S3202,C11295,2025-10-25,Payment,High,27,Resolved,Neutral
S3203,C11295,2026-02-04,Billing,Medium,23,Resolved,Neutral
S3204,C11296,2026-08-29,Subscription,High,39,Open,Negative
S3205,C11296,2026-07-29,Subscription,High,48,Open,Negative
S3206,C11296,2025-11-06,Billing,Medium,26,Resolved,Neutral
S3207,C11296,2025-09-18,Billing,High,41,Resolved,Negative
S3208,C11296,2026-03-06,Login,Medium,12,Resolved,Positive
S3209,C11297,2026-05-14,Subscription,High,46,Open,Negative
S3210,C11297,2026-08-24,Subscription,Low,10,Open,Positive
S3211,C11297,2026-05-21,Billing,Low,59,Resolved,Negative
S3212,C11298,2026-06-29,Billing,Low,44,Open,Negative
S3213,C11298,2026-02-12,Subscription,Medium,63,Resolved,Negative
S3214,C11298,2026-05-24,Billing,Low,59,Open,Negative
S3215,C11298,2026-03-02,Login,High,42,Resolved,Negative
S3216,C11299,2026-04-10,Technical,Low,16,Open,Neutral
S3217,C11299,2026-01-19,Subscription,Low,54,Open,Negative
S3218,C11299,2026-06-03,Login,Medium,12,Resolved,Positive
S3219,C11299,2026-07-11,Payment,High,48,Resolved,Negative
S3220,C11299,2026-03-10,Subscription,Medium,19,Resolved,Neutral
S3221,C11300,2025-12-30,Payment,High,68,Resolved,Negative
S3222,C11300,2026-05-21,Payment,High,17,Resolved,Neutral
S3223,C11300,2026-02-26,Technical,Medium,70,Open,Negative
S3224,C11300,2025-10-10,Billing,High,36,Resolved,Neutral
S3225,C11300,2026-06-10,Billing,Medium,29,Resolved,Neutral
S3226,C11303,2026-06-20,Technical,High,43,Resolved,Negative
S3227,C11304,2026-03-15,Subscription,Low,37,Open,Negative
S3228,C11304,2026-02-15,Login,High,19,Open,Neutral
S3229,C11304,2026-08-09,Technical,Low,58,Resolved,Negative
S3230,C11305,2026-04-20,Billing,Medium,61,Open,Negative
S3231,C11305,2026-07-01,Billing,Low,52,Open,Negative
S3232,C11305,2026-02-21,Payment,High,43,Open,Negative
S3233,C11305,2025-10-24,Payment,High,44,Resolved,Negative
S3234,C11306,2026-01-20,Payment,High,1,Resolved,Positive
S3235,C11306,2025-09-06,Payment,Medium,72,Resolved,Negative
S3236,C11306,2026-07-10,Billing,High,58,Resolved,Negative
S3237,C11307,2025-09-10,Technical,Low,2,Resolved,Positive
S3238,C11307,2026-02-16,Subscription,Medium,23,Resolved,Neutral
S3239,C11307,2026-07-26,Payment,Low,28,Resolved,Neutral
S3240,C11308,2026-04-19,Technical,High,48,Open,Negative
S3241,C11308,2026-02-28,Payment,Medium,20,Open,Neutral
S3242,C11308,2025-12-04,Payment,High,39,Resolved,Negative
S3243,C11308,2026-02-11,Technical,Low,9,Resolved,Positive
S3244,C11309,2026-01-11,Payment,Medium,69,Resolved,Negative
S3245,C11310,2026-08-30,Login,High,63,Resolved,Negative
S3246,C11310,2026-07-03,Login,High,42,Open,Negative
S3247,C11310,2026-03-18,Payment,High,32,Resolved,Neutral
S3248,C11311,2026-02-21,Technical,Medium,6,Resolved,Positive
S3249,C11311,2026-07-08,Payment,Low,36,Resolved,Neutral
S3250,C11311,2026-06-05,Payment,High,65,Open,Negative
S3251,C11311,2026-05-07,Billing,Medium,12,Resolved,Positive
S3252,C11313,2026-06-01,Technical,High,6,Resolved,Positive
S3253,C11313,2026-04-14,Payment,Low,31,Open,Neutral
S3254,C11313,2025-12-10,Payment,Medium,9,Resolved,Positive
S3255,C11314,2026-04-16,Login,High,57,Resolved,Negative
S3256,C11314,2026-05-28,Payment,Low,48,Open,Negative
S3257,C11314,2025-10-27,Billing,Low,51,Open,Negative
S3258,C11314,2026-07-27,Subscription,Medium,8,Resolved,Positive
S3259,C11315,2026-08-11,Subscription,Medium,35,Resolved,Neutral
S3260,C11315,2026-05-13,Technical,Low,42,Resolved,Negative
S3261,C11315,2025-11-20,Login,Medium,54,Resolved,Negative
S3262,C11316,2025-10-16,Technical,Low,69,Resolved,Negative
S3263,C11316,2026-05-03,Subscription,Medium,41,Resolved,Negative
S3264,C11316,2026-01-12,Payment,Medium,46,Resolved,Negative
S3265,C11316,2025-10-12,Billing,High,32,Resolved,Neutral
S3266,C11317,2025-10-12,Subscription,High,9,Resolved,Positive
S3267,C11317,2025-09-03,Billing,Medium,7,Resolved,Positive
S3268,C11317,2026-08-06,Payment,High,6,Resolved,Positive
S3269,C11317,2026-08-24,Subscription,Medium,55,Open,Negative
S3270,C11317,2026-05-03,Payment,Medium,22,Open,Neutral
S3271,C11318,2026-04-04,Payment,Low,17,Open,Neutral
S3272,C11318,2025-09-30,Login,Medium,13,Resolved,Neutral
S3273,C11318,2026-07-10,Subscription,Medium,1,Resolved,Positive
S3274,C11319,2026-03-10,Technical,Low,6,Open,Positive
S3275,C11319,2026-03-18,Payment,Low,35,Open,Neutral
S3276,C11319,2025-11-15,Technical,Medium,44,Resolved,Negative
S3277,C11320,2025-09-30,Billing,Low,44,Resolved,Negative
S3278,C11320,2025-11-27,Technical,High,55,Resolved,Negative
S3279,C11320,2026-01-06,Technical,Low,46,Resolved,Negative
S3280,C11320,2026-07-25,Payment,Low,49,Resolved,Negative
S3281,C11320,2026-02-25,Subscription,High,5,Resolved,Positive
S3282,C11321,2025-09-27,Technical,Medium,31,Resolved,Neutral
S3283,C11322,2026-08-18,Billing,Low,46,Open,Negative
S3284,C11322,2026-04-28,Subscription,High,63,Open,Negative
S3285,C11322,2025-09-22,Technical,Low,10,Open,Positive
S3286,C11323,2026-04-17,Login,High,34,Open,Neutral
S3287,C11323,2026-05-25,Payment,Low,39,Resolved,Negative
S3288,C11323,2025-11-15,Billing,Medium,16,Resolved,Neutral
S3289,C11323,2026-05-26,Login,Low,21,Open,Neutral
S3290,C11323,2026-06-26,Payment,Low,3,Resolved,Positive
S3291,C11324,2026-02-06,Login,Low,18,Open,Neutral
S3292,C11324,2026-02-12,Technical,Low,41,Resolved,Negative
S3293,C11324,2026-06-06,Payment,High,44,Resolved,Negative
S3294,C11324,2025-10-12,Login,Medium,29,Resolved,Neutral
S3295,C11324,2026-03-06,Billing,High,34,Resolved,Neutral
S3296,C11325,2026-02-06,Subscription,Low,50,Open,Negative
S3297,C11325,2026-01-18,Subscription,High,22,Resolved,Neutral
S3298,C11326,2026-03-15,Payment,High,32,Open,Neutral
S3299,C11326,2026-03-15,Payment,Low,22,Resolved,Neutral
S3300,C11326,2025-10-03,Subscription,Medium,42,Open,Negative
S3301,C11327,2026-03-23,Login,High,37,Open,Negative
S3302,C11327,2026-06-30,Subscription,Medium,58,Resolved,Negative
S3303,C11327,2026-03-17,Subscription,High,41,Resolved,Negative
S3304,C11327,2026-08-10,Subscription,High,49,Resolved,Negative
S3305,C11328,2026-07-06,Technical,Medium,70,Resolved,Negative
S3306,C11328,2026-07-15,Payment,Low,54,Resolved,Negative
S3307,C11328,2025-12-02,Billing,Low,46,Resolved,Negative
S3308,C11329,2026-07-09,Technical,High,1,Resolved,Positive
S3309,C11329,2026-02-27,Billing,Low,60,Resolved,Negative
S3310,C11329,2026-07-20,Technical,High,23,Resolved,Neutral
S3311,C11331,2026-01-24,Login,High,72,Resolved,Negative
S3312,C11331,2025-09-08,Billing,Low,17,Open,Neutral
S3313,C11331,2026-02-10,Subscription,Medium,53,Open,Negative
S3314,C11332,2025-09-26,Payment,Low,30,Resolved,Neutral
S3315,C11332,2026-05-10,Technical,High,62,Resolved,Negative
S3316,C11332,2026-05-30,Billing,Medium,34,Open,Neutral
S3317,C11333,2026-02-22,Login,Medium,66,Open,Negative
S3318,C11333,2025-09-30,Login,High,43,Resolved,Negative
S3319,C11333,2025-10-21,Login,High,54,Resolved,Negative
S3320,C11334,2026-01-16,Payment,Medium,18,Resolved,Neutral
S3321,C11334,2026-01-10,Billing,High,9,Open,Positive
S3322,C11334,2026-05-25,Login,High,27,Open,Neutral
S3323,C11334,2025-09-21,Payment,High,65,Resolved,Negative
S3324,C11337,2026-08-12,Subscription,Medium,7,Resolved,Positive
S3325,C11337,2026-02-22,Technical,Low,12,Resolved,Positive
S3326,C11338,2026-01-11,Billing,High,11,Open,Positive
S3327,C11338,2026-03-29,Subscription,Low,23,Resolved,Neutral
S3328,C11338,2025-12-12,Subscription,Medium,6,Open,Positive
S3329,C11338,2026-04-10,Subscription,Low,51,Resolved,Negative
S3330,C11339,2025-11-15,Login,Medium,40,Resolved,Negative
S3331,C11339,2026-04-24,Login,Low,4,Resolved,Positive
S3332,C11339,2025-10-15,Technical,Medium,25,Resolved,Neutral
S3333,C11339,2026-07-08,Login,High,6,Open,Positive
S3334,C11339,2026-05-18,Technical,Low,54,Open,Negative
S3335,C11341,2026-03-04,Subscription,Low,35,Resolved,Neutral
S3336,C11341,2026-03-27,Payment,Medium,9,Resolved,Positive
S3337,C11341,2025-10-31,Login,High,38,Resolved,Negative
S3338,C11343,2026-07-21,Payment,High,67,Open,Negative
S3339,C11344,2026-07-22,Technical,Medium,14,Resolved,Neutral
S3340,C11345,2026-08-12,Technical,Medium,41,Resolved,Negative
S3341,C11345,2026-02-09,Login,Low,49,Resolved,Negative
S3342,C11345,2025-12-12,Technical,Medium,24,Resolved,Neutral
S3343,C11346,2025-09-22,Login,Low,68,Open,Negative
S3344,C11346,2026-07-01,Technical,Medium,58,Resolved,Negative
S3345,C11346,2026-03-31,Payment,Low,51,Resolved,Negative
S3346,C11346,2025-11-15,Payment,High,57,Resolved,Negative
S3347,C11347,2025-12-13,Payment,Medium,57,Resolved,Negative
S3348,C11347,2026-08-27,Subscription,Medium,67,Resolved,Negative
S3349,C11347,2026-05-14,Payment,High,61,Resolved,Negative
S3350,C11348,2025-12-15,Billing,Low,20,Resolved,Neutral
S3351,C11349,2025-12-28,Payment,Medium,38,Resolved,Negative
S3352,C11349,2025-11-19,Subscription,High,44,Resolved,Negative
S3353,C11349,2025-12-15,Subscription,Medium,39,Resolved,Negative
S3354,C11349,2025-09-23,Technical,Medium,60,Resolved,Negative
S3355,C11350,2025-11-10,Payment,Medium,64,Resolved,Negative
S3356,C11350,2026-08-10,Subscription,Medium,57,Resolved,Negative
S3357,C11351,2026-03-19,Billing,High,29,Resolved,Neutral
S3358,C11351,2026-03-21,Technical,High,33,Open,Neutral
S3359,C11351,2026-01-08,Subscription,High,7,Resolved,Positive
S3360,C11352,2026-05-25,Subscription,High,46,Resolved,Negative
S3361,C11352,2026-07-27,Login,Low,28,Open,Neutral
S3362,C11352,2025-12-30,Billing,Low,60,Resolved,Negative
S3363,C11352,2026-04-18,Technical,Low,25,Resolved,Neutral
S3364,C11353,2026-04-18,Payment,Medium,14,Resolved,Neutral
S3365,C11354,2025-10-02,Payment,Low,38,Open,Negative
S3366,C11354,2025-09-21,Technical,High,36,Resolved,Neutral
S3367,C11354,2026-03-17,Technical,High,54,Resolved,Negative
S3368,C11355,2026-02-24,Billing,High,1,Resolved,Positive
S3369,C11355,2026-02-22,Technical,Medium,54,Resolved,Negative
S3370,C11356,2025-10-12,Login,Low,42,Resolved,Negative
S3371,C11356,2026-03-08,Technical,Medium,6,Resolved,Positive
S3372,C11356,2025-12-30,Login,Low,1,Resolved,Positive
S3373,C11356,2026-07-19,Subscription,Low,71,Resolved,Negative
S3374,C11356,2026-02-16,Login,High,6,Open,Positive
S3375,C11357,2026-01-24,Payment,Low,17,Resolved,Neutral
S3376,C11357,2026-06-09,Payment,Medium,9,Open,Positive
S3377,C11357,2026-05-22,Technical,High,33,Open,Neutral
S3378,C11357,2025-12-04,Subscription,High,38,Resolved,Negative
S3379,C11358,2025-12-30,Billing,Low,35,Resolved,Neutral
S3380,C11358,2026-03-09,Payment,Medium,16,Resolved,Neutral
S3381,C11360,2026-04-13,Technical,Medium,27,Resolved,Neutral
S3382,C11363,2025-08-31,Subscription,Medium,65,Resolved,Negative
S3383,C11363,2026-07-24,Payment,Low,34,Resolved,Neutral
S3384,C11363,2025-11-14,Subscription,Low,1,Resolved,Positive
S3385,C11363,2026-07-18,Subscription,High,32,Resolved,Neutral
S3386,C11363,2026-06-14,Technical,Medium,8,Open,Positive
S3387,C11364,2026-03-16,Payment,Medium,53,Resolved,Negative
S3388,C11365,2025-09-26,Billing,Medium,18,Resolved,Neutral
S3389,C11365,2026-03-28,Subscription,High,38,Resolved,Negative
S3390,C11365,2026-02-11,Billing,Medium,19,Resolved,Neutral
S3391,C11365,2026-06-22,Payment,Medium,14,Resolved,Neutral
S3392,C11365,2026-03-20,Technical,Low,6,Resolved,Positive
S3393,C11366,2025-11-17,Billing,Low,1,Open,Positive
S3394,C11366,2025-11-01,Login,High,68,Resolved,Negative
S3395,C11366,2025-09-23,Subscription,High,42,Open,Negative
S3396,C11366,2025-09-03,Billing,High,44,Open,Negative
S3397,C11367,2026-02-28,Login,Low,12,Resolved,Positive
S3398,C11367,2026-06-10,Billing,Low,72,Resolved,Negative
S3399,C11367,2025-11-18,Technical,Low,32,Open,Neutral
S3400,C11367,2026-04-02,Login,High,16,Open,Neutral
S3401,C11367,2026-06-12,Subscription,Medium,19,Open,Neutral
S3402,C11369,2026-05-23,Payment,Medium,38,Resolved,Negative
S3403,C11369,2026-01-30,Payment,High,19,Resolved,Neutral
S3404,C11369,2026-01-05,Billing,Low,29,Resolved,Neutral
S3405,C11369,2026-08-10,Billing,High,31,Resolved,Neutral
S3406,C11371,2025-12-21,Payment,Low,50,Open,Negative
S3407,C11371,2025-11-29,Payment,Medium,41,Open,Negative
S3408,C11372,2026-02-19,Billing,Medium,43,Resolved,Negative
S3409,C11372,2025-09-01,Subscription,High,64,Open,Negative
S3410,C11373,2025-10-10,Login,Medium,55,Open,Negative
S3411,C11373,2025-10-17,Login,High,60,Open,Negative
S3412,C11373,2025-10-21,Payment,Low,19,Resolved,Neutral
S3413,C11374,2026-01-30,Payment,Medium,62,Open,Negative
S3414,C11374,2026-07-12,Technical,High,10,Resolved,Positive
S3415,C11374,2026-04-19,Payment,High,63,Resolved,Negative
S3416,C11374,2026-04-15,Payment,High,46,Resolved,Negative
S3417,C11375,2025-11-08,Technical,Medium,71,Open,Negative
S3418,C11375,2026-03-22,Billing,Medium,68,Open,Negative
S3419,C11375,2026-04-24,Technical,Low,57,Open,Negative
S3420,C11375,2026-02-25,Billing,Medium,52,Resolved,Negative
S3421,C11376,2026-05-09,Login,High,33,Open,Neutral
S3422,C11376,2025-10-22,Subscription,Medium,67,Resolved,Negative
S3423,C11376,2025-10-21,Billing,Medium,50,Open,Negative
S3424,C11376,2025-12-10,Subscription,Low,49,Open,Negative
S3425,C11377,2026-04-10,Login,Medium,20,Open,Neutral
S3426,C11377,2026-08-23,Payment,High,12,Open,Positive
S3427,C11377,2026-02-19,Billing,High,22,Open,Neutral
S3428,C11380,2026-02-05,Technical,Medium,68,Open,Negative
S3429,C11380,2025-10-04,Technical,High,46,Resolved,Negative
S3430,C11380,2026-04-25,Payment,High,59,Resolved,Negative
S3431,C11380,2026-06-29,Login,High,18,Resolved,Neutral
S3432,C11380,2026-05-21,Technical,Low,10,Open,Positive
S3433,C11381,2025-11-24,Subscription,Low,40,Open,Negative
S3434,C11381,2025-12-29,Subscription,Medium,45,Resolved,Negative
S3435,C11381,2026-07-13,Payment,Medium,14,Open,Neutral
S3436,C11382,2026-03-26,Login,Medium,62,Resolved,Negative
S3437,C11382,2026-03-11,Subscription,Medium,26,Open,Neutral
S3438,C11386,2026-03-03,Subscription,High,61,Resolved,Negative
S3439,C11386,2026-05-07,Payment,High,42,Resolved,Negative
S3440,C11386,2026-05-22,Billing,High,42,Resolved,Negative
S3441,C11386,2026-01-26,Technical,High,3,Open,Positive
S3442,C11386,2025-09-16,Subscription,Medium,65,Resolved,Negative
S3443,C11387,2025-10-07,Subscription,Medium,36,Open,Neutral
S3444,C11389,2025-11-25,Technical,High,7,Open,Positive
S3445,C11389,2025-10-09,Login,Low,17,Resolved,Neutral
S3446,C11390,2025-09-08,Billing,High,66,Open,Negative
S3447,C11390,2026-06-04,Billing,High,30,Open,Neutral
S3448,C11390,2026-04-30,Payment,Medium,36,Open,Neutral
S3449,C11390,2026-03-26,Payment,Medium,35,Open,Neutral
S3450,C11390,2026-08-24,Billing,Medium,20,Resolved,Neutral
S3451,C11391,2026-02-13,Payment,Medium,1,Resolved,Positive
S3452,C11391,2025-10-21,Payment,High,69,Resolved,Negative
S3453,C11391,2025-12-10,Billing,Medium,2,Resolved,Positive
S3454,C11391,2026-01-19,Login,Low,15,Open,Neutral
S3455,C11392,2025-11-15,Technical,Low,12,Resolved,Positive
S3456,C11393,2025-09-30,Billing,High,43,Open,Negative
S3457,C11393,2026-08-22,Technical,Medium,71,Resolved,Negative
S3458,C11394,2025-10-17,Billing,Medium,63,Resolved,Negative
S3459,C11394,2026-08-20,Login,High,52,Open,Negative
S3460,C11394,2025-12-30,Billing,Low,62,Resolved,Negative
S3461,C11394,2026-06-19,Payment,Medium,62,Open,Negative
S3462,C11394,2026-03-10,Login,Low,49,Resolved,Negative
S3463,C11395,2025-10-11,Payment,High,2,Resolved,Positive
S3464,C11396,2026-03-30,Billing,Medium,25,Resolved,Neutral
S3465,C11396,2025-10-24,Login,Medium,31,Resolved,Neutral
S3466,C11396,2026-06-26,Billing,High,61,Resolved,Negative
S3467,C11396,2026-01-29,Payment,Medium,46,Resolved,Negative
S3468,C11397,2026-01-08,Payment,Low,70,Open,Negative
S3469,C11397,2025-10-22,Billing,Low,25,Resolved,Neutral
S3470,C11397,2025-11-09,Payment,High,60,Resolved,Negative
S3471,C11397,2026-08-02,Technical,High,31,Open,Neutral
S3472,C11397,2026-02-24,Billing,Low,16,Resolved,Neutral
S3473,C11398,2025-10-15,Login,Medium,62,Resolved,Negative
S3474,C11398,2026-05-26,Login,High,52,Open,Negative
S3475,C11399,2025-09-03,Technical,High,11,Resolved,Positive
S3476,C11399,2026-02-03,Login,High,41,Resolved,Negative
S3477,C11399,2026-03-24,Billing,Medium,52,Resolved,Negative
S3478,C11400,2025-12-09,Subscription,Medium,67,Resolved,Negative
S3479,C11400,2026-02-05,Billing,Low,50,Resolved,Negative
S3480,C11400,2026-02-11,Billing,Low,28,Resolved,Neutral
S3481,C11400,2026-07-23,Billing,Low,71,Resolved,Negative
S3482,C11401,2026-08-02,Login,Medium,4,Resolved,Positive
S3483,C11401,2026-08-09,Login,High,19,Resolved,Neutral
S3484,C11401,2026-02-16,Billing,Medium,19,Resolved,Neutral
S3485,C11401,2026-01-16,Technical,Low,50,Open,Negative
S3486,C11402,2026-07-30,Payment,High,12,Resolved,Positive
S3487,C11402,2026-02-09,Technical,High,9,Resolved,Positive
S3488,C11402,2026-01-20,Subscription,High,40,Resolved,Negative
S3489,C11402,2026-03-29,Payment,Low,22,Open,Neutral
S3490,C11402,2025-12-06,Billing,Medium,2,Resolved,Positive
S3491,C11403,2025-09-12,Billing,High,11,Resolved,Positive
S3492,C11403,2025-12-19,Subscription,Low,24,Resolved,Neutral
S3493,C11403,2025-11-10,Billing,High,3,Resolved,Positive
S3494,C11403,2026-05-05,Subscription,Medium,17,Resolved,Neutral
S3495,C11403,2026-06-04,Technical,Medium,54,Resolved,Negative
S3496,C11404,2026-07-19,Payment,High,9,Resolved,Positive
S3497,C11404,2026-08-29,Login,Low,52,Resolved,Negative
S3498,C11404,2026-04-12,Subscription,Low,38,Open,Negative
S3499,C11404,2025-10-02,Technical,Medium,53,Open,Negative
S3500,C11404,2026-05-08,Billing,Low,45,Resolved,Negative
S3501,C11405,2025-09-24,Billing,Low,7,Resolved,Positive
S3502,C11405,2025-11-22,Subscription,Medium,25,Resolved,Neutral
S3503,C11405,2026-07-17,Payment,Medium,61,Open,Negative
S3504,C11405,2026-02-18,Billing,Medium,15,Open,Neutral
S3505,C11405,2025-12-12,Billing,Low,12,Resolved,Positive
S3506,C11406,2026-04-14,Payment,High,41,Resolved,Negative
S3507,C11406,2026-08-31,Subscription,Low,65,Resolved,Negative
S3508,C11406,2026-02-22,Login,Low,33,Resolved,Neutral
S3509,C11406,2025-11-14,Payment,High,23,Resolved,Neutral
S3510,C11407,2026-02-11,Login,Low,9,Resolved,Positive
S3511,C11407,2025-12-25,Login,Low,51,Open,Negative
S3512,C11409,2026-01-19,Login,High,33,Resolved,Neutral
S3513,C11410,2026-02-08,Billing,Low,22,Open,Neutral
S3514,C11411,2026-03-11,Login,Medium,55,Open,Negative
S3515,C11412,2025-09-28,Technical,High,56,Resolved,Negative
S3516,C11413,2025-10-31,Billing,Medium,19,Resolved,Neutral
S3517,C11414,2026-07-16,Subscription,High,17,Resolved,Neutral
S3518,C11414,2025-09-30,Subscription,Low,72,Resolved,Negative
S3519,C11415,2026-05-30,Login,Medium,6,Open,Positive
S3520,C11415,2025-11-01,Technical,High,60,Resolved,Negative
S3521,C11415,2025-12-25,Billing,Medium,61,Resolved,Negative
S3522,C11415,2026-04-24,Payment,Low,36,Open,Neutral
S3523,C11415,2026-04-02,Subscription,High,5,Resolved,Positive
S3524,C11416,2026-06-10,Subscription,Medium,64,Resolved,Negative
S3525,C11416,2026-07-27,Login,Low,69,Resolved,Negative
S3526,C11416,2026-02-20,Login,Medium,22,Resolved,Neutral
S3527,C11417,2026-02-15,Login,High,4,Resolved,Positive
S3528,C11417,2026-05-06,Technical,High,7,Resolved,Positive
S3529,C11417,2026-08-12,Subscription,Medium,71,Resolved,Negative
S3530,C11418,2025-12-25,Technical,Medium,47,Resolved,Negative
S3531,C11418,2025-09-29,Login,High,56,Resolved,Negative
S3532,C11419,2026-01-02,Subscription,Low,16,Resolved,Neutral
S3533,C11419,2026-01-14,Subscription,Low,69,Open,Negative
S3534,C11419,2026-03-03,Billing,Medium,41,Resolved,Negative
S3535,C11420,2026-07-18,Payment,Medium,5,Resolved,Positive
S3536,C11420,2026-08-02,Login,High,44,Resolved,Negative
S3537,C11421,2026-08-11,Login,Medium,39,Open,Negative
S3538,C11422,2026-06-15,Login,Low,54,Open,Negative
S3539,C11422,2026-07-14,Payment,High,61,Resolved,Negative
S3540,C11422,2026-05-17,Billing,Low,61,Open,Negative
S3541,C11423,2025-10-22,Payment,High,14,Open,Neutral
S3542,C11423,2025-10-17,Payment,Low,68,Open,Negative
S3543,C11423,2026-05-21,Technical,Medium,32,Resolved,Neutral
S3544,C11423,2025-12-05,Billing,Medium,48,Resolved,Negative
S3545,C11424,2026-08-24,Technical,Medium,20,Open,Neutral
S3546,C11425,2025-09-25,Technical,High,52,Open,Negative
S3547,C11425,2026-05-28,Subscription,Medium,30,Resolved,Neutral
S3548,C11425,2026-04-29,Login,Low,23,Resolved,Neutral
S3549,C11425,2025-10-02,Subscription,Low,45,Resolved,Negative
S3550,C11426,2025-12-05,Login,Low,33,Resolved,Neutral
S3551,C11426,2026-04-14,Login,Medium,31,Resolved,Neutral
S3552,C11426,2026-01-24,Billing,High,34,Resolved,Neutral
S3553,C11426,2026-03-23,Technical,Low,3,Resolved,Positive
S3554,C11426,2026-08-22,Payment,Low,28,Resolved,Neutral
S3555,C11428,2025-12-02,Payment,Low,35,Open,Neutral
S3556,C11428,2026-07-08,Billing,Medium,25,Resolved,Neutral
S3557,C11428,2026-04-17,Login,High,15,Open,Neutral
S3558,C11428,2026-08-04,Subscription,Low,36,Resolved,Neutral
S3559,C11428,2026-05-30,Login,High,70,Open,Negative
S3560,C11429,2026-08-10,Subscription,High,36,Resolved,Neutral
S3561,C11429,2025-09-18,Technical,High,65,Open,Negative
S3562,C11430,2025-11-04,Technical,High,45,Open,Negative
S3563,C11431,2026-07-02,Technical,Medium,22,Resolved,Neutral
S3564,C11432,2026-07-07,Billing,Low,49,Resolved,Negative
S3565,C11432,2026-03-13,Payment,Medium,38,Resolved,Negative
S3566,C11432,2025-11-01,Subscription,Medium,25,Resolved,Neutral
S3567,C11433,2026-04-11,Technical,Medium,25,Resolved,Neutral
S3568,C11433,2026-02-22,Payment,High,61,Resolved,Negative
S3569,C11434,2026-02-15,Billing,Medium,40,Resolved,Negative
S3570,C11434,2026-03-07,Payment,Low,22,Open,Neutral
S3571,C11434,2026-06-08,Billing,High,37,Resolved,Negative
S3572,C11436,2025-11-07,Login,Low,45,Resolved,Negative
S3573,C11436,2025-11-08,Subscription,High,6,Resolved,Positive
S3574,C11436,2026-06-27,Subscription,Low,53,Resolved,Negative
S3575,C11437,2025-09-06,Subscription,Low,20,Resolved,Neutral
S3576,C11438,2026-03-11,Technical,High,31,Open,Neutral
S3577,C11439,2026-07-11,Subscription,High,8,Open,Positive
S3578,C11439,2025-10-02,Subscription,High,71,Resolved,Negative
S3579,C11439,2026-06-26,Billing,High,19,Resolved,Neutral
S3580,C11439,2026-08-23,Login,High,20,Resolved,Neutral
S3581,C11440,2026-05-07,Technical,Medium,14,Resolved,Neutral
S3582,C11442,2025-09-29,Technical,High,60,Open,Negative
S3583,C11443,2025-11-22,Payment,High,51,Resolved,Negative
S3584,C11443,2026-01-20,Technical,High,27,Resolved,Neutral
S3585,C11443,2025-09-10,Technical,Low,11,Open,Positive
S3586,C11444,2026-07-12,Payment,Low,6,Open,Positive
S3587,C11444,2026-05-07,Technical,Medium,26,Resolved,Neutral
S3588,C11445,2026-06-03,Payment,Low,32,Resolved,Neutral
S3589,C11445,2025-11-27,Billing,Medium,8,Resolved,Positive
S3590,C11446,2025-11-12,Billing,Medium,15,Resolved,Neutral
S3591,C11446,2026-02-04,Login,Medium,42,Resolved,Negative
S3592,C11446,2026-02-07,Login,Low,21,Resolved,Neutral
S3593,C11446,2026-03-20,Payment,Medium,40,Resolved,Negative
S3594,C11446,2026-06-18,Subscription,High,21,Resolved,Neutral
S3595,C11447,2026-07-30,Subscription,High,56,Resolved,Negative
S3596,C11448,2026-04-17,Payment,Low,49,Resolved,Negative
S3597,C11448,2025-12-20,Billing,Low,7,Resolved,Positive
S3598,C11448,2026-07-15,Payment,Low,60,Open,Negative
S3599,C11449,2026-04-24,Payment,Medium,25,Open,Neutral
S3600,C11449,2025-12-20,Payment,Low,1,Open,Positive
S3601,C11450,2026-04-22,Payment,Low,68,Resolved,Negative
S3602,C11450,2025-10-24,Technical,Low,19,Resolved,Neutral
S3603,C11451,2026-03-11,Technical,Medium,50,Resolved,Negative
S3604,C11451,2026-04-05,Subscription,High,28,Resolved,Neutral
S3605,C11451,2025-11-18,Payment,High,7,Resolved,Positive
S3606,C11451,2026-02-12,Technical,Low,55,Open,Negative
S3607,C11452,2026-03-03,Payment,Medium,19,Open,Neutral
S3608,C11452,2026-03-05,Billing,Low,55,Resolved,Negative
S3609,C11452,2025-12-17,Payment,Medium,16,Open,Neutral
S3610,C11452,2025-12-24,Payment,Low,56,Resolved,Negative
S3611,C11453,2026-03-09,Technical,High,54,Resolved,Negative
S3612,C11453,2025-11-11,Subscription,High,44,Open,Negative
S3613,C11453,2025-11-04,Billing,Low,9,Open,Positive
S3614,C11453,2025-12-21,Technical,High,7,Open,Positive
S3615,C11454,2026-01-06,Subscription,High,60,Resolved,Negative
S3616,C11454,2026-02-22,Payment,Low,62,Open,Negative
S3617,C11455,2025-10-14,Login,Low,9,Open,Positive
S3618,C11456,2026-08-26,Billing,Medium,38,Resolved,Negative
S3619,C11457,2026-04-10,Subscription,Medium,8,Resolved,Positive
S3620,C11457,2026-08-18,Billing,Low,8,Open,Positive
S3621,C11457,2026-01-06,Billing,Medium,15,Resolved,Neutral
S3622,C11457,2026-07-30,Payment,High,42,Resolved,Negative
S3623,C11457,2026-01-19,Technical,Medium,13,Open,Neutral
S3624,C11458,2025-12-14,Billing,High,3,Resolved,Positive
S3625,C11458,2026-04-07,Technical,Low,21,Open,Neutral
S3626,C11459,2026-06-22,Login,High,24,Resolved,Neutral
S3627,C11459,2026-08-30,Subscription,Low,49,Resolved,Negative
S3628,C11460,2026-02-16,Payment,High,26,Resolved,Neutral
S3629,C11460,2026-03-28,Payment,Medium,66,Open,Negative
S3630,C11461,2025-12-07,Subscription,Medium,55,Open,Negative
S3631,C11461,2026-03-03,Login,Medium,3,Open,Positive
S3632,C11461,2025-10-31,Subscription,Low,51,Resolved,Negative
S3633,C11461,2026-02-24,Subscription,Medium,56,Resolved,Negative
S3634,C11461,2026-05-24,Payment,Low,55,Open,Negative
S3635,C11463,2026-02-03,Subscription,High,51,Open,Negative
S3636,C11464,2025-09-16,Technical,High,27,Open,Neutral
S3637,C11465,2025-12-10,Payment,Low,16,Resolved,Neutral
S3638,C11466,2025-09-26,Payment,Medium,69,Resolved,Negative
S3639,C11466,2026-08-23,Login,Medium,40,Resolved,Negative
S3640,C11467,2026-06-10,Payment,Low,68,Resolved,Negative
S3641,C11467,2025-11-06,Payment,High,15,Resolved,Neutral
S3642,C11467,2026-08-15,Login,Medium,4,Open,Positive
S3643,C11467,2026-03-30,Login,Low,55,Resolved,Negative
S3644,C11467,2025-10-06,Login,Medium,65,Resolved,Negative
S3645,C11468,2026-03-04,Login,High,32,Resolved,Neutral
S3646,C11468,2026-03-13,Payment,Medium,15,Resolved,Neutral
S3647,C11469,2025-10-12,Login,High,31,Open,Neutral
S3648,C11469,2026-03-07,Login,High,6,Open,Positive
S3649,C11469,2025-10-05,Billing,High,48,Resolved,Negative
S3650,C11470,2026-01-27,Subscription,Low,59,Resolved,Negative
S3651,C11470,2026-04-15,Payment,Medium,63,Resolved,Negative
S3652,C11471,2026-04-17,Payment,Low,43,Resolved,Negative
S3653,C11471,2026-07-24,Payment,Low,41,Resolved,Negative
S3654,C11471,2026-07-20,Subscription,Low,67,Open,Negative
S3655,C11471,2025-12-20,Payment,Low,3,Resolved,Positive
S3656,C11471,2025-12-14,Technical,High,42,Open,Negative
S3657,C11472,2025-12-29,Login,High,68,Resolved,Negative
S3658,C11473,2025-11-10,Technical,Low,17,Open,Neutral
S3659,C11474,2026-05-08,Subscription,Low,13,Resolved,Neutral
S3660,C11475,2026-04-05,Payment,Low,62,Resolved,Negative
S3661,C11475,2025-11-12,Login,Medium,41,Open,Negative
S3662,C11475,2026-04-14,Login,Medium,36,Resolved,Neutral
S3663,C11475,2026-01-25,Technical,High,47,Open,Negative
S3664,C11477,2025-11-21,Technical,Medium,25,Resolved,Neutral
S3665,C11477,2026-08-31,Technical,Medium,8,Resolved,Positive
S3666,C11477,2026-07-19,Payment,Medium,69,Resolved,Negative
S3667,C11478,2025-11-06,Billing,High,53,Resolved,Negative
S3668,C11478,2025-12-14,Billing,Medium,51,Open,Negative
S3669,C11478,2026-03-10,Technical,Low,69,Resolved,Negative
S3670,C11479,2025-09-15,Billing,High,65,Resolved,Negative
S3671,C11479,2026-08-16,Login,High,12,Resolved,Positive
S3672,C11481,2025-09-04,Subscription,Medium,19,Resolved,Neutral
S3673,C11481,2025-12-29,Technical,Medium,53,Resolved,Negative
S3674,C11481,2025-11-04,Subscription,Low,47,Open,Negative
S3675,C11481,2026-04-15,Technical,Low,34,Resolved,Neutral
S3676,C11482,2026-05-22,Login,Medium,33,Resolved,Neutral
S3677,C11484,2026-05-13,Payment,High,49,Resolved,Negative
S3678,C11484,2026-01-22,Technical,Medium,64,Resolved,Negative
S3679,C11484,2026-01-03,Subscription,Medium,21,Open,Neutral
S3680,C11484,2026-08-30,Login,High,33,Resolved,Neutral
S3681,C11486,2026-06-07,Subscription,Medium,60,Open,Negative
S3682,C11487,2026-06-02,Login,High,67,Resolved,Negative
S3683,C11487,2025-12-14,Technical,Medium,47,Resolved,Negative
S3684,C11488,2026-03-01,Login,High,18,Open,Neutral
S3685,C11488,2025-10-14,Billing,High,25,Resolved,Neutral
S3686,C11488,2025-11-03,Technical,Medium,21,Open,Neutral
S3687,C11490,2025-09-19,Billing,Medium,18,Open,Neutral
S3688,C11490,2025-09-14,Billing,High,55,Resolved,Negative
S3689,C11490,2026-02-18,Billing,Medium,43,Resolved,Negative
S3690,C11490,2025-11-29,Billing,Medium,17,Resolved,Neutral
S3691,C11491,2025-10-04,Technical,Medium,8,Resolved,Positive
S3692,C11491,2026-01-26,Payment,Medium,28,Open,Neutral
S3693,C11493,2026-04-03,Login,High,3,Resolved,Positive
S3694,C11493,2025-09-16,Billing,Low,39,Open,Negative
S3695,C11494,2026-03-27,Billing,Low,28,Resolved,Neutral
S3696,C11494,2025-09-16,Payment,High,32,Resolved,Neutral
S3697,C11494,2026-01-25,Login,Low,11,Open,Positive
S3698,C11494,2026-07-04,Subscription,Low,41,Resolved,Negative
S3699,C11495,2026-04-05,Login,Low,11,Open,Positive
S3700,C11496,2025-11-09,Technical,Low,59,Resolved,Negative
S3701,C11497,2025-12-13,Payment,Medium,43,Resolved,Negative
S3702,C11497,2025-10-24,Billing,Low,29,Open,Neutral
S3703,C11497,2025-12-04,Login,Medium,49,Open,Negative
S3704,C11497,2026-04-28,Payment,Medium,14,Resolved,Neutral
S3705,C11498,2026-05-04,Technical,Medium,36,Open,Neutral
S3706,C11498,2026-04-21,Login,Medium,60,Open,Negative
S3707,C11498,2026-03-03,Technical,Medium,57,Resolved,Negative
S3708,C11498,2026-05-05,Technical,High,47,Resolved,Negative
S3709,C11499,2026-02-17,Payment,Medium,4,Resolved,Positive
S3710,C11502,2026-01-30,Payment,Low,19,Open,Neutral
S3711,C11503,2026-05-27,Technical,Low,27,Open,Neutral
S3712,C11504,2026-03-06,Login,High,19,Open,Neutral
S3713,C11506,2026-01-02,Subscription,Medium,27,Open,Neutral
S3714,C11507,2025-11-15,Login,Medium,45,Resolved,Negative
S3715,C11508,2025-10-19,Technical,Low,26,Resolved,Neutral
S3716,C11508,2026-08-31,Technical,High,24,Resolved,Neutral
S3717,C11508,2026-04-30,Billing,High,61,Open,Negative
S3718,C11508,2026-04-08,Login,Medium,46,Open,Negative
S3719,C11508,2026-04-08,Billing,High,3,Resolved,Positive
S3720,C11509,2026-03-27,Login,Low,65,Open,Negative
S3721,C11509,2025-11-25,Subscription,Medium,59,Resolved,Negative
S3722,C11509,2026-04-12,Billing,Low,35,Resolved,Neutral
S3723,C11510,2025-10-09,Payment,Low,69,Open,Negative
S3724,C11510,2026-04-01,Subscription,High,25,Resolved,Neutral
S3725,C11510,2026-03-05,Technical,Low,23,Resolved,Neutral
S3726,C11510,2026-05-30,Subscription,High,47,Open,Negative
S3727,C11510,2026-01-10,Login,Low,45,Open,Negative
S3728,C11511,2026-04-23,Billing,Low,54,Open,Negative
S3729,C11511,2026-04-10,Subscription,High,6,Resolved,Positive
S3730,C11511,2025-09-19,Technical,Low,15,Open,Neutral
S3731,C11512,2026-01-18,Subscription,Medium,53,Open,Negative
S3732,C11512,2026-03-13,Payment,Low,6,Open,Positive
S3733,C11512,2026-03-24,Technical,High,51,Resolved,Negative
S3734,C11512,2025-12-25,Billing,High,2,Resolved,Positive
S3735,C11512,2026-08-31,Payment,High,6,Resolved,Positive
S3736,C11513,2025-10-15,Payment,Low,66,Resolved,Negative
S3737,C11513,2026-04-14,Technical,Low,63,Open,Negative
S3738,C11514,2026-06-22,Login,Medium,56,Resolved,Negative
S3739,C11514,2026-05-09,Payment,High,63,Open,Negative
S3740,C11514,2026-06-21,Technical,Medium,37,Resolved,Negative
S3741,C11514,2026-06-04,Technical,Medium,66,Open,Negative
S3742,C11515,2025-12-29,Payment,High,66,Resolved,Negative
S3743,C11515,2026-03-18,Payment,Low,33,Open,Neutral
S3744,C11515,2025-11-10,Login,Low,30,Open,Neutral
S3745,C11515,2025-12-16,Technical,Medium,30,Open,Neutral
S3746,C11516,2026-02-09,Technical,Medium,5,Resolved,Positive
S3747,C11517,2026-07-17,Subscription,High,23,Open,Neutral
S3748,C11518,2025-12-23,Subscription,High,28,Resolved,Neutral
S3749,C11519,2026-05-23,Login,Medium,70,Open,Negative
S3750,C11519,2026-08-21,Subscription,Medium,19,Resolved,Neutral
S3751,C11519,2026-08-10,Subscription,Medium,69,Resolved,Negative
S3752,C11520,2026-06-26,Technical,High,24,Resolved,Neutral
S3753,C11520,2025-10-14,Payment,Medium,15,Resolved,Neutral
S3754,C11520,2025-09-25,Subscription,High,13,Resolved,Neutral
S3755,C11521,2026-08-02,Subscription,High,47,Resolved,Negative
S3756,C11521,2026-03-24,Billing,High,6,Open,Positive
S3757,C11521,2026-03-21,Billing,Medium,19,Resolved,Neutral
S3758,C11521,2025-09-01,Technical,High,18,Resolved,Neutral
S3759,C11522,2026-07-23,Technical,High,2,Open,Positive
S3760,C11523,2025-11-29,Login,High,49,Resolved,Negative
S3761,C11523,2026-06-08,Technical,Low,25,Open,Neutral
S3762,C11523,2025-12-13,Subscription,Low,47,Open,Negative
S3763,C11523,2026-02-02,Payment,High,41,Open,Negative
S3764,C11523,2026-02-22,Subscription,High,3,Open,Positive
S3765,C11524,2025-09-17,Technical,High,8,Resolved,Positive
S3766,C11525,2026-05-30,Subscription,High,14,Resolved,Neutral
S3767,C11525,2025-09-06,Billing,Low,57,Open,Negative
S3768,C11526,2026-02-11,Billing,Medium,27,Open,Neutral
S3769,C11526,2025-10-11,Login,Low,53,Resolved,Negative
S3770,C11526,2026-06-18,Payment,High,14,Open,Neutral
S3771,C11526,2026-02-11,Login,Low,35,Open,Neutral
S3772,C11526,2026-04-21,Login,High,9,Open,Positive
S3773,C11528,2025-11-22,Subscription,Medium,47,Open,Negative
S3774,C11528,2026-03-28,Billing,Medium,30,Resolved,Neutral
S3775,C11528,2026-07-05,Login,High,18,Open,Neutral
S3776,C11530,2025-12-12,Billing,Medium,16,Open,Neutral
S3777,C11530,2026-03-09,Payment,Medium,27,Resolved,Neutral
S3778,C11530,2025-12-01,Login,High,8,Resolved,Positive
S3779,C11530,2026-03-17,Billing,Medium,10,Resolved,Positive
S3780,C11531,2025-09-28,Payment,Low,28,Open,Neutral
S3781,C11531,2025-09-11,Billing,Low,16,Resolved,Neutral
S3782,C11531,2026-06-22,Payment,High,23,Open,Neutral
S3783,C11531,2026-05-26,Payment,Low,70,Open,Negative
S3784,C11531,2026-01-31,Login,Medium,46,Open,Negative
S3785,C11532,2025-12-04,Payment,Low,25,Resolved,Neutral
S3786,C11532,2026-03-12,Billing,Low,68,Resolved,Negative
S3787,C11532,2026-07-26,Technical,Low,7,Open,Positive
S3788,C11532,2025-09-01,Technical,Low,33,Resolved,Neutral
S3789,C11533,2026-08-27,Subscription,Low,24,Resolved,Neutral
S3790,C11534,2026-05-23,Technical,Low,17,Resolved,Neutral
S3791,C11534,2026-02-17,Login,High,48,Resolved,Negative
S3792,C11534,2025-11-04,Login,Low,27,Resolved,Neutral
S3793,C11535,2025-09-27,Technical,Low,34,Open,Neutral
S3794,C11535,2026-04-06,Technical,High,10,Open,Positive
S3795,C11536,2026-01-22,Payment,High,32,Resolved,Neutral
S3796,C11537,2025-09-14,Billing,Medium,5,Open,Positive
S3797,C11537,2026-04-05,Technical,Low,3,Open,Positive
S3798,C11537,2025-10-19,Billing,Low,34,Open,Neutral
S3799,C11537,2025-10-23,Subscription,Low,44,Open,Negative
S3800,C11537,2026-01-30,Login,Medium,4,Resolved,Positive
S3801,C11538,2025-09-25,Login,Low,35,Resolved,Neutral
S3802,C11538,2026-02-02,Technical,Medium,47,Open,Negative
S3803,C11538,2025-12-05,Subscription,Low,61,Resolved,Negative
S3804,C11538,2025-12-28,Login,Medium,44,Open,Negative
S3805,C11538,2025-09-17,Technical,High,58,Resolved,Negative
S3806,C11540,2026-01-11,Technical,Medium,42,Open,Negative
S3807,C11541,2025-12-18,Technical,Medium,15,Resolved,Neutral
S3808,C11541,2026-01-29,Payment,High,36,Resolved,Neutral
S3809,C11541,2025-12-19,Subscription,High,58,Resolved,Negative
S3810,C11541,2026-04-25,Subscription,Medium,24,Open,Neutral
S3811,C11542,2026-03-16,Login,Low,58,Open,Negative
S3812,C11542,2026-01-04,Payment,Low,61,Resolved,Negative
S3813,C11542,2026-04-26,Billing,Medium,1,Open,Positive
S3814,C11542,2025-09-07,Login,High,38,Open,Negative
S3815,C11542,2026-06-20,Billing,High,67,Resolved,Negative
S3816,C11543,2025-10-13,Subscription,Low,46,Resolved,Negative
S3817,C11543,2026-03-03,Subscription,High,22,Resolved,Neutral
S3818,C11543,2026-01-12,Billing,Low,53,Resolved,Negative
S3819,C11543,2025-11-05,Billing,Medium,62,Resolved,Negative
S3820,C11544,2026-07-15,Login,High,56,Resolved,Negative
S3821,C11544,2025-12-29,Billing,High,5,Resolved,Positive
S3822,C11544,2025-09-23,Subscription,Medium,60,Resolved,Negative
S3823,C11544,2026-05-29,Login,Low,43,Resolved,Negative
S3824,C11544,2025-09-03,Billing,High,42,Open,Negative
S3825,C11545,2025-09-28,Billing,Low,48,Resolved,Negative
S3826,C11545,2026-02-23,Billing,High,61,Resolved,Negative
S3827,C11545,2026-01-20,Subscription,Low,30,Resolved,Neutral
S3828,C11545,2026-01-18,Technical,Low,18,Resolved,Neutral
S3829,C11545,2025-09-09,Login,Medium,33,Resolved,Neutral
S3830,C11546,2025-12-22,Login,Low,57,Resolved,Negative
S3831,C11546,2026-04-17,Login,Medium,28,Resolved,Neutral
S3832,C11546,2026-05-16,Login,Medium,31,Open,Neutral
S3833,C11546,2025-12-01,Subscription,Medium,69,Resolved,Negative
S3834,C11546,2026-01-04,Billing,High,34,Open,Neutral
S3835,C11547,2026-02-21,Payment,Medium,1,Resolved,Positive
S3836,C11547,2026-03-31,Technical,Low,36,Open,Neutral
S3837,C11547,2025-10-14,Login,Medium,58,Resolved,Negative
S3838,C11548,2025-12-21,Technical,Low,24,Resolved,Neutral
S3839,C11548,2025-10-06,Payment,Medium,3,Resolved,Positive
S3840,C11548,2025-10-28,Billing,Low,42,Resolved,Negative
S3841,C11548,2026-03-02,Payment,Medium,65,Resolved,Negative
S3842,C11548,2026-08-31,Payment,Low,2,Resolved,Positive
S3843,C11550,2026-03-07,Billing,High,54,Resolved,Negative
S3844,C11550,2025-09-09,Login,High,22,Resolved,Neutral
S3845,C11550,2025-09-29,Technical,High,4,Open,Positive
S3846,C11551,2026-07-22,Technical,High,10,Open,Positive
S3847,C11551,2026-07-05,Payment,High,38,Resolved,Negative
S3848,C11551,2026-06-11,Subscription,Medium,35,Resolved,Neutral
S3849,C11551,2026-01-18,Billing,High,6,Resolved,Positive
S3850,C11551,2025-12-02,Technical,High,57,Resolved,Negative
S3851,C11553,2025-11-14,Payment,Low,34,Resolved,Neutral
S3852,C11553,2026-08-07,Payment,Low,3,Resolved,Positive
S3853,C11553,2026-03-21,Technical,Medium,50,Open,Negative
S3854,C11554,2026-03-11,Login,Low,26,Open,Neutral
S3855,C11554,2026-04-20,Technical,Low,57,Open,Negative
S3856,C11554,2026-08-25,Technical,Low,58,Resolved,Negative
S3857,C11555,2025-10-22,Login,Low,59,Open,Negative
S3858,C11555,2026-05-15,Payment,Medium,8,Resolved,Positive
S3859,C11555,2026-03-28,Billing,Medium,52,Resolved,Negative
S3860,C11555,2025-12-01,Login,Medium,72,Resolved,Negative
S3861,C11556,2026-07-23,Billing,Low,15,Resolved,Neutral
S3862,C11557,2026-04-15,Payment,High,19,Resolved,Neutral
S3863,C11558,2025-11-04,Payment,High,55,Open,Negative
S3864,C11558,2026-04-18,Subscription,Medium,25,Resolved,Neutral
S3865,C11558,2025-10-18,Billing,Medium,35,Resolved,Neutral
S3866,C11558,2026-08-18,Login,High,53,Resolved,Negative
S3867,C11558,2025-10-29,Login,Medium,72,Resolved,Negative
S3868,C11559,2026-07-16,Payment,High,56,Resolved,Negative
S3869,C11559,2025-12-02,Payment,Medium,14,Resolved,Neutral
S3870,C11559,2026-03-14,Subscription,High,26,Resolved,Neutral
S3871,C11559,2026-05-19,Subscription,Medium,28,Resolved,Neutral
S3872,C11559,2025-10-18,Payment,Medium,19,Resolved,Neutral
S3873,C11560,2026-06-11,Technical,Low,9,Resolved,Positive
S3874,C11560,2026-08-15,Login,Low,8,Resolved,Positive
S3875,C11560,2025-10-01,Technical,Low,65,Resolved,Negative
S3876,C11560,2026-05-12,Payment,Low,52,Open,Negative
S3877,C11560,2026-04-02,Subscription,Medium,70,Resolved,Negative
S3878,C11561,2026-03-09,Subscription,Medium,13,Open,Neutral
S3879,C11561,2025-12-16,Technical,High,62,Resolved,Negative
S3880,C11561,2026-08-11,Subscription,High,27,Resolved,Neutral
S3881,C11561,2026-05-11,Technical,High,42,Resolved,Negative
S3882,C11561,2026-07-06,Technical,Low,58,Resolved,Negative
S3883,C11562,2025-09-17,Payment,High,50,Resolved,Negative
S3884,C11562,2025-09-21,Payment,Medium,32,Open,Neutral
S3885,C11563,2026-06-30,Login,Medium,8,Resolved,Positive
S3886,C11563,2026-03-11,Payment,Medium,1,Open,Positive
S3887,C11563,2025-12-06,Payment,Low,64,Resolved,Negative
S3888,C11565,2025-11-25,Billing,Medium,31,Open,Neutral
S3889,C11566,2026-06-19,Technical,Medium,65,Resolved,Negative
S3890,C11566,2025-10-25,Login,Low,62,Open,Negative
S3891,C11566,2026-01-28,Subscription,Medium,34,Resolved,Neutral
S3892,C11566,2025-11-02,Technical,Medium,45,Resolved,Negative
S3893,C11566,2026-03-27,Billing,High,7,Open,Positive
S3894,C11567,2026-08-16,Payment,High,32,Open,Neutral
S3895,C11567,2026-06-09,Billing,Low,36,Resolved,Neutral
S3896,C11567,2026-05-02,Login,Low,44,Resolved,Negative
S3897,C11568,2025-12-07,Login,Medium,9,Open,Positive
S3898,C11568,2025-11-21,Technical,Medium,10,Open,Positive
S3899,C11568,2025-11-03,Payment,High,44,Resolved,Negative
S3900,C11568,2025-11-25,Subscription,Medium,17,Resolved,Neutral
S3901,C11570,2026-05-14,Billing,Medium,15,Resolved,Neutral
S3902,C11570,2026-03-07,Technical,Low,26,Resolved,Neutral
S3903,C11570,2026-01-27,Billing,Medium,31,Open,Neutral
S3904,C11570,2025-09-16,Login,Low,50,Open,Negative
S3905,C11570,2026-06-09,Subscription,Low,46,Resolved,Negative
S3906,C11571,2026-05-03,Subscription,Low,42,Resolved,Negative
S3907,C11571,2026-07-27,Billing,Low,27,Open,Neutral
S3908,C11571,2025-11-21,Payment,High,41,Resolved,Negative
S3909,C11571,2026-01-02,Billing,Medium,32,Open,Neutral
S3910,C11572,2026-01-24,Subscription,Low,64,Open,Negative
S3911,C11572,2026-03-03,Technical,High,21,Resolved,Neutral
S3912,C11573,2025-10-23,Login,Low,43,Resolved,Negative
S3913,C11573,2026-04-18,Technical,Medium,48,Open,Negative
S3914,C11573,2025-12-17,Billing,Medium,40,Resolved,Negative
S3915,C11575,2025-12-15,Billing,High,23,Open,Neutral
S3916,C11575,2026-08-17,Technical,Medium,67,Resolved,Negative
S3917,C11575,2025-10-26,Billing,High,66,Open,Negative
S3918,C11575,2025-12-19,Subscription,Medium,44,Open,Negative
S3919,C11576,2026-07-15,Technical,High,1,Resolved,Positive
S3920,C11576,2026-03-05,Subscription,Medium,50,Resolved,Negative
S3921,C11576,2025-11-05,Subscription,Medium,43,Resolved,Negative
S3922,C11577,2026-07-30,Payment,High,40,Open,Negative
S3923,C11577,2025-10-23,Payment,High,15,Resolved,Neutral
S3924,C11578,2025-10-31,Technical,High,42,Resolved,Negative
S3925,C11578,2026-08-16,Billing,Low,11,Open,Positive
S3926,C11578,2026-02-11,Login,Low,7,Resolved,Positive
S3927,C11579,2025-12-20,Subscription,Low,63,Resolved,Negative
S3928,C11579,2026-08-28,Payment,Low,1,Open,Positive
S3929,C11580,2026-03-04,Payment,High,68,Open,Negative
S3930,C11580,2025-10-27,Payment,Low,38,Resolved,Negative
S3931,C11581,2026-03-13,Billing,Low,4,Resolved,Positive
S3932,C11581,2026-08-01,Login,Medium,52,Resolved,Negative
S3933,C11581,2025-12-05,Login,High,9,Open,Positive
S3934,C11581,2026-05-07,Technical,Low,56,Resolved,Negative
S3935,C11582,2025-12-04,Subscription,Low,59,Resolved,Negative
S3936,C11582,2025-11-24,Billing,Low,37,Open,Negative
S3937,C11584,2025-12-27,Payment,High,67,Resolved,Negative
S3938,C11586,2026-06-16,Payment,Medium,43,Resolved,Negative
S3939,C11587,2025-11-30,Billing,Low,8,Open,Positive
S3940,C11587,2025-10-31,Login,High,63,Open,Negative
S3941,C11587,2026-05-03,Technical,Medium,33,Open,Neutral
S3942,C11587,2026-01-25,Payment,Medium,57,Open,Negative
S3943,C11587,2025-09-17,Technical,Medium,33,Open,Neutral
S3944,C11588,2026-06-27,Subscription,Low,23,Resolved,Neutral
S3945,C11588,2026-08-10,Login,Low,52,Open,Negative
S3946,C11588,2026-08-24,Technical,Low,65,Open,Negative
S3947,C11591,2026-05-24,Login,High,38,Resolved,Negative
S3948,C11591,2026-05-19,Payment,High,55,Resolved,Negative
S3949,C11592,2025-11-23,Subscription,High,17,Resolved,Neutral
S3950,C11592,2025-11-08,Payment,Medium,57,Open,Negative
S3951,C11592,2025-10-22,Billing,High,61,Resolved,Negative
S3952,C11592,2025-10-28,Subscription,Low,25,Resolved,Neutral
S3953,C11593,2026-05-13,Billing,High,36,Open,Neutral
S3954,C11593,2026-02-20,Login,Low,34,Open,Neutral
S3955,C11593,2026-01-06,Billing,Low,10,Resolved,Positive
S3956,C11593,2026-01-23,Payment,High,70,Resolved,Negative
S3957,C11595,2025-10-08,Payment,High,63,Resolved,Negative
S3958,C11595,2026-03-12,Payment,Low,24,Resolved,Neutral
S3959,C11595,2026-05-10,Payment,Medium,13,Resolved,Neutral
S3960,C11595,2026-08-11,Login,Low,61,Open,Negative
S3961,C11595,2026-08-24,Technical,Medium,14,Resolved,Neutral
S3962,C11596,2026-08-28,Payment,Medium,34,Open,Neutral
S3963,C11596,2026-01-15,Login,High,35,Open,Neutral
S3964,C11596,2026-03-23,Technical,Low,3,Open,Positive
S3965,C11596,2025-11-22,Billing,Low,30,Open,Neutral
S3966,C11596,2025-12-27,Technical,Low,46,Resolved,Negative
S3967,C11599,2026-05-22,Payment,Medium,23,Resolved,Neutral
S3968,C11599,2025-12-14,Payment,Low,11,Resolved,Positive
S3969,C11599,2026-05-18,Billing,High,42,Resolved,Negative
S3970,C11599,2026-08-18,Login,High,5,Resolved,Positive
S3971,C11599,2025-09-27,Technical,Medium,18,Resolved,Neutral
S3972,C11600,2026-07-15,Subscription,Medium,8,Resolved,Positive
S3973,C11601,2026-02-24,Billing,Low,63,Resolved,Negative
S3974,C11602,2025-11-24,Billing,High,61,Resolved,Negative
S3975,C11603,2025-09-09,Billing,Medium,54,Resolved,Negative
S3976,C11603,2026-04-30,Payment,Medium,43,Resolved,Negative
S3977,C11603,2026-07-12,Subscription,Medium,69,Resolved,Negative
S3978,C11604,2026-07-09,Login,Low,17,Resolved,Neutral
S3979,C11604,2026-03-15,Billing,High,31,Resolved,Neutral
S3980,C11604,2026-07-08,Payment,Medium,52,Open,Negative
S3981,C11605,2026-08-05,Billing,Medium,1,Resolved,Positive
S3982,C11607,2026-05-28,Technical,Medium,34,Resolved,Neutral
S3983,C11608,2025-10-02,Technical,Low,11,Resolved,Positive
S3984,C11609,2026-06-10,Technical,High,51,Open,Negative
S3985,C11609,2026-07-04,Billing,High,72,Resolved,Negative
S3986,C11609,2026-03-19,Billing,Medium,41,Open,Negative
S3987,C11610,2026-06-18,Subscription,High,14,Resolved,Neutral
S3988,C11610,2025-10-02,Login,Medium,56,Open,Negative
S3989,C11610,2026-06-05,Billing,Medium,54,Open,Negative
S3990,C11610,2026-06-15,Billing,Medium,38,Resolved,Negative
S3991,C11610,2026-04-11,Payment,Low,12,Resolved,Positive
S3992,C11611,2026-06-02,Login,Low,69,Open,Negative
S3993,C11611,2026-08-29,Subscription,Medium,46,Resolved,Negative
S3994,C11612,2025-10-25,Billing,Low,63,Resolved,Negative
S3995,C11612,2025-12-21,Technical,Medium,43,Open,Negative
S3996,C11612,2026-06-11,Billing,Low,60,Open,Negative
S3997,C11612,2026-08-19,Billing,Low,47,Open,Negative
S3998,C11613,2026-08-01,Subscription,High,37,Open,Negative
S3999,C11613,2026-05-14,Technical,High,11,Resolved,Positive
S4000,C11613,2025-10-25,Billing,High,26,Resolved,Neutral
S4001,C11613,2025-12-17,Login,Medium,47,Open,Negative
S4002,C11614,2025-10-12,Payment,Low,40,Resolved,Negative
S4003,C11614,2026-07-12,Subscription,Low,22,Open,Neutral
S4004,C11614,2026-07-26,Login,Medium,9,Resolved,Positive
S4005,C11614,2025-11-05,Billing,Medium,39,Open,Negative
S4006,C11615,2026-04-20,Subscription,Low,20,Open,Neutral
S4007,C11615,2026-02-16,Subscription,Medium,47,Open,Negative
S4008,C11615,2025-11-26,Billing,High,26,Open,Neutral
S4009,C11616,2026-01-16,Billing,High,24,Resolved,Neutral
S4010,C11616,2026-07-11,Billing,Low,55,Resolved,Negative
S4011,C11617,2026-04-21,Subscription,Low,62,Open,Negative
S4012,C11617,2026-03-10,Payment,Medium,67,Resolved,Negative
S4013,C11617,2026-01-21,Login,Low,37,Open,Negative
S4014,C11617,2025-11-01,Billing,Low,44,Resolved,Negative
S4015,C11618,2025-10-23,Billing,Low,44,Open,Negative
S4016,C11619,2026-03-18,Technical,Low,70,Resolved,Negative
S4017,C11619,2026-05-28,Login,High,50,Resolved,Negative
S4018,C11619,2026-03-16,Billing,Low,48,Resolved,Negative
S4019,C11619,2025-11-27,Payment,Medium,18,Resolved,Neutral
S4020,C11620,2025-10-27,Subscription,Medium,44,Resolved,Negative
S4021,C11621,2025-09-12,Billing,Low,1,Open,Positive
S4022,C11621,2026-06-22,Payment,Medium,70,Resolved,Negative
S4023,C11621,2026-04-28,Payment,Low,56,Resolved,Negative
S4024,C11621,2025-11-24,Login,High,28,Resolved,Neutral
S4025,C11621,2026-04-16,Technical,Low,59,Open,Negative
S4026,C11622,2026-03-09,Payment,Medium,4,Resolved,Positive
S4027,C11623,2026-06-25,Billing,High,48,Open,Negative
S4028,C11623,2025-12-10,Billing,Medium,1,Resolved,Positive
S4029,C11623,2026-04-27,Billing,Low,15,Open,Neutral
S4030,C11623,2026-03-31,Billing,Low,30,Resolved,Neutral
S4031,C11624,2025-09-14,Technical,High,47,Resolved,Negative
S4032,C11625,2026-07-14,Billing,Medium,39,Resolved,Negative
S4033,C11625,2025-09-10,Payment,Low,72,Open,Negative
S4034,C11625,2026-07-15,Billing,Medium,1,Resolved,Positive
S4035,C11625,2026-07-03,Technical,High,52,Resolved,Negative
S4036,C11625,2026-04-23,Billing,Low,39,Resolved,Negative
S4037,C11626,2025-11-07,Payment,High,29,Open,Neutral
S4038,C11626,2026-04-25,Subscription,Medium,19,Open,Neutral
S4039,C11627,2025-11-28,Technical,High,37,Resolved,Negative
S4040,C11627,2026-02-05,Technical,Medium,70,Resolved,Negative
S4041,C11627,2026-02-18,Billing,Medium,54,Resolved,Negative
S4042,C11627,2026-02-17,Technical,Medium,18,Open,Neutral
S4043,C11630,2026-03-26,Technical,Low,17,Open,Neutral
S4044,C11631,2026-01-20,Login,High,11,Open,Positive
S4045,C11632,2026-07-19,Payment,Medium,28,Resolved,Neutral
S4046,C11632,2025-10-02,Technical,Medium,14,Resolved,Neutral
S4047,C11632,2025-12-16,Technical,Low,37,Resolved,Negative
S4048,C11633,2026-08-30,Payment,Medium,28,Resolved,Neutral
S4049,C11633,2026-01-13,Subscription,Medium,40,Resolved,Negative
S4050,C11633,2026-01-11,Login,Medium,62,Open,Negative
S4051,C11633,2025-12-13,Payment,Medium,72,Resolved,Negative
S4052,C11633,2026-06-26,Subscription,Medium,33,Resolved,Neutral
S4053,C11634,2026-06-12,Billing,Low,28,Open,Neutral
S4054,C11634,2026-04-18,Technical,Medium,57,Resolved,Negative
S4055,C11634,2025-12-30,Subscription,High,67,Open,Negative
S4056,C11634,2025-12-19,Payment,Medium,4,Resolved,Positive
S4057,C11635,2025-12-15,Technical,Low,18,Open,Neutral
S4058,C11636,2026-06-11,Subscription,High,30,Resolved,Neutral
S4059,C11636,2025-12-27,Subscription,Medium,15,Resolved,Neutral
S4060,C11637,2025-10-24,Subscription,Low,56,Open,Negative
S4061,C11640,2026-07-01,Billing,High,9,Open,Positive
S4062,C11640,2026-04-21,Login,Low,35,Resolved,Neutral
S4063,C11640,2026-08-17,Technical,Low,39,Resolved,Negative
S4064,C11640,2026-05-08,Technical,Low,44,Open,Negative
S4065,C11640,2026-02-26,Login,High,38,Open,Negative
S4066,C11642,2026-08-23,Login,Low,34,Resolved,Neutral
S4067,C11642,2025-11-25,Billing,Low,17,Resolved,Neutral
S4068,C11642,2026-03-09,Technical,High,55,Resolved,Negative
S4069,C11643,2025-10-27,Subscription,Medium,21,Resolved,Neutral
S4070,C11643,2026-02-13,Technical,High,45,Resolved,Negative
S4071,C11643,2026-04-06,Billing,Medium,40,Open,Negative
S4072,C11643,2025-11-12,Technical,Medium,24,Resolved,Neutral
S4073,C11644,2025-11-02,Login,Low,31,Open,Neutral
S4074,C11644,2026-07-04,Technical,High,25,Open,Neutral
S4075,C11644,2025-11-28,Login,High,48,Open,Negative
S4076,C11644,2025-11-18,Subscription,Low,20,Open,Neutral
S4077,C11644,2026-07-08,Subscription,High,37,Resolved,Negative
S4078,C11645,2025-12-07,Payment,Medium,16,Resolved,Neutral
S4079,C11646,2026-03-25,Subscription,High,17,Resolved,Neutral
S4080,C11646,2025-11-21,Login,High,10,Resolved,Positive
S4081,C11646,2025-11-17,Billing,High,52,Resolved,Negative
S4082,C11646,2026-03-07,Subscription,Medium,49,Open,Negative
S4083,C11647,2026-05-19,Login,Low,15,Resolved,Neutral
S4084,C11647,2026-01-15,Technical,Low,16,Resolved,Neutral
S4085,C11647,2026-01-22,Subscription,Medium,55,Resolved,Negative
S4086,C11647,2026-05-25,Billing,High,55,Resolved,Negative
S4087,C11647,2026-02-20,Technical,Medium,17,Resolved,Neutral
S4088,C11649,2026-05-05,Technical,High,49,Open,Negative
S4089,C11649,2026-05-03,Login,High,10,Resolved,Positive
S4090,C11651,2026-07-26,Billing,Medium,37,Resolved,Negative
S4091,C11651,2026-07-16,Payment,Low,2,Resolved,Positive
S4092,C11651,2026-08-02,Subscription,Low,61,Open,Negative
S4093,C11651,2025-11-24,Billing,Low,32,Open,Neutral
S4094,C11652,2026-03-10,Technical,Low,25,Open,Neutral
S4095,C11652,2026-03-29,Payment,Low,44,Resolved,Negative
S4096,C11652,2026-01-10,Login,Medium,29,Resolved,Neutral
S4097,C11652,2025-10-05,Subscription,Medium,68,Resolved,Negative
S4098,C11653,2025-11-29,Subscription,High,30,Open,Neutral
S4099,C11653,2026-04-18,Subscription,Low,47,Resolved,Negative
S4100,C11653,2025-11-15,Billing,High,59,Resolved,Negative
S4101,C11653,2026-08-15,Subscription,High,50,Open,Negative
S4102,C11654,2025-09-29,Payment,Low,69,Resolved,Negative
S4103,C11655,2025-10-11,Billing,Low,71,Resolved,Negative
S4104,C11655,2026-08-01,Payment,Low,52,Open,Negative
S4105,C11655,2026-08-18,Billing,Low,21,Resolved,Neutral
S4106,C11655,2026-01-29,Billing,Low,48,Open,Negative
S4107,C11656,2026-01-06,Login,Low,54,Resolved,Negative
S4108,C11656,2025-11-22,Billing,Low,71,Resolved,Negative
S4109,C11656,2025-10-14,Billing,Medium,25,Resolved,Neutral
S4110,C11656,2025-10-26,Billing,Low,18,Resolved,Neutral
S4111,C11656,2026-07-30,Subscription,Medium,40,Open,Negative
S4112,C11657,2026-08-22,Subscription,High,29,Resolved,Neutral
S4113,C11657,2026-02-10,Login,Medium,20,Resolved,Neutral
S4114,C11657,2025-12-06,Subscription,Medium,63,Resolved,Negative
S4115,C11658,2026-01-12,Technical,Medium,13,Resolved,Neutral
S4116,C11659,2026-08-30,Billing,High,52,Resolved,Negative
S4117,C11659,2026-01-26,Payment,High,30,Resolved,Neutral
S4118,C11659,2026-05-27,Billing,Low,42,Open,Negative
S4119,C11659,2026-06-15,Subscription,Low,40,Resolved,Negative
S4120,C11660,2026-04-26,Subscription,Medium,29,Resolved,Neutral
S4121,C11660,2026-01-24,Billing,Low,72,Resolved,Negative
S4122,C11660,2026-02-19,Subscription,High,70,Open,Negative
S4123,C11661,2026-08-19,Technical,High,70,Open,Negative
S4124,C11661,2026-01-14,Payment,High,46,Open,Negative
S4125,C11662,2026-07-22,Login,Medium,8,Open,Positive
S4126,C11662,2026-02-19,Technical,Medium,25,Open,Neutral
S4127,C11662,2025-09-13,Login,Low,27,Resolved,Neutral
S4128,C11662,2026-01-15,Login,Medium,41,Resolved,Negative
S4129,C11663,2026-03-04,Payment,Medium,45,Resolved,Negative
S4130,C11663,2025-10-11,Payment,Medium,24,Resolved,Neutral
S4131,C11663,2026-07-15,Subscription,Medium,24,Open,Neutral
S4132,C11663,2026-08-02,Login,Low,56,Resolved,Negative
S4133,C11664,2026-03-04,Login,Low,49,Resolved,Negative
S4134,C11664,2025-10-06,Payment,High,61,Open,Negative
S4135,C11664,2026-01-18,Login,Medium,52,Resolved,Negative
S4136,C11666,2026-04-29,Billing,Low,49,Resolved,Negative
S4137,C11666,2026-05-08,Billing,Medium,6,Open,Positive
S4138,C11667,2025-10-03,Subscription,Medium,32,Resolved,Neutral
S4139,C11668,2026-05-11,Billing,Medium,6,Resolved,Positive
S4140,C11668,2026-03-28,Technical,Low,70,Resolved,Negative
S4141,C11669,2025-11-25,Billing,Medium,13,Resolved,Neutral
S4142,C11669,2026-08-18,Login,Medium,24,Resolved,Neutral
S4143,C11669,2025-11-28,Technical,Low,60,Resolved,Negative
S4144,C11669,2026-07-03,Login,High,67,Resolved,Negative
S4145,C11669,2026-08-16,Payment,Low,8,Open,Positive
S4146,C11670,2025-11-26,Technical,Medium,65,Resolved,Negative
S4147,C11670,2025-11-29,Technical,High,13,Resolved,Neutral
S4148,C11670,2026-01-20,Billing,Medium,8,Resolved,Positive
S4149,C11670,2026-01-31,Subscription,High,52,Resolved,Negative
S4150,C11672,2025-11-03,Billing,High,19,Resolved,Neutral
S4151,C11672,2026-06-26,Billing,Medium,1,Resolved,Positive
S4152,C11672,2026-05-03,Subscription,Medium,44,Open,Negative
S4153,C11672,2026-05-11,Billing,Medium,4,Open,Positive
S4154,C11673,2026-07-06,Billing,Medium,62,Resolved,Negative
S4155,C11673,2026-01-22,Login,Low,24,Open,Neutral
S4156,C11673,2026-01-08,Login,Medium,2,Resolved,Positive
S4157,C11674,2025-09-06,Login,Low,22,Resolved,Neutral
S4158,C11674,2025-10-17,Billing,Low,60,Resolved,Negative
S4159,C11675,2025-11-18,Billing,High,19,Open,Neutral
S4160,C11675,2026-01-08,Technical,High,19,Open,Neutral
S4161,C11675,2026-06-23,Login,Low,67,Resolved,Negative
S4162,C11675,2026-04-02,Subscription,Medium,7,Open,Positive
S4163,C11675,2025-12-27,Technical,Medium,16,Open,Neutral
S4164,C11677,2025-10-13,Subscription,Medium,29,Resolved,Neutral
S4165,C11677,2026-06-22,Payment,Low,71,Resolved,Negative
S4166,C11677,2026-06-27,Billing,Medium,31,Resolved,Neutral
S4167,C11677,2025-09-21,Subscription,Low,63,Open,Negative
S4168,C11677,2026-06-01,Subscription,Low,50,Open,Negative
S4169,C11678,2026-06-10,Subscription,Low,27,Resolved,Neutral
S4170,C11679,2025-12-03,Billing,High,52,Resolved,Negative
S4171,C11680,2026-06-10,Payment,Medium,47,Resolved,Negative
S4172,C11680,2025-12-10,Login,Medium,71,Resolved,Negative
S4173,C11680,2025-10-02,Technical,Low,56,Open,Negative
S4174,C11683,2025-09-30,Billing,High,41,Resolved,Negative
S4175,C11683,2026-08-13,Subscription,High,12,Resolved,Positive
S4176,C11684,2025-11-29,Technical,High,6,Resolved,Positive
S4177,C11685,2026-02-18,Billing,High,51,Open,Negative
S4178,C11685,2025-11-13,Subscription,Low,7,Open,Positive
S4179,C11685,2026-07-16,Technical,High,49,Open,Negative
S4180,C11685,2026-05-15,Billing,Low,43,Resolved,Negative
S4181,C11686,2025-10-23,Login,Medium,51,Open,Negative
S4182,C11687,2025-09-09,Billing,Low,8,Resolved,Positive
S4183,C11688,2026-08-29,Payment,High,54,Open,Negative
S4184,C11688,2026-05-15,Technical,Low,42,Resolved,Negative
S4185,C11688,2026-05-04,Technical,High,7,Resolved,Positive
S4186,C11689,2026-05-12,Payment,Low,66,Open,Negative
S4187,C11689,2025-10-19,Billing,Medium,22,Resolved,Neutral
S4188,C11689,2025-10-21,Technical,Medium,66,Resolved,Negative
S4189,C11690,2025-09-12,Subscription,Low,4,Open,Positive
S4190,C11690,2025-10-02,Subscription,Low,17,Resolved,Neutral
S4191,C11692,2026-02-23,Login,Medium,7,Open,Positive
S4192,C11692,2025-11-27,Payment,Medium,46,Open,Negative
S4193,C11692,2026-07-15,Subscription,Low,18,Resolved,Neutral
S4194,C11692,2026-03-28,Subscription,High,64,Resolved,Negative
S4195,C11693,2025-11-06,Technical,Medium,3,Open,Positive
S4196,C11694,2026-07-27,Payment,High,64,Open,Negative
S4197,C11694,2025-10-18,Technical,High,70,Open,Negative
S4198,C11694,2026-05-02,Technical,Medium,4,Resolved,Positive
S4199,C11694,2026-02-14,Billing,Medium,47,Open,Negative
S4200,C11694,2026-06-27,Subscription,Medium,38,Resolved,Negative
S4201,C11695,2025-09-15,Payment,Low,20,Open,Neutral
S4202,C11695,2026-07-07,Payment,High,31,Open,Neutral
S4203,C11695,2026-02-01,Technical,Low,21,Resolved,Neutral
S4204,C11695,2026-03-28,Payment,High,69,Resolved,Negative
S4205,C11695,2026-01-30,Billing,Medium,33,Resolved,Neutral
S4206,C11696,2026-05-02,Payment,Low,40,Resolved,Negative
S4207,C11696,2026-08-04,Technical,Medium,57,Resolved,Negative
S4208,C11697,2026-04-04,Technical,Low,51,Resolved,Negative
S4209,C11697,2026-05-28,Login,Medium,59,Resolved,Negative
S4210,C11697,2026-06-16,Billing,Medium,61,Open,Negative
S4211,C11699,2026-05-07,Technical,Medium,38,Resolved,Negative
S4212,C11700,2026-02-07,Billing,Medium,58,Open,Negative
S4213,C11700,2026-02-10,Login,High,55,Open,Negative
S4214,C11700,2025-11-28,Billing,High,59,Resolved,Negative
S4215,C11700,2025-08-31,Subscription,Low,7,Resolved,Positive
S4216,C11700,2026-06-18,Subscription,Low,65,Resolved,Negative
S4217,C11701,2026-03-05,Login,Low,26,Resolved,Neutral
S4218,C11701,2025-09-06,Technical,Medium,55,Resolved,Negative
S4219,C11701,2026-04-30,Billing,Low,68,Open,Negative
S4220,C11702,2026-04-29,Technical,Low,27,Open,Neutral
S4221,C11702,2026-02-07,Billing,Low,57,Open,Negative
S4222,C11702,2026-07-10,Payment,Low,66,Open,Negative
S4223,C11703,2025-12-19,Technical,Low,18,Resolved,Neutral
S4224,C11704,2026-03-30,Payment,Low,70,Resolved,Negative
S4225,C11704,2026-03-28,Subscription,Medium,30,Resolved,Neutral
S4226,C11704,2026-02-05,Technical,Low,11,Resolved,Positive
S4227,C11704,2026-07-08,Technical,High,2,Resolved,Positive
S4228,C11706,2025-11-27,Login,Low,13,Resolved,Neutral
S4229,C11706,2026-08-24,Subscription,High,60,Open,Negative
S4230,C11706,2026-04-19,Technical,High,48,Open,Negative
S4231,C11707,2026-06-17,Technical,Low,14,Open,Neutral
S4232,C11707,2026-04-25,Payment,High,22,Resolved,Neutral
S4233,C11709,2026-03-16,Subscription,Low,36,Open,Neutral
S4234,C11709,2026-07-29,Technical,High,3,Open,Positive
S4235,C11709,2026-02-22,Subscription,High,42,Resolved,Negative
S4236,C11709,2025-12-30,Payment,High,1,Resolved,Positive
S4237,C11710,2026-02-13,Billing,Medium,71,Resolved,Negative
S4238,C11710,2026-04-05,Login,Low,27,Open,Neutral
S4239,C11710,2025-10-08,Billing,Low,26,Open,Neutral
S4240,C11710,2026-04-11,Payment,Low,53,Resolved,Negative
S4241,C11710,2025-11-04,Billing,Low,70,Resolved,Negative
S4242,C11711,2026-04-30,Technical,Medium,42,Resolved,Negative
S4243,C11711,2026-04-09,Technical,Medium,16,Open,Neutral
S4244,C11711,2026-06-22,Subscription,Medium,53,Resolved,Negative
S4245,C11713,2026-01-06,Login,High,60,Open,Negative
S4246,C11713,2026-04-10,Payment,High,53,Resolved,Negative
S4247,C11714,2026-06-30,Billing,High,18,Resolved,Neutral
S4248,C11714,2025-10-01,Subscription,High,35,Open,Neutral
S4249,C11714,2025-10-03,Subscription,High,24,Open,Neutral
S4250,C11714,2025-09-06,Login,Low,30,Resolved,Neutral
S4251,C11714,2025-10-19,Login,High,51,Resolved,Negative
S4252,C11715,2026-04-28,Payment,High,29,Resolved,Neutral
S4253,C11715,2026-08-29,Payment,High,2,Open,Positive
S4254,C11715,2026-03-23,Subscription,Low,3,Resolved,Positive
S4255,C11715,2025-12-27,Technical,Low,50,Resolved,Negative
S4256,C11715,2026-04-13,Payment,High,45,Open,Negative
S4257,C11716,2026-05-10,Billing,High,8,Resolved,Positive
S4258,C11716,2025-11-19,Payment,Low,52,Open,Negative
S4259,C11717,2026-03-23,Subscription,Low,62,Resolved,Negative
S4260,C11717,2026-07-31,Technical,High,3,Resolved,Positive
S4261,C11717,2025-11-12,Technical,Low,2,Resolved,Positive
S4262,C11717,2026-01-02,Technical,Medium,13,Resolved,Neutral
S4263,C11719,2025-09-05,Subscription,Medium,40,Open,Negative
S4264,C11719,2026-07-13,Billing,Low,52,Resolved,Negative
S4265,C11719,2026-04-08,Subscription,High,19,Open,Neutral
S4266,C11719,2025-12-04,Login,Medium,49,Resolved,Negative
S4267,C11719,2025-10-26,Payment,High,39,Resolved,Negative
S4268,C11720,2026-08-28,Login,Low,52,Resolved,Negative
S4269,C11720,2026-02-19,Technical,Medium,2,Resolved,Positive
S4270,C11720,2026-01-21,Payment,Medium,47,Resolved,Negative
S4271,C11721,2025-11-12,Subscription,High,3,Open,Positive
S4272,C11722,2025-10-19,Subscription,High,66,Resolved,Negative
S4273,C11722,2026-04-27,Subscription,Medium,41,Resolved,Negative
S4274,C11722,2026-06-06,Login,High,55,Resolved,Negative
S4275,C11722,2026-01-28,Technical,Low,58,Open,Negative
S4276,C11724,2026-04-23,Billing,Low,19,Resolved,Neutral
S4277,C11724,2025-12-21,Billing,Medium,40,Open,Negative
S4278,C11725,2026-07-26,Subscription,Low,37,Resolved,Negative
S4279,C11725,2026-03-13,Technical,Low,48,Resolved,Negative
S4280,C11725,2026-06-16,Login,Low,61,Resolved,Negative
S4281,C11725,2026-01-31,Billing,Low,35,Resolved,Neutral
S4282,C11726,2025-11-13,Billing,Medium,55,Open,Negative
S4283,C11726,2026-08-04,Login,Low,56,Resolved,Negative
S4284,C11728,2026-05-24,Billing,Medium,21,Open,Neutral
S4285,C11728,2026-05-14,Subscription,Medium,14,Open,Neutral
S4286,C11728,2025-10-18,Subscription,Low,47,Resolved,Negative
S4287,C11730,2025-09-21,Subscription,Low,5,Resolved,Positive
S4288,C11730,2026-05-28,Payment,Low,2,Resolved,Positive
S4289,C11730,2026-08-25,Technical,Medium,15,Open,Neutral
S4290,C11730,2025-10-01,Login,Low,35,Resolved,Neutral
S4291,C11730,2026-07-24,Subscription,Low,40,Open,Negative
S4292,C11731,2025-12-03,Login,Medium,12,Resolved,Positive
S4293,C11731,2026-06-08,Payment,Low,11,Open,Positive
S4294,C11731,2026-08-30,Technical,Low,56,Open,Negative
S4295,C11731,2026-06-20,Billing,Low,24,Open,Neutral
S4296,C11731,2025-09-05,Billing,High,46,Resolved,Negative
S4297,C11732,2026-07-26,Technical,Low,32,Resolved,Neutral
S4298,C11732,2026-01-31,Billing,Medium,10,Resolved,Positive
S4299,C11732,2026-07-22,Subscription,Medium,63,Resolved,Negative
S4300,C11732,2026-01-03,Payment,Low,1,Resolved,Positive
S4301,C11732,2026-06-30,Technical,Medium,52,Resolved,Negative
S4302,C11733,2025-11-15,Login,Low,66,Open,Negative
S4303,C11733,2025-11-17,Technical,Low,15,Resolved,Neutral
S4304,C11733,2025-11-05,Technical,Low,14,Resolved,Neutral
S4305,C11733,2025-12-01,Login,Low,15,Resolved,Neutral
S4306,C11734,2026-04-21,Billing,Medium,30,Open,Neutral
S4307,C11734,2026-05-26,Login,Medium,70,Resolved,Negative
S4308,C11734,2026-01-30,Technical,Low,65,Resolved,Negative
S4309,C11735,2026-08-20,Technical,High,31,Open,Neutral
S4310,C11735,2026-07-22,Subscription,High,49,Resolved,Negative
S4311,C11735,2026-04-24,Payment,High,34,Resolved,Neutral
S4312,C11735,2025-09-27,Payment,Medium,55,Open,Negative
S4313,C11736,2026-07-17,Login,High,35,Resolved,Neutral
S4314,C11736,2025-10-07,Billing,Medium,54,Resolved,Negative
S4315,C11736,2026-05-14,Subscription,High,51,Open,Negative
S4316,C11736,2026-04-04,Payment,Low,42,Open,Negative
S4317,C11738,2026-01-24,Billing,High,49,Open,Negative
S4318,C11738,2026-01-25,Payment,Low,8,Resolved,Positive
S4319,C11739,2025-12-29,Technical,Medium,68,Resolved,Negative
S4320,C11739,2026-08-09,Payment,High,35,Resolved,Neutral
S4321,C11739,2026-05-23,Payment,Low,17,Resolved,Neutral
S4322,C11739,2026-06-23,Technical,Medium,26,Open,Neutral
S4323,C11739,2025-10-13,Login,Medium,68,Open,Negative
S4324,C11741,2025-09-28,Payment,High,41,Open,Negative
S4325,C11741,2026-01-09,Login,High,8,Open,Positive
S4326,C11741,2025-10-06,Technical,Medium,50,Resolved,Negative
S4327,C11741,2026-06-17,Subscription,Medium,60,Resolved,Negative
S4328,C11741,2026-01-27,Login,Low,28,Resolved,Neutral
S4329,C11742,2025-12-22,Subscription,High,32,Resolved,Neutral
S4330,C11743,2026-07-18,Payment,Medium,9,Open,Positive
S4331,C11743,2026-05-30,Billing,High,7,Resolved,Positive
S4332,C11743,2026-06-28,Subscription,Low,2,Resolved,Positive
S4333,C11743,2026-05-17,Billing,High,68,Resolved,Negative
S4334,C11743,2026-07-16,Login,High,9,Resolved,Positive
S4335,C11744,2025-12-06,Subscription,Medium,27,Resolved,Neutral
S4336,C11744,2026-08-24,Payment,High,32,Resolved,Neutral
S4337,C11744,2026-02-07,Subscription,High,70,Resolved,Negative
S4338,C11744,2026-07-06,Login,Low,66,Resolved,Negative
S4339,C11744,2026-01-07,Technical,Medium,39,Resolved,Negative
S4340,C11745,2026-04-22,Technical,Medium,25,Open,Neutral
S4341,C11745,2026-08-05,Billing,High,9,Resolved,Positive
S4342,C11746,2025-10-27,Login,Medium,60,Open,Negative
S4343,C11747,2025-11-13,Billing,Low,51,Open,Negative
S4344,C11747,2026-04-29,Login,Low,3,Resolved,Positive
S4345,C11747,2026-02-08,Payment,Low,44,Open,Negative
S4346,C11749,2026-06-28,Payment,Medium,68,Open,Negative
S4347,C11749,2026-01-23,Payment,High,66,Open,Negative
S4348,C11750,2026-08-26,Subscription,Low,14,Resolved,Neutral
S4349,C11751,2026-08-29,Login,Medium,37,Resolved,Negative
S4350,C11752,2026-04-19,Payment,High,40,Resolved,Negative
S4351,C11752,2026-03-02,Payment,High,71,Resolved,Negative
S4352,C11752,2026-04-06,Payment,Low,49,Resolved,Negative
S4353,C11753,2025-10-28,Technical,Low,16,Open,Neutral
S4354,C11753,2026-02-14,Payment,High,28,Resolved,Neutral
S4355,C11753,2026-04-15,Login,Low,26,Resolved,Neutral
S4356,C11754,2025-09-07,Subscription,Medium,14,Open,Neutral
S4357,C11754,2025-09-20,Technical,High,21,Resolved,Neutral
S4358,C11754,2026-03-23,Login,Medium,12,Open,Positive
S4359,C11757,2025-09-05,Payment,Medium,71,Open,Negative
S4360,C11757,2025-09-01,Technical,High,11,Resolved,Positive
S4361,C11758,2025-12-18,Billing,High,9,Open,Positive
S4362,C11758,2026-02-23,Billing,Low,1,Open,Positive
S4363,C11758,2025-09-01,Billing,High,26,Resolved,Neutral
S4364,C11758,2025-11-16,Payment,Low,70,Open,Negative
S4365,C11758,2025-11-11,Subscription,High,58,Open,Negative
S4366,C11759,2025-11-01,Technical,Medium,9,Open,Positive
S4367,C11759,2026-02-08,Payment,Medium,15,Open,Neutral
S4368,C11759,2025-09-15,Subscription,High,43,Resolved,Negative
S4369,C11760,2026-06-15,Payment,Medium,47,Resolved,Negative
S4370,C11760,2025-09-04,Subscription,High,7,Resolved,Positive
S4371,C11761,2026-07-18,Payment,Medium,35,Resolved,Neutral
S4372,C11761,2026-03-24,Login,High,41,Resolved,Negative
S4373,C11761,2026-03-14,Subscription,Medium,65,Resolved,Negative
S4374,C11761,2026-06-26,Subscription,Low,47,Open,Negative
S4375,C11761,2026-07-31,Login,High,26,Resolved,Neutral
S4376,C11762,2026-03-25,Technical,Low,58,Resolved,Negative
S4377,C11762,2025-12-27,Payment,Medium,32,Resolved,Neutral
S4378,C11762,2026-07-30,Billing,Low,24,Open,Neutral
S4379,C11762,2026-08-29,Subscription,High,19,Resolved,Neutral
S4380,C11763,2026-05-14,Technical,High,14,Resolved,Neutral
S4381,C11763,2025-11-12,Technical,High,33,Resolved,Neutral
S4382,C11763,2026-08-20,Login,Medium,51,Resolved,Negative
S4383,C11763,2026-04-06,Technical,Low,54,Resolved,Negative
S4384,C11764,2025-10-01,Subscription,High,64,Resolved,Negative
S4385,C11764,2025-11-17,Payment,Medium,59,Open,Negative
S4386,C11764,2026-05-27,Login,High,30,Resolved,Neutral
S4387,C11765,2025-12-12,Billing,Low,43,Open,Negative
S4388,C11765,2026-04-28,Subscription,Low,23,Open,Neutral
S4389,C11765,2026-02-25,Technical,Low,35,Resolved,Neutral
S4390,C11765,2025-12-04,Payment,Low,60,Resolved,Negative
S4391,C11766,2025-10-15,Payment,Low,32,Resolved,Neutral
S4392,C11767,2026-08-08,Login,Low,50,Resolved,Negative
S4393,C11767,2026-08-09,Billing,High,69,Open,Negative
S4394,C11767,2026-07-17,Payment,High,12,Resolved,Positive
S4395,C11767,2025-09-08,Technical,High,4,Open,Positive
S4396,C11767,2026-01-19,Subscription,Medium,3,Resolved,Positive
S4397,C11768,2025-11-21,Billing,Low,21,Resolved,Neutral
S4398,C11768,2026-04-06,Subscription,High,57,Resolved,Negative
S4399,C11768,2026-03-20,Login,Low,50,Open,Negative
S4400,C11768,2026-03-24,Login,Low,27,Open,Neutral
S4401,C11768,2026-05-08,Subscription,Low,41,Open,Negative
S4402,C11770,2026-05-14,Technical,High,58,Open,Negative
S4403,C11770,2026-04-21,Login,High,24,Resolved,Neutral
S4404,C11772,2025-11-25,Technical,Low,63,Resolved,Negative
S4405,C11772,2025-10-09,Subscription,Medium,50,Open,Negative
S4406,C11772,2026-06-23,Technical,Low,65,Open,Negative
S4407,C11772,2025-11-01,Subscription,Low,58,Resolved,Negative
S4408,C11772,2026-04-30,Login,High,47,Open,Negative
S4409,C11774,2026-05-31,Technical,High,11,Open,Positive
S4410,C11774,2025-09-03,Login,Low,23,Resolved,Neutral
S4411,C11775,2025-12-29,Login,Low,44,Resolved,Negative
S4412,C11776,2026-08-05,Login,Low,10,Resolved,Positive
S4413,C11776,2026-08-07,Payment,Low,6,Resolved,Positive
S4414,C11777,2026-06-12,Subscription,Medium,23,Resolved,Neutral
S4415,C11777,2025-12-14,Billing,Medium,22,Open,Neutral
S4416,C11777,2025-11-01,Subscription,Medium,50,Resolved,Negative
S4417,C11777,2026-03-14,Payment,Low,37,Resolved,Negative
S4418,C11777,2026-08-06,Login,Medium,28,Open,Neutral
S4419,C11778,2026-07-20,Payment,Low,61,Resolved,Negative
S4420,C11778,2026-07-14,Subscription,Low,72,Resolved,Negative
S4421,C11778,2025-10-26,Payment,Medium,10,Resolved,Positive
S4422,C11779,2025-12-01,Subscription,Low,18,Resolved,Neutral
S4423,C11780,2026-06-13,Subscription,High,4,Resolved,Positive
S4424,C11780,2026-02-10,Billing,Medium,67,Resolved,Negative
S4425,C11781,2025-10-18,Billing,Low,54,Open,Negative
S4426,C11782,2026-02-14,Payment,Low,15,Resolved,Neutral
S4427,C11783,2025-09-12,Technical,High,58,Resolved,Negative
S4428,C11784,2026-06-23,Login,High,13,Open,Neutral
S4429,C11784,2025-10-03,Payment,Low,31,Resolved,Neutral
S4430,C11784,2025-09-08,Login,High,42,Open,Negative
S4431,C11786,2026-05-15,Login,High,26,Resolved,Neutral
S4432,C11786,2026-04-29,Subscription,High,43,Resolved,Negative
S4433,C11787,2026-08-18,Payment,Medium,1,Resolved,Positive
S4434,C11787,2026-03-10,Payment,High,44,Resolved,Negative
S4435,C11788,2025-10-27,Technical,Medium,25,Open,Neutral
S4436,C11788,2026-06-16,Subscription,Medium,31,Resolved,Neutral
S4437,C11788,2026-07-23,Technical,Low,48,Resolved,Negative
S4438,C11788,2026-04-04,Payment,High,33,Resolved,Neutral
S4439,C11788,2026-04-30,Billing,Medium,30,Resolved,Neutral
S4440,C11789,2026-05-03,Billing,Medium,28,Resolved,Neutral
S4441,C11789,2025-11-19,Payment,High,17,Resolved,Neutral
S4442,C11791,2026-06-03,Login,Medium,7,Resolved,Positive
S4443,C11791,2026-03-25,Payment,Medium,8,Resolved,Positive
S4444,C11791,2025-11-05,Technical,High,5,Resolved,Positive
S4445,C11791,2025-09-26,Payment,Medium,1,Resolved,Positive
S4446,C11792,2025-10-19,Billing,Low,43,Resolved,Negative
S4447,C11792,2026-07-25,Technical,High,71,Resolved,Negative
S4448,C11792,2026-06-17,Subscription,High,35,Resolved,Neutral
S4449,C11793,2026-07-14,Payment,Low,55,Resolved,Negative
S4450,C11794,2026-05-06,Technical,Low,31,Resolved,Neutral
S4451,C11794,2025-10-06,Payment,High,15,Resolved,Neutral
S4452,C11794,2025-09-15,Subscription,Low,62,Resolved,Negative
S4453,C11795,2025-10-07,Payment,Medium,56,Resolved,Negative
S4454,C11795,2026-01-18,Subscription,High,2,Open,Positive
S4455,C11795,2026-06-21,Login,High,31,Resolved,Neutral
S4456,C11795,2025-10-08,Login,High,33,Open,Neutral
S4457,C11796,2025-09-02,Technical,Medium,54,Resolved,Negative
S4458,C11796,2026-08-21,Login,Low,14,Open,Neutral
S4459,C11796,2026-02-08,Technical,Low,53,Resolved,Negative
S4460,C11797,2025-09-18,Subscription,Low,9,Open,Positive
S4461,C11797,2026-07-27,Subscription,High,60,Open,Negative
S4462,C11798,2026-06-16,Technical,High,53,Resolved,Negative
S4463,C11799,2026-04-20,Subscription,Low,2,Resolved,Positive
S4464,C11800,2026-03-09,Billing,Low,3,Resolved,Positive
S4465,C11800,2026-07-10,Billing,Medium,27,Open,Neutral
S4466,C11800,2026-03-18,Billing,Medium,7,Resolved,Positive
S4467,C11801,2025-12-26,Technical,Low,44,Open,Negative
S4468,C11802,2026-04-06,Subscription,Low,54,Resolved,Negative
S4469,C11803,2026-03-06,Subscription,High,30,Open,Neutral
S4470,C11803,2026-05-20,Payment,Low,54,Resolved,Negative
S4471,C11804,2025-09-10,Login,Low,33,Resolved,Neutral
S4472,C11804,2025-12-18,Login,High,57,Resolved,Negative
S4473,C11805,2026-08-30,Technical,Medium,18,Resolved,Neutral
S4474,C11805,2026-05-19,Payment,Low,8,Open,Positive
S4475,C11805,2026-05-06,Login,High,29,Resolved,Neutral
S4476,C11805,2025-10-29,Login,High,56,Open,Negative
S4477,C11805,2026-05-29,Technical,Medium,65,Open,Negative
S4478,C11806,2025-09-13,Subscription,Low,4,Open,Positive
S4479,C11807,2026-04-13,Payment,High,44,Resolved,Negative
S4480,C11807,2026-02-16,Billing,Low,22,Resolved,Neutral
S4481,C11807,2026-05-19,Payment,High,2,Open,Positive
S4482,C11807,2026-07-29,Payment,Medium,48,Resolved,Negative
S4483,C11808,2026-02-24,Login,Medium,61,Resolved,Negative
S4484,C11810,2026-07-20,Subscription,Medium,44,Resolved,Negative
S4485,C11810,2026-05-19,Payment,Low,64,Resolved,Negative
S4486,C11810,2026-02-04,Payment,Medium,22,Resolved,Neutral
S4487,C11811,2026-07-24,Technical,Low,43,Resolved,Negative
S4488,C11811,2026-08-18,Subscription,Low,46,Resolved,Negative
S4489,C11813,2026-02-12,Technical,Medium,56,Resolved,Negative
S4490,C11813,2026-05-18,Subscription,High,67,Resolved,Negative
S4491,C11814,2026-07-17,Subscription,Low,72,Open,Negative
S4492,C11814,2025-12-02,Billing,Medium,68,Resolved,Negative
S4493,C11814,2025-10-09,Payment,High,16,Open,Neutral
S4494,C11815,2025-09-12,Login,Low,30,Resolved,Neutral
S4495,C11815,2025-09-19,Subscription,Medium,58,Resolved,Negative
S4496,C11815,2026-04-22,Payment,Medium,49,Resolved,Negative
S4497,C11817,2025-12-29,Payment,High,11,Open,Positive
S4498,C11817,2026-01-07,Subscription,High,37,Resolved,Negative
S4499,C11817,2025-11-17,Billing,High,18,Resolved,Neutral
S4500,C11817,2025-09-29,Technical,Low,11,Open,Positive
S4501,C11818,2026-04-19,Technical,High,20,Resolved,Neutral
S4502,C11818,2026-06-09,Technical,High,17,Resolved,Neutral
S4503,C11818,2026-07-30,Technical,High,56,Resolved,Negative
S4504,C11818,2026-07-03,Payment,High,18,Resolved,Neutral
S4505,C11819,2026-08-17,Login,Medium,31,Resolved,Neutral
S4506,C11819,2026-06-02,Login,Medium,39,Resolved,Negative
S4507,C11819,2026-05-03,Subscription,Medium,5,Open,Positive
S4508,C11819,2025-12-17,Technical,Medium,17,Open,Neutral
S4509,C11821,2025-10-24,Technical,High,60,Resolved,Negative
S4510,C11821,2025-10-22,Subscription,High,57,Resolved,Negative
S4511,C11821,2026-08-21,Payment,Low,40,Open,Negative
S4512,C11821,2025-11-22,Billing,Medium,43,Resolved,Negative
S4513,C11822,2026-01-26,Technical,High,47,Resolved,Negative
S4514,C11822,2026-01-05,Technical,High,60,Open,Negative
S4515,C11822,2026-06-15,Login,High,1,Open,Positive
S4516,C11823,2026-07-10,Technical,High,21,Open,Neutral
S4517,C11825,2025-12-01,Login,Low,72,Resolved,Negative
S4518,C11826,2025-11-02,Billing,Low,15,Open,Neutral
S4519,C11826,2026-03-02,Login,Low,45,Open,Negative
S4520,C11827,2025-09-30,Login,High,12,Open,Positive
S4521,C11827,2025-12-09,Technical,Medium,9,Open,Positive
S4522,C11827,2026-08-11,Payment,Medium,14,Resolved,Neutral
S4523,C11828,2026-08-01,Subscription,Medium,34,Open,Neutral
S4524,C11828,2026-03-06,Subscription,Low,71,Resolved,Negative
S4525,C11828,2026-06-28,Subscription,Medium,5,Open,Positive
S4526,C11828,2026-05-27,Login,High,64,Resolved,Negative
S4527,C11828,2025-11-08,Billing,Medium,50,Resolved,Negative
S4528,C11829,2026-05-07,Billing,Medium,44,Resolved,Negative
S4529,C11829,2026-05-21,Login,Low,72,Open,Negative
S4530,C11829,2026-01-12,Subscription,Medium,19,Resolved,Neutral
S4531,C11829,2025-09-05,Billing,High,1,Resolved,Positive
S4532,C11830,2026-03-06,Billing,High,42,Resolved,Negative
S4533,C11830,2026-01-24,Billing,Low,10,Resolved,Positive
S4534,C11830,2026-07-12,Payment,Medium,56,Resolved,Negative
S4535,C11831,2025-10-29,Billing,Medium,30,Resolved,Neutral
S4536,C11831,2025-11-15,Payment,Low,3,Resolved,Positive
S4537,C11831,2025-11-27,Login,Low,14,Resolved,Neutral
S4538,C11831,2026-07-15,Billing,Low,55,Open,Negative
S4539,C11833,2025-10-19,Subscription,Medium,47,Open,Negative
S4540,C11833,2026-06-28,Subscription,Medium,26,Open,Neutral
S4541,C11835,2026-02-25,Billing,Low,54,Resolved,Negative
S4542,C11835,2026-08-19,Subscription,Low,17,Open,Neutral
S4543,C11836,2026-01-22,Billing,Medium,37,Open,Negative
S4544,C11836,2025-09-15,Subscription,Medium,9,Resolved,Positive
S4545,C11836,2026-04-13,Billing,Medium,28,Resolved,Neutral
S4546,C11836,2026-05-15,Billing,Medium,21,Resolved,Neutral
S4547,C11837,2025-12-15,Subscription,Medium,50,Open,Negative
S4548,C11837,2026-08-18,Billing,Low,4,Open,Positive
S4549,C11837,2025-12-28,Subscription,Low,6,Resolved,Positive
S4550,C11837,2026-07-14,Billing,High,29,Resolved,Neutral
S4551,C11838,2026-08-08,Technical,High,58,Resolved,Negative
S4552,C11839,2026-08-23,Technical,Medium,18,Open,Neutral
S4553,C11839,2025-12-09,Payment,High,1,Resolved,Positive
S4554,C11839,2026-03-18,Login,Low,22,Resolved,Neutral
S4555,C11839,2025-11-25,Technical,Low,24,Resolved,Neutral
S4556,C11839,2025-10-02,Payment,Low,12,Resolved,Positive
S4557,C11840,2026-03-11,Payment,Low,43,Resolved,Negative
S4558,C11840,2026-08-28,Billing,Medium,61,Resolved,Negative
S4559,C11840,2026-08-24,Subscription,Low,15,Resolved,Neutral
S4560,C11840,2026-06-29,Subscription,Low,8,Resolved,Positive
S4561,C11841,2026-07-05,Subscription,High,50,Resolved,Negative
S4562,C11841,2026-05-16,Billing,Medium,62,Resolved,Negative
S4563,C11841,2025-12-20,Subscription,Medium,34,Open,Neutral
S4564,C11841,2026-06-17,Login,Medium,11,Resolved,Positive
S4565,C11841,2026-04-13,Subscription,Low,37,Resolved,Negative
S4566,C11842,2026-08-06,Technical,Medium,47,Resolved,Negative
S4567,C11843,2026-07-27,Login,Low,53,Resolved,Negative
S4568,C11843,2025-11-22,Technical,High,42,Open,Negative
S4569,C11843,2026-02-08,Billing,High,30,Resolved,Neutral
S4570,C11844,2025-09-03,Payment,Low,40,Resolved,Negative
S4571,C11844,2026-07-07,Billing,Medium,4,Open,Positive
S4572,C11844,2025-09-28,Payment,Low,39,Open,Negative
S4573,C11844,2026-02-01,Login,High,44,Open,Negative
S4574,C11844,2025-10-01,Subscription,Medium,16,Resolved,Neutral
S4575,C11845,2026-02-16,Technical,High,71,Open,Negative
S4576,C11845,2026-06-04,Billing,Medium,51,Open,Negative
S4577,C11845,2026-03-18,Payment,Low,14,Open,Neutral
S4578,C11846,2026-03-03,Subscription,Medium,13,Resolved,Neutral
S4579,C11846,2026-06-16,Billing,Low,38,Resolved,Negative
S4580,C11846,2026-07-01,Billing,Low,60,Resolved,Negative
S4581,C11846,2026-07-17,Payment,Low,19,Resolved,Neutral
S4582,C11846,2026-06-03,Login,High,49,Resolved,Negative
S4583,C11847,2026-01-26,Subscription,High,46,Open,Negative
S4584,C11847,2025-11-25,Login,Medium,18,Resolved,Neutral
S4585,C11847,2026-06-12,Technical,High,46,Resolved,Negative
S4586,C11848,2025-09-12,Technical,High,70,Resolved,Negative
S4587,C11848,2026-08-25,Login,High,29,Open,Neutral
S4588,C11848,2026-03-07,Billing,High,59,Resolved,Negative
S4589,C11849,2025-11-16,Subscription,Low,70,Resolved,Negative
S4590,C11849,2026-02-27,Payment,High,30,Resolved,Neutral
S4591,C11849,2025-11-02,Billing,Low,72,Open,Negative
S4592,C11849,2025-10-29,Payment,Low,23,Resolved,Neutral
S4593,C11849,2026-07-23,Billing,Medium,7,Open,Positive
S4594,C11850,2026-08-10,Subscription,Low,17,Resolved,Neutral
S4595,C11850,2026-05-13,Subscription,Medium,37,Open,Negative
S4596,C11852,2025-12-31,Technical,High,61,Open,Negative
S4597,C11852,2026-03-05,Payment,High,11,Resolved,Positive
S4598,C11852,2026-01-22,Payment,Low,38,Resolved,Negative
S4599,C11852,2026-03-30,Login,Medium,42,Resolved,Negative
S4600,C11852,2025-12-10,Payment,High,36,Open,Neutral
S4601,C11853,2026-03-25,Login,High,50,Resolved,Negative
S4602,C11853,2025-12-02,Billing,Low,70,Resolved,Negative
S4603,C11854,2026-02-03,Login,Low,32,Open,Neutral
S4604,C11854,2025-11-19,Technical,Low,48,Resolved,Negative
S4605,C11854,2026-04-20,Payment,Medium,55,Open,Negative
S4606,C11854,2025-10-16,Subscription,Medium,46,Resolved,Negative
S4607,C11854,2026-02-19,Payment,Medium,6,Resolved,Positive
S4608,C11856,2026-07-17,Payment,Medium,19,Resolved,Neutral
S4609,C11857,2025-09-12,Subscription,Medium,16,Open,Neutral
S4610,C11857,2025-10-09,Payment,High,11,Open,Positive
S4611,C11857,2026-07-16,Subscription,Low,5,Resolved,Positive
S4612,C11857,2025-11-21,Billing,Low,68,Open,Negative
S4613,C11858,2026-07-02,Payment,High,48,Resolved,Negative
S4614,C11858,2026-03-18,Payment,Medium,31,Resolved,Neutral
S4615,C11858,2026-04-26,Technical,Low,46,Open,Negative
S4616,C11858,2026-04-04,Subscription,High,9,Open,Positive
S4617,C11858,2026-03-30,Login,Medium,31,Open,Neutral
S4618,C11859,2025-10-09,Subscription,Medium,12,Resolved,Positive
S4619,C11859,2025-09-02,Technical,Low,23,Open,Neutral
S4620,C11859,2025-10-25,Login,High,36,Open,Neutral
S4621,C11860,2026-04-08,Technical,Medium,42,Resolved,Negative
S4622,C11863,2026-01-02,Login,Medium,10,Resolved,Positive
S4623,C11863,2026-07-16,Billing,Low,42,Resolved,Negative
S4624,C11863,2026-02-18,Subscription,Medium,22,Resolved,Neutral
S4625,C11863,2026-04-03,Payment,Low,1,Open,Positive
S4626,C11863,2026-03-20,Billing,High,69,Resolved,Negative
S4627,C11864,2025-10-19,Subscription,High,45,Resolved,Negative
S4628,C11864,2025-11-06,Payment,High,29,Resolved,Neutral
S4629,C11864,2026-05-19,Technical,Medium,40,Resolved,Negative
S4630,C11864,2025-11-20,Technical,High,66,Resolved,Negative
S4631,C11864,2026-08-28,Payment,Low,22,Resolved,Neutral
S4632,C11865,2025-11-29,Subscription,Low,30,Resolved,Neutral
S4633,C11865,2026-05-21,Subscription,Medium,22,Resolved,Neutral
S4634,C11866,2026-07-28,Technical,Low,29,Open,Neutral
S4635,C11866,2026-08-03,Login,Low,51,Resolved,Negative
S4636,C11867,2026-07-29,Subscription,Low,7,Open,Positive
S4637,C11867,2026-08-23,Billing,Low,65,Resolved,Negative
S4638,C11867,2026-01-08,Payment,Medium,15,Open,Neutral
S4639,C11867,2026-03-24,Payment,Low,14,Resolved,Neutral
S4640,C11867,2026-02-13,Payment,Medium,21,Resolved,Neutral
S4641,C11868,2025-10-22,Login,Medium,45,Resolved,Negative
S4642,C11869,2025-11-22,Subscription,Medium,13,Resolved,Neutral
S4643,C11869,2025-12-15,Technical,High,48,Resolved,Negative
S4644,C11869,2026-08-01,Subscription,Low,48,Resolved,Negative
S4645,C11870,2025-10-24,Technical,Low,19,Open,Neutral
S4646,C11870,2026-05-12,Login,Low,62,Open,Negative
S4647,C11872,2025-10-20,Subscription,High,70,Resolved,Negative
S4648,C11872,2025-11-27,Subscription,Low,46,Resolved,Negative
S4649,C11875,2026-07-17,Login,Low,45,Resolved,Negative
S4650,C11875,2025-12-22,Technical,Low,9,Resolved,Positive
S4651,C11875,2026-08-18,Subscription,High,28,Resolved,Neutral
S4652,C11876,2026-06-22,Technical,Low,18,Open,Neutral
S4653,C11876,2025-10-20,Technical,Medium,5,Resolved,Positive
S4654,C11876,2025-10-25,Subscription,Low,54,Resolved,Negative
S4655,C11876,2026-02-09,Subscription,High,24,Resolved,Neutral
S4656,C11877,2025-12-26,Subscription,High,47,Resolved,Negative
S4657,C11878,2025-09-29,Login,Medium,54,Open,Negative
S4658,C11880,2025-09-06,Login,Medium,69,Open,Negative
S4659,C11880,2025-10-17,Payment,Low,5,Resolved,Positive
S4660,C11880,2025-12-09,Billing,Low,33,Open,Neutral
S4661,C11881,2026-05-04,Payment,Medium,61,Open,Negative
S4662,C11881,2025-12-15,Login,Low,71,Resolved,Negative
S4663,C11882,2026-07-07,Billing,Medium,11,Resolved,Positive
S4664,C11882,2025-10-24,Login,Medium,67,Resolved,Negative
S4665,C11882,2025-11-13,Subscription,Low,42,Open,Negative
S4666,C11884,2026-08-13,Billing,High,49,Open,Negative
S4667,C11885,2025-09-02,Login,High,13,Resolved,Neutral
S4668,C11885,2026-01-19,Technical,High,18,Resolved,Neutral
S4669,C11885,2026-01-25,Login,Low,38,Resolved,Negative
S4670,C11885,2026-07-16,Subscription,Low,46,Resolved,Negative
S4671,C11886,2026-01-29,Billing,Low,15,Open,Neutral
S4672,C11886,2026-07-01,Login,Medium,37,Resolved,Negative
S4673,C11886,2026-01-09,Login,Medium,10,Resolved,Positive
S4674,C11886,2026-06-20,Payment,Low,1,Open,Positive
S4675,C11888,2026-02-17,Technical,High,40,Resolved,Negative
S4676,C11888,2026-02-22,Billing,High,34,Open,Neutral
S4677,C11888,2026-02-10,Payment,Low,18,Open,Neutral
S4678,C11888,2025-09-04,Technical,Low,28,Open,Neutral
S4679,C11889,2026-06-09,Billing,Medium,41,Open,Negative
S4680,C11889,2026-06-24,Login,High,71,Resolved,Negative
S4681,C11889,2026-02-03,Subscription,Low,28,Resolved,Neutral
S4682,C11890,2025-10-11,Login,High,8,Resolved,Positive
S4683,C11890,2026-05-03,Subscription,Medium,39,Open,Negative
S4684,C11891,2026-05-05,Subscription,Medium,62,Open,Negative
S4685,C11891,2025-10-28,Subscription,High,43,Open,Negative
S4686,C11891,2026-01-16,Technical,Low,14,Resolved,Neutral
S4687,C11892,2025-10-18,Technical,Medium,39,Resolved,Negative
S4688,C11892,2026-03-07,Subscription,Low,9,Open,Positive
S4689,C11892,2025-12-09,Billing,Low,19,Open,Neutral
S4690,C11894,2025-12-01,Billing,High,60,Resolved,Negative
S4691,C11894,2025-12-26,Billing,Low,5,Resolved,Positive
S4692,C11894,2025-11-05,Technical,Low,46,Open,Negative
S4693,C11894,2025-10-18,Payment,Low,31,Open,Neutral
S4694,C11895,2025-09-10,Subscription,High,17,Resolved,Neutral
S4695,C11895,2026-03-29,Subscription,Low,4,Resolved,Positive
S4696,C11895,2025-12-29,Payment,Low,17,Open,Neutral
S4697,C11895,2025-11-30,Subscription,Low,58,Resolved,Negative
S4698,C11896,2026-04-27,Technical,High,67,Resolved,Negative
S4699,C11896,2026-03-27,Technical,Low,27,Resolved,Neutral
S4700,C11896,2026-07-20,Subscription,Medium,1,Resolved,Positive
S4701,C11896,2026-03-17,Technical,Low,27,Resolved,Neutral
S4702,C11898,2026-08-27,Payment,Medium,29,Open,Neutral
S4703,C11898,2026-04-06,Payment,High,7,Open,Positive
S4704,C11898,2026-08-09,Billing,Medium,52,Open,Negative
S4705,C11898,2025-11-16,Payment,Low,22,Open,Neutral
S4706,C11898,2026-05-29,Login,Medium,61,Open,Negative
S4707,C11900,2026-04-08,Billing,High,49,Resolved,Negative
S4708,C11901,2025-09-10,Payment,Low,66,Open,Negative
S4709,C11901,2025-12-05,Subscription,Low,49,Resolved,Negative
S4710,C11901,2026-05-31,Subscription,Low,20,Resolved,Neutral
S4711,C11901,2025-10-08,Subscription,High,34,Resolved,Neutral
S4712,C11902,2026-02-16,Payment,Medium,15,Resolved,Neutral
S4713,C11902,2026-04-22,Subscription,Low,6,Open,Positive
S4714,C11902,2026-02-06,Subscription,Low,23,Open,Neutral
S4715,C11902,2025-12-10,Technical,Medium,39,Open,Negative
S4716,C11902,2026-01-29,Subscription,Low,37,Resolved,Negative
S4717,C11903,2026-02-14,Login,Low,55,Resolved,Negative
S4718,C11903,2026-03-19,Billing,Low,7,Resolved,Positive
S4719,C11903,2025-09-04,Billing,Medium,3,Open,Positive
S4720,C11904,2026-06-24,Billing,High,8,Resolved,Positive
S4721,C11904,2025-10-28,Billing,High,17,Open,Neutral
S4722,C11905,2026-07-17,Billing,Medium,69,Resolved,Negative
S4723,C11905,2026-07-19,Login,Low,10,Resolved,Positive
S4724,C11906,2026-01-30,Subscription,High,47,Resolved,Negative
S4725,C11906,2026-05-16,Subscription,Medium,13,Open,Neutral
S4726,C11907,2026-08-01,Login,High,27,Open,Neutral
S4727,C11908,2026-06-11,Subscription,Medium,13,Resolved,Neutral
S4728,C11908,2026-04-03,Technical,Medium,18,Resolved,Neutral
S4729,C11908,2026-03-03,Login,Medium,51,Open,Negative
S4730,C11908,2025-12-22,Billing,Low,47,Resolved,Negative
S4731,C11910,2026-06-15,Subscription,Medium,69,Open,Negative
S4732,C11911,2026-04-05,Login,Low,9,Resolved,Positive
S4733,C11911,2026-01-12,Login,Medium,72,Resolved,Negative
S4734,C11911,2025-10-13,Subscription,High,71,Resolved,Negative
S4735,C11911,2026-05-02,Technical,Medium,31,Open,Neutral
S4736,C11912,2026-05-01,Payment,Low,3,Resolved,Positive
S4737,C11912,2025-10-09,Billing,Medium,23,Open,Neutral
S4738,C11912,2026-02-19,Subscription,High,52,Resolved,Negative
S4739,C11912,2026-07-18,Login,Medium,18,Resolved,Neutral
S4740,C11912,2026-08-09,Billing,Low,64,Resolved,Negative
S4741,C11913,2026-02-11,Subscription,Low,39,Resolved,Negative
S4742,C11913,2026-05-15,Technical,High,27,Resolved,Neutral
S4743,C11913,2026-06-04,Billing,Medium,49,Resolved,Negative
S4744,C11913,2026-05-30,Billing,High,23,Open,Neutral
S4745,C11914,2026-02-12,Billing,High,8,Resolved,Positive
S4746,C11915,2025-10-14,Billing,Low,46,Open,Negative
S4747,C11915,2025-10-27,Billing,High,29,Resolved,Neutral
S4748,C11915,2025-12-17,Subscription,Low,9,Resolved,Positive
S4749,C11915,2026-03-09,Payment,Low,45,Open,Negative
S4750,C11915,2026-07-08,Billing,High,57,Resolved,Negative
S4751,C11916,2026-07-06,Payment,Low,66,Resolved,Negative
S4752,C11916,2026-05-23,Technical,High,40,Resolved,Negative
S4753,C11917,2026-01-23,Billing,Low,17,Open,Neutral
S4754,C11917,2026-08-23,Billing,Low,67,Open,Negative
S4755,C11919,2026-05-07,Payment,Low,27,Resolved,Neutral
S4756,C11920,2026-04-02,Login,Medium,67,Resolved,Negative
S4757,C11920,2026-01-04,Login,High,70,Open,Negative
S4758,C11921,2026-07-02,Technical,High,37,Open,Negative
S4759,C11921,2026-05-26,Payment,Medium,13,Resolved,Neutral
S4760,C11921,2026-04-15,Payment,Low,13,Resolved,Neutral
S4761,C11923,2026-02-24,Login,Low,8,Resolved,Positive
S4762,C11923,2026-01-24,Payment,High,51,Resolved,Negative
S4763,C11924,2026-02-12,Billing,High,60,Resolved,Negative
S4764,C11924,2025-12-26,Login,Medium,60,Open,Negative
S4765,C11924,2026-07-01,Billing,Low,38,Open,Negative
S4766,C11924,2026-02-13,Payment,Medium,67,Resolved,Negative
S4767,C11924,2026-04-06,Billing,High,70,Open,Negative
S4768,C11925,2025-10-31,Payment,High,48,Resolved,Negative
S4769,C11925,2026-08-23,Billing,Low,38,Resolved,Negative
S4770,C11925,2026-02-15,Subscription,High,34,Resolved,Neutral
S4771,C11926,2026-01-20,Billing,Low,22,Resolved,Neutral
S4772,C11927,2026-04-20,Billing,Low,40,Open,Negative
S4773,C11927,2026-05-21,Payment,Medium,24,Resolved,Neutral
S4774,C11927,2026-08-12,Billing,Low,30,Open,Neutral
S4775,C11927,2026-05-06,Login,Medium,19,Resolved,Neutral
S4776,C11927,2025-09-15,Payment,High,55,Resolved,Negative
S4777,C11928,2025-11-10,Technical,High,52,Open,Negative
S4778,C11928,2026-04-01,Login,Medium,65,Open,Negative
S4779,C11928,2025-11-01,Payment,High,35,Resolved,Neutral
S4780,C11928,2026-03-02,Payment,Medium,3,Resolved,Positive
S4781,C11928,2026-07-23,Subscription,Medium,34,Resolved,Neutral
S4782,C11929,2026-08-31,Login,High,49,Resolved,Negative
S4783,C11930,2026-02-23,Technical,Medium,27,Open,Neutral
S4784,C11930,2026-05-29,Payment,Medium,16,Open,Neutral
S4785,C11931,2025-12-24,Payment,Medium,5,Resolved,Positive
S4786,C11932,2026-02-06,Subscription,Medium,66,Resolved,Negative
S4787,C11932,2026-04-26,Login,Low,35,Open,Neutral
S4788,C11933,2026-06-19,Technical,Medium,13,Resolved,Neutral
S4789,C11934,2025-12-16,Billing,High,47,Open,Negative
S4790,C11934,2026-06-04,Subscription,High,36,Open,Neutral
S4791,C11934,2026-03-30,Billing,High,11,Open,Positive
S4792,C11934,2025-11-10,Login,High,39,Resolved,Negative
S4793,C11935,2026-01-06,Subscription,Low,32,Resolved,Neutral
S4794,C11936,2026-06-04,Payment,High,14,Open,Neutral
S4795,C11937,2025-12-21,Login,High,46,Resolved,Negative
S4796,C11937,2026-07-09,Payment,High,45,Resolved,Negative
S4797,C11937,2025-12-30,Technical,Medium,68,Resolved,Negative
S4798,C11937,2026-02-28,Technical,Low,11,Resolved,Positive
S4799,C11938,2026-01-25,Payment,High,8,Resolved,Positive
S4800,C11938,2025-12-03,Subscription,Low,8,Resolved,Positive
S4801,C11938,2025-12-23,Payment,High,33,Resolved,Neutral
S4802,C11938,2025-12-23,Payment,Medium,6,Resolved,Positive
S4803,C11938,2026-07-12,Login,Low,50,Resolved,Negative
S4804,C11939,2026-02-22,Payment,Medium,6,Resolved,Positive
S4805,C11939,2026-05-17,Subscription,Medium,52,Open,Negative
S4806,C11939,2026-04-04,Payment,Low,25,Open,Neutral
S4807,C11940,2025-11-05,Login,Low,64,Resolved,Negative
S4808,C11940,2025-09-15,Payment,Low,17,Open,Neutral
S4809,C11940,2025-09-18,Technical,Low,66,Resolved,Negative
S4810,C11940,2025-10-12,Payment,Medium,44,Resolved,Negative
S4811,C11941,2025-11-13,Payment,Low,28,Resolved,Neutral
S4812,C11941,2026-03-09,Billing,High,67,Open,Negative
S4813,C11941,2026-05-15,Technical,Low,58,Resolved,Negative
S4814,C11941,2026-01-28,Login,Medium,31,Resolved,Neutral
S4815,C11942,2026-03-17,Login,Low,3,Resolved,Positive
S4816,C11943,2025-12-04,Subscription,Medium,41,Resolved,Negative
S4817,C11943,2026-01-18,Payment,High,29,Resolved,Neutral
S4818,C11943,2026-08-25,Subscription,Low,64,Resolved,Negative
S4819,C11943,2026-08-15,Billing,Low,30,Open,Neutral
S4820,C11943,2026-08-01,Subscription,High,47,Resolved,Negative
S4821,C11944,2025-10-31,Technical,Low,23,Resolved,Neutral
S4822,C11944,2026-06-10,Subscription,High,10,Resolved,Positive
S4823,C11945,2026-06-14,Subscription,Low,59,Resolved,Negative
S4824,C11945,2026-05-19,Technical,Medium,67,Resolved,Negative
S4825,C11947,2026-03-21,Subscription,Medium,35,Resolved,Neutral
S4826,C11947,2025-09-30,Subscription,High,27,Resolved,Neutral
S4827,C11948,2025-11-30,Login,High,58,Open,Negative
S4828,C11948,2026-03-07,Subscription,High,68,Resolved,Negative
S4829,C11948,2025-10-20,Subscription,High,65,Resolved,Negative
S4830,C11949,2026-05-20,Billing,Medium,38,Open,Negative
S4831,C11949,2025-12-11,Technical,Medium,11,Resolved,Positive
S4832,C11949,2025-11-06,Login,High,9,Open,Positive
S4833,C11949,2026-08-06,Subscription,High,42,Resolved,Negative
S4834,C11950,2026-06-19,Payment,Low,40,Resolved,Negative
S4835,C11950,2025-09-17,Billing,High,12,Resolved,Positive
S4836,C11950,2025-12-20,Payment,High,26,Resolved,Neutral
S4837,C11953,2026-02-09,Subscription,Low,12,Resolved,Positive
S4838,C11953,2026-06-17,Billing,Medium,49,Resolved,Negative
S4839,C11953,2026-01-20,Payment,High,46,Resolved,Negative
S4840,C11953,2025-11-27,Payment,Medium,7,Resolved,Positive
S4841,C11953,2026-08-06,Subscription,High,45,Resolved,Negative
S4842,C11955,2025-12-30,Login,High,67,Resolved,Negative
S4843,C11955,2025-10-31,Login,High,51,Resolved,Negative
S4844,C11956,2025-09-25,Payment,Medium,59,Resolved,Negative
S4845,C11956,2026-05-12,Subscription,Medium,69,Resolved,Negative
S4846,C11956,2026-03-10,Subscription,High,71,Resolved,Negative
S4847,C11957,2026-05-05,Technical,Low,26,Resolved,Neutral
S4848,C11957,2025-09-23,Login,Medium,50,Resolved,Negative
S4849,C11958,2026-01-09,Technical,Medium,35,Resolved,Neutral
S4850,C11958,2026-07-11,Technical,Low,28,Open,Neutral
S4851,C11958,2026-07-26,Technical,High,35,Open,Neutral
S4852,C11958,2026-07-17,Subscription,Medium,19,Resolved,Neutral
S4853,C11958,2026-03-03,Subscription,Low,9,Resolved,Positive
S4854,C11960,2025-10-22,Technical,High,35,Open,Neutral
S4855,C11960,2026-01-24,Technical,High,46,Resolved,Negative
S4856,C11962,2026-07-05,Subscription,Medium,20,Resolved,Neutral
S4857,C11962,2026-03-11,Billing,Medium,32,Resolved,Neutral
S4858,C11962,2026-02-23,Technical,Low,68,Open,Negative
S4859,C11963,2026-04-10,Login,High,8,Resolved,Positive
S4860,C11963,2026-04-01,Subscription,Medium,69,Resolved,Negative
S4861,C11964,2025-11-13,Technical,Low,22,Resolved,Neutral
S4862,C11964,2026-08-10,Payment,Low,69,Open,Negative
S4863,C11965,2025-09-16,Technical,Low,45,Resolved,Negative
S4864,C11966,2026-07-10,Subscription,High,41,Resolved,Negative
S4865,C11966,2026-07-27,Subscription,High,16,Open,Neutral
S4866,C11966,2025-09-18,Subscription,High,20,Resolved,Neutral
S4867,C11968,2025-10-26,Subscription,Low,28,Open,Neutral
S4868,C11969,2026-06-07,Login,High,45,Resolved,Negative
S4869,C11969,2026-06-17,Billing,Low,27,Resolved,Neutral
S4870,C11970,2025-09-19,Login,Low,3,Open,Positive
S4871,C11970,2025-11-13,Login,Medium,36,Resolved,Neutral
S4872,C11970,2025-09-14,Subscription,Medium,70,Resolved,Negative
S4873,C11970,2025-12-13,Payment,Low,62,Open,Negative
S4874,C11971,2025-11-13,Technical,Low,70,Open,Negative
S4875,C11971,2025-11-16,Payment,Medium,26,Resolved,Neutral
S4876,C11972,2025-09-18,Login,Medium,60,Resolved,Negative
S4877,C11972,2026-08-23,Technical,Low,28,Open,Neutral
S4878,C11972,2026-07-04,Subscription,Medium,12,Resolved,Positive
S4879,C11975,2026-03-07,Subscription,Low,8,Resolved,Positive
S4880,C11975,2026-02-27,Subscription,Low,16,Open,Neutral
S4881,C11975,2026-04-07,Technical,Low,34,Resolved,Neutral
S4882,C11975,2026-07-23,Billing,Low,38,Open,Negative
S4883,C11976,2025-09-06,Billing,Medium,9,Open,Positive
S4884,C11976,2026-06-07,Login,Low,67,Open,Negative
S4885,C11976,2025-09-10,Payment,High,63,Open,Negative
S4886,C11976,2026-05-05,Payment,Low,60,Resolved,Negative
S4887,C11977,2025-10-05,Subscription,Low,14,Open,Neutral
S4888,C11977,2025-10-20,Subscription,High,19,Resolved,Neutral
S4889,C11977,2026-08-19,Login,Low,31,Resolved,Neutral
S4890,C11978,2025-10-04,Payment,Medium,71,Open,Negative
S4891,C11978,2026-07-23,Payment,High,50,Resolved,Negative
S4892,C11979,2026-01-17,Subscription,Medium,57,Resolved,Negative
S4893,C11979,2026-08-08,Payment,High,2,Open,Positive
S4894,C11979,2025-11-14,Payment,Low,5,Open,Positive
S4895,C11979,2025-11-09,Technical,High,33,Resolved,Neutral
S4896,C11979,2025-12-04,Billing,High,63,Resolved,Negative
S4897,C11980,2026-03-14,Billing,Medium,9,Resolved,Positive
S4898,C11980,2026-03-29,Technical,High,57,Resolved,Negative
S4899,C11980,2025-12-28,Login,Low,46,Resolved,Negative
S4900,C11980,2025-09-24,Technical,Medium,23,Resolved,Neutral
S4901,C11980,2026-07-29,Billing,High,2,Resolved,Positive
S4902,C11981,2026-04-09,Subscription,High,45,Resolved,Negative
S4903,C11981,2026-04-25,Payment,Low,65,Resolved,Negative
S4904,C11982,2026-01-09,Payment,High,7,Open,Positive
S4905,C11982,2026-01-21,Login,Medium,26,Resolved,Neutral
S4906,C11982,2026-01-09,Payment,High,3,Resolved,Positive
S4907,C11982,2025-09-03,Login,High,34,Resolved,Neutral
S4908,C11982,2026-08-26,Billing,Medium,54,Open,Negative
S4909,C11983,2026-07-08,Billing,Medium,1,Open,Positive
S4910,C11984,2026-02-13,Technical,Medium,15,Resolved,Neutral
S4911,C11984,2026-07-20,Technical,Low,26,Resolved,Neutral
S4912,C11984,2025-11-01,Technical,High,20,Resolved,Neutral
S4913,C11984,2026-03-07,Billing,Low,19,Resolved,Neutral
S4914,C11984,2025-10-17,Subscription,Medium,1,Resolved,Positive
S4915,C11985,2026-04-04,Billing,Medium,65,Resolved,Negative
S4916,C11986,2025-10-17,Login,Medium,28,Open,Neutral
S4917,C11986,2025-09-19,Subscription,Medium,11,Resolved,Positive
S4918,C11986,2026-01-27,Technical,Medium,68,Open,Negative
S4919,C11987,2025-11-16,Payment,High,46,Resolved,Negative
S4920,C11987,2025-09-27,Billing,Medium,48,Resolved,Negative
S4921,C11987,2026-04-19,Subscription,High,69,Resolved,Negative
S4922,C11988,2026-03-26,Technical,High,69,Open,Negative
S4923,C11988,2026-01-20,Login,High,4,Resolved,Positive
S4924,C11988,2025-12-19,Billing,High,3,Open,Positive
S4925,C11990,2025-12-16,Login,Medium,46,Resolved,Negative
S4926,C11991,2026-06-16,Billing,Low,41,Resolved,Negative
S4927,C11991,2026-03-29,Subscription,Medium,29,Resolved,Neutral
S4928,C11991,2025-09-20,Payment,Medium,5,Open,Positive
S4929,C11991,2026-02-14,Login,High,20,Resolved,Neutral
S4930,C11992,2026-01-29,Subscription,Medium,65,Open,Negative
S4931,C11992,2026-02-21,Payment,High,11,Open,Positive
S4932,C11992,2026-08-12,Payment,High,52,Open,Negative
S4933,C11992,2026-06-10,Technical,Medium,11,Resolved,Positive
S4934,C11992,2026-01-26,Technical,High,19,Resolved,Neutral
S4935,C11993,2025-12-14,Subscription,High,64,Resolved,Negative
S4936,C11994,2026-06-01,Technical,Medium,68,Open,Negative
S4937,C11994,2026-02-15,Payment,High,10,Resolved,Positive
S4938,C11995,2025-10-24,Subscription,Low,40,Open,Negative
S4939,C11995,2026-05-05,Subscription,High,39,Resolved,Negative
S4940,C11995,2026-04-25,Login,Low,17,Resolved,Neutral
S4941,C11995,2026-07-05,Subscription,Low,27,Open,Neutral
S4942,C11996,2026-05-23,Subscription,Low,6,Resolved,Positive
S4943,C11996,2025-09-12,Payment,Medium,18,Resolved,Neutral
S4944,C11996,2026-05-16,Login,High,67,Resolved,Negative
S4945,C11996,2026-08-03,Billing,Medium,63,Open,Negative
S4946,C11997,2026-06-28,Login,Medium,62,Resolved,Negative
S4947,C11997,2026-06-03,Billing,Medium,47,Open,Negative
S4948,C11997,2026-02-10,Billing,Low,29,Resolved,Neutral
S4949,C11997,2026-01-03,Subscription,Medium,1,Resolved,Positive
S4950,C11997,2025-09-24,Technical,Low,14,Resolved,Neutral
S4951,C11999,2026-02-01,Subscription,Medium,27,Resolved,Neutral
S4952,C11999,2026-01-13,Login,Medium,47,Open,Negative
S4953,C11999,2025-10-03,Payment,High,44,Open,Negative
S4954,C11999,2025-10-21,Billing,High,65,Resolved,Negative
S4955,C11999,2026-02-02,Login,Medium,29,Resolved,Neutral
S4956,C12000,2026-01-01,Technical,High,66,Resolved,Negative
S4957,C12000,2026-08-03,Subscription,Low,58,Resolved,Negative
S4958,C12000,2026-08-03,Subscription,Medium,31,Resolved,Neutral
S4959,C12000,2025-12-06,Login,Medium,11,Resolved,Positive
S4960,C12001,2026-08-21,Subscription,Medium,6,Resolved,Positive
S4961,C12001,2026-03-04,Subscription,High,52,Open,Negative
S4962,C12001,2026-07-23,Billing,Medium,71,Open,Negative
S4963,C12001,2025-11-15,Login,Medium,2,Resolved,Positive
S4964,C12004,2026-03-06,Billing,High,50,Resolved,Negative
S4965,C12004,2025-09-14,Login,Low,60,Resolved,Negative
S4966,C12004,2025-12-14,Technical,Medium,8,Resolved,Positive
S4967,C12005,2025-11-02,Subscription,Medium,16,Resolved,Neutral
S4968,C12005,2026-07-01,Technical,Low,70,Open,Negative
S4969,C12005,2026-05-10,Subscription,High,19,Open,Neutral
S4970,C12005,2025-09-25,Billing,Medium,51,Resolved,Negative
S4971,C12007,2026-07-02,Login,Medium,63,Resolved,Negative
S4972,C12007,2025-12-26,Payment,Low,4,Open,Positive
S4973,C12007,2025-10-16,Login,Low,1,Resolved,Positive
S4974,C12007,2026-01-19,Billing,Low,57,Resolved,Negative
S4975,C12007,2025-10-26,Payment,Medium,14,Resolved,Neutral
S4976,C12008,2025-11-30,Technical,High,21,Open,Neutral
S4977,C12008,2026-04-03,Payment,Medium,27,Resolved,Neutral
S4978,C12008,2026-02-21,Technical,High,11,Resolved,Positive
S4979,C12009,2026-02-17,Technical,Medium,51,Resolved,Negative
S4980,C12009,2026-08-31,Subscription,Low,19,Resolved,Neutral
S4981,C12009,2026-07-08,Billing,High,70,Open,Negative
S4982,C12010,2026-06-18,Login,Medium,30,Resolved,Neutral
S4983,C12011,2026-03-24,Billing,Medium,51,Resolved,Negative
S4984,C12011,2026-03-10,Billing,Medium,58,Resolved,Negative
S4985,C12012,2026-07-06,Subscription,Medium,66,Open,Negative
S4986,C12012,2025-09-23,Billing,Low,31,Resolved,Neutral
S4987,C12013,2026-06-24,Subscription,Low,35,Resolved,Neutral
S4988,C12013,2025-09-10,Payment,High,32,Resolved,Neutral
S4989,C12014,2025-09-02,Payment,High,11,Open,Positive
S4990,C12014,2026-04-08,Billing,Low,62,Open,Negative
S4991,C12014,2026-03-24,Login,Medium,42,Open,Negative
S4992,C12015,2026-01-10,Subscription,High,21,Resolved,Neutral
S4993,C12017,2025-12-14,Subscription,Low,13,Resolved,Neutral
S4994,C12017,2026-08-20,Billing,High,22,Open,Neutral
S4995,C12017,2026-01-12,Subscription,Low,67,Resolved,Negative
S4996,C12017,2025-09-21,Technical,Medium,50,Open,Negative
S4997,C12018,2026-02-05,Login,High,71,Open,Negative
S4998,C12018,2026-05-05,Subscription,High,67,Resolved,Negative
S4999,C12018,2026-04-19,Subscription,Low,46,Resolved,Negative
S5000,C12018,2025-11-18,Payment,Low,18,Resolved,Neutral
S5001,C12018,2026-07-09,Payment,Medium,45,Open,Negative
S5002,C12019,2026-01-10,Login,Medium,72,Resolved,Negative
S5003,C12020,2026-04-30,Payment,Medium,16,Open,Neutral
S5004,C12020,2026-03-03,Login,Medium,22,Open,Neutral
S5005,C12021,2026-02-01,Billing,Medium,41,Resolved,Negative
S5006,C12021,2025-12-02,Login,Medium,58,Resolved,Negative
S5007,C12021,2026-05-17,Login,High,22,Open,Neutral
S5008,C12021,2025-11-19,Payment,Medium,65,Resolved,Negative
S5009,C12021,2026-03-18,Payment,Medium,26,Open,Neutral
S5010,C12022,2026-07-31,Billing,Low,7,Open,Positive
S5011,C12023,2026-05-12,Login,Medium,3,Resolved,Positive
S5012,C12024,2025-10-15,Login,High,58,Resolved,Negative
S5013,C12024,2025-11-11,Technical,Medium,13,Open,Neutral
S5014,C12024,2025-11-14,Login,High,2,Open,Positive
S5015,C12024,2026-08-10,Payment,High,19,Resolved,Neutral
S5016,C12024,2026-01-03,Technical,High,14,Open,Neutral
S5017,C12025,2026-07-19,Subscription,Low,29,Resolved,Neutral
S5018,C12025,2025-12-24,Subscription,High,68,Resolved,Negative
S5019,C12026,2026-05-08,Technical,Medium,22,Resolved,Neutral
S5020,C12026,2025-11-14,Billing,Low,57,Open,Negative
S5021,C12026,2026-08-31,Billing,Medium,72,Resolved,Negative
S5022,C12026,2026-05-11,Technical,High,39,Resolved,Negative
S5023,C12027,2025-11-22,Login,Low,55,Resolved,Negative
S5024,C12027,2026-02-14,Login,High,22,Resolved,Neutral
S5025,C12027,2025-09-18,Technical,Medium,9,Open,Positive
S5026,C12027,2026-01-30,Subscription,Medium,16,Resolved,Neutral
S5027,C12027,2025-10-30,Billing,Low,50,Open,Negative
S5028,C12028,2025-09-02,Login,High,12,Resolved,Positive
S5029,C12028,2025-11-19,Login,Low,36,Resolved,Neutral
S5030,C12029,2026-03-10,Login,Medium,26,Resolved,Neutral
S5031,C12029,2026-02-07,Billing,Low,60,Open,Negative
S5032,C12029,2025-09-21,Subscription,Medium,51,Resolved,Negative
S5033,C12029,2025-10-20,Subscription,Low,42,Open,Negative
S5034,C12029,2026-05-05,Billing,Low,71,Resolved,Negative
S5035,C12030,2026-07-08,Payment,Medium,9,Resolved,Positive
S5036,C12031,2025-09-15,Technical,Low,57,Resolved,Negative
S5037,C12032,2026-05-02,Billing,Medium,41,Resolved,Negative
S5038,C12033,2026-03-12,Login,High,64,Resolved,Negative
S5039,C12033,2025-09-12,Login,Low,38,Resolved,Negative
S5040,C12033,2026-02-20,Technical,Medium,36,Resolved,Neutral
S5041,C12033,2025-12-04,Technical,Low,26,Open,Neutral
S5042,C12034,2026-03-01,Billing,Low,21,Open,Neutral
S5043,C12034,2025-12-01,Login,Medium,41,Open,Negative
S5044,C12034,2026-08-15,Technical,High,30,Open,Neutral
S5045,C12034,2026-01-31,Login,Low,61,Resolved,Negative
S5046,C12034,2026-02-09,Billing,High,10,Open,Positive
S5047,C12035,2026-07-18,Subscription,Medium,22,Resolved,Neutral
S5048,C12035,2026-03-27,Payment,Medium,43,Resolved,Negative
S5049,C12035,2025-09-16,Payment,Low,17,Resolved,Neutral
S5050,C12035,2025-12-02,Billing,Medium,31,Resolved,Neutral
S5051,C12035,2025-10-05,Payment,High,53,Resolved,Negative
S5052,C12036,2026-02-15,Subscription,Low,43,Open,Negative
S5053,C12036,2026-07-21,Payment,Medium,8,Resolved,Positive
S5054,C12037,2026-04-24,Payment,Medium,9,Resolved,Positive
S5055,C12037,2026-05-07,Login,High,25,Open,Neutral
S5056,C12037,2026-02-18,Billing,High,44,Resolved,Negative
S5057,C12037,2026-02-16,Subscription,Low,71,Resolved,Negative
S5058,C12037,2025-09-06,Login,Medium,16,Resolved,Neutral
S5059,C12038,2026-02-21,Technical,High,24,Resolved,Neutral
S5060,C12038,2026-06-04,Billing,Low,6,Resolved,Positive
S5061,C12038,2026-04-23,Billing,Low,33,Resolved,Neutral
S5062,C12038,2025-09-05,Payment,Low,22,Resolved,Neutral
S5063,C12038,2025-12-13,Payment,Low,71,Resolved,Negative
S5064,C12039,2026-08-14,Payment,Medium,21,Resolved,Neutral
S5065,C12039,2026-01-27,Payment,Low,13,Resolved,Neutral
S5066,C12040,2026-05-08,Payment,Low,3,Resolved,Positive
S5067,C12040,2026-02-14,Subscription,Medium,52,Resolved,Negative
S5068,C12041,2025-09-08,Subscription,Medium,47,Open,Negative
S5069,C12041,2025-09-17,Billing,High,38,Open,Negative
S5070,C12042,2026-01-08,Subscription,High,13,Resolved,Neutral
S5071,C12042,2026-01-08,Login,Medium,66,Open,Negative
S5072,C12042,2026-04-17,Technical,High,66,Open,Negative
S5073,C12042,2026-06-21,Login,High,3,Open,Positive
S5074,C12043,2025-11-30,Technical,Low,19,Resolved,Neutral
S5075,C12043,2026-06-14,Subscription,High,55,Open,Negative
S5076,C12043,2025-09-25,Subscription,Low,69,Open,Negative
S5077,C12043,2026-04-14,Billing,Low,49,Resolved,Negative
S5078,C12044,2026-04-12,Payment,Medium,41,Open,Negative
S5079,C12044,2025-12-17,Subscription,Low,63,Resolved,Negative
S5080,C12044,2026-04-10,Subscription,Medium,4,Resolved,Positive
S5081,C12045,2025-11-12,Payment,High,53,Resolved,Negative
S5082,C12045,2025-12-15,Login,Medium,8,Resolved,Positive
S5083,C12045,2025-12-13,Billing,High,34,Resolved,Neutral
S5084,C12045,2026-04-26,Billing,High,35,Open,Neutral
S5085,C12047,2026-06-02,Billing,High,66,Resolved,Negative
S5086,C12047,2026-04-23,Subscription,High,24,Resolved,Neutral
S5087,C12047,2025-09-26,Payment,Low,10,Open,Positive
S5088,C12047,2026-05-11,Payment,High,63,Resolved,Negative
S5089,C12048,2026-05-10,Subscription,High,66,Open,Negative
S5090,C12048,2026-01-28,Login,Low,5,Open,Positive
S5091,C12048,2025-10-03,Technical,High,5,Resolved,Positive
S5092,C12048,2026-01-19,Subscription,Low,60,Resolved,Negative
S5093,C12049,2026-04-27,Payment,Low,2,Open,Positive
S5094,C12049,2025-09-16,Payment,Medium,70,Resolved,Negative
S5095,C12050,2025-11-11,Technical,Low,40,Resolved,Negative
S5096,C12052,2026-07-03,Billing,Low,1,Open,Positive
S5097,C12052,2026-04-05,Login,Low,18,Open,Neutral
S5098,C12052,2026-02-17,Billing,Medium,45,Open,Negative
S5099,C12052,2026-04-24,Subscription,Medium,55,Resolved,Negative
S5100,C12052,2026-05-29,Subscription,Low,71,Open,Negative
S5101,C12054,2026-04-06,Technical,Low,7,Resolved,Positive
S5102,C12054,2026-08-08,Payment,High,60,Resolved,Negative
S5103,C12054,2025-10-29,Subscription,Low,13,Resolved,Neutral
S5104,C12055,2026-02-08,Login,High,29,Open,Neutral
S5105,C12056,2026-05-12,Subscription,Medium,36,Resolved,Neutral
S5106,C12056,2025-11-06,Login,Medium,2,Open,Positive
S5107,C12056,2025-10-24,Login,High,3,Open,Positive
S5108,C12057,2026-01-03,Billing,High,40,Open,Negative
S5109,C12057,2026-01-08,Technical,High,1,Resolved,Positive
S5110,C12057,2026-08-22,Subscription,Medium,29,Resolved,Neutral
S5111,C12057,2026-01-07,Billing,Medium,54,Open,Negative
S5112,C12057,2026-02-19,Payment,Medium,31,Open,Neutral
S5113,C12058,2026-08-10,Payment,High,10,Resolved,Positive
S5114,C12058,2025-12-27,Billing,Medium,15,Open,Neutral
S5115,C12058,2026-08-08,Payment,High,26,Open,Neutral
S5116,C12059,2026-06-29,Billing,High,52,Open,Negative
S5117,C12060,2025-10-11,Billing,High,55,Open,Negative
S5118,C12060,2026-04-28,Login,Medium,19,Resolved,Neutral
S5119,C12062,2026-08-20,Technical,High,18,Resolved,Neutral
S5120,C12062,2025-12-10,Billing,High,14,Resolved,Neutral
S5121,C12064,2026-06-06,Technical,High,72,Resolved,Negative
S5122,C12064,2026-01-11,Technical,High,30,Resolved,Neutral
S5123,C12065,2026-05-03,Technical,Low,19,Resolved,Neutral
S5124,C12065,2026-07-26,Login,High,34,Resolved,Neutral
S5125,C12066,2025-09-16,Payment,High,67,Resolved,Negative
S5126,C12067,2026-03-21,Billing,Medium,19,Resolved,Neutral
S5127,C12068,2026-05-04,Payment,Low,55,Open,Negative
S5128,C12068,2026-04-25,Billing,Medium,4,Resolved,Positive
S5129,C12068,2025-09-14,Subscription,Low,70,Open,Negative
S5130,C12069,2026-02-15,Billing,Low,30,Open,Neutral
S5131,C12071,2026-01-27,Payment,Medium,46,Resolved,Negative
S5132,C12071,2025-09-09,Subscription,High,65,Open,Negative
S5133,C12071,2025-11-29,Technical,Medium,50,Resolved,Negative
S5134,C12071,2026-02-08,Technical,High,49,Open,Negative
S5135,C12073,2025-11-29,Payment,High,6,Resolved,Positive
S5136,C12073,2025-12-12,Subscription,High,20,Open,Neutral
S5137,C12073,2025-09-05,Technical,Low,39,Resolved,Negative
S5138,C12074,2026-04-14,Technical,Low,3,Resolved,Positive
S5139,C12074,2026-05-08,Technical,Low,68,Resolved,Negative
S5140,C12074,2025-10-04,Payment,Low,23,Open,Neutral
S5141,C12074,2026-06-02,Payment,High,23,Resolved,Neutral
S5142,C12074,2026-06-20,Technical,Low,32,Resolved,Neutral
S5143,C12075,2026-01-25,Billing,Low,68,Open,Negative
S5144,C12076,2026-08-06,Billing,Low,64,Resolved,Negative
S5145,C12077,2025-09-30,Subscription,Medium,10,Open,Positive
S5146,C12077,2026-08-19,Technical,High,43,Resolved,Negative
S5147,C12078,2026-02-08,Billing,Medium,16,Open,Neutral
S5148,C12079,2026-04-07,Payment,Medium,35,Resolved,Neutral
S5149,C12079,2025-11-23,Billing,High,13,Resolved,Neutral
S5150,C12080,2025-10-17,Billing,Medium,72,Resolved,Negative
S5151,C12080,2025-12-04,Billing,High,61,Resolved,Negative
S5152,C12080,2026-08-26,Payment,Low,6,Resolved,Positive
S5153,C12080,2026-08-14,Billing,Low,58,Open,Negative
S5154,C12081,2026-08-02,Subscription,High,58,Resolved,Negative
S5155,C12081,2025-11-15,Payment,Medium,13,Resolved,Neutral
S5156,C12082,2025-12-05,Login,Medium,13,Resolved,Neutral
S5157,C12083,2026-01-24,Technical,Medium,23,Resolved,Neutral
S5158,C12083,2025-11-16,Payment,Medium,25,Open,Neutral
S5159,C12083,2025-12-22,Technical,High,72,Resolved,Negative
S5160,C12084,2026-01-03,Subscription,Medium,57,Open,Negative
S5161,C12086,2026-07-05,Login,High,61,Open,Negative
S5162,C12086,2026-07-06,Payment,Medium,2,Resolved,Positive
S5163,C12086,2025-11-06,Subscription,Low,33,Resolved,Neutral
S5164,C12086,2026-03-26,Billing,Medium,10,Resolved,Positive
S5165,C12086,2025-09-12,Technical,Medium,17,Resolved,Neutral
S5166,C12087,2025-12-13,Login,High,60,Resolved,Negative
S5167,C12087,2026-05-16,Subscription,High,16,Open,Neutral
S5168,C12087,2025-11-24,Technical,Medium,42,Resolved,Negative
S5169,C12087,2025-11-12,Billing,Medium,58,Resolved,Negative
S5170,C12087,2025-11-08,Login,Low,5,Open,Positive
S5171,C12089,2026-06-14,Payment,High,63,Open,Negative
S5172,C12089,2026-06-22,Subscription,Low,9,Resolved,Positive
S5173,C12090,2026-01-28,Login,Low,53,Resolved,Negative
S5174,C12090,2025-12-09,Billing,Low,3,Open,Positive
S5175,C12090,2025-12-16,Technical,Medium,38,Resolved,Negative
S5176,C12091,2025-12-12,Subscription,Low,60,Resolved,Negative
S5177,C12091,2026-07-13,Subscription,High,41,Open,Negative
S5178,C12091,2026-01-23,Subscription,Low,9,Resolved,Positive
S5179,C12091,2026-07-01,Login,Low,28,Resolved,Neutral
S5180,C12091,2026-03-17,Billing,High,45,Resolved,Negative
S5181,C12092,2025-10-07,Subscription,Medium,21,Open,Neutral
S5182,C12092,2026-02-04,Subscription,High,51,Open,Negative
S5183,C12092,2025-12-26,Subscription,Medium,30,Resolved,Neutral
S5184,C12093,2026-04-15,Payment,Medium,49,Open,Negative
S5185,C12094,2025-12-15,Technical,High,48,Open,Negative
S5186,C12095,2026-02-08,Subscription,High,19,Resolved,Neutral
S5187,C12095,2026-08-19,Technical,Low,19,Resolved,Neutral
S5188,C12095,2025-10-07,Subscription,High,58,Resolved,Negative
S5189,C12097,2026-07-04,Login,High,47,Resolved,Negative
S5190,C12097,2026-01-05,Login,High,64,Resolved,Negative
S5191,C12097,2026-08-06,Login,Medium,70,Resolved,Negative
S5192,C12097,2025-10-31,Technical,Low,62,Resolved,Negative
S5193,C12098,2026-05-04,Technical,High,60,Resolved,Negative
S5194,C12098,2026-03-14,Login,Low,2,Open,Positive
S5195,C12098,2026-02-06,Login,Low,37,Resolved,Negative
S5196,C12098,2026-04-02,Billing,Low,13,Resolved,Neutral
S5197,C12098,2025-10-14,Login,Medium,57,Open,Negative
S5198,C12099,2026-01-05,Billing,Low,25,Resolved,Neutral
S5199,C12099,2026-08-28,Technical,Medium,25,Open,Neutral
S5200,C12099,2026-04-25,Subscription,Low,53,Resolved,Negative
S5201,C12099,2025-10-12,Technical,Low,53,Open,Negative
S5202,C12100,2026-01-18,Technical,Medium,34,Resolved,Neutral
S5203,C12100,2026-02-07,Payment,High,25,Resolved,Neutral
S5204,C12100,2026-02-28,Login,High,64,Resolved,Negative
S5205,C12100,2025-12-26,Subscription,Low,25,Resolved,Neutral
S5206,C12101,2026-05-11,Payment,Medium,27,Open,Neutral
S5207,C12102,2026-06-18,Billing,High,8,Open,Positive
S5208,C12102,2025-09-07,Payment,Low,62,Resolved,Negative
S5209,C12102,2026-05-02,Login,Low,22,Open,Neutral
S5210,C12103,2026-03-08,Billing,Low,37,Resolved,Negative
S5211,C12103,2026-05-26,Technical,High,41,Resolved,Negative
S5212,C12103,2026-07-18,Subscription,High,40,Resolved,Negative
S5213,C12104,2026-04-16,Technical,High,67,Resolved,Negative
S5214,C12104,2025-12-06,Payment,Low,33,Resolved,Neutral
S5215,C12106,2026-04-09,Technical,Low,51,Open,Negative
S5216,C12106,2025-10-07,Subscription,Low,71,Resolved,Negative
S5217,C12106,2026-02-17,Technical,Low,66,Resolved,Negative
S5218,C12107,2026-05-11,Payment,High,53,Resolved,Negative
S5219,C12107,2026-05-27,Login,High,9,Resolved,Positive
S5220,C12107,2026-08-09,Payment,Medium,7,Resolved,Positive
S5221,C12107,2026-04-25,Billing,Low,34,Resolved,Neutral
S5222,C12108,2026-05-26,Payment,Medium,7,Open,Positive
S5223,C12108,2025-09-11,Login,High,45,Resolved,Negative
S5224,C12108,2026-02-11,Technical,High,39,Resolved,Negative
S5225,C12109,2025-09-06,Technical,Medium,55,Open,Negative
S5226,C12109,2026-05-17,Billing,Medium,22,Resolved,Neutral
S5227,C12109,2026-06-11,Billing,Low,6,Resolved,Positive
S5228,C12109,2026-03-29,Login,Medium,13,Resolved,Neutral
S5229,C12110,2025-10-08,Subscription,Medium,60,Open,Negative
S5230,C12110,2025-10-24,Login,Low,67,Resolved,Negative
S5231,C12110,2026-01-11,Payment,High,29,Open,Neutral
S5232,C12110,2026-02-17,Payment,Low,46,Open,Negative
S5233,C12111,2026-07-29,Technical,Low,41,Open,Negative
S5234,C12111,2025-09-24,Technical,Medium,72,Resolved,Negative
S5235,C12111,2026-01-30,Login,High,31,Resolved,Neutral
S5236,C12111,2025-09-11,Billing,Low,5,Resolved,Positive
S5237,C12112,2025-10-30,Payment,Low,45,Resolved,Negative
S5238,C12112,2026-05-28,Login,Medium,20,Open,Neutral
S5239,C12113,2026-04-27,Payment,High,68,Resolved,Negative
S5240,C12113,2026-03-25,Subscription,Medium,58,Open,Negative
S5241,C12113,2026-06-07,Technical,High,62,Resolved,Negative
S5242,C12113,2025-11-03,Payment,High,54,Resolved,Negative
S5243,C12113,2025-10-27,Payment,Low,68,Resolved,Negative
S5244,C12114,2025-12-12,Billing,Medium,2,Open,Positive
S5245,C12115,2026-08-20,Payment,High,10,Resolved,Positive
S5246,C12115,2026-04-01,Login,Medium,51,Open,Negative
S5247,C12115,2026-04-14,Login,Medium,25,Resolved,Neutral
S5248,C12115,2026-08-12,Billing,Low,11,Resolved,Positive
S5249,C12116,2026-05-29,Payment,Medium,8,Open,Positive
S5250,C12117,2026-02-17,Login,Low,44,Open,Negative
S5251,C12117,2025-09-25,Billing,High,30,Resolved,Neutral
S5252,C12118,2025-12-30,Billing,Medium,68,Open,Negative
S5253,C12118,2026-03-03,Technical,Medium,68,Resolved,Negative
S5254,C12118,2025-09-19,Subscription,High,63,Open,Negative
S5255,C12118,2026-02-06,Login,High,47,Resolved,Negative
S5256,C12118,2026-03-08,Billing,Medium,66,Open,Negative
S5257,C12119,2026-01-13,Login,Medium,22,Resolved,Neutral
S5258,C12119,2026-04-24,Payment,Medium,21,Resolved,Neutral
S5259,C12120,2026-01-30,Subscription,Low,56,Open,Negative
S5260,C12120,2026-07-13,Billing,High,11,Resolved,Positive
S5261,C12121,2026-01-05,Technical,Medium,12,Resolved,Positive
S5262,C12122,2025-09-12,Login,Medium,9,Resolved,Positive
S5263,C12123,2026-06-30,Subscription,Low,6,Resolved,Positive
S5264,C12123,2026-07-09,Login,Low,39,Resolved,Negative
S5265,C12123,2025-09-07,Technical,High,55,Resolved,Negative
S5266,C12125,2026-06-28,Billing,Medium,65,Resolved,Negative
S5267,C12125,2026-05-19,Payment,Medium,32,Resolved,Neutral
S5268,C12125,2026-05-13,Technical,High,50,Open,Negative
S5269,C12125,2025-09-07,Technical,Low,37,Resolved,Negative
S5270,C12125,2025-11-09,Payment,High,29,Resolved,Neutral
S5271,C12127,2026-07-23,Login,High,14,Open,Neutral
S5272,C12128,2025-10-13,Payment,Low,29,Open,Neutral
S5273,C12128,2026-05-21,Payment,Medium,28,Resolved,Neutral
S5274,C12128,2026-04-09,Technical,Medium,30,Resolved,Neutral
S5275,C12128,2026-06-16,Technical,High,72,Resolved,Negative
S5276,C12128,2026-02-22,Billing,Medium,61,Resolved,Negative
S5277,C12129,2026-04-28,Technical,Medium,34,Open,Neutral
S5278,C12129,2026-02-20,Payment,Low,58,Open,Negative
S5279,C12130,2026-08-22,Billing,Low,58,Resolved,Negative
S5280,C12130,2026-06-26,Login,Low,34,Resolved,Neutral
S5281,C12130,2026-06-20,Login,High,13,Resolved,Neutral
S5282,C12131,2026-05-27,Payment,High,66,Resolved,Negative
S5283,C12132,2026-02-10,Login,Medium,47,Resolved,Negative
S5284,C12132,2025-12-26,Subscription,Low,20,Resolved,Neutral
S5285,C12132,2026-07-06,Login,High,72,Resolved,Negative
S5286,C12132,2026-05-08,Subscription,High,56,Resolved,Negative
S5287,C12133,2026-02-19,Login,Medium,6,Resolved,Positive
S5288,C12133,2025-09-02,Subscription,Medium,16,Resolved,Neutral
S5289,C12133,2026-05-10,Subscription,Medium,19,Resolved,Neutral
S5290,C12134,2025-12-29,Login,High,45,Open,Negative
S5291,C12134,2026-05-25,Technical,Low,4,Resolved,Positive
S5292,C12134,2026-04-04,Billing,High,61,Resolved,Negative
S5293,C12134,2026-02-06,Billing,Low,48,Resolved,Negative
S5294,C12135,2026-05-15,Technical,Low,48,Resolved,Negative
S5295,C12135,2025-09-11,Subscription,Medium,66,Resolved,Negative
S5296,C12135,2025-10-01,Technical,Medium,63,Open,Negative
S5297,C12135,2026-02-03,Payment,Medium,49,Resolved,Negative
S5298,C12136,2026-01-10,Subscription,Low,6,Open,Positive
S5299,C12136,2026-02-01,Login,High,30,Resolved,Neutral
S5300,C12136,2025-09-26,Subscription,Medium,57,Open,Negative
S5301,C12136,2025-10-25,Billing,High,18,Resolved,Neutral
S5302,C12137,2025-12-29,Technical,Low,18,Open,Neutral
S5303,C12138,2026-02-16,Billing,Low,35,Resolved,Neutral
S5304,C12138,2026-02-06,Login,Medium,45,Open,Negative
S5305,C12138,2025-10-22,Technical,Low,49,Resolved,Negative
S5306,C12138,2026-01-07,Billing,High,29,Open,Neutral
S5307,C12139,2026-02-07,Payment,High,35,Open,Neutral
S5308,C12139,2026-04-14,Subscription,Low,52,Open,Negative
S5309,C12139,2026-01-12,Billing,Low,12,Open,Positive
S5310,C12139,2025-09-24,Login,Low,49,Resolved,Negative
S5311,C12139,2025-10-24,Technical,High,63,Resolved,Negative
S5312,C12140,2026-07-25,Subscription,Low,57,Open,Negative
S5313,C12140,2026-01-22,Payment,High,43,Open,Negative
S5314,C12140,2025-09-25,Payment,Low,2,Resolved,Positive
S5315,C12140,2026-02-10,Subscription,High,52,Resolved,Negative
S5316,C12141,2026-07-04,Technical,High,9,Resolved,Positive
S5317,C12143,2026-07-08,Subscription,High,11,Open,Positive
S5318,C12143,2026-08-01,Login,High,3,Open,Positive
S5319,C12143,2025-10-22,Payment,Low,3,Open,Positive
S5320,C12145,2026-03-13,Billing,Medium,72,Resolved,Negative
S5321,C12145,2026-06-08,Login,High,41,Resolved,Negative
S5322,C12146,2026-05-02,Subscription,Medium,65,Resolved,Negative
S5323,C12146,2025-09-11,Technical,Low,3,Resolved,Positive
S5324,C12146,2025-11-06,Subscription,High,49,Resolved,Negative
S5325,C12146,2026-01-26,Subscription,High,25,Open,Neutral
S5326,C12146,2026-08-18,Billing,Medium,67,Resolved,Negative
S5327,C12148,2025-10-12,Subscription,Medium,15,Resolved,Neutral
S5328,C12148,2026-07-02,Payment,High,29,Resolved,Neutral
S5329,C12148,2026-07-09,Technical,Medium,7,Open,Positive
S5330,C12148,2026-07-13,Payment,High,68,Resolved,Negative
S5331,C12149,2026-08-01,Billing,Medium,29,Resolved,Neutral
S5332,C12150,2025-12-15,Subscription,High,22,Open,Neutral
S5333,C12152,2025-11-08,Technical,Low,27,Open,Neutral
S5334,C12153,2026-08-22,Login,High,48,Resolved,Negative
S5335,C12154,2025-10-29,Billing,Low,34,Resolved,Neutral
S5336,C12154,2026-07-12,Subscription,Low,72,Open,Negative
S5337,C12155,2026-03-23,Login,Low,56,Open,Negative
S5338,C12155,2026-08-23,Login,Low,27,Open,Neutral
S5339,C12155,2026-05-15,Payment,Medium,67,Resolved,Negative
S5340,C12156,2025-12-22,Billing,Medium,6,Resolved,Positive
S5341,C12157,2026-03-12,Billing,Medium,50,Resolved,Negative
S5342,C12157,2025-12-20,Login,Medium,23,Open,Neutral
S5343,C12157,2026-01-27,Technical,Low,39,Open,Negative
S5344,C12158,2026-04-15,Technical,High,24,Resolved,Neutral
S5345,C12158,2026-03-08,Technical,Low,52,Resolved,Negative
S5346,C12158,2026-03-21,Billing,Low,50,Open,Negative
S5347,C12158,2026-01-11,Billing,Low,27,Resolved,Neutral
S5348,C12158,2026-08-10,Login,Low,12,Open,Positive
S5349,C12159,2025-10-17,Subscription,High,50,Open,Negative
S5350,C12160,2025-11-20,Payment,Low,71,Resolved,Negative
S5351,C12160,2026-02-10,Payment,High,33,Open,Neutral
S5352,C12160,2026-03-23,Login,Medium,55,Open,Negative
S5353,C12160,2025-09-28,Billing,Medium,11,Open,Positive
S5354,C12160,2026-04-23,Payment,Low,46,Resolved,Negative
S5355,C12161,2025-12-15,Technical,High,3,Open,Positive
S5356,C12161,2026-08-15,Payment,High,1,Open,Positive
S5357,C12161,2026-06-28,Subscription,High,42,Resolved,Negative
S5358,C12161,2026-03-28,Technical,Medium,72,Resolved,Negative
S5359,C12161,2025-09-08,Technical,Medium,71,Open,Negative
S5360,C12162,2026-05-07,Login,High,7,Open,Positive
S5361,C12162,2025-12-15,Payment,High,25,Resolved,Neutral
S5362,C12162,2025-12-12,Payment,Low,60,Resolved,Negative
S5363,C12163,2026-06-11,Login,Low,20,Resolved,Neutral
S5364,C12163,2026-01-24,Payment,High,35,Open,Neutral
S5365,C12163,2025-11-29,Technical,High,24,Resolved,Neutral
S5366,C12166,2026-08-18,Payment,High,46,Open,Negative
S5367,C12166,2026-01-08,Subscription,Medium,23,Resolved,Neutral
S5368,C12166,2026-05-24,Billing,High,16,Open,Neutral
S5369,C12166,2026-04-01,Subscription,High,49,Resolved,Negative
S5370,C12166,2025-09-15,Payment,High,27,Resolved,Neutral
S5371,C12167,2026-07-14,Technical,Medium,20,Resolved,Neutral
S5372,C12167,2025-09-16,Subscription,Medium,50,Open,Negative
S5373,C12167,2026-06-16,Subscription,Low,48,Resolved,Negative
S5374,C12167,2026-05-05,Payment,Medium,17,Open,Neutral
S5375,C12168,2026-05-10,Login,Medium,33,Resolved,Neutral
S5376,C12168,2025-10-22,Login,High,24,Resolved,Neutral
S5377,C12168,2026-08-28,Payment,High,6,Open,Positive
S5378,C12168,2026-07-02,Payment,Medium,68,Resolved,Negative
S5379,C12169,2026-02-21,Login,High,21,Open,Neutral
S5380,C12169,2026-07-12,Subscription,Medium,27,Resolved,Neutral
S5381,C12169,2025-10-23,Login,High,29,Resolved,Neutral
S5382,C12169,2026-04-25,Subscription,High,43,Resolved,Negative
S5383,C12170,2025-10-06,Technical,High,63,Resolved,Negative
S5384,C12171,2026-02-20,Billing,Low,29,Open,Neutral
S5385,C12171,2025-10-09,Technical,Medium,67,Resolved,Negative
S5386,C12172,2025-12-12,Technical,Medium,24,Open,Neutral
S5387,C12172,2025-10-18,Technical,Low,31,Resolved,Neutral
S5388,C12172,2025-10-11,Technical,Low,58,Resolved,Negative
S5389,C12174,2025-10-22,Subscription,Low,55,Resolved,Negative
S5390,C12174,2025-10-12,Technical,Medium,33,Resolved,Neutral
S5391,C12174,2025-11-09,Payment,Medium,32,Open,Neutral
S5392,C12175,2026-04-24,Payment,High,13,Resolved,Neutral
S5393,C12175,2025-09-15,Subscription,High,18,Resolved,Neutral
S5394,C12175,2026-01-12,Technical,Medium,55,Resolved,Negative
S5395,C12175,2026-03-21,Payment,High,48,Resolved,Negative
S5396,C12175,2026-03-14,Billing,High,28,Resolved,Neutral
S5397,C12177,2026-08-29,Login,Medium,36,Resolved,Neutral
S5398,C12177,2026-06-10,Login,High,32,Resolved,Neutral
S5399,C12177,2026-03-14,Subscription,Medium,62,Resolved,Negative
S5400,C12177,2025-12-22,Billing,Medium,37,Open,Negative
S5401,C12177,2025-09-26,Subscription,Low,1,Open,Positive
S5402,C12178,2026-04-14,Technical,Medium,9,Resolved,Positive
S5403,C12178,2025-11-15,Technical,Low,38,Resolved,Negative
S5404,C12178,2026-01-29,Technical,Medium,45,Resolved,Negative
S5405,C12178,2026-05-03,Login,Medium,7,Open,Positive
S5406,C12178,2026-05-03,Billing,Medium,28,Resolved,Neutral
S5407,C12183,2026-06-07,Payment,Low,63,Resolved,Negative
S5408,C12183,2026-08-25,Billing,Low,41,Open,Negative
S5409,C12183,2025-11-04,Billing,Medium,72,Resolved,Negative
S5410,C12185,2026-01-23,Payment,Low,26,Open,Neutral
S5411,C12185,2026-05-02,Technical,Low,68,Open,Negative
S5412,C12185,2026-07-29,Subscription,High,37,Resolved,Negative
S5413,C12185,2026-06-25,Technical,Medium,49,Resolved,Negative
S5414,C12187,2026-05-28,Billing,Low,26,Open,Neutral
S5415,C12188,2025-11-20,Login,Low,18,Resolved,Neutral
S5416,C12188,2025-10-05,Billing,Low,46,Resolved,Negative
S5417,C12188,2026-06-27,Login,Medium,51,Open,Negative
S5418,C12188,2025-11-25,Login,Low,18,Resolved,Neutral
S5419,C12189,2026-05-25,Payment,Low,28,Open,Neutral
S5420,C12189,2025-12-26,Login,Medium,52,Open,Negative
S5421,C12190,2026-04-15,Login,High,59,Open,Negative
S5422,C12190,2025-12-08,Billing,Low,46,Open,Negative
S5423,C12190,2026-02-11,Billing,High,17,Open,Neutral
S5424,C12191,2025-09-10,Login,Low,16,Resolved,Neutral
S5425,C12191,2026-02-28,Billing,High,50,Open,Negative
S5426,C12191,2026-03-17,Login,High,72,Resolved,Negative
S5427,C12191,2025-09-26,Subscription,Low,32,Resolved,Neutral
S5428,C12193,2026-06-06,Subscription,Medium,41,Resolved,Negative
S5429,C12193,2026-03-17,Login,High,41,Resolved,Negative
S5430,C12194,2025-11-01,Subscription,Medium,20,Resolved,Neutral
S5431,C12195,2026-04-30,Technical,Low,61,Resolved,Negative
S5432,C12195,2026-01-09,Login,High,6,Resolved,Positive
S5433,C12196,2026-08-13,Login,Medium,25,Resolved,Neutral
S5434,C12197,2026-08-27,Login,High,33,Resolved,Neutral
S5435,C12197,2025-10-19,Billing,High,36,Resolved,Neutral
S5436,C12197,2025-10-12,Payment,High,36,Open,Neutral
S5437,C12197,2026-04-16,Payment,Medium,45,Resolved,Negative
S5438,C12198,2026-05-15,Payment,Low,42,Resolved,Negative
S5439,C12198,2025-11-30,Technical,Low,39,Resolved,Negative
S5440,C12198,2026-03-30,Login,Medium,2,Open,Positive
S5441,C12199,2026-01-11,Login,High,67,Resolved,Negative
S5442,C12199,2025-11-02,Subscription,High,40,Resolved,Negative
S5443,C12199,2025-10-22,Login,Low,39,Resolved,Negative
S5444,C12199,2025-11-03,Subscription,Low,68,Resolved,Negative
S5445,C12201,2026-08-24,Technical,High,43,Resolved,Negative
S5446,C12201,2026-04-26,Subscription,Medium,65,Resolved,Negative
S5447,C12201,2025-11-23,Subscription,Low,5,Resolved,Positive
S5448,C12202,2025-10-17,Subscription,Low,50,Resolved,Negative
S5449,C12204,2025-09-25,Technical,Medium,6,Resolved,Positive
S5450,C12205,2025-12-29,Payment,Medium,72,Resolved,Negative
S5451,C12205,2026-08-29,Billing,Low,16,Resolved,Neutral
S5452,C12206,2025-11-10,Login,High,49,Open,Negative
S5453,C12206,2026-07-26,Technical,Low,70,Open,Negative
S5454,C12206,2025-11-26,Login,High,67,Resolved,Negative
S5455,C12206,2025-09-30,Login,High,1,Resolved,Positive
S5456,C12207,2025-09-30,Login,Low,8,Resolved,Positive
S5457,C12207,2026-01-18,Subscription,High,48,Resolved,Negative
S5458,C12208,2026-08-04,Payment,Low,28,Resolved,Neutral
S5459,C12209,2025-12-29,Billing,Medium,43,Resolved,Negative
S5460,C12209,2026-03-06,Subscription,High,48,Resolved,Negative
S5461,C12210,2026-07-14,Login,Medium,2,Open,Positive
S5462,C12210,2026-08-12,Subscription,High,36,Open,Neutral
S5463,C12210,2026-04-14,Payment,Low,70,Resolved,Negative
S5464,C12210,2026-05-26,Technical,Low,55,Resolved,Negative
S5465,C12211,2026-02-22,Login,Low,43,Resolved,Negative
S5466,C12212,2026-05-02,Technical,Low,18,Resolved,Neutral
S5467,C12213,2026-06-10,Subscription,High,29,Resolved,Neutral
S5468,C12214,2026-08-04,Subscription,Low,40,Open,Negative
S5469,C12214,2026-07-17,Payment,Medium,66,Resolved,Negative
S5470,C12214,2025-09-03,Technical,Low,21,Resolved,Neutral
S5471,C12214,2025-12-09,Subscription,High,51,Resolved,Negative
S5472,C12214,2026-08-04,Login,High,38,Open,Negative
S5473,C12215,2026-04-30,Billing,Low,6,Resolved,Positive
S5474,C12215,2026-06-11,Login,High,52,Resolved,Negative
S5475,C12215,2026-05-01,Billing,Low,45,Resolved,Negative
S5476,C12215,2026-05-24,Subscription,High,48,Open,Negative
S5477,C12215,2026-04-09,Login,High,49,Resolved,Negative
S5478,C12216,2026-06-25,Billing,Medium,5,Resolved,Positive
S5479,C12216,2026-03-26,Subscription,Medium,26,Resolved,Neutral
S5480,C12216,2026-05-15,Payment,Medium,56,Resolved,Negative
S5481,C12216,2026-03-17,Subscription,Low,33,Resolved,Neutral
S5482,C12217,2026-08-31,Subscription,Low,16,Open,Neutral
S5483,C12218,2026-05-13,Billing,Medium,69,Open,Negative
S5484,C12218,2025-11-27,Login,Medium,69,Resolved,Negative
S5485,C12218,2025-09-30,Payment,Low,4,Resolved,Positive
S5486,C12219,2026-07-04,Login,Low,45,Resolved,Negative
S5487,C12219,2026-07-31,Payment,Medium,3,Open,Positive
S5488,C12219,2026-06-03,Technical,Medium,56,Resolved,Negative
S5489,C12220,2026-08-28,Technical,High,32,Resolved,Neutral
S5490,C12220,2025-11-06,Login,High,11,Resolved,Positive
S5491,C12220,2025-09-06,Subscription,Low,72,Open,Negative
S5492,C12220,2026-01-25,Login,Low,12,Open,Positive
S5493,C12221,2026-05-14,Billing,Medium,36,Open,Neutral
S5494,C12221,2025-09-13,Payment,High,23,Resolved,Neutral
S5495,C12221,2025-12-31,Technical,High,35,Open,Neutral
S5496,C12221,2026-07-17,Billing,High,1,Resolved,Positive
S5497,C12221,2025-11-28,Login,Medium,26,Open,Neutral
S5498,C12222,2026-04-14,Payment,Low,63,Open,Negative
S5499,C12222,2026-01-10,Technical,Medium,58,Resolved,Negative
S5500,C12222,2026-08-04,Subscription,Medium,69,Resolved,Negative
S5501,C12223,2026-07-05,Billing,Low,4,Resolved,Positive
S5502,C12223,2025-12-29,Technical,Medium,1,Resolved,Positive
S5503,C12223,2025-12-03,Subscription,Medium,25,Resolved,Neutral
S5504,C12223,2026-06-21,Billing,Medium,64,Resolved,Negative
S5505,C12223,2026-06-02,Subscription,High,31,Resolved,Neutral
S5506,C12225,2025-11-03,Login,High,30,Resolved,Neutral
S5507,C12225,2026-08-17,Technical,Medium,12,Open,Positive
S5508,C12225,2026-03-18,Login,Medium,41,Resolved,Negative
S5509,C12225,2025-12-16,Technical,Medium,70,Resolved,Negative
S5510,C12225,2026-01-12,Billing,High,60,Open,Negative
S5511,C12226,2026-07-23,Payment,Low,1,Resolved,Positive
S5512,C12226,2026-05-08,Login,High,62,Resolved,Negative
S5513,C12227,2025-09-29,Technical,High,64,Resolved,Negative
S5514,C12227,2026-08-26,Payment,High,6,Resolved,Positive
S5515,C12228,2025-10-20,Login,Low,43,Resolved,Negative
S5516,C12228,2026-07-20,Billing,High,55,Resolved,Negative
S5517,C12228,2026-04-20,Technical,Low,11,Resolved,Positive
S5518,C12229,2026-05-16,Subscription,Low,19,Resolved,Neutral
S5519,C12229,2026-06-21,Login,High,55,Resolved,Negative
S5520,C12229,2026-04-06,Subscription,Medium,14,Resolved,Neutral
S5521,C12229,2025-11-20,Login,Low,26,Resolved,Neutral
S5522,C12229,2026-03-27,Billing,Medium,34,Resolved,Neutral
S5523,C12230,2026-02-24,Login,Low,49,Resolved,Negative
S5524,C12230,2026-05-28,Login,Medium,32,Open,Neutral
S5525,C12231,2026-03-21,Billing,Medium,33,Resolved,Neutral
S5526,C12231,2026-08-23,Subscription,Medium,18,Resolved,Neutral
S5527,C12232,2026-03-17,Login,Low,1,Open,Positive
S5528,C12232,2025-12-13,Technical,High,62,Resolved,Negative
S5529,C12232,2025-11-17,Billing,High,18,Open,Neutral
S5530,C12232,2025-09-29,Subscription,Medium,43,Open,Negative
S5531,C12232,2025-09-01,Subscription,High,47,Resolved,Negative
S5532,C12234,2026-02-17,Subscription,Low,10,Resolved,Positive
S5533,C12234,2025-12-22,Payment,High,40,Open,Negative
S5534,C12234,2026-04-10,Technical,High,7,Resolved,Positive
S5535,C12235,2026-08-14,Payment,Low,16,Resolved,Neutral
S5536,C12235,2025-10-01,Subscription,Low,2,Resolved,Positive
S5537,C12236,2025-12-11,Billing,Medium,18,Open,Neutral
S5538,C12236,2026-03-23,Login,High,42,Open,Negative
S5539,C12237,2026-02-22,Billing,Low,45,Resolved,Negative
S5540,C12237,2026-02-07,Technical,High,72,Open,Negative
S5541,C12238,2026-07-20,Subscription,Low,58,Open,Negative
S5542,C12238,2025-12-18,Payment,Low,35,Resolved,Neutral
S5543,C12238,2025-11-08,Payment,Medium,46,Resolved,Negative
S5544,C12238,2026-02-18,Subscription,Medium,45,Resolved,Negative
S5545,C12239,2025-11-23,Technical,Medium,65,Open,Negative
S5546,C12239,2025-09-01,Login,High,50,Resolved,Negative
S5547,C12239,2026-08-06,Subscription,Medium,39,Open,Negative
S5548,C12240,2025-09-02,Billing,High,34,Resolved,Neutral
S5549,C12240,2026-04-15,Payment,Low,63,Resolved,Negative
S5550,C12240,2025-11-03,Billing,High,26,Resolved,Neutral
S5551,C12240,2025-09-20,Technical,Low,4,Resolved,Positive
S5552,C12241,2026-07-20,Billing,Medium,58,Open,Negative
S5553,C12243,2026-06-19,Payment,High,58,Open,Negative
S5554,C12243,2025-10-09,Subscription,High,21,Resolved,Neutral
S5555,C12243,2026-03-26,Billing,Medium,41,Resolved,Negative
S5556,C12243,2026-04-06,Technical,High,39,Open,Negative
S5557,C12243,2026-08-06,Login,High,42,Resolved,Negative
S5558,C12244,2026-03-07,Billing,High,36,Resolved,Neutral
S5559,C12244,2025-09-23,Login,Low,61,Resolved,Negative
S5560,C12244,2026-08-08,Technical,Medium,29,Open,Neutral
S5561,C12244,2026-06-29,Login,High,5,Resolved,Positive
S5562,C12245,2026-02-09,Billing,High,48,Resolved,Negative
S5563,C12246,2026-05-05,Payment,High,44,Resolved,Negative
S5564,C12246,2026-07-21,Login,High,12,Open,Positive
S5565,C12246,2026-04-20,Subscription,High,56,Open,Negative
S5566,C12246,2026-06-16,Subscription,High,54,Open,Negative
S5567,C12247,2026-05-01,Login,High,25,Resolved,Neutral
S5568,C12247,2026-03-30,Subscription,Low,38,Resolved,Negative
S5569,C12247,2025-11-15,Subscription,Medium,7,Resolved,Positive
S5570,C12250,2025-10-27,Technical,High,60,Open,Negative
S5571,C12250,2026-06-18,Login,Medium,54,Resolved,Negative
S5572,C12250,2026-04-09,Technical,Medium,22,Open,Neutral
S5573,C12250,2025-10-27,Login,Low,29,Resolved,Neutral
S5574,C12251,2026-07-13,Technical,Medium,57,Resolved,Negative
S5575,C12251,2025-12-14,Billing,Low,14,Resolved,Neutral
S5576,C12251,2025-09-21,Billing,Medium,39,Resolved,Negative
S5577,C12251,2025-09-30,Technical,Low,36,Open,Neutral
S5578,C12252,2025-10-14,Subscription,Low,32,Open,Neutral
S5579,C12252,2026-01-24,Subscription,Low,3,Open,Positive
S5580,C12252,2025-11-06,Subscription,High,60,Open,Negative
S5581,C12253,2026-07-24,Billing,Low,36,Resolved,Neutral
S5582,C12253,2026-03-16,Technical,High,8,Resolved,Positive
S5583,C12254,2026-08-27,Technical,High,66,Resolved,Negative
S5584,C12254,2025-09-07,Payment,Low,25,Open,Neutral
S5585,C12255,2025-10-04,Login,Medium,41,Resolved,Negative
S5586,C12255,2026-06-28,Technical,Medium,16,Resolved,Neutral
S5587,C12255,2026-02-08,Billing,Low,31,Resolved,Neutral
S5588,C12255,2026-03-28,Payment,High,15,Resolved,Neutral
S5589,C12255,2026-07-05,Technical,High,63,Resolved,Negative
S5590,C12256,2025-09-13,Technical,Low,35,Open,Neutral
S5591,C12256,2026-08-29,Login,Low,68,Resolved,Negative
S5592,C12257,2026-08-08,Login,Medium,47,Open,Negative
S5593,C12257,2026-02-27,Login,High,56,Resolved,Negative
S5594,C12257,2025-12-02,Login,Medium,52,Open,Negative
S5595,C12257,2025-11-05,Billing,High,11,Open,Positive
S5596,C12257,2026-08-21,Login,Medium,54,Resolved,Negative
S5597,C12258,2026-03-20,Login,Medium,41,Resolved,Negative
S5598,C12258,2025-10-10,Payment,Medium,49,Resolved,Negative
S5599,C12259,2026-07-13,Subscription,Low,28,Open,Neutral
S5600,C12259,2026-04-11,Payment,Medium,22,Open,Neutral
S5601,C12259,2026-02-27,Technical,High,5,Resolved,Positive
S5602,C12259,2026-08-08,Billing,Medium,48,Open,Negative
S5603,C12260,2026-01-20,Billing,High,2,Resolved,Positive
S5604,C12260,2026-05-01,Technical,High,57,Resolved,Negative
S5605,C12260,2026-05-08,Technical,Low,20,Resolved,Neutral
S5606,C12260,2026-05-07,Subscription,Low,42,Resolved,Negative
S5607,C12264,2026-06-06,Subscription,Medium,29,Open,Neutral
S5608,C12265,2025-09-12,Billing,Low,71,Open,Negative
S5609,C12265,2026-02-23,Subscription,High,17,Resolved,Neutral
S5610,C12265,2026-03-09,Subscription,High,62,Open,Negative
S5611,C12265,2025-10-28,Billing,High,66,Open,Negative
S5612,C12265,2025-09-28,Payment,Low,22,Open,Neutral
S5613,C12266,2026-03-14,Technical,Medium,69,Resolved,Negative
S5614,C12266,2026-08-29,Login,Low,22,Resolved,Neutral
S5615,C12266,2026-07-19,Technical,High,8,Resolved,Positive
S5616,C12267,2026-04-04,Technical,Low,28,Resolved,Neutral
S5617,C12268,2026-04-29,Technical,Low,71,Open,Negative
S5618,C12268,2025-09-07,Subscription,High,14,Open,Neutral
S5619,C12268,2026-02-14,Subscription,Low,4,Resolved,Positive
S5620,C12268,2026-02-09,Billing,Medium,36,Open,Neutral
S5621,C12268,2026-08-18,Subscription,Low,21,Open,Neutral
S5622,C12270,2026-08-14,Technical,High,53,Resolved,Negative
S5623,C12271,2026-01-14,Login,Medium,61,Resolved,Negative
S5624,C12271,2026-05-07,Payment,Medium,30,Resolved,Neutral
S5625,C12271,2025-09-21,Payment,Low,30,Resolved,Neutral
S5626,C12272,2026-05-15,Billing,Low,57,Resolved,Negative
S5627,C12272,2026-01-07,Payment,Medium,44,Open,Negative
S5628,C12272,2026-02-12,Payment,Medium,18,Open,Neutral
S5629,C12272,2026-01-18,Subscription,High,69,Open,Negative
S5630,C12272,2026-08-09,Payment,High,60,Resolved,Negative
S5631,C12273,2026-01-21,Subscription,Low,46,Resolved,Negative
S5632,C12273,2025-11-29,Subscription,Low,61,Resolved,Negative
S5633,C12274,2025-12-17,Payment,Low,48,Resolved,Negative
S5634,C12274,2026-08-14,Login,Low,48,Resolved,Negative
S5635,C12274,2026-08-26,Subscription,Low,39,Open,Negative
S5636,C12274,2025-09-08,Login,High,35,Resolved,Neutral
S5637,C12274,2025-09-19,Technical,High,14,Resolved,Neutral
S5638,C12275,2026-07-06,Technical,High,49,Open,Negative
S5639,C12276,2025-10-28,Login,Low,55,Open,Negative
S5640,C12276,2026-02-16,Billing,Medium,70,Open,Negative
S5641,C12276,2026-05-23,Technical,Medium,65,Open,Negative
S5642,C12276,2026-08-11,Billing,High,10,Resolved,Positive
S5643,C12276,2026-03-10,Billing,Medium,9,Resolved,Positive
S5644,C12278,2025-10-02,Technical,High,52,Open,Negative
S5645,C12278,2026-02-07,Technical,Medium,31,Open,Neutral
S5646,C12278,2025-09-26,Subscription,Medium,31,Resolved,Neutral
S5647,C12278,2026-02-23,Technical,Medium,14,Open,Neutral
S5648,C12280,2025-10-22,Subscription,Medium,69,Open,Negative
S5649,C12281,2026-07-08,Login,Low,62,Resolved,Negative
S5650,C12281,2026-02-24,Login,Low,39,Open,Negative
S5651,C12281,2026-02-19,Login,High,10,Resolved,Positive
S5652,C12281,2026-01-01,Billing,Medium,52,Resolved,Negative
S5653,C12281,2025-11-29,Technical,Low,26,Resolved,Neutral
S5654,C12282,2026-05-20,Billing,Low,17,Open,Neutral
S5655,C12282,2026-04-25,Billing,Low,27,Resolved,Neutral
S5656,C12282,2026-07-29,Billing,High,2,Resolved,Positive
S5657,C12282,2026-04-07,Login,High,1,Resolved,Positive
S5658,C12282,2026-08-26,Payment,High,28,Open,Neutral
S5659,C12283,2026-01-06,Subscription,High,23,Resolved,Neutral
S5660,C12283,2025-12-09,Technical,High,70,Open,Negative
S5661,C12283,2026-08-06,Technical,High,13,Resolved,Neutral
S5662,C12284,2025-11-20,Login,Medium,54,Resolved,Negative
S5663,C12285,2026-05-21,Technical,Low,46,Resolved,Negative
S5664,C12286,2025-10-06,Subscription,Medium,16,Resolved,Neutral
S5665,C12286,2026-05-29,Technical,Low,44,Open,Negative
S5666,C12287,2026-05-01,Subscription,Medium,41,Resolved,Negative
S5667,C12287,2026-05-02,Payment,Low,1,Open,Positive
S5668,C12288,2026-05-11,Billing,Medium,64,Resolved,Negative
S5669,C12288,2026-02-13,Subscription,High,66,Resolved,Negative
S5670,C12288,2025-10-06,Payment,High,47,Open,Negative
S5671,C12288,2026-07-21,Login,Medium,35,Resolved,Neutral
S5672,C12288,2025-09-28,Technical,High,13,Resolved,Neutral
S5673,C12290,2026-03-28,Payment,High,40,Resolved,Negative
S5674,C12290,2026-02-05,Billing,High,34,Open,Neutral
S5675,C12292,2026-04-17,Payment,Medium,9,Resolved,Positive
S5676,C12292,2026-03-19,Payment,Medium,39,Open,Negative
S5677,C12292,2025-10-13,Subscription,Medium,39,Open,Negative
S5678,C12292,2026-08-09,Technical,Low,43,Resolved,Negative
S5679,C12293,2025-12-17,Billing,Low,29,Open,Neutral
S5680,C12293,2026-06-28,Subscription,Low,22,Open,Neutral
S5681,C12293,2026-06-04,Subscription,Medium,11,Resolved,Positive
S5682,C12293,2026-08-15,Subscription,High,53,Resolved,Negative
S5683,C12293,2025-11-05,Login,Medium,17,Resolved,Neutral
S5684,C12294,2026-05-11,Billing,High,40,Resolved,Negative
S5685,C12295,2026-08-03,Billing,Low,17,Resolved,Neutral
S5686,C12297,2025-10-14,Login,Low,58,Resolved,Negative
S5687,C12298,2026-03-15,Payment,Medium,21,Resolved,Neutral
S5688,C12299,2026-01-21,Login,Low,6,Open,Positive
S5689,C12299,2026-04-11,Login,High,29,Resolved,Neutral
S5690,C12299,2025-11-09,Login,Low,16,Open,Neutral
S5691,C12299,2026-04-08,Subscription,Medium,60,Open,Negative
S5692,C12299,2026-08-27,Payment,High,48,Open,Negative
S5693,C12301,2025-12-02,Technical,Low,71,Resolved,Negative
S5694,C12301,2025-09-20,Subscription,Medium,50,Resolved,Negative
S5695,C12302,2026-08-29,Technical,High,38,Resolved,Negative
S5696,C12302,2025-09-09,Login,Low,16,Resolved,Neutral
S5697,C12302,2026-08-07,Billing,Medium,22,Open,Neutral
S5698,C12303,2025-12-23,Login,High,9,Resolved,Positive
S5699,C12303,2026-05-20,Login,Low,9,Resolved,Positive
S5700,C12303,2025-12-15,Billing,Low,9,Resolved,Positive
S5701,C12303,2026-04-23,Technical,Medium,44,Resolved,Negative
S5702,C12303,2025-10-26,Payment,Low,23,Resolved,Neutral
S5703,C12305,2025-10-30,Payment,Medium,35,Open,Neutral
S5704,C12305,2026-08-17,Payment,Low,35,Open,Neutral
S5705,C12305,2026-04-13,Technical,High,27,Resolved,Neutral
S5706,C12305,2025-12-12,Billing,Low,18,Resolved,Neutral
S5707,C12308,2026-02-07,Payment,High,49,Open,Negative
S5708,C12309,2026-07-06,Billing,High,9,Open,Positive
S5709,C12309,2026-08-03,Payment,High,43,Resolved,Negative
S5710,C12309,2026-04-02,Subscription,Medium,4,Open,Positive
S5711,C12309,2026-04-30,Billing,Medium,13,Resolved,Neutral
S5712,C12309,2026-02-28,Payment,Low,30,Resolved,Neutral
S5713,C12310,2026-02-02,Billing,High,67,Resolved,Negative
S5714,C12310,2026-05-02,Subscription,High,10,Open,Positive
S5715,C12311,2025-10-09,Subscription,Medium,19,Open,Neutral
S5716,C12314,2026-02-05,Subscription,Low,56,Resolved,Negative
S5717,C12314,2026-07-16,Technical,Low,28,Resolved,Neutral
S5718,C12314,2026-02-06,Technical,Low,45,Resolved,Negative
S5719,C12315,2026-06-28,Subscription,Low,6,Open,Positive
S5720,C12316,2025-10-18,Billing,Low,44,Resolved,Negative
S5721,C12316,2025-10-15,Payment,Low,56,Resolved,Negative
S5722,C12316,2026-03-26,Payment,Low,33,Resolved,Neutral
S5723,C12317,2026-01-22,Subscription,Medium,59,Open,Negative
S5724,C12319,2026-02-26,Billing,Low,48,Resolved,Negative
S5725,C12319,2025-09-14,Payment,High,42,Open,Negative
S5726,C12319,2026-06-16,Billing,Low,40,Open,Negative
S5727,C12319,2025-09-19,Login,Medium,55,Resolved,Negative
S5728,C12319,2025-10-06,Payment,Low,45,Resolved,Negative
S5729,C12320,2026-07-19,Login,Low,1,Open,Positive
S5730,C12320,2025-09-07,Technical,High,52,Resolved,Negative
S5731,C12320,2026-07-25,Technical,Low,71,Resolved,Negative
S5732,C12321,2026-04-10,Login,High,28,Resolved,Neutral
S5733,C12321,2025-10-30,Login,Low,8,Open,Positive
S5734,C12324,2025-09-23,Payment,Low,72,Resolved,Negative
S5735,C12324,2026-08-27,Payment,Low,11,Resolved,Positive
S5736,C12329,2026-07-24,Technical,Medium,72,Open,Negative
S5737,C12330,2026-07-06,Payment,Medium,22,Resolved,Neutral
S5738,C12331,2026-03-03,Payment,Low,66,Resolved,Negative
S5739,C12331,2025-11-28,Login,High,2,Resolved,Positive
S5740,C12332,2026-02-19,Subscription,Medium,28,Resolved,Neutral
S5741,C12332,2026-04-02,Subscription,Medium,50,Open,Negative
S5742,C12332,2026-08-21,Login,Low,34,Resolved,Neutral
S5743,C12332,2026-05-29,Login,Medium,23,Resolved,Neutral
S5744,C12332,2026-02-16,Technical,Low,67,Open,Negative
S5745,C12333,2026-02-02,Technical,High,20,Open,Neutral
S5746,C12333,2026-01-02,Subscription,Low,53,Resolved,Negative
S5747,C12333,2026-01-17,Subscription,Medium,9,Resolved,Positive
S5748,C12334,2026-05-17,Billing,Medium,50,Resolved,Negative
S5749,C12335,2026-08-15,Login,Low,58,Resolved,Negative
S5750,C12335,2026-07-08,Billing,High,23,Resolved,Neutral
S5751,C12335,2026-03-02,Payment,High,56,Resolved,Negative
S5752,C12335,2026-08-12,Payment,Medium,70,Resolved,Negative
S5753,C12335,2025-10-14,Technical,High,20,Resolved,Neutral
S5754,C12337,2026-04-24,Payment,Low,15,Resolved,Neutral
S5755,C12337,2026-01-08,Login,High,57,Resolved,Negative
S5756,C12338,2026-01-06,Login,Low,25,Resolved,Neutral
S5757,C12338,2026-03-06,Login,Medium,15,Open,Neutral
S5758,C12339,2025-11-03,Login,Low,67,Open,Negative
S5759,C12340,2026-04-08,Subscription,Medium,48,Resolved,Negative
S5760,C12340,2025-09-16,Payment,Low,55,Resolved,Negative
S5761,C12340,2025-11-13,Technical,High,51,Open,Negative
S5762,C12340,2025-12-12,Billing,Medium,5,Resolved,Positive
S5763,C12341,2025-09-26,Payment,Low,26,Resolved,Neutral
S5764,C12341,2026-05-11,Subscription,Low,59,Open,Negative
S5765,C12341,2025-11-28,Subscription,Low,56,Resolved,Negative
S5766,C12341,2026-03-31,Technical,Low,40,Open,Negative
S5767,C12344,2026-02-09,Billing,High,69,Resolved,Negative
S5768,C12344,2026-07-12,Subscription,Low,39,Resolved,Negative
S5769,C12344,2025-12-30,Technical,High,13,Resolved,Neutral
S5770,C12344,2025-09-27,Technical,Medium,66,Resolved,Negative
S5771,C12344,2026-02-27,Subscription,High,38,Resolved,Negative
S5772,C12345,2026-01-27,Payment,Low,43,Open,Negative
S5773,C12346,2026-03-11,Payment,Medium,41,Open,Negative
S5774,C12347,2026-05-21,Billing,Medium,20,Resolved,Neutral
S5775,C12347,2026-08-19,Payment,High,61,Resolved,Negative
S5776,C12347,2026-08-01,Billing,High,26,Resolved,Neutral
S5777,C12347,2026-05-13,Technical,Medium,2,Open,Positive
S5778,C12348,2026-05-07,Billing,Low,57,Resolved,Negative
S5779,C12348,2026-08-30,Subscription,Medium,15,Resolved,Neutral
S5780,C12348,2026-05-29,Login,Low,62,Resolved,Negative
S5781,C12348,2026-05-11,Subscription,Low,64,Open,Negative
S5782,C12348,2026-05-10,Payment,High,29,Resolved,Neutral
S5783,C12349,2025-11-28,Technical,Medium,62,Open,Negative
S5784,C12349,2026-05-09,Login,Low,21,Resolved,Neutral
S5785,C12350,2026-03-04,Login,Low,14,Resolved,Neutral
S5786,C12350,2025-10-27,Login,Low,5,Resolved,Positive
S5787,C12352,2026-07-06,Billing,High,29,Resolved,Neutral
S5788,C12352,2026-03-07,Payment,Medium,44,Resolved,Negative
S5789,C12352,2025-11-05,Subscription,Medium,47,Open,Negative
S5790,C12353,2026-01-11,Payment,High,5,Resolved,Positive
S5791,C12353,2026-07-21,Payment,Medium,2,Resolved,Positive
S5792,C12353,2026-04-16,Payment,Low,1,Resolved,Positive
S5793,C12354,2026-07-07,Login,High,54,Resolved,Negative
S5794,C12354,2026-06-04,Technical,Medium,61,Resolved,Negative
S5795,C12354,2025-09-11,Billing,High,46,Resolved,Negative
S5796,C12354,2026-02-01,Payment,High,56,Resolved,Negative
S5797,C12355,2026-08-31,Billing,Low,26,Resolved,Neutral
S5798,C12355,2025-11-13,Subscription,Medium,4,Resolved,Positive
S5799,C12356,2026-01-11,Technical,High,51,Open,Negative
S5800,C12356,2026-04-25,Payment,Low,4,Open,Positive
S5801,C12356,2026-05-27,Technical,Medium,72,Resolved,Negative
S5802,C12356,2025-11-24,Login,High,32,Open,Neutral
S5803,C12356,2025-10-16,Login,Medium,48,Resolved,Negative
S5804,C12357,2025-10-30,Payment,Low,58,Resolved,Negative
S5805,C12358,2026-06-26,Billing,Low,69,Resolved,Negative
S5806,C12359,2025-10-15,Technical,Medium,51,Resolved,Negative
S5807,C12359,2026-05-29,Technical,Low,69,Open,Negative
S5808,C12359,2026-01-17,Login,Low,24,Open,Neutral
S5809,C12361,2025-09-28,Login,Low,15,Resolved,Neutral
S5810,C12361,2026-05-15,Technical,Medium,19,Resolved,Neutral
S5811,C12361,2026-08-26,Subscription,Medium,5,Resolved,Positive
S5812,C12361,2025-09-18,Subscription,High,49,Resolved,Negative
S5813,C12363,2025-09-11,Billing,Low,22,Open,Neutral
S5814,C12363,2026-04-23,Payment,Medium,63,Open,Negative
S5815,C12363,2026-04-20,Billing,Medium,29,Open,Neutral
S5816,C12364,2026-04-22,Billing,Low,24,Resolved,Neutral
S5817,C12364,2025-10-12,Login,Medium,57,Open,Negative
S5818,C12364,2025-11-06,Technical,High,42,Resolved,Negative
S5819,C12364,2026-04-30,Payment,Medium,26,Resolved,Neutral
S5820,C12365,2026-07-31,Technical,Low,8,Open,Positive
S5821,C12365,2026-04-17,Payment,Low,31,Resolved,Neutral
S5822,C12365,2026-03-23,Payment,Medium,64,Resolved,Negative
S5823,C12367,2025-11-09,Subscription,High,20,Resolved,Neutral
S5824,C12368,2026-06-09,Subscription,Low,4,Resolved,Positive
S5825,C12370,2026-07-13,Payment,Low,59,Open,Negative
S5826,C12370,2025-12-15,Technical,Medium,6,Open,Positive
S5827,C12370,2026-03-22,Billing,Low,59,Resolved,Negative
S5828,C12370,2026-08-25,Technical,Low,43,Resolved,Negative
S5829,C12372,2026-02-14,Subscription,Medium,57,Resolved,Negative
S5830,C12373,2025-10-06,Billing,Medium,45,Resolved,Negative
S5831,C12374,2025-11-23,Payment,Low,26,Resolved,Neutral
S5832,C12374,2026-05-23,Payment,High,22,Resolved,Neutral
S5833,C12374,2025-10-02,Login,Low,30,Resolved,Neutral
S5834,C12374,2025-10-07,Login,Medium,14,Resolved,Neutral
S5835,C12374,2025-08-31,Technical,Medium,35,Open,Neutral
S5836,C12375,2025-11-12,Payment,High,20,Resolved,Neutral
S5837,C12375,2026-08-08,Billing,High,45,Resolved,Negative
S5838,C12375,2026-01-04,Subscription,Medium,71,Resolved,Negative
S5839,C12375,2026-08-18,Login,Low,16,Resolved,Neutral
S5840,C12376,2026-03-20,Technical,Low,67,Resolved,Negative
S5841,C12376,2025-09-10,Billing,High,69,Resolved,Negative
S5842,C12376,2026-02-23,Technical,High,41,Resolved,Negative
S5843,C12376,2026-02-27,Subscription,Medium,4,Resolved,Positive
S5844,C12376,2026-08-03,Billing,High,8,Resolved,Positive
S5845,C12377,2026-05-25,Login,Low,67,Resolved,Negative
S5846,C12378,2025-10-03,Subscription,Medium,68,Resolved,Negative
S5847,C12378,2025-09-22,Login,Low,62,Open,Negative
S5848,C12378,2026-08-13,Payment,Medium,67,Resolved,Negative
S5849,C12379,2026-04-17,Subscription,Low,19,Open,Neutral
S5850,C12379,2025-10-05,Billing,Medium,46,Resolved,Negative
S5851,C12379,2025-11-03,Subscription,High,29,Resolved,Neutral
S5852,C12380,2025-09-22,Subscription,High,28,Resolved,Neutral
S5853,C12380,2026-08-29,Technical,High,15,Resolved,Neutral
S5854,C12380,2026-05-24,Login,Low,20,Resolved,Neutral
S5855,C12380,2025-12-07,Subscription,High,18,Open,Neutral
S5856,C12380,2026-06-05,Login,High,37,Resolved,Negative
S5857,C12381,2026-01-10,Billing,Low,49,Resolved,Negative
S5858,C12381,2026-07-23,Subscription,Medium,40,Open,Negative
S5859,C12381,2026-05-19,Payment,High,71,Resolved,Negative
S5860,C12382,2026-04-13,Billing,Low,68,Resolved,Negative
S5861,C12382,2025-11-28,Billing,High,21,Open,Neutral
S5862,C12385,2026-03-17,Login,High,21,Resolved,Neutral
S5863,C12385,2026-03-03,Technical,Low,51,Resolved,Negative
S5864,C12385,2026-04-24,Technical,High,16,Open,Neutral
S5865,C12385,2026-01-17,Payment,High,28,Open,Neutral
S5866,C12386,2026-04-24,Subscription,Low,1,Resolved,Positive
S5867,C12387,2026-08-20,Payment,High,46,Open,Negative
S5868,C12387,2026-08-22,Payment,High,60,Resolved,Negative
S5869,C12387,2026-01-24,Subscription,High,40,Resolved,Negative
S5870,C12387,2025-11-26,Payment,High,29,Open,Neutral
S5871,C12389,2026-03-21,Technical,Medium,52,Resolved,Negative
S5872,C12389,2026-05-13,Payment,Medium,69,Resolved,Negative
S5873,C12390,2025-12-26,Technical,High,12,Resolved,Positive
S5874,C12390,2026-01-03,Billing,Low,16,Open,Neutral
S5875,C12391,2025-12-06,Subscription,Medium,25,Resolved,Neutral
S5876,C12391,2026-01-04,Billing,Medium,1,Resolved,Positive
S5877,C12393,2026-06-08,Login,Medium,70,Open,Negative
S5878,C12393,2025-12-16,Billing,High,38,Resolved,Negative
S5879,C12393,2026-07-31,Payment,Low,50,Resolved,Negative
S5880,C12393,2026-01-29,Billing,Low,51,Resolved,Negative
S5881,C12393,2026-03-31,Billing,Medium,72,Resolved,Negative
S5882,C12394,2026-08-26,Payment,High,55,Resolved,Negative
S5883,C12394,2025-10-14,Login,Medium,54,Open,Negative
S5884,C12394,2026-04-28,Payment,High,39,Open,Negative
S5885,C12394,2026-02-09,Billing,Medium,60,Open,Negative
S5886,C12395,2026-01-27,Payment,High,72,Resolved,Negative
S5887,C12395,2025-11-06,Payment,Low,13,Resolved,Neutral
S5888,C12395,2026-07-18,Subscription,Medium,71,Open,Negative
S5889,C12395,2025-11-13,Login,Medium,58,Open,Negative
S5890,C12396,2026-08-12,Technical,High,52,Open,Negative
S5891,C12396,2026-07-13,Subscription,Low,54,Resolved,Negative
S5892,C12396,2026-06-07,Login,High,54,Open,Negative
S5893,C12396,2026-05-21,Payment,High,27,Resolved,Neutral
S5894,C12396,2025-09-18,Login,Low,49,Resolved,Negative
S5895,C12397,2025-09-03,Technical,Medium,5,Resolved,Positive
S5896,C12398,2025-11-12,Login,Low,66,Resolved,Negative
S5897,C12399,2026-08-02,Payment,Medium,56,Resolved,Negative
S5898,C12399,2026-02-19,Payment,Medium,5,Resolved,Positive
S5899,C12399,2025-11-29,Subscription,Low,40,Resolved,Negative
S5900,C12400,2026-01-29,Billing,High,66,Resolved,Negative
S5901,C12400,2025-11-15,Billing,Low,23,Resolved,Neutral
S5902,C12401,2026-02-27,Billing,High,8,Open,Positive
S5903,C12401,2026-06-29,Login,Medium,2,Resolved,Positive
S5904,C12403,2026-08-03,Login,Medium,7,Resolved,Positive
S5905,C12405,2026-05-22,Technical,High,44,Resolved,Negative
S5906,C12406,2026-07-22,Payment,Medium,18,Open,Neutral
S5907,C12406,2026-01-11,Login,Low,70,Resolved,Negative
S5908,C12407,2026-03-04,Login,Medium,50,Resolved,Negative
S5909,C12407,2026-08-28,Login,Low,71,Open,Negative
S5910,C12407,2026-06-19,Login,Low,44,Resolved,Negative
S5911,C12408,2026-07-13,Billing,Low,7,Open,Positive
S5912,C12408,2025-09-13,Billing,Low,8,Open,Positive
S5913,C12408,2026-03-20,Subscription,Low,68,Resolved,Negative
S5914,C12408,2025-09-27,Login,Low,10,Resolved,Positive
S5915,C12409,2026-01-06,Billing,Medium,33,Resolved,Neutral
S5916,C12410,2025-09-24,Technical,Medium,11,Resolved,Positive
S5917,C12410,2026-05-27,Payment,High,5,Open,Positive
S5918,C12410,2026-03-27,Technical,Medium,27,Resolved,Neutral
S5919,C12410,2026-07-18,Billing,High,18,Open,Neutral
S5920,C12412,2026-06-02,Subscription,Low,10,Resolved,Positive
S5921,C12412,2025-09-04,Login,High,49,Resolved,Negative
S5922,C12412,2026-08-31,Payment,Medium,51,Open,Negative
S5923,C12412,2026-06-10,Billing,High,68,Resolved,Negative
S5924,C12412,2026-07-03,Billing,Medium,4,Resolved,Positive
S5925,C12413,2026-02-23,Payment,Low,44,Open,Negative
S5926,C12413,2026-03-11,Payment,High,1,Resolved,Positive
S5927,C12414,2026-08-07,Subscription,Medium,58,Resolved,Negative
S5928,C12414,2026-08-06,Payment,Low,15,Resolved,Neutral
S5929,C12415,2026-03-29,Payment,Low,22,Resolved,Neutral
S5930,C12415,2025-11-26,Login,Medium,63,Resolved,Negative
S5931,C12415,2025-11-22,Billing,Low,68,Open,Negative
S5932,C12415,2026-06-26,Subscription,Medium,14,Open,Neutral
S5933,C12416,2026-02-12,Technical,Low,57,Open,Negative
S5934,C12416,2026-03-23,Login,Low,60,Open,Negative
S5935,C12416,2025-11-10,Subscription,High,24,Resolved,Neutral
S5936,C12416,2026-02-06,Login,High,38,Resolved,Negative
S5937,C12416,2025-09-24,Billing,Low,21,Resolved,Neutral
S5938,C12417,2025-12-21,Billing,Medium,50,Open,Negative
S5939,C12417,2026-05-27,Login,High,34,Resolved,Neutral
S5940,C12418,2026-07-22,Technical,Medium,61,Open,Negative
S5941,C12418,2026-06-04,Payment,Low,42,Resolved,Negative
S5942,C12419,2025-12-26,Billing,Low,3,Open,Positive
S5943,C12419,2026-01-31,Billing,High,49,Resolved,Negative
S5944,C12419,2025-12-11,Billing,Medium,7,Resolved,Positive
S5945,C12421,2026-08-16,Subscription,High,63,Resolved,Negative
S5946,C12421,2026-06-28,Login,High,9,Resolved,Positive
S5947,C12422,2026-07-21,Subscription,Low,4,Resolved,Positive
S5948,C12422,2026-01-16,Subscription,Medium,34,Resolved,Neutral
S5949,C12422,2026-01-19,Subscription,Low,61,Resolved,Negative
S5950,C12423,2026-02-21,Billing,High,59,Resolved,Negative
S5951,C12424,2026-01-14,Subscription,High,43,Resolved,Negative
S5952,C12425,2026-08-12,Billing,High,64,Resolved,Negative
S5953,C12425,2025-11-25,Login,High,40,Resolved,Negative
S5954,C12425,2025-09-25,Payment,High,23,Resolved,Neutral
S5955,C12426,2025-09-23,Login,High,37,Open,Negative
S5956,C12427,2026-08-11,Technical,Low,14,Open,Neutral
S5957,C12427,2025-09-17,Billing,Medium,65,Open,Negative
S5958,C12428,2026-08-28,Payment,Medium,19,Open,Neutral
S5959,C12428,2025-10-22,Login,Medium,44,Open,Negative
S5960,C12428,2026-02-06,Subscription,Low,30,Open,Neutral
S5961,C12428,2026-08-02,Subscription,Medium,4,Open,Positive
S5962,C12428,2026-02-13,Technical,High,37,Open,Negative
S5963,C12429,2026-04-04,Subscription,High,2,Open,Positive
S5964,C12429,2026-04-24,Login,Medium,25,Open,Neutral
S5965,C12429,2026-05-31,Payment,Low,36,Resolved,Neutral
S5966,C12430,2026-02-19,Billing,High,5,Resolved,Positive
S5967,C12431,2025-12-29,Payment,High,59,Resolved,Negative
S5968,C12431,2026-07-26,Subscription,Medium,26,Resolved,Neutral
S5969,C12431,2026-08-30,Payment,Low,29,Resolved,Neutral
S5970,C12431,2025-11-09,Billing,Medium,22,Resolved,Neutral
S5971,C12431,2026-03-03,Technical,Medium,41,Open,Negative
S5972,C12432,2026-01-01,Login,Medium,52,Resolved,Negative
S5973,C12432,2026-02-19,Technical,High,6,Open,Positive
S5974,C12432,2026-08-29,Billing,High,17,Open,Neutral
S5975,C12432,2025-09-27,Subscription,Low,5,Resolved,Positive
S5976,C12432,2025-12-15,Billing,Low,1,Resolved,Positive
S5977,C12433,2026-03-22,Technical,Low,22,Resolved,Neutral
S5978,C12433,2026-04-19,Payment,Low,48,Resolved,Negative
S5979,C12433,2025-09-24,Subscription,Medium,22,Resolved,Neutral
S5980,C12433,2025-11-07,Billing,High,37,Resolved,Negative
S5981,C12434,2026-01-22,Subscription,Medium,31,Resolved,Neutral
S5982,C12434,2026-01-13,Payment,Low,67,Open,Negative
S5983,C12434,2025-10-21,Technical,High,43,Open,Negative
S5984,C12435,2026-04-28,Payment,Low,44,Resolved,Negative
S5985,C12435,2025-10-07,Payment,High,31,Resolved,Neutral
S5986,C12435,2026-05-21,Subscription,Medium,61,Resolved,Negative
S5987,C12436,2026-02-04,Payment,Medium,4,Resolved,Positive
S5988,C12436,2026-01-12,Billing,Low,24,Resolved,Neutral
S5989,C12437,2025-11-17,Billing,Low,56,Open,Negative
S5990,C12437,2026-06-30,Subscription,High,63,Resolved,Negative
S5991,C12437,2026-04-24,Subscription,Low,17,Open,Neutral
S5992,C12438,2026-07-15,Login,Medium,42,Resolved,Negative
S5993,C12438,2026-03-11,Subscription,Low,28,Resolved,Neutral
S5994,C12438,2026-04-08,Subscription,Medium,47,Resolved,Negative
S5995,C12439,2025-12-06,Login,Low,14,Resolved,Neutral
S5996,C12440,2025-12-16,Technical,High,14,Resolved,Neutral
S5997,C12440,2026-02-22,Subscription,Low,45,Resolved,Negative
S5998,C12440,2025-12-06,Billing,High,51,Open,Negative
S5999,C12440,2025-09-03,Technical,Medium,60,Resolved,Negative
S6000,C12441,2025-09-25,Login,High,14,Resolved,Neutral
S6001,C12441,2026-05-17,Payment,High,52,Resolved,Negative
S6002,C12441,2026-08-23,Payment,Medium,14,Resolved,Neutral
S6003,C12441,2026-06-06,Login,Low,10,Resolved,Positive
S6004,C12443,2026-08-08,Login,High,42,Open,Negative
S6005,C12443,2026-01-07,Login,High,46,Open,Negative
S6006,C12443,2026-04-02,Payment,Medium,32,Resolved,Neutral
S6007,C12444,2026-05-09,Payment,Low,43,Resolved,Negative
S6008,C12444,2026-02-07,Billing,Medium,20,Open,Neutral
S6009,C12444,2026-07-15,Login,High,15,Resolved,Neutral
S6010,C12444,2026-08-29,Login,Low,30,Resolved,Neutral
S6011,C12446,2026-02-08,Payment,Medium,36,Resolved,Neutral
S6012,C12446,2026-03-23,Subscription,High,34,Resolved,Neutral
S6013,C12447,2026-07-31,Subscription,High,15,Open,Neutral
S6014,C12447,2026-07-29,Payment,Medium,65,Resolved,Negative
S6015,C12447,2025-12-18,Billing,Low,52,Resolved,Negative
S6016,C12447,2026-08-25,Login,High,30,Resolved,Neutral
S6017,C12447,2026-04-12,Billing,High,38,Resolved,Negative
S6018,C12449,2026-07-14,Login,Medium,37,Resolved,Negative
S6019,C12449,2025-11-05,Payment,High,28,Open,Neutral
S6020,C12449,2026-02-19,Billing,High,58,Resolved,Negative
S6021,C12450,2026-07-08,Billing,Medium,45,Resolved,Negative
S6022,C12451,2025-11-01,Technical,High,53,Resolved,Negative
S6023,C12453,2026-01-18,Billing,Low,5,Resolved,Positive
S6024,C12453,2025-12-08,Technical,Medium,6,Open,Positive
S6025,C12453,2026-01-06,Login,Low,10,Resolved,Positive
S6026,C12454,2026-07-26,Payment,Medium,68,Resolved,Negative
S6027,C12454,2026-06-28,Payment,Medium,69,Open,Negative
S6028,C12454,2025-11-04,Billing,Medium,40,Open,Negative
S6029,C12455,2026-08-04,Payment,Low,24,Open,Neutral
S6030,C12455,2026-03-24,Login,High,25,Resolved,Neutral
S6031,C12456,2025-11-12,Login,Medium,22,Resolved,Neutral
S6032,C12457,2026-07-23,Subscription,Medium,10,Resolved,Positive
S6033,C12457,2026-07-12,Technical,High,22,Resolved,Neutral
S6034,C12457,2026-06-08,Technical,High,40,Resolved,Negative
S6035,C12457,2026-08-01,Payment,Low,28,Open,Neutral
S6036,C12458,2026-07-13,Subscription,Low,31,Resolved,Neutral
S6037,C12458,2025-10-27,Technical,Low,36,Resolved,Neutral
S6038,C12458,2025-12-15,Login,Medium,54,Resolved,Negative
S6039,C12458,2025-09-11,Billing,High,67,Open,Negative
S6040,C12460,2026-07-12,Billing,High,45,Resolved,Negative
S6041,C12460,2026-07-28,Technical,Low,6,Resolved,Positive
S6042,C12460,2025-10-23,Billing,High,34,Resolved,Neutral
S6043,C12461,2025-11-12,Subscription,Low,43,Resolved,Negative
S6044,C12461,2025-09-12,Technical,Medium,37,Resolved,Negative
S6045,C12461,2026-03-21,Billing,High,8,Open,Positive
S6046,C12461,2026-06-12,Billing,Medium,42,Open,Negative
S6047,C12461,2026-04-14,Billing,Medium,24,Open,Neutral
S6048,C12462,2026-08-17,Subscription,High,67,Resolved,Negative
S6049,C12462,2026-08-31,Payment,Low,53,Resolved,Negative
S6050,C12462,2026-06-07,Subscription,High,67,Resolved,Negative
S6051,C12462,2025-09-28,Technical,Low,61,Resolved,Negative
S6052,C12462,2025-10-22,Billing,High,52,Open,Negative
S6053,C12463,2025-11-01,Subscription,High,9,Resolved,Positive
S6054,C12464,2026-08-08,Billing,Medium,12,Resolved,Positive
S6055,C12464,2026-06-16,Subscription,Medium,66,Open,Negative
S6056,C12464,2026-04-13,Subscription,High,2,Resolved,Positive
S6057,C12464,2025-12-18,Payment,High,1,Resolved,Positive
S6058,C12464,2025-11-14,Subscription,High,55,Open,Negative
S6059,C12466,2026-04-26,Payment,Low,70,Open,Negative
S6060,C12466,2026-02-17,Billing,Low,30,Resolved,Neutral
S6061,C12466,2025-10-10,Login,Low,29,Resolved,Neutral
S6062,C12466,2026-06-17,Subscription,Medium,5,Resolved,Positive
S6063,C12466,2025-12-30,Billing,High,10,Resolved,Positive
S6064,C12467,2025-09-14,Login,Medium,46,Resolved,Negative
S6065,C12467,2025-10-11,Billing,High,45,Resolved,Negative
S6066,C12468,2025-09-18,Billing,Medium,60,Resolved,Negative
S6067,C12468,2025-10-27,Billing,Low,66,Resolved,Negative
S6068,C12468,2026-07-22,Subscription,Low,2,Resolved,Positive
S6069,C12468,2026-08-09,Subscription,High,42,Open,Negative
S6070,C12469,2026-05-18,Login,High,20,Open,Neutral
S6071,C12470,2025-12-04,Subscription,High,43,Open,Negative
S6072,C12470,2026-04-09,Billing,Low,54,Resolved,Negative
S6073,C12470,2025-12-24,Subscription,High,21,Open,Neutral
S6074,C12470,2025-10-15,Payment,Low,31,Open,Neutral
S6075,C12470,2025-12-28,Billing,Medium,50,Open,Negative
S6076,C12472,2026-05-15,Login,Low,26,Resolved,Neutral
S6077,C12472,2025-10-20,Technical,High,15,Open,Neutral
S6078,C12472,2026-05-19,Technical,Medium,11,Open,Positive
S6079,C12472,2026-05-26,Technical,Low,38,Open,Negative
S6080,C12473,2026-04-16,Login,Low,40,Resolved,Negative
S6081,C12473,2025-09-21,Login,Low,64,Open,Negative
S6082,C12473,2025-09-23,Billing,Medium,50,Open,Negative
S6083,C12474,2026-08-06,Billing,Medium,57,Open,Negative
S6084,C12474,2026-04-08,Billing,High,11,Resolved,Positive
S6085,C12474,2025-12-26,Billing,Low,4,Open,Positive
S6086,C12475,2025-09-15,Subscription,Medium,1,Open,Positive
S6087,C12476,2025-10-17,Technical,Low,24,Resolved,Neutral
S6088,C12476,2026-02-18,Billing,Medium,50,Resolved,Negative
S6089,C12477,2026-07-18,Billing,High,22,Open,Neutral
S6090,C12477,2026-03-06,Subscription,High,25,Resolved,Neutral
S6091,C12478,2026-07-17,Subscription,High,64,Resolved,Negative
S6092,C12478,2026-06-09,Billing,High,31,Open,Neutral
S6093,C12480,2025-12-10,Technical,Medium,67,Resolved,Negative
S6094,C12480,2026-04-30,Subscription,Medium,62,Resolved,Negative
S6095,C12480,2026-05-04,Subscription,Low,2,Open,Positive
S6096,C12480,2026-08-18,Subscription,High,37,Resolved,Negative
S6097,C12480,2025-10-07,Billing,Low,24,Open,Neutral
S6098,C12481,2026-04-08,Subscription,Low,29,Resolved,Neutral
S6099,C12481,2025-11-06,Technical,High,72,Resolved,Negative
S6100,C12482,2026-08-25,Payment,High,27,Resolved,Neutral
S6101,C12482,2026-03-16,Subscription,Medium,59,Open,Negative
S6102,C12482,2025-11-17,Subscription,High,72,Resolved,Negative
S6103,C12482,2025-10-24,Subscription,Medium,19,Open,Neutral
S6104,C12485,2025-12-23,Payment,Low,45,Resolved,Negative
S6105,C12485,2026-04-07,Payment,Low,19,Resolved,Neutral
S6106,C12485,2026-01-21,Technical,Low,17,Resolved,Neutral
S6107,C12485,2026-07-14,Billing,Low,60,Resolved,Negative
S6108,C12485,2025-10-07,Technical,High,68,Resolved,Negative
S6109,C12486,2025-10-13,Subscription,Medium,50,Open,Negative
S6110,C12486,2025-09-02,Login,Low,8,Resolved,Positive
S6111,C12486,2026-04-17,Login,Low,61,Open,Negative
S6112,C12487,2026-06-04,Technical,High,57,Resolved,Negative
S6113,C12487,2026-02-12,Payment,High,44,Open,Negative
S6114,C12487,2026-08-10,Billing,High,14,Open,Neutral
S6115,C12488,2026-05-29,Subscription,Low,38,Resolved,Negative
S6116,C12489,2026-07-22,Login,Medium,42,Open,Negative
S6117,C12489,2026-06-03,Login,High,50,Resolved,Negative
S6118,C12490,2026-02-22,Subscription,Medium,42,Resolved,Negative
S6119,C12490,2025-09-11,Payment,Medium,50,Resolved,Negative
S6120,C12491,2026-05-23,Subscription,High,17,Resolved,Neutral
S6121,C12491,2026-07-08,Payment,Medium,36,Resolved,Neutral
S6122,C12491,2025-11-07,Subscription,Medium,4,Resolved,Positive
S6123,C12492,2026-08-10,Login,Medium,28,Resolved,Neutral
S6124,C12492,2025-12-23,Login,Low,15,Open,Neutral
S6125,C12492,2026-04-29,Technical,Medium,64,Resolved,Negative
S6126,C12492,2025-09-24,Login,Medium,47,Resolved,Negative
S6127,C12493,2025-09-28,Payment,Low,64,Resolved,Negative
S6128,C12493,2026-06-19,Login,Low,15,Open,Neutral
S6129,C12494,2026-02-07,Billing,Medium,5,Resolved,Positive
S6130,C12494,2026-04-12,Billing,Low,14,Open,Neutral
S6131,C12494,2026-08-01,Technical,Medium,39,Open,Negative
S6132,C12494,2026-04-24,Technical,Medium,54,Resolved,Negative
S6133,C12494,2025-11-25,Login,Low,4,Open,Positive
S6134,C12495,2026-07-05,Login,High,56,Resolved,Negative
S6135,C12495,2025-12-24,Technical,Medium,31,Open,Neutral
S6136,C12495,2026-06-07,Login,High,41,Resolved,Negative
S6137,C12495,2026-02-24,Payment,High,54,Resolved,Negative
S6138,C12496,2026-05-07,Subscription,Medium,70,Resolved,Negative
S6139,C12496,2026-04-04,Subscription,Medium,66,Resolved,Negative
S6140,C12497,2026-06-25,Subscription,High,14,Resolved,Neutral
S6141,C12497,2026-02-22,Subscription,High,53,Resolved,Negative
S6142,C12498,2026-02-26,Technical,Medium,50,Resolved,Negative
S6143,C12498,2026-02-07,Login,High,42,Resolved,Negative
S6144,C12499,2025-10-25,Login,Low,2,Open,Positive
S6145,C12499,2026-04-24,Subscription,High,65,Resolved,Negative
S6146,C12501,2026-03-02,Payment,Medium,63,Resolved,Negative
S6147,C12501,2025-12-15,Payment,Medium,42,Resolved,Negative
S6148,C12501,2026-06-16,Login,Low,63,Resolved,Negative
S6149,C12502,2026-08-21,Billing,Medium,48,Open,Negative
S6150,C12502,2026-01-29,Payment,Medium,16,Resolved,Neutral
S6151,C12502,2026-02-18,Billing,Medium,69,Open,Negative
S6152,C12502,2026-04-23,Subscription,Low,65,Resolved,Negative
S6153,C12504,2025-11-20,Payment,Low,71,Open,Negative
S6154,C12505,2026-08-20,Login,High,6,Resolved,Positive
S6155,C12505,2025-08-31,Billing,Medium,33,Resolved,Neutral
S6156,C12505,2026-05-27,Technical,Low,26,Open,Neutral
S6157,C12507,2026-08-11,Payment,Medium,10,Open,Positive
S6158,C12507,2026-02-26,Payment,High,47,Resolved,Negative
S6159,C12508,2025-10-27,Login,High,7,Resolved,Positive
S6160,C12508,2025-10-15,Subscription,Low,24,Resolved,Neutral
S6161,C12508,2026-08-29,Payment,Low,70,Resolved,Negative
S6162,C12510,2026-06-24,Billing,Low,52,Resolved,Negative
S6163,C12511,2026-06-12,Technical,High,14,Open,Neutral
S6164,C12511,2026-08-14,Payment,Low,64,Resolved,Negative
S6165,C12511,2026-03-07,Billing,High,14,Resolved,Neutral
S6166,C12511,2026-07-24,Payment,High,7,Open,Positive
S6167,C12511,2026-04-03,Billing,High,62,Resolved,Negative
S6168,C12512,2025-11-07,Subscription,Medium,50,Resolved,Negative
S6169,C12512,2025-09-28,Technical,High,32,Resolved,Neutral
S6170,C12512,2026-05-09,Billing,Low,41,Open,Negative
S6171,C12512,2026-04-15,Login,Low,40,Resolved,Negative
S6172,C12512,2026-05-30,Login,Medium,9,Open,Positive
S6173,C12513,2026-05-21,Subscription,High,58,Resolved,Negative
S6174,C12514,2025-10-22,Technical,Medium,48,Open,Negative
S6175,C12516,2026-03-06,Billing,Low,34,Resolved,Neutral
S6176,C12516,2026-04-22,Billing,Medium,11,Resolved,Positive
S6177,C12516,2026-07-02,Billing,High,18,Resolved,Neutral
S6178,C12516,2025-09-10,Billing,High,48,Resolved,Negative
S6179,C12516,2026-06-04,Payment,Low,17,Resolved,Neutral
S6180,C12517,2026-07-09,Technical,High,31,Resolved,Neutral
S6181,C12518,2025-09-21,Technical,Low,31,Open,Neutral
S6182,C12518,2026-02-04,Payment,Medium,37,Open,Negative
S6183,C12518,2026-06-14,Subscription,High,11,Resolved,Positive
S6184,C12520,2026-03-18,Login,Medium,67,Resolved,Negative
S6185,C12520,2026-05-10,Technical,Medium,53,Resolved,Negative
S6186,C12521,2025-12-07,Login,High,13,Resolved,Neutral
S6187,C12521,2026-07-26,Technical,High,32,Open,Neutral
S6188,C12521,2026-01-30,Billing,Low,53,Open,Negative
S6189,C12521,2025-12-21,Technical,High,28,Open,Neutral
S6190,C12521,2025-11-08,Login,Low,21,Resolved,Neutral
S6191,C12522,2026-03-25,Billing,Medium,35,Resolved,Neutral
S6192,C12522,2026-03-13,Payment,Medium,50,Resolved,Negative
S6193,C12522,2025-12-05,Technical,High,31,Resolved,Neutral
S6194,C12522,2025-12-25,Technical,High,55,Resolved,Negative
S6195,C12522,2026-01-20,Subscription,High,38,Resolved,Negative
S6196,C12523,2026-05-14,Payment,Low,12,Open,Positive
S6197,C12523,2026-02-18,Login,Medium,43,Open,Negative
S6198,C12523,2026-08-28,Login,Low,23,Open,Neutral
S6199,C12525,2026-01-28,Technical,Low,51,Open,Negative
S6200,C12525,2025-11-13,Payment,High,48,Resolved,Negative
S6201,C12525,2026-05-20,Login,High,72,Resolved,Negative
S6202,C12527,2026-01-19,Login,Low,50,Resolved,Negative
S6203,C12528,2026-03-18,Subscription,Low,3,Resolved,Positive
S6204,C12528,2026-07-27,Login,High,20,Resolved,Neutral
S6205,C12528,2026-06-10,Payment,Medium,52,Resolved,Negative
S6206,C12528,2026-02-25,Login,Low,17,Open,Neutral
S6207,C12528,2025-11-13,Technical,Medium,18,Resolved,Neutral
S6208,C12529,2025-10-07,Technical,Low,65,Resolved,Negative
S6209,C12529,2025-10-03,Billing,Low,69,Open,Negative
S6210,C12529,2025-10-03,Billing,High,25,Open,Neutral
S6211,C12530,2026-08-04,Subscription,Low,11,Open,Positive
S6212,C12532,2025-11-22,Billing,Medium,56,Resolved,Negative
S6213,C12532,2026-01-20,Billing,Low,44,Resolved,Negative
S6214,C12532,2025-12-20,Technical,High,29,Resolved,Neutral
S6215,C12532,2026-06-09,Billing,Low,39,Resolved,Negative
S6216,C12534,2026-04-25,Billing,Low,7,Resolved,Positive
S6217,C12534,2025-11-09,Subscription,High,1,Open,Positive
S6218,C12534,2025-12-30,Subscription,Low,13,Resolved,Neutral
S6219,C12534,2026-04-06,Billing,High,3,Open,Positive
S6220,C12534,2026-01-26,Technical,Low,70,Resolved,Negative
S6221,C12535,2026-03-01,Login,Medium,2,Resolved,Positive
S6222,C12535,2025-12-15,Subscription,High,70,Resolved,Negative
S6223,C12535,2026-01-02,Login,High,61,Resolved,Negative
S6224,C12535,2026-02-05,Technical,Medium,22,Open,Neutral
S6225,C12535,2026-07-05,Subscription,Low,11,Open,Positive
S6226,C12536,2026-08-22,Technical,High,43,Open,Negative
S6227,C12537,2025-12-21,Technical,High,14,Resolved,Neutral
S6228,C12537,2025-12-30,Payment,Medium,59,Open,Negative
S6229,C12537,2025-11-26,Billing,High,63,Resolved,Negative
S6230,C12538,2025-10-16,Subscription,High,47,Resolved,Negative
S6231,C12538,2025-11-18,Login,High,40,Resolved,Negative
S6232,C12538,2025-11-02,Subscription,High,71,Resolved,Negative
S6233,C12538,2026-08-19,Technical,Medium,5,Resolved,Positive
S6234,C12539,2026-03-27,Payment,Low,61,Open,Negative
S6235,C12539,2025-10-12,Subscription,Medium,45,Open,Negative
S6236,C12540,2026-08-05,Billing,Low,19,Open,Neutral
S6237,C12540,2026-06-16,Billing,Medium,54,Resolved,Negative
S6238,C12541,2026-01-23,Login,High,67,Open,Negative
S6239,C12541,2026-08-28,Technical,Medium,12,Resolved,Positive
S6240,C12542,2026-01-27,Technical,Low,16,Resolved,Neutral
S6241,C12542,2025-09-30,Billing,High,17,Resolved,Neutral
S6242,C12542,2025-11-17,Payment,Medium,26,Resolved,Neutral
S6243,C12543,2026-02-10,Billing,High,30,Resolved,Neutral
S6244,C12543,2026-03-13,Payment,High,47,Resolved,Negative
S6245,C12543,2025-11-11,Billing,Medium,14,Open,Neutral
S6246,C12544,2025-11-24,Technical,High,7,Resolved,Positive
S6247,C12544,2026-08-07,Login,High,5,Resolved,Positive
S6248,C12544,2025-11-30,Subscription,High,64,Open,Negative
S6249,C12545,2026-05-14,Billing,Medium,12,Resolved,Positive
S6250,C12545,2026-06-08,Technical,High,18,Resolved,Neutral
S6251,C12545,2025-10-26,Billing,High,48,Open,Negative
S6252,C12547,2026-04-29,Billing,High,38,Resolved,Negative
S6253,C12547,2026-06-02,Technical,High,40,Resolved,Negative
S6254,C12548,2025-09-13,Technical,High,68,Open,Negative
S6255,C12549,2026-06-02,Payment,High,5,Resolved,Positive
S6256,C12550,2025-12-22,Technical,High,55,Resolved,Negative
S6257,C12550,2026-02-14,Technical,High,23,Open,Neutral
S6258,C12550,2025-09-01,Billing,Medium,25,Open,Neutral
S6259,C12551,2026-07-28,Subscription,Medium,30,Open,Neutral
S6260,C12551,2026-03-19,Technical,Low,63,Resolved,Negative
S6261,C12552,2025-12-22,Payment,Low,14,Resolved,Neutral
S6262,C12552,2026-01-27,Login,Low,71,Resolved,Negative
S6263,C12553,2026-05-23,Payment,High,47,Resolved,Negative
S6264,C12553,2026-08-24,Billing,Medium,30,Resolved,Neutral
S6265,C12553,2026-05-18,Subscription,High,65,Open,Negative
S6266,C12553,2026-02-18,Subscription,Medium,37,Open,Negative
S6267,C12554,2025-12-24,Login,Medium,43,Resolved,Negative
S6268,C12554,2025-09-13,Subscription,Medium,23,Open,Neutral
S6269,C12554,2026-03-01,Payment,Low,33,Resolved,Neutral
S6270,C12554,2025-10-21,Billing,Low,36,Resolved,Neutral
S6271,C12555,2025-12-20,Billing,High,49,Open,Negative
S6272,C12556,2026-07-12,Payment,High,58,Resolved,Negative
S6273,C12556,2026-06-28,Technical,High,11,Open,Positive
S6274,C12557,2026-03-24,Payment,Medium,63,Resolved,Negative
S6275,C12557,2026-08-27,Login,Medium,5,Resolved,Positive
S6276,C12558,2026-08-02,Subscription,Medium,17,Open,Neutral
S6277,C12558,2026-07-16,Payment,Low,5,Resolved,Positive
S6278,C12558,2025-09-17,Technical,High,51,Open,Negative
S6279,C12559,2026-06-21,Subscription,Low,15,Resolved,Neutral
S6280,C12559,2026-06-04,Payment,Low,8,Open,Positive
S6281,C12559,2025-10-12,Login,Medium,58,Resolved,Negative
S6282,C12559,2026-03-18,Billing,Low,15,Resolved,Neutral
S6283,C12560,2026-03-04,Technical,High,48,Resolved,Negative
S6284,C12561,2026-04-30,Technical,Low,56,Resolved,Negative
S6285,C12561,2026-04-29,Technical,Medium,30,Open,Neutral
S6286,C12561,2026-04-22,Subscription,Medium,7,Resolved,Positive
S6287,C12561,2026-03-06,Technical,Medium,54,Open,Negative
S6288,C12562,2025-10-09,Payment,High,8,Open,Positive
S6289,C12562,2026-06-30,Technical,Low,48,Resolved,Negative
S6290,C12562,2026-08-28,Billing,High,69,Resolved,Negative
S6291,C12563,2026-03-08,Payment,Low,4,Resolved,Positive
S6292,C12564,2026-08-26,Login,Low,50,Resolved,Negative
S6293,C12564,2026-04-22,Billing,High,21,Resolved,Neutral
S6294,C12564,2026-08-22,Billing,Low,51,Resolved,Negative
S6295,C12564,2025-09-08,Payment,High,45,Resolved,Negative
S6296,C12564,2026-03-28,Technical,Medium,64,Resolved,Negative
S6297,C12565,2026-07-07,Subscription,Low,34,Resolved,Neutral
S6298,C12565,2025-12-07,Technical,Low,53,Open,Negative
S6299,C12566,2026-04-04,Technical,Medium,51,Open,Negative
S6300,C12566,2025-10-01,Technical,Medium,38,Resolved,Negative
S6301,C12566,2026-01-01,Billing,High,56,Open,Negative
S6302,C12566,2026-08-28,Technical,Medium,47,Open,Negative
S6303,C12567,2026-05-29,Subscription,Medium,49,Resolved,Negative
S6304,C12567,2025-11-01,Login,Low,59,Resolved,Negative
S6305,C12567,2026-03-09,Billing,High,44,Resolved,Negative
S6306,C12567,2026-02-22,Login,High,59,Open,Negative
S6307,C12568,2026-05-28,Technical,Medium,58,Resolved,Negative
S6308,C12568,2025-10-11,Subscription,High,58,Resolved,Negative
S6309,C12568,2025-09-28,Login,Low,7,Open,Positive
S6310,C12568,2026-01-17,Login,High,49,Open,Negative
S6311,C12568,2026-06-12,Login,Medium,31,Resolved,Neutral
S6312,C12570,2026-08-18,Technical,Low,58,Open,Negative
S6313,C12570,2025-11-01,Billing,High,49,Resolved,Negative
S6314,C12570,2026-03-10,Billing,High,28,Open,Neutral
S6315,C12571,2026-01-02,Subscription,Medium,51,Resolved,Negative
S6316,C12571,2026-05-30,Billing,Medium,14,Resolved,Neutral
S6317,C12571,2025-09-05,Billing,Low,42,Resolved,Negative
S6318,C12572,2026-02-27,Billing,High,30,Resolved,Neutral
S6319,C12572,2026-05-04,Login,Medium,17,Resolved,Neutral
S6320,C12572,2026-06-11,Billing,Low,8,Resolved,Positive
S6321,C12573,2025-11-18,Technical,High,56,Resolved,Negative
S6322,C12574,2026-06-21,Billing,Medium,42,Resolved,Negative
S6323,C12575,2026-02-12,Payment,High,50,Open,Negative
S6324,C12575,2025-10-02,Subscription,Medium,11,Resolved,Positive
S6325,C12575,2026-07-27,Billing,Medium,33,Open,Neutral
S6326,C12575,2026-07-18,Billing,Low,72,Open,Negative
S6327,C12576,2025-12-01,Payment,Medium,50,Open,Negative
S6328,C12576,2025-11-11,Payment,High,48,Resolved,Negative
S6329,C12576,2025-09-13,Billing,Medium,38,Resolved,Negative
S6330,C12576,2025-12-26,Login,Medium,49,Resolved,Negative
S6331,C12577,2025-09-22,Payment,Medium,51,Open,Negative
S6332,C12579,2026-07-07,Billing,Low,5,Resolved,Positive
S6333,C12579,2026-08-04,Technical,Low,41,Resolved,Negative
S6334,C12579,2026-07-22,Billing,High,67,Open,Negative
S6335,C12579,2026-02-01,Technical,Medium,58,Open,Negative
S6336,C12580,2026-07-23,Technical,Medium,71,Open,Negative
S6337,C12580,2025-12-06,Technical,Low,48,Resolved,Negative
S6338,C12580,2026-06-27,Login,Medium,25,Resolved,Neutral
S6339,C12580,2025-11-02,Payment,Medium,3,Resolved,Positive
S6340,C12580,2026-07-23,Payment,High,53,Open,Negative
S6341,C12581,2025-11-05,Subscription,Medium,47,Open,Negative
S6342,C12581,2025-11-14,Login,Medium,21,Open,Neutral
S6343,C12581,2026-01-28,Login,High,45,Resolved,Negative
S6344,C12582,2025-11-05,Payment,Medium,10,Open,Positive
S6345,C12582,2026-05-07,Payment,High,6,Open,Positive
S6346,C12582,2026-03-15,Payment,High,52,Open,Negative
S6347,C12583,2025-10-07,Technical,High,39,Resolved,Negative
S6348,C12584,2026-05-07,Billing,High,2,Open,Positive
S6349,C12584,2026-07-24,Billing,Medium,58,Resolved,Negative
S6350,C12584,2026-06-03,Login,Medium,71,Resolved,Negative
S6351,C12584,2026-06-12,Subscription,Medium,63,Open,Negative
S6352,C12585,2026-08-30,Login,Medium,71,Resolved,Negative
S6353,C12585,2026-04-13,Login,Low,5,Resolved,Positive
S6354,C12586,2026-07-10,Login,Low,21,Resolved,Neutral
S6355,C12586,2026-07-14,Login,High,4,Resolved,Positive
S6356,C12586,2026-02-24,Technical,Medium,34,Resolved,Neutral
S6357,C12586,2026-04-06,Login,Low,20,Resolved,Neutral
S6358,C12586,2026-04-29,Subscription,Medium,42,Resolved,Negative
S6359,C12587,2026-08-29,Billing,Medium,3,Resolved,Positive
S6360,C12588,2026-08-02,Billing,Low,71,Resolved,Negative
S6361,C12588,2025-09-30,Technical,Medium,21,Resolved,Neutral
S6362,C12588,2026-07-07,Technical,Medium,64,Resolved,Negative
S6363,C12588,2025-10-10,Billing,Low,51,Resolved,Negative
S6364,C12588,2026-07-03,Technical,Medium,40,Resolved,Negative
S6365,C12589,2025-10-01,Subscription,Low,13,Open,Neutral
S6366,C12589,2025-11-21,Payment,High,67,Resolved,Negative
S6367,C12589,2025-09-10,Subscription,Medium,20,Resolved,Neutral
S6368,C12589,2026-03-03,Login,Medium,9,Open,Positive
S6369,C12590,2025-11-27,Subscription,Medium,19,Open,Neutral
S6370,C12590,2026-02-10,Technical,High,45,Open,Negative
S6371,C12590,2026-01-28,Subscription,Medium,56,Open,Negative
S6372,C12590,2025-10-04,Billing,Medium,10,Resolved,Positive
S6373,C12590,2026-07-06,Login,Low,9,Resolved,Positive
S6374,C12591,2026-06-19,Login,Low,52,Resolved,Negative
S6375,C12591,2026-06-27,Technical,Medium,26,Resolved,Neutral
S6376,C12591,2026-04-20,Billing,High,48,Resolved,Negative
S6377,C12591,2026-05-31,Billing,High,5,Open,Positive
S6378,C12591,2026-02-04,Subscription,High,10,Resolved,Positive
S6379,C12592,2026-02-24,Technical,Medium,58,Open,Negative
S6380,C12592,2026-08-14,Technical,Medium,68,Resolved,Negative
S6381,C12592,2025-10-12,Subscription,Medium,47,Resolved,Negative
S6382,C12592,2026-04-12,Login,High,53,Resolved,Negative
S6383,C12592,2026-02-17,Billing,Low,1,Open,Positive
S6384,C12593,2026-04-17,Technical,Low,12,Resolved,Positive
S6385,C12593,2026-02-14,Payment,Medium,44,Resolved,Negative
S6386,C12593,2026-07-02,Technical,High,50,Open,Negative
S6387,C12593,2026-04-18,Login,Low,65,Resolved,Negative
S6388,C12594,2026-02-17,Subscription,High,70,Resolved,Negative
S6389,C12594,2026-03-22,Billing,Medium,60,Resolved,Negative
S6390,C12594,2025-09-26,Technical,Medium,66,Open,Negative
S6391,C12595,2026-01-25,Subscription,Low,34,Resolved,Neutral
S6392,C12595,2025-11-06,Subscription,Medium,55,Resolved,Negative
S6393,C12595,2026-02-02,Billing,High,20,Resolved,Neutral
S6394,C12595,2026-01-25,Payment,Medium,27,Open,Neutral
S6395,C12596,2026-03-09,Technical,High,38,Resolved,Negative
S6396,C12596,2025-10-06,Technical,High,54,Resolved,Negative
S6397,C12597,2026-06-21,Technical,High,64,Open,Negative
S6398,C12598,2025-12-14,Subscription,Medium,28,Resolved,Neutral
S6399,C12598,2025-09-24,Payment,High,46,Resolved,Negative
S6400,C12598,2026-02-15,Billing,Low,33,Resolved,Neutral
S6401,C12598,2026-07-05,Payment,High,18,Open,Neutral
S6402,C12598,2026-03-30,Login,Medium,52,Open,Negative
S6403,C12599,2025-11-06,Login,Low,17,Open,Neutral
S6404,C12599,2026-02-05,Subscription,High,16,Resolved,Neutral
S6405,C12600,2026-05-15,Login,Medium,65,Resolved,Negative
S6406,C12600,2026-05-25,Billing,High,49,Resolved,Negative
S6407,C12600,2026-01-19,Billing,Medium,29,Resolved,Neutral
S6408,C12600,2026-04-13,Billing,High,55,Open,Negative
S6409,C12600,2026-03-10,Subscription,Medium,59,Open,Negative
S6410,C12601,2025-09-15,Billing,Medium,1,Resolved,Positive
S6411,C12601,2025-09-21,Subscription,Medium,39,Resolved,Negative
S6412,C12601,2026-02-19,Subscription,High,38,Resolved,Negative
S6413,C12601,2025-11-22,Technical,Medium,50,Resolved,Negative
S6414,C12601,2026-08-27,Technical,Medium,23,Open,Neutral
S6415,C12602,2025-11-01,Billing,High,51,Open,Negative
S6416,C12602,2026-08-19,Technical,Low,28,Resolved,Neutral
S6417,C12602,2025-10-13,Billing,Medium,32,Resolved,Neutral
S6418,C12602,2026-07-11,Login,High,18,Open,Neutral
S6419,C12603,2025-10-23,Subscription,Low,25,Resolved,Neutral
S6420,C12603,2026-02-22,Payment,High,63,Open,Negative
S6421,C12603,2025-09-28,Billing,Low,32,Open,Neutral
S6422,C12603,2026-05-17,Login,Low,49,Open,Negative
S6423,C12604,2026-06-09,Payment,Medium,11,Resolved,Positive
S6424,C12605,2026-08-24,Payment,Medium,58,Open,Negative
S6425,C12605,2025-10-24,Subscription,Medium,16,Resolved,Neutral
S6426,C12605,2025-10-03,Login,Medium,25,Open,Neutral
S6427,C12605,2026-07-12,Login,Low,35,Resolved,Neutral
S6428,C12606,2026-01-15,Billing,High,54,Resolved,Negative
S6429,C12606,2025-10-17,Subscription,High,68,Open,Negative
S6430,C12606,2026-06-27,Billing,Low,27,Resolved,Neutral
S6431,C12606,2026-04-29,Technical,Medium,16,Open,Neutral
S6432,C12606,2026-07-07,Technical,Medium,34,Resolved,Neutral
S6433,C12607,2026-02-19,Payment,Medium,47,Open,Negative
S6434,C12607,2026-08-11,Login,Medium,16,Resolved,Neutral
S6435,C12607,2026-05-10,Subscription,Low,47,Open,Negative
S6436,C12607,2025-09-07,Subscription,High,16,Resolved,Neutral
S6437,C12607,2026-04-23,Login,Medium,61,Resolved,Negative
S6438,C12608,2026-07-24,Payment,High,13,Resolved,Neutral
S6439,C12608,2026-02-03,Payment,Low,51,Resolved,Negative
S6440,C12608,2026-06-20,Subscription,Medium,71,Resolved,Negative
S6441,C12608,2025-10-29,Technical,Low,21,Resolved,Neutral
S6442,C12609,2026-02-25,Technical,Medium,59,Open,Negative
S6443,C12610,2025-11-24,Payment,Low,24,Open,Neutral
S6444,C12610,2025-10-12,Login,Medium,2,Resolved,Positive
S6445,C12610,2026-07-05,Technical,Medium,21,Resolved,Neutral
S6446,C12610,2026-02-13,Technical,Medium,18,Resolved,Neutral
S6447,C12610,2026-03-03,Subscription,Medium,16,Resolved,Neutral
S6448,C12611,2025-11-17,Login,High,57,Open,Negative
S6449,C12611,2026-07-19,Payment,High,10,Open,Positive
S6450,C12612,2025-12-07,Subscription,High,66,Resolved,Negative
S6451,C12613,2026-04-08,Technical,Low,72,Resolved,Negative
S6452,C12613,2026-04-29,Payment,Low,68,Resolved,Negative
S6453,C12613,2025-10-28,Payment,Low,67,Resolved,Negative
S6454,C12613,2026-04-03,Technical,High,9,Open,Positive
S6455,C12613,2026-07-22,Payment,High,40,Resolved,Negative
S6456,C12614,2025-12-09,Payment,Medium,34,Resolved,Neutral
S6457,C12614,2025-10-26,Payment,High,59,Open,Negative
S6458,C12614,2026-02-14,Technical,Medium,69,Resolved,Negative
S6459,C12614,2026-03-08,Subscription,Low,38,Open,Negative
S6460,C12614,2026-03-20,Payment,Medium,13,Resolved,Neutral
S6461,C12615,2026-02-07,Login,Medium,54,Resolved,Negative
S6462,C12617,2026-06-12,Billing,High,46,Resolved,Negative
S6463,C12618,2025-10-05,Billing,Low,43,Open,Negative
S6464,C12618,2026-07-17,Billing,Medium,47,Open,Negative
S6465,C12618,2026-02-20,Payment,High,13,Open,Neutral
S6466,C12618,2026-03-13,Technical,Medium,19,Open,Neutral
S6467,C12619,2026-07-24,Subscription,Low,67,Resolved,Negative
S6468,C12619,2025-12-17,Billing,High,61,Open,Negative
S6469,C12619,2025-09-03,Payment,Low,13,Resolved,Neutral
S6470,C12619,2026-01-03,Billing,Medium,65,Open,Negative
S6471,C12620,2025-12-25,Technical,Medium,28,Resolved,Neutral
S6472,C12620,2026-03-29,Login,Low,55,Open,Negative
S6473,C12622,2026-01-13,Login,Medium,11,Resolved,Positive
S6474,C12623,2026-08-25,Subscription,Medium,15,Resolved,Neutral
S6475,C12624,2026-05-10,Billing,Medium,72,Resolved,Negative
S6476,C12624,2025-10-13,Billing,Low,58,Resolved,Negative
S6477,C12625,2025-10-19,Subscription,High,67,Open,Negative
S6478,C12625,2025-09-06,Subscription,Low,54,Open,Negative
S6479,C12625,2026-02-05,Subscription,High,16,Resolved,Neutral
S6480,C12626,2025-10-11,Billing,Low,31,Resolved,Neutral
S6481,C12626,2025-10-19,Payment,Low,4,Resolved,Positive
S6482,C12626,2026-06-12,Login,High,51,Resolved,Negative
S6483,C12627,2026-01-24,Billing,Medium,30,Resolved,Neutral
S6484,C12627,2026-03-17,Payment,Low,55,Open,Negative
S6485,C12627,2026-07-14,Payment,Medium,53,Resolved,Negative
S6486,C12627,2026-03-03,Billing,High,17,Resolved,Neutral
S6487,C12628,2026-08-06,Subscription,Low,63,Resolved,Negative
S6488,C12628,2025-12-05,Subscription,Low,57,Open,Negative
S6489,C12628,2026-03-01,Technical,Medium,58,Open,Negative
S6490,C12628,2025-09-04,Login,High,55,Open,Negative
S6491,C12628,2025-10-11,Login,High,64,Resolved,Negative
S6492,C12630,2025-12-14,Login,Low,10,Resolved,Positive
S6493,C12630,2025-12-12,Login,Medium,62,Resolved,Negative
S6494,C12633,2026-04-28,Subscription,Low,22,Resolved,Neutral
S6495,C12635,2026-05-21,Login,Low,66,Resolved,Negative
S6496,C12635,2026-07-27,Payment,High,72,Resolved,Negative
S6497,C12635,2026-07-21,Login,Low,16,Resolved,Neutral
S6498,C12635,2026-03-14,Billing,Low,61,Open,Negative
S6499,C12636,2026-02-24,Billing,Low,66,Open,Negative
S6500,C12636,2026-03-06,Billing,High,5,Open,Positive
S6501,C12636,2025-10-09,Login,Medium,72,Resolved,Negative
S6502,C12636,2026-08-18,Payment,Medium,6,Resolved,Positive
S6503,C12637,2026-05-30,Billing,Medium,20,Resolved,Neutral
S6504,C12637,2026-05-26,Billing,Medium,6,Resolved,Positive
S6505,C12638,2026-01-20,Subscription,Medium,50,Resolved,Negative
S6506,C12639,2026-03-23,Technical,Medium,55,Resolved,Negative
S6507,C12639,2026-05-09,Login,Medium,51,Open,Negative
S6508,C12639,2026-07-30,Payment,Low,67,Resolved,Negative
S6509,C12640,2026-04-24,Login,High,5,Resolved,Positive
S6510,C12640,2026-06-16,Payment,Medium,27,Open,Neutral
S6511,C12640,2026-07-24,Payment,Low,18,Open,Neutral
S6512,C12641,2025-10-18,Login,Medium,10,Open,Positive
S6513,C12641,2026-06-21,Billing,High,4,Resolved,Positive
S6514,C12641,2026-08-19,Technical,Medium,9,Open,Positive
S6515,C12642,2026-03-10,Billing,Medium,12,Resolved,Positive
S6516,C12642,2026-04-03,Billing,Low,62,Open,Negative
S6517,C12642,2026-07-06,Payment,Low,64,Open,Negative
S6518,C12642,2025-10-08,Payment,High,69,Resolved,Negative
S6519,C12643,2026-06-10,Billing,Low,64,Resolved,Negative
S6520,C12643,2025-10-26,Technical,Medium,59,Open,Negative
S6521,C12643,2026-05-24,Payment,High,43,Resolved,Negative
S6522,C12644,2026-01-16,Subscription,Low,1,Open,Positive
S6523,C12644,2026-04-19,Login,Medium,58,Resolved,Negative
S6524,C12644,2026-03-15,Login,Medium,57,Resolved,Negative
S6525,C12644,2025-11-29,Subscription,Medium,2,Resolved,Positive
S6526,C12644,2025-11-22,Login,High,55,Resolved,Negative
S6527,C12645,2026-06-05,Login,Low,47,Open,Negative
S6528,C12645,2026-04-06,Billing,High,4,Open,Positive
S6529,C12645,2026-05-23,Payment,Medium,61,Resolved,Negative
S6530,C12645,2026-04-06,Login,Low,27,Resolved,Neutral
S6531,C12645,2025-09-29,Login,High,65,Resolved,Negative
S6532,C12646,2026-04-17,Billing,Low,25,Open,Neutral
S6533,C12646,2026-03-09,Login,Medium,63,Resolved,Negative
S6534,C12647,2026-08-10,Subscription,Medium,34,Open,Neutral
S6535,C12647,2026-06-08,Login,Medium,38,Open,Negative
S6536,C12647,2026-05-16,Subscription,Medium,24,Resolved,Neutral
S6537,C12647,2026-04-12,Technical,High,4,Resolved,Positive
S6538,C12648,2025-11-22,Billing,Low,31,Resolved,Neutral
S6539,C12648,2026-02-10,Login,High,61,Open,Negative
S6540,C12648,2026-03-13,Technical,Medium,55,Open,Negative
S6541,C12648,2026-02-10,Technical,High,68,Resolved,Negative
S6542,C12649,2026-08-17,Technical,Medium,46,Resolved,Negative
S6543,C12649,2026-07-15,Billing,High,44,Resolved,Negative
S6544,C12649,2025-12-12,Payment,Medium,44,Resolved,Negative
S6545,C12649,2025-10-31,Subscription,Medium,47,Resolved,Negative
S6546,C12649,2025-10-15,Login,High,63,Open,Negative
S6547,C12650,2025-12-31,Login,Low,36,Resolved,Neutral
S6548,C12650,2025-09-26,Login,Medium,27,Open,Neutral
S6549,C12651,2025-10-01,Login,High,39,Resolved,Negative
S6550,C12651,2026-08-19,Billing,Low,1,Open,Positive
S6551,C12652,2026-06-09,Technical,Low,58,Open,Negative
S6552,C12652,2025-10-21,Login,Medium,66,Resolved,Negative
S6553,C12652,2026-06-01,Subscription,Low,34,Resolved,Neutral
S6554,C12652,2026-07-10,Payment,High,59,Open,Negative
S6555,C12652,2026-01-29,Login,High,45,Resolved,Negative
S6556,C12653,2025-09-25,Subscription,Medium,49,Resolved,Negative
S6557,C12653,2025-09-02,Billing,Low,46,Open,Negative
S6558,C12653,2026-04-16,Billing,Medium,48,Resolved,Negative
S6559,C12653,2026-06-11,Technical,Medium,55,Resolved,Negative
S6560,C12653,2025-09-25,Login,High,14,Resolved,Neutral
S6561,C12654,2026-06-08,Subscription,High,23,Open,Neutral
S6562,C12654,2025-10-22,Technical,High,65,Resolved,Negative
S6563,C12654,2026-03-23,Login,Medium,5,Open,Positive
S6564,C12654,2026-06-03,Payment,High,1,Open,Positive
S6565,C12654,2025-10-28,Technical,High,3,Resolved,Positive
S6566,C12655,2026-03-05,Billing,Low,36,Open,Neutral
S6567,C12655,2026-03-08,Technical,Low,53,Open,Negative
S6568,C12655,2025-12-31,Payment,High,43,Resolved,Negative
S6569,C12657,2026-01-24,Technical,Medium,25,Open,Neutral
S6570,C12657,2026-05-13,Login,Medium,15,Open,Neutral
S6571,C12657,2026-08-20,Payment,Medium,53,Resolved,Negative
S6572,C12657,2026-01-14,Login,Low,51,Resolved,Negative
S6573,C12658,2025-11-13,Login,High,1,Open,Positive
S6574,C12658,2026-04-23,Payment,Medium,9,Open,Positive
S6575,C12658,2026-04-08,Billing,Medium,17,Resolved,Neutral
S6576,C12658,2026-07-06,Login,Low,68,Open,Negative
S6577,C12659,2026-04-05,Payment,High,69,Open,Negative
S6578,C12659,2026-05-30,Subscription,Low,27,Resolved,Neutral
S6579,C12659,2025-11-21,Payment,High,53,Open,Negative
S6580,C12659,2026-03-09,Billing,High,47,Resolved,Negative
S6581,C12660,2026-02-13,Subscription,High,66,Resolved,Negative
S6582,C12661,2026-06-04,Payment,Medium,10,Resolved,Positive
S6583,C12661,2026-05-01,Technical,High,14,Resolved,Neutral
S6584,C12661,2026-05-01,Technical,Low,68,Resolved,Negative
S6585,C12661,2026-02-28,Technical,Medium,3,Resolved,Positive
S6586,C12661,2025-11-27,Subscription,High,6,Resolved,Positive
S6587,C12662,2026-08-30,Subscription,Low,18,Resolved,Neutral
S6588,C12662,2026-07-08,Technical,High,21,Resolved,Neutral
S6589,C12663,2025-10-30,Login,Low,46,Open,Negative
S6590,C12664,2026-02-10,Billing,High,12,Resolved,Positive
S6591,C12666,2026-06-19,Subscription,Medium,55,Resolved,Negative
S6592,C12666,2026-07-25,Subscription,High,62,Resolved,Negative
S6593,C12666,2026-07-13,Payment,Low,49,Resolved,Negative
S6594,C12666,2025-12-28,Subscription,Low,20,Resolved,Neutral
S6595,C12666,2025-11-01,Technical,Low,23,Resolved,Neutral
S6596,C12667,2026-02-16,Login,High,41,Resolved,Negative
S6597,C12667,2026-05-14,Login,Medium,17,Open,Neutral
S6598,C12667,2026-02-08,Subscription,Medium,45,Resolved,Negative
S6599,C12667,2026-06-26,Billing,Low,48,Resolved,Negative
S6600,C12668,2026-02-21,Subscription,Low,68,Open,Negative
S6601,C12668,2026-02-18,Payment,High,32,Resolved,Neutral
S6602,C12668,2025-11-21,Technical,Low,18,Resolved,Neutral
S6603,C12668,2025-09-10,Technical,Low,59,Resolved,Negative
S6604,C12668,2025-10-03,Login,Low,13,Resolved,Neutral
S6605,C12669,2025-12-10,Technical,High,23,Resolved,Neutral
S6606,C12671,2026-08-25,Billing,High,32,Resolved,Neutral
S6607,C12671,2025-10-21,Payment,Low,37,Open,Negative
S6608,C12671,2026-07-15,Technical,Medium,66,Resolved,Negative
S6609,C12671,2025-11-17,Billing,Low,2,Resolved,Positive
S6610,C12671,2026-01-10,Technical,Medium,67,Resolved,Negative
S6611,C12672,2026-05-13,Subscription,Medium,24,Resolved,Neutral
S6612,C12674,2025-10-23,Subscription,Medium,70,Resolved,Negative
S6613,C12674,2026-03-07,Subscription,Medium,48,Resolved,Negative
S6614,C12675,2026-05-20,Payment,Low,15,Resolved,Neutral
S6615,C12675,2026-04-26,Subscription,High,34,Resolved,Neutral
S6616,C12675,2026-05-19,Payment,High,21,Resolved,Neutral
S6617,C12675,2025-12-12,Subscription,Low,1,Open,Positive
S6618,C12676,2025-12-01,Payment,Low,33,Open,Neutral
S6619,C12676,2025-12-18,Billing,High,48,Open,Negative
S6620,C12676,2025-09-14,Billing,Low,33,Resolved,Neutral
S6621,C12676,2026-08-25,Billing,Low,38,Open,Negative
S6622,C12676,2026-02-24,Technical,High,2,Resolved,Positive
S6623,C12678,2025-09-28,Billing,Medium,25,Resolved,Neutral
S6624,C12678,2026-05-29,Technical,High,39,Resolved,Negative
S6625,C12678,2026-06-15,Payment,Low,12,Open,Positive
S6626,C12678,2026-08-15,Payment,High,24,Open,Neutral
S6627,C12678,2026-06-17,Subscription,Low,4,Open,Positive
S6628,C12680,2026-02-04,Login,Medium,28,Resolved,Neutral
S6629,C12680,2025-10-25,Technical,High,33,Resolved,Neutral
S6630,C12680,2026-06-25,Payment,Low,16,Open,Neutral
S6631,C12680,2026-06-08,Login,High,29,Open,Neutral
S6632,C12682,2026-03-07,Login,High,1,Open,Positive
S6633,C12682,2026-02-02,Billing,Low,11,Open,Positive
S6634,C12684,2026-02-16,Billing,Medium,31,Open,Neutral
S6635,C12684,2025-12-09,Technical,High,23,Resolved,Neutral
S6636,C12684,2026-03-05,Subscription,Medium,4,Open,Positive
S6637,C12684,2026-03-24,Login,High,8,Resolved,Positive
S6638,C12684,2026-06-04,Subscription,High,54,Resolved,Negative
S6639,C12685,2026-07-31,Login,Medium,12,Resolved,Positive
S6640,C12685,2026-05-28,Subscription,High,41,Open,Negative
S6641,C12685,2025-12-28,Technical,Low,33,Resolved,Neutral
S6642,C12685,2026-03-21,Technical,Medium,43,Open,Negative
S6643,C12686,2026-02-15,Billing,Medium,45,Open,Negative
S6644,C12686,2025-09-10,Subscription,Medium,50,Resolved,Negative
S6645,C12687,2026-05-06,Technical,High,13,Open,Neutral
S6646,C12687,2025-12-31,Billing,Medium,68,Open,Negative
S6647,C12687,2026-01-27,Subscription,Low,49,Open,Negative
S6648,C12687,2025-12-06,Technical,Low,9,Open,Positive
S6649,C12688,2025-10-15,Technical,Low,40,Open,Negative
S6650,C12688,2025-11-28,Payment,Low,62,Resolved,Negative
S6651,C12689,2025-09-30,Technical,Low,38,Open,Negative
S6652,C12689,2026-06-02,Billing,Low,54,Open,Negative
S6653,C12689,2025-09-09,Login,High,37,Open,Negative
S6654,C12689,2026-02-02,Login,High,61,Open,Negative
S6655,C12691,2026-02-03,Billing,Low,3,Open,Positive
S6656,C12691,2026-01-30,Billing,Low,40,Resolved,Negative
S6657,C12692,2026-08-20,Subscription,Low,56,Open,Negative
S6658,C12694,2026-06-29,Technical,Low,39,Resolved,Negative
S6659,C12694,2025-09-17,Subscription,High,9,Resolved,Positive
S6660,C12694,2026-06-08,Payment,High,3,Open,Positive
S6661,C12695,2025-10-29,Login,Low,20,Open,Neutral
S6662,C12695,2026-04-26,Billing,Low,17,Open,Neutral
S6663,C12695,2026-05-30,Subscription,High,14,Resolved,Neutral
S6664,C12695,2026-07-31,Billing,High,29,Resolved,Neutral
S6665,C12696,2026-03-11,Billing,Medium,10,Open,Positive
S6666,C12696,2025-10-25,Payment,Low,15,Open,Neutral
S6667,C12697,2026-04-26,Technical,Medium,5,Resolved,Positive
S6668,C12697,2025-12-26,Subscription,High,27,Resolved,Neutral
S6669,C12697,2026-01-07,Login,Medium,53,Resolved,Negative
S6670,C12698,2025-10-15,Subscription,Medium,55,Open,Negative
S6671,C12698,2025-11-17,Login,Medium,53,Resolved,Negative
S6672,C12699,2026-06-09,Login,High,63,Resolved,Negative
S6673,C12699,2026-01-15,Login,Medium,48,Resolved,Negative
S6674,C12699,2026-08-04,Technical,Low,59,Resolved,Negative
S6675,C12699,2026-02-06,Payment,Medium,56,Open,Negative
S6676,C12700,2025-09-02,Payment,Medium,33,Open,Neutral
S6677,C12700,2026-04-21,Technical,Low,45,Resolved,Negative
S6678,C12701,2026-04-17,Billing,Low,36,Resolved,Neutral
S6679,C12701,2025-09-20,Payment,Low,37,Resolved,Negative
S6680,C12701,2025-09-29,Subscription,High,32,Resolved,Neutral
S6681,C12701,2026-05-13,Login,Medium,7,Resolved,Positive
S6682,C12702,2025-12-10,Technical,Medium,29,Resolved,Neutral
S6683,C12702,2026-07-06,Subscription,Medium,50,Resolved,Negative
S6684,C12703,2026-03-21,Payment,Low,39,Resolved,Negative
S6685,C12704,2025-09-05,Login,High,35,Resolved,Neutral
S6686,C12704,2026-02-03,Login,Low,38,Open,Negative
S6687,C12704,2026-04-03,Billing,High,42,Resolved,Negative
S6688,C12704,2025-09-27,Login,Low,70,Resolved,Negative
S6689,C12704,2025-09-22,Login,Low,25,Open,Neutral
S6690,C12705,2026-08-09,Login,High,32,Resolved,Neutral
S6691,C12706,2026-02-13,Subscription,Medium,22,Open,Neutral
S6692,C12707,2026-05-01,Payment,Low,19,Resolved,Neutral
S6693,C12707,2026-01-09,Technical,Low,60,Resolved,Negative
S6694,C12707,2026-08-02,Login,Medium,46,Resolved,Negative
S6695,C12707,2026-04-18,Billing,High,5,Resolved,Positive
S6696,C12708,2026-07-20,Billing,High,20,Open,Neutral
S6697,C12708,2026-06-16,Subscription,High,54,Resolved,Negative
S6698,C12709,2026-01-19,Billing,Medium,35,Resolved,Neutral
S6699,C12710,2026-05-24,Subscription,Low,50,Resolved,Negative
S6700,C12710,2025-08-31,Technical,Medium,43,Resolved,Negative
S6701,C12712,2025-11-18,Payment,High,15,Resolved,Neutral
S6702,C12712,2026-05-07,Technical,Low,18,Resolved,Neutral
S6703,C12713,2026-02-02,Payment,Medium,34,Resolved,Neutral
S6704,C12714,2026-07-22,Payment,Medium,65,Open,Negative
S6705,C12714,2025-11-23,Subscription,Low,11,Resolved,Positive
S6706,C12714,2026-05-22,Payment,Medium,41,Resolved,Negative
S6707,C12714,2026-06-30,Technical,Low,38,Resolved,Negative
S6708,C12714,2025-10-27,Technical,Medium,70,Resolved,Negative
S6709,C12715,2026-02-13,Billing,High,12,Resolved,Positive
S6710,C12715,2025-11-05,Login,Medium,45,Resolved,Negative
S6711,C12716,2025-11-27,Billing,Medium,16,Resolved,Neutral
S6712,C12716,2026-03-03,Login,Medium,29,Open,Neutral
S6713,C12717,2026-01-03,Billing,High,49,Open,Negative
S6714,C12717,2025-09-08,Subscription,High,39,Open,Negative
S6715,C12717,2026-01-08,Subscription,Medium,48,Open,Negative
S6716,C12717,2026-06-13,Billing,Low,19,Resolved,Neutral
S6717,C12718,2026-07-22,Subscription,High,72,Open,Negative
S6718,C12718,2026-05-03,Login,Low,58,Open,Negative
S6719,C12718,2025-12-23,Login,Medium,69,Resolved,Negative
S6720,C12718,2025-11-20,Login,High,12,Resolved,Positive
S6721,C12719,2025-10-29,Login,High,13,Resolved,Neutral
S6722,C12720,2025-11-10,Billing,High,51,Resolved,Negative
S6723,C12720,2026-06-06,Payment,Medium,1,Open,Positive
S6724,C12720,2026-02-09,Payment,High,43,Resolved,Negative
S6725,C12720,2025-09-03,Payment,Low,9,Resolved,Positive
S6726,C12720,2025-10-31,Subscription,Low,35,Open,Neutral
S6727,C12722,2026-03-06,Payment,Low,60,Resolved,Negative
S6728,C12722,2026-04-05,Payment,High,13,Open,Neutral
S6729,C12723,2025-12-15,Technical,Medium,35,Open,Neutral
S6730,C12723,2026-08-14,Subscription,Low,67,Resolved,Negative
S6731,C12724,2026-01-29,Technical,Medium,16,Resolved,Neutral
S6732,C12724,2026-05-30,Login,Low,41,Resolved,Negative
S6733,C12724,2026-08-23,Payment,High,69,Open,Negative
S6734,C12724,2025-11-09,Subscription,Medium,60,Open,Negative
S6735,C12725,2025-12-18,Technical,Medium,23,Open,Neutral
S6736,C12725,2026-07-29,Subscription,Medium,42,Resolved,Negative
S6737,C12726,2025-09-21,Login,High,44,Open,Negative
S6738,C12726,2026-01-23,Payment,High,35,Resolved,Neutral
S6739,C12727,2026-08-15,Login,Low,35,Resolved,Neutral
S6740,C12727,2026-05-25,Login,Medium,49,Open,Negative
S6741,C12728,2026-03-19,Subscription,Medium,50,Resolved,Negative
S6742,C12728,2025-11-18,Billing,Low,11,Resolved,Positive
S6743,C12728,2026-02-22,Login,High,18,Resolved,Neutral
S6744,C12728,2026-07-13,Technical,Medium,44,Resolved,Negative
S6745,C12729,2026-01-08,Subscription,Low,43,Resolved,Negative
S6746,C12730,2026-04-19,Subscription,Medium,9,Open,Positive
S6747,C12730,2026-06-17,Login,High,63,Resolved,Negative
S6748,C12732,2025-12-09,Technical,High,47,Open,Negative
S6749,C12734,2026-06-05,Login,High,25,Resolved,Neutral
S6750,C12734,2026-01-16,Technical,Low,28,Open,Neutral
S6751,C12735,2026-03-23,Subscription,High,58,Open,Negative
S6752,C12735,2026-03-06,Payment,Low,39,Open,Negative
S6753,C12735,2026-07-26,Login,Medium,39,Open,Negative
S6754,C12735,2026-05-28,Billing,Medium,55,Resolved,Negative
S6755,C12735,2025-09-21,Subscription,Medium,26,Open,Neutral
S6756,C12737,2026-07-06,Technical,Low,15,Resolved,Neutral
S6757,C12738,2025-10-26,Subscription,Low,58,Resolved,Negative
S6758,C12738,2025-11-21,Subscription,High,23,Open,Neutral
S6759,C12738,2026-06-19,Payment,Medium,23,Resolved,Neutral
S6760,C12739,2025-09-07,Technical,Low,62,Resolved,Negative
S6761,C12739,2026-03-01,Subscription,High,16,Resolved,Neutral
S6762,C12739,2026-05-05,Subscription,High,16,Resolved,Neutral
S6763,C12739,2026-07-04,Payment,Low,69,Open,Negative
S6764,C12739,2025-09-25,Billing,Low,22,Open,Neutral
S6765,C12740,2025-09-16,Subscription,High,58,Open,Negative
S6766,C12740,2026-06-18,Subscription,Medium,32,Resolved,Neutral
S6767,C12740,2026-01-05,Login,Medium,69,Resolved,Negative
S6768,C12740,2026-01-24,Technical,Low,44,Resolved,Negative
S6769,C12741,2025-12-27,Subscription,High,7,Resolved,Positive
S6770,C12741,2025-09-16,Payment,Low,60,Open,Negative
S6771,C12741,2026-06-14,Technical,Medium,9,Open,Positive
S6772,C12742,2025-09-08,Billing,Low,43,Resolved,Negative
S6773,C12742,2026-02-07,Technical,Medium,17,Open,Neutral
S6774,C12742,2026-02-21,Payment,Medium,18,Resolved,Neutral
S6775,C12743,2026-08-31,Payment,Medium,59,Open,Negative
S6776,C12743,2025-12-27,Technical,Low,69,Resolved,Negative
S6777,C12743,2025-10-11,Subscription,Low,38,Open,Negative
S6778,C12744,2026-01-22,Payment,Low,10,Open,Positive
S6779,C12744,2026-03-22,Payment,Low,24,Resolved,Neutral
S6780,C12745,2026-01-27,Payment,Low,37,Resolved,Negative
S6781,C12745,2026-03-11,Technical,High,16,Resolved,Neutral
S6782,C12745,2026-04-25,Login,High,48,Resolved,Negative
S6783,C12745,2026-01-01,Billing,Medium,13,Resolved,Neutral
S6784,C12745,2026-05-19,Billing,High,53,Resolved,Negative
S6785,C12746,2025-10-20,Login,High,8,Resolved,Positive
S6786,C12748,2025-12-20,Technical,High,58,Resolved,Negative
S6787,C12748,2026-06-08,Payment,High,47,Resolved,Negative
S6788,C12748,2025-09-08,Payment,High,23,Open,Neutral
S6789,C12749,2026-05-03,Subscription,Low,12,Resolved,Positive
S6790,C12749,2026-03-27,Technical,Medium,24,Resolved,Neutral
S6791,C12749,2026-03-11,Billing,Medium,61,Resolved,Negative
S6792,C12750,2026-05-30,Billing,Medium,58,Resolved,Negative
S6793,C12750,2025-12-15,Billing,Low,50,Open,Negative
S6794,C12750,2026-07-21,Login,High,49,Resolved,Negative
S6795,C12751,2025-10-08,Login,Low,27,Resolved,Neutral
S6796,C12752,2025-12-31,Login,High,40,Resolved,Negative
S6797,C12753,2026-06-20,Login,High,10,Resolved,Positive
S6798,C12753,2026-07-28,Technical,High,9,Resolved,Positive
S6799,C12753,2026-05-12,Payment,Low,54,Resolved,Negative
S6800,C12753,2026-07-21,Payment,Medium,36,Resolved,Neutral
S6801,C12753,2026-05-07,Login,Medium,41,Resolved,Negative
S6802,C12754,2026-01-21,Technical,Medium,52,Resolved,Negative
S6803,C12754,2026-08-13,Payment,High,27,Resolved,Neutral
S6804,C12754,2025-09-06,Subscription,High,44,Open,Negative
S6805,C12754,2026-02-23,Login,Low,15,Resolved,Neutral
S6806,C12755,2026-01-06,Payment,Medium,23,Resolved,Neutral
S6807,C12755,2026-03-10,Login,Low,51,Resolved,Negative
S6808,C12755,2026-02-08,Technical,Low,67,Resolved,Negative
S6809,C12756,2025-12-09,Payment,Medium,14,Open,Neutral
S6810,C12756,2025-12-27,Billing,Medium,3,Open,Positive
S6811,C12756,2026-04-12,Technical,Low,25,Resolved,Neutral
S6812,C12756,2026-01-24,Payment,Medium,63,Open,Negative
S6813,C12758,2026-05-01,Technical,Medium,29,Resolved,Neutral
S6814,C12758,2025-12-05,Login,High,1,Resolved,Positive
S6815,C12758,2026-08-02,Billing,Medium,55,Resolved,Negative
S6816,C12758,2026-06-28,Login,High,68,Resolved,Negative
S6817,C12758,2026-04-10,Subscription,Low,46,Resolved,Negative
S6818,C12759,2025-11-09,Technical,Low,13,Resolved,Neutral
S6819,C12759,2025-10-07,Payment,High,18,Open,Neutral
S6820,C12759,2025-12-27,Subscription,High,71,Resolved,Negative
S6821,C12759,2026-04-03,Billing,Low,17,Resolved,Neutral
S6822,C12760,2026-07-06,Billing,Medium,71,Open,Negative
S6823,C12760,2025-10-16,Payment,Low,36,Open,Neutral
S6824,C12762,2026-04-09,Subscription,High,51,Resolved,Negative
S6825,C12762,2026-01-31,Billing,Medium,14,Open,Neutral
S6826,C12763,2025-12-29,Billing,Low,31,Resolved,Neutral
S6827,C12763,2025-11-03,Payment,Low,43,Resolved,Negative
S6828,C12763,2026-07-26,Billing,Medium,64,Resolved,Negative
S6829,C12763,2025-12-15,Payment,High,46,Resolved,Negative
S6830,C12764,2026-06-05,Billing,Low,29,Open,Neutral
S6831,C12764,2026-08-12,Billing,High,52,Resolved,Negative
S6832,C12764,2025-09-23,Login,Medium,13,Open,Neutral
S6833,C12764,2026-07-30,Technical,Low,34,Resolved,Neutral
S6834,C12764,2025-12-18,Technical,High,67,Open,Negative
S6835,C12765,2026-06-24,Login,Medium,36,Resolved,Neutral
S6836,C12766,2025-11-14,Billing,High,22,Resolved,Neutral
S6837,C12766,2026-02-02,Subscription,Low,8,Resolved,Positive
S6838,C12766,2026-01-20,Subscription,Medium,20,Resolved,Neutral
S6839,C12766,2025-12-21,Technical,High,44,Resolved,Negative
S6840,C12767,2026-06-16,Subscription,High,5,Resolved,Positive
S6841,C12767,2026-01-03,Login,Low,36,Open,Neutral
S6842,C12768,2025-09-30,Login,Low,67,Open,Negative
S6843,C12768,2026-04-17,Login,High,58,Resolved,Negative
S6844,C12768,2025-09-28,Payment,Medium,3,Resolved,Positive
S6845,C12770,2026-06-03,Login,Medium,31,Open,Neutral
S6846,C12770,2026-08-31,Login,High,12,Resolved,Positive
S6847,C12770,2026-07-24,Payment,Medium,9,Open,Positive
S6848,C12770,2026-02-12,Payment,High,52,Resolved,Negative
S6849,C12772,2025-09-19,Subscription,Medium,33,Resolved,Neutral
S6850,C12772,2025-09-19,Billing,Low,35,Resolved,Neutral
S6851,C12772,2026-05-06,Billing,High,32,Resolved,Neutral
S6852,C12773,2025-11-07,Login,High,60,Resolved,Negative
S6853,C12773,2026-06-02,Payment,Medium,34,Resolved,Neutral
S6854,C12775,2025-10-23,Billing,High,55,Resolved,Negative
S6855,C12775,2025-10-28,Subscription,High,26,Resolved,Neutral
S6856,C12777,2026-02-12,Technical,Medium,22,Resolved,Neutral
S6857,C12777,2026-05-22,Subscription,Low,72,Resolved,Negative
S6858,C12777,2026-01-06,Subscription,Medium,69,Resolved,Negative
S6859,C12777,2026-08-18,Subscription,Medium,8,Resolved,Positive
S6860,C12777,2026-06-03,Billing,High,53,Resolved,Negative
S6861,C12778,2026-02-10,Payment,High,39,Resolved,Negative
S6862,C12779,2026-03-10,Payment,High,12,Resolved,Positive
S6863,C12779,2026-08-06,Subscription,High,4,Resolved,Positive
S6864,C12779,2026-04-19,Billing,Low,60,Resolved,Negative
S6865,C12780,2026-04-28,Payment,Medium,22,Open,Neutral
S6866,C12783,2025-10-30,Subscription,Low,3,Resolved,Positive
S6867,C12783,2026-02-10,Subscription,Medium,53,Resolved,Negative
S6868,C12783,2026-01-23,Login,Low,23,Resolved,Neutral
S6869,C12783,2025-10-22,Billing,Medium,52,Open,Negative
S6870,C12783,2025-12-26,Billing,High,53,Resolved,Negative
S6871,C12785,2025-11-28,Billing,High,30,Resolved,Neutral
S6872,C12785,2026-07-29,Billing,Low,12,Open,Positive
S6873,C12786,2025-12-16,Payment,Medium,60,Open,Negative
S6874,C12786,2026-08-15,Payment,Low,38,Resolved,Negative
S6875,C12786,2026-06-05,Payment,High,42,Resolved,Negative
S6876,C12787,2026-06-10,Subscription,Low,67,Open,Negative
S6877,C12787,2026-06-16,Subscription,Medium,72,Open,Negative
S6878,C12787,2025-10-07,Login,Medium,38,Open,Negative
S6879,C12787,2026-08-11,Billing,Low,26,Resolved,Neutral
S6880,C12789,2026-02-27,Payment,High,50,Open,Negative
S6881,C12789,2026-07-02,Technical,Medium,9,Resolved,Positive
S6882,C12790,2026-03-29,Technical,Medium,52,Resolved,Negative
S6883,C12790,2026-05-13,Login,Low,15,Resolved,Neutral
S6884,C12790,2025-09-25,Login,Medium,71,Resolved,Negative
S6885,C12790,2026-07-26,Technical,High,19,Open,Neutral
S6886,C12792,2025-12-26,Billing,Medium,50,Resolved,Negative
S6887,C12794,2026-03-22,Login,Low,20,Resolved,Neutral
S6888,C12794,2026-05-21,Technical,Low,12,Resolved,Positive
S6889,C12796,2026-06-13,Payment,High,64,Open,Negative
S6890,C12796,2025-09-16,Login,High,64,Resolved,Negative
S6891,C12797,2026-03-27,Subscription,High,2,Open,Positive
S6892,C12797,2026-04-25,Subscription,Medium,20,Resolved,Neutral
S6893,C12798,2026-05-31,Login,High,26,Open,Neutral
S6894,C12799,2026-01-29,Technical,Medium,33,Open,Neutral
S6895,C12799,2026-01-18,Payment,High,56,Resolved,Negative
S6896,C12799,2026-06-09,Technical,Medium,5,Resolved,Positive
S6897,C12799,2026-05-10,Technical,High,12,Resolved,Positive
S6898,C12800,2026-08-25,Login,High,54,Resolved,Negative
S6899,C12800,2026-04-04,Subscription,Medium,32,Resolved,Neutral
S6900,C12800,2026-01-26,Billing,Medium,58,Resolved,Negative
S6901,C12800,2025-10-10,Billing,High,7,Resolved,Positive
S6902,C12800,2025-12-25,Payment,High,47,Resolved,Negative
S6903,C12801,2026-02-05,Login,Medium,71,Resolved,Negative
S6904,C12801,2026-04-26,Technical,Low,4,Resolved,Positive
S6905,C12801,2025-10-29,Login,High,40,Resolved,Negative
S6906,C12802,2026-05-13,Subscription,High,17,Open,Neutral
S6907,C12802,2026-07-17,Login,High,16,Open,Neutral
S6908,C12802,2026-08-21,Billing,Medium,57,Open,Negative
S6909,C12805,2025-10-15,Technical,Low,18,Resolved,Neutral
S6910,C12805,2026-05-26,Technical,High,2,Open,Positive
S6911,C12805,2025-09-29,Login,Low,15,Resolved,Neutral
S6912,C12805,2026-07-26,Login,Low,55,Resolved,Negative
S6913,C12806,2026-04-14,Login,Low,63,Open,Negative
S6914,C12806,2025-11-25,Payment,Low,68,Resolved,Negative
S6915,C12806,2026-07-14,Technical,High,62,Open,Negative
S6916,C12806,2026-05-22,Login,High,42,Resolved,Negative
S6917,C12806,2026-01-26,Payment,Low,28,Open,Neutral
S6918,C12807,2026-03-28,Billing,High,32,Open,Neutral
S6919,C12807,2026-02-27,Technical,High,56,Open,Negative
S6920,C12807,2026-06-18,Login,Low,18,Resolved,Neutral
S6921,C12807,2026-01-18,Subscription,High,65,Open,Negative
S6922,C12808,2026-03-04,Technical,Low,13,Open,Neutral
S6923,C12808,2025-12-15,Login,Medium,47,Resolved,Negative
S6924,C12808,2025-10-05,Technical,Low,57,Open,Negative
S6925,C12808,2025-11-05,Billing,Medium,42,Resolved,Negative
S6926,C12808,2026-08-18,Subscription,Medium,46,Open,Negative
S6927,C12809,2025-11-06,Login,Medium,44,Open,Negative
S6928,C12809,2026-06-04,Subscription,Medium,69,Resolved,Negative
S6929,C12810,2026-03-16,Billing,Low,28,Resolved,Neutral
S6930,C12810,2026-03-02,Technical,Low,26,Open,Neutral
S6931,C12810,2026-02-13,Subscription,Low,14,Resolved,Neutral
S6932,C12810,2026-03-07,Payment,High,26,Resolved,Neutral
S6933,C12811,2025-09-04,Billing,Medium,69,Open,Negative
S6934,C12811,2026-05-21,Billing,Medium,24,Resolved,Neutral
S6935,C12811,2025-12-06,Payment,High,48,Resolved,Negative
S6936,C12811,2025-12-12,Subscription,High,46,Resolved,Negative
S6937,C12812,2025-12-28,Billing,Low,49,Resolved,Negative
S6938,C12813,2026-08-25,Payment,Medium,60,Resolved,Negative
S6939,C12814,2026-03-03,Technical,Medium,2,Resolved,Positive
S6940,C12814,2026-07-08,Billing,High,61,Resolved,Negative
S6941,C12814,2025-09-27,Payment,Medium,23,Open,Neutral
S6942,C12814,2026-03-28,Payment,Low,54,Resolved,Negative
S6943,C12815,2026-01-28,Billing,Medium,53,Resolved,Negative
S6944,C12815,2026-04-07,Login,High,11,Resolved,Positive
S6945,C12815,2025-12-24,Technical,High,2,Resolved,Positive
S6946,C12815,2026-05-14,Technical,High,48,Open,Negative
S6947,C12815,2025-09-24,Billing,Medium,54,Resolved,Negative
S6948,C12816,2025-11-27,Login,Medium,54,Resolved,Negative
S6949,C12816,2026-08-13,Subscription,Medium,71,Open,Negative
S6950,C12816,2026-04-22,Technical,Low,2,Open,Positive
S6951,C12817,2025-09-20,Subscription,Low,64,Resolved,Negative
S6952,C12817,2025-12-07,Login,High,8,Resolved,Positive
S6953,C12817,2025-09-14,Billing,Medium,26,Open,Neutral
S6954,C12817,2026-03-28,Billing,Medium,60,Open,Negative
S6955,C12818,2025-09-20,Billing,Medium,26,Resolved,Neutral
S6956,C12818,2026-03-16,Payment,High,1,Resolved,Positive
S6957,C12818,2026-08-21,Login,Low,32,Resolved,Neutral
S6958,C12818,2026-02-05,Payment,High,19,Resolved,Neutral
S6959,C12818,2025-10-24,Payment,Low,34,Resolved,Neutral
S6960,C12819,2026-06-03,Subscription,Medium,31,Resolved,Neutral
S6961,C12819,2026-06-11,Subscription,Low,40,Resolved,Negative
S6962,C12819,2026-03-21,Login,High,37,Resolved,Negative
S6963,C12820,2026-06-22,Technical,Low,1,Open,Positive
S6964,C12820,2026-07-08,Payment,Medium,32,Resolved,Neutral
S6965,C12821,2026-06-04,Subscription,Medium,51,Open,Negative
S6966,C12822,2025-11-28,Login,Medium,5,Open,Positive
S6967,C12822,2026-01-01,Login,Low,66,Resolved,Negative
S6968,C12823,2026-06-09,Technical,Low,1,Open,Positive
S6969,C12823,2026-05-30,Payment,Medium,48,Open,Negative
S6970,C12823,2026-01-05,Subscription,High,42,Resolved,Negative
S6971,C12823,2026-05-04,Billing,Medium,13,Resolved,Neutral
S6972,C12823,2026-03-06,Technical,Medium,66,Open,Negative
S6973,C12824,2025-10-09,Login,Medium,66,Open,Negative
S6974,C12824,2025-12-18,Payment,High,43,Resolved,Negative
S6975,C12824,2025-11-10,Payment,Medium,45,Resolved,Negative
S6976,C12824,2026-02-28,Billing,Medium,7,Resolved,Positive
S6977,C12825,2025-09-12,Login,Medium,47,Resolved,Negative
S6978,C12826,2026-04-15,Billing,Low,58,Resolved,Negative
S6979,C12826,2025-11-23,Payment,Low,36,Resolved,Neutral
S6980,C12826,2026-08-24,Billing,Low,33,Resolved,Neutral
S6981,C12826,2025-10-02,Subscription,Low,38,Open,Negative
S6982,C12828,2026-04-19,Login,Low,20,Open,Neutral
S6983,C12828,2025-10-02,Billing,Medium,69,Resolved,Negative
S6984,C12829,2026-06-09,Subscription,High,22,Resolved,Neutral
S6985,C12829,2025-11-09,Payment,High,7,Resolved,Positive
S6986,C12829,2026-08-27,Subscription,High,5,Resolved,Positive
S6987,C12829,2026-05-31,Login,Medium,51,Resolved,Negative
S6988,C12829,2025-09-24,Technical,High,68,Open,Negative
S6989,C12831,2025-10-28,Payment,Low,61,Resolved,Negative
S6990,C12831,2026-01-08,Technical,Medium,11,Resolved,Positive
S6991,C12832,2026-07-02,Billing,Low,7,Resolved,Positive
S6992,C12832,2026-05-12,Payment,High,55,Resolved,Negative
S6993,C12832,2026-04-14,Billing,Medium,24,Resolved,Neutral
S6994,C12832,2026-07-13,Technical,Low,56,Resolved,Negative
S6995,C12833,2026-01-08,Billing,Medium,2,Resolved,Positive
S6996,C12833,2025-11-27,Subscription,High,14,Resolved,Neutral
S6997,C12833,2026-01-08,Payment,Low,39,Resolved,Negative
S6998,C12833,2025-11-22,Technical,Low,53,Resolved,Negative
S6999,C12834,2026-05-02,Login,Medium,8,Open,Positive
S7000,C12834,2025-10-22,Login,High,51,Open,Negative
S7001,C12834,2026-06-06,Login,High,44,Open,Negative
S7002,C12834,2025-12-20,Login,Medium,62,Open,Negative
S7003,C12834,2025-10-16,Subscription,Medium,20,Open,Neutral
S7004,C12835,2025-11-02,Billing,High,35,Resolved,Neutral
S7005,C12835,2026-08-01,Billing,Low,18,Resolved,Neutral
S7006,C12835,2026-02-11,Payment,Low,39,Open,Negative
S7007,C12835,2026-02-07,Billing,Low,66,Open,Negative
S7008,C12836,2026-02-03,Payment,Low,45,Open,Negative
S7009,C12836,2026-05-28,Billing,High,48,Open,Negative
S7010,C12836,2025-11-08,Subscription,Low,55,Open,Negative
S7011,C12836,2026-05-13,Billing,Low,33,Resolved,Neutral
S7012,C12836,2025-09-17,Technical,Medium,41,Open,Negative
S7013,C12837,2026-02-12,Subscription,Low,53,Resolved,Negative
S7014,C12837,2026-04-06,Login,High,2,Resolved,Positive
S7015,C12838,2026-08-12,Billing,High,42,Resolved,Negative
S7016,C12839,2026-01-04,Login,High,69,Resolved,Negative
S7017,C12840,2026-01-30,Technical,Low,72,Resolved,Negative
S7018,C12841,2026-02-07,Technical,High,21,Resolved,Neutral
S7019,C12842,2026-06-30,Login,High,58,Open,Negative
S7020,C12843,2026-06-21,Login,Medium,39,Open,Negative
S7021,C12843,2026-08-22,Technical,High,7,Resolved,Positive
S7022,C12843,2026-06-22,Login,Low,13,Resolved,Neutral
S7023,C12844,2025-09-16,Login,High,34,Open,Neutral
S7024,C12844,2026-07-24,Payment,Medium,7,Resolved,Positive
S7025,C12844,2026-08-02,Payment,Low,30,Open,Neutral
S7026,C12844,2026-06-19,Technical,High,2,Open,Positive
S7027,C12844,2026-04-26,Billing,Low,37,Resolved,Negative
S7028,C12845,2025-09-01,Technical,High,70,Open,Negative
S7029,C12846,2026-06-01,Technical,Medium,47,Resolved,Negative
S7030,C12846,2025-10-29,Payment,High,45,Resolved,Negative
S7031,C12846,2026-03-19,Subscription,Medium,28,Open,Neutral
S7032,C12847,2026-03-31,Technical,High,4,Resolved,Positive
S7033,C12847,2026-01-06,Subscription,Medium,60,Resolved,Negative
S7034,C12847,2026-07-05,Login,Low,40,Resolved,Negative
S7035,C12848,2025-12-26,Technical,High,15,Resolved,Neutral
S7036,C12848,2025-09-26,Subscription,Medium,42,Open,Negative
S7037,C12848,2025-09-27,Login,High,69,Resolved,Negative
S7038,C12849,2026-07-20,Subscription,High,18,Open,Neutral
S7039,C12850,2025-09-29,Technical,Medium,52,Open,Negative
S7040,C12851,2026-06-04,Subscription,High,28,Open,Neutral
S7041,C12851,2025-10-16,Technical,Low,16,Resolved,Neutral
S7042,C12851,2026-05-05,Billing,Low,57,Resolved,Negative
S7043,C12852,2025-10-21,Payment,Medium,3,Resolved,Positive
S7044,C12853,2025-09-11,Technical,Medium,8,Resolved,Positive
S7045,C12853,2025-10-04,Login,High,63,Resolved,Negative
S7046,C12853,2026-01-17,Payment,High,21,Resolved,Neutral
S7047,C12853,2025-09-13,Payment,High,71,Resolved,Negative
S7048,C12855,2025-10-30,Technical,High,14,Resolved,Neutral
S7049,C12855,2026-06-30,Login,Medium,23,Resolved,Neutral
S7050,C12856,2026-01-23,Login,Low,16,Resolved,Neutral
S7051,C12856,2026-08-06,Technical,Low,38,Resolved,Negative
S7052,C12856,2025-10-04,Subscription,Medium,65,Open,Negative
S7053,C12857,2026-07-31,Subscription,High,40,Resolved,Negative
S7054,C12857,2026-07-28,Login,Medium,7,Open,Positive
S7055,C12857,2026-01-08,Payment,High,43,Open,Negative
S7056,C12857,2026-01-21,Login,High,59,Resolved,Negative
S7057,C12858,2026-08-04,Technical,Medium,28,Resolved,Neutral
S7058,C12858,2026-07-05,Login,Low,68,Resolved,Negative
S7059,C12859,2025-12-07,Technical,Medium,24,Resolved,Neutral
S7060,C12859,2026-06-06,Payment,Medium,49,Resolved,Negative
S7061,C12859,2025-10-28,Technical,Low,72,Resolved,Negative
S7062,C12859,2026-02-27,Subscription,High,3,Resolved,Positive
S7063,C12861,2026-08-26,Billing,Low,13,Resolved,Neutral
S7064,C12862,2026-05-26,Billing,Medium,69,Open,Negative
S7065,C12863,2026-02-20,Billing,Low,38,Resolved,Negative
S7066,C12864,2026-05-18,Payment,High,69,Resolved,Negative
S7067,C12864,2026-08-10,Subscription,Medium,33,Open,Neutral
S7068,C12864,2025-10-05,Payment,High,56,Resolved,Negative
S7069,C12865,2026-05-08,Subscription,Low,15,Open,Neutral
S7070,C12865,2025-12-15,Login,Medium,35,Resolved,Neutral
S7071,C12865,2025-09-25,Payment,High,46,Resolved,Negative
S7072,C12866,2026-08-12,Billing,High,65,Resolved,Negative
S7073,C12866,2025-09-20,Subscription,Medium,48,Open,Negative
S7074,C12866,2025-12-30,Billing,Medium,38,Resolved,Negative
S7075,C12867,2026-08-22,Payment,High,66,Resolved,Negative
S7076,C12868,2026-01-16,Billing,Low,35,Resolved,Neutral
S7077,C12869,2025-10-22,Billing,Medium,70,Resolved,Negative
S7078,C12869,2026-08-05,Billing,High,63,Resolved,Negative
S7079,C12870,2026-03-21,Payment,Low,19,Resolved,Neutral
S7080,C12870,2026-03-27,Technical,Medium,6,Resolved,Positive
S7081,C12871,2026-03-02,Technical,Low,66,Open,Negative
S7082,C12871,2026-02-04,Billing,Low,21,Open,Neutral
S7083,C12871,2025-12-21,Subscription,Low,54,Open,Negative
S7084,C12874,2026-06-10,Subscription,Medium,33,Resolved,Neutral
S7085,C12876,2026-02-14,Billing,Medium,43,Open,Negative
S7086,C12876,2026-03-15,Login,Low,64,Open,Negative
S7087,C12876,2026-08-31,Billing,High,24,Open,Neutral
S7088,C12876,2026-03-17,Payment,Low,1,Open,Positive
S7089,C12876,2025-09-08,Technical,Medium,70,Resolved,Negative
S7090,C12877,2026-07-10,Technical,Medium,16,Open,Neutral
S7091,C12877,2026-07-31,Subscription,High,61,Resolved,Negative
S7092,C12877,2026-04-28,Login,Low,14,Resolved,Neutral
S7093,C12878,2025-09-09,Billing,Medium,58,Open,Negative
S7094,C12878,2026-06-01,Subscription,High,44,Resolved,Negative
S7095,C12878,2026-05-23,Technical,Medium,58,Open,Negative
S7096,C12878,2025-12-06,Payment,Low,18,Resolved,Neutral
S7097,C12879,2026-08-26,Billing,Medium,49,Resolved,Negative
S7098,C12880,2026-04-30,Subscription,Low,59,Resolved,Negative
S7099,C12880,2026-05-27,Payment,Low,58,Resolved,Negative
S7100,C12880,2026-01-02,Payment,High,16,Resolved,Neutral
S7101,C12880,2025-10-30,Login,High,30,Open,Neutral
S7102,C12880,2026-01-25,Login,Medium,14,Resolved,Neutral
S7103,C12881,2025-09-10,Subscription,Low,58,Resolved,Negative
S7104,C12881,2026-01-08,Billing,Low,65,Open,Negative
S7105,C12881,2026-05-31,Payment,Medium,9,Resolved,Positive
S7106,C12885,2026-08-06,Technical,Low,3,Open,Positive
S7107,C12886,2025-10-12,Billing,High,65,Resolved,Negative
S7108,C12887,2026-06-14,Payment,High,71,Open,Negative
S7109,C12888,2026-06-14,Payment,High,59,Resolved,Negative
S7110,C12888,2026-03-13,Subscription,High,34,Open,Neutral
S7111,C12890,2026-01-21,Subscription,Low,63,Resolved,Negative
S7112,C12890,2026-07-19,Billing,Medium,9,Resolved,Positive
S7113,C12891,2025-12-22,Billing,Low,70,Resolved,Negative
S7114,C12891,2026-06-11,Billing,Medium,7,Open,Positive
S7115,C12891,2026-06-14,Login,Low,54,Open,Negative
S7116,C12891,2026-01-27,Technical,Low,28,Open,Neutral
S7117,C12892,2025-12-16,Billing,Low,63,Resolved,Negative
S7118,C12892,2025-10-06,Billing,Low,67,Resolved,Negative
S7119,C12893,2026-08-02,Login,Medium,35,Resolved,Neutral
S7120,C12893,2025-11-17,Technical,Low,13,Resolved,Neutral
S7121,C12893,2026-03-07,Subscription,High,7,Resolved,Positive
S7122,C12893,2025-10-26,Technical,Low,63,Resolved,Negative
S7123,C12893,2026-07-13,Payment,High,19,Resolved,Neutral
S7124,C12894,2026-06-24,Subscription,Low,26,Resolved,Neutral
S7125,C12894,2026-04-05,Subscription,High,72,Resolved,Negative
S7126,C12894,2025-10-11,Payment,High,10,Open,Positive
S7127,C12894,2025-10-10,Subscription,Medium,2,Open,Positive
S7128,C12895,2025-10-19,Technical,Low,62,Resolved,Negative
S7129,C12895,2025-11-04,Subscription,Medium,4,Resolved,Positive
S7130,C12895,2025-11-20,Login,Low,61,Open,Negative
S7131,C12895,2025-09-30,Technical,High,67,Resolved,Negative
S7132,C12895,2025-12-26,Billing,Medium,7,Open,Positive
S7133,C12896,2025-12-10,Payment,High,49,Open,Negative
S7134,C12896,2026-04-04,Billing,High,50,Resolved,Negative
S7135,C12896,2026-03-26,Technical,High,23,Resolved,Neutral
S7136,C12896,2026-02-04,Billing,High,10,Resolved,Positive
S7137,C12899,2025-11-27,Payment,High,50,Resolved,Negative
S7138,C12900,2026-02-08,Billing,Low,67,Resolved,Negative
S7139,C12900,2026-02-11,Technical,Medium,59,Resolved,Negative
S7140,C12900,2026-03-14,Login,High,36,Open,Neutral
S7141,C12900,2025-09-12,Login,Low,31,Resolved,Neutral
S7142,C12902,2025-11-07,Subscription,Low,34,Resolved,Neutral
S7143,C12902,2026-04-24,Payment,Low,33,Resolved,Neutral
S7144,C12902,2026-01-01,Payment,Low,35,Open,Neutral
S7145,C12902,2026-01-20,Subscription,High,45,Open,Negative
S7146,C12902,2025-12-13,Payment,High,20,Resolved,Neutral
S7147,C12903,2026-08-23,Subscription,Medium,19,Resolved,Neutral
S7148,C12903,2026-03-30,Billing,Medium,37,Resolved,Negative
S7149,C12903,2026-01-11,Subscription,High,5,Resolved,Positive
S7150,C12903,2026-06-20,Login,Low,37,Resolved,Negative
S7151,C12903,2026-04-06,Login,Low,24,Open,Neutral
S7152,C12904,2026-05-31,Login,High,18,Resolved,Neutral
S7153,C12904,2026-08-08,Payment,Low,64,Resolved,Negative
S7154,C12905,2026-06-15,Billing,Medium,26,Resolved,Neutral
S7155,C12905,2026-06-25,Technical,High,23,Resolved,Neutral
S7156,C12906,2026-05-03,Subscription,Low,15,Open,Neutral
S7157,C12906,2026-08-24,Subscription,Low,26,Resolved,Neutral
S7158,C12906,2026-04-19,Payment,Low,11,Resolved,Positive
S7159,C12906,2026-02-20,Subscription,Low,7,Resolved,Positive
S7160,C12906,2026-01-05,Technical,High,43,Resolved,Negative
S7161,C12907,2026-07-16,Technical,Medium,52,Resolved,Negative
S7162,C12908,2026-07-11,Subscription,High,21,Resolved,Neutral
S7163,C12908,2026-08-28,Payment,High,51,Resolved,Negative
S7164,C12908,2025-11-10,Billing,Low,45,Resolved,Negative
S7165,C12908,2026-07-29,Login,Medium,72,Resolved,Negative
S7166,C12909,2026-02-06,Technical,High,42,Resolved,Negative
S7167,C12909,2026-01-12,Subscription,Low,22,Resolved,Neutral
S7168,C12912,2026-08-05,Payment,Medium,11,Resolved,Positive
S7169,C12912,2026-07-09,Subscription,Low,11,Open,Positive
S7170,C12912,2026-06-23,Payment,High,46,Resolved,Negative
S7171,C12912,2026-03-08,Technical,Low,21,Open,Neutral
S7172,C12913,2025-09-14,Subscription,Medium,2,Resolved,Positive
S7173,C12913,2026-07-16,Payment,High,28,Resolved,Neutral
S7174,C12913,2025-09-22,Billing,Low,69,Resolved,Negative
S7175,C12913,2026-01-12,Payment,High,37,Resolved,Negative
S7176,C12914,2026-02-06,Subscription,High,69,Resolved,Negative
S7177,C12914,2025-10-24,Payment,Low,23,Resolved,Neutral
S7178,C12914,2026-03-22,Subscription,High,18,Open,Neutral
S7179,C12914,2026-05-29,Payment,High,68,Resolved,Negative
S7180,C12914,2025-12-21,Billing,Medium,22,Resolved,Neutral
S7181,C12915,2025-12-19,Login,High,67,Open,Negative
S7182,C12916,2026-07-31,Subscription,Low,46,Resolved,Negative
S7183,C12920,2025-11-13,Payment,High,48,Resolved,Negative
S7184,C12920,2026-08-07,Billing,Low,55,Open,Negative
S7185,C12920,2026-06-30,Billing,Medium,57,Open,Negative
S7186,C12920,2026-07-07,Technical,High,36,Resolved,Neutral
S7187,C12920,2025-10-26,Billing,High,19,Resolved,Neutral
S7188,C12921,2026-04-29,Technical,High,47,Open,Negative
S7189,C12922,2026-05-07,Subscription,Medium,23,Resolved,Neutral
S7190,C12922,2025-09-12,Technical,High,62,Resolved,Negative
S7191,C12922,2026-06-02,Subscription,Low,58,Open,Negative
S7192,C12922,2026-08-27,Login,High,45,Resolved,Negative
S7193,C12922,2026-08-15,Subscription,Low,62,Resolved,Negative
S7194,C12923,2026-03-29,Subscription,Medium,45,Resolved,Negative
S7195,C12923,2025-10-04,Subscription,Medium,69,Open,Negative
S7196,C12923,2026-06-01,Login,Medium,58,Open,Negative
S7197,C12924,2025-10-06,Billing,Medium,71,Open,Negative
S7198,C12925,2026-02-12,Payment,High,1,Resolved,Positive
S7199,C12925,2025-09-16,Technical,Low,20,Open,Neutral
S7200,C12925,2026-06-03,Login,Low,13,Resolved,Neutral
S7201,C12926,2026-07-21,Payment,High,41,Open,Negative
S7202,C12926,2026-04-19,Technical,Low,42,Resolved,Negative
S7203,C12926,2026-02-06,Payment,Low,20,Resolved,Neutral
S7204,C12926,2025-11-08,Billing,Low,13,Resolved,Neutral
S7205,C12926,2026-04-26,Billing,Low,22,Resolved,Neutral
S7206,C12927,2026-05-24,Billing,High,50,Resolved,Negative
S7207,C12927,2025-12-04,Login,Low,56,Open,Negative
S7208,C12929,2026-04-07,Subscription,High,69,Resolved,Negative
S7209,C12929,2026-06-08,Billing,Medium,20,Resolved,Neutral
S7210,C12929,2026-01-04,Technical,Medium,8,Resolved,Positive
S7211,C12930,2026-06-09,Login,Low,42,Resolved,Negative
S7212,C12931,2026-07-01,Payment,Low,8,Open,Positive
S7213,C12931,2026-08-09,Technical,Low,57,Resolved,Negative
S7214,C12931,2026-06-17,Subscription,Low,25,Open,Neutral
S7215,C12932,2026-05-05,Technical,Medium,7,Resolved,Positive
S7216,C12932,2026-02-15,Subscription,High,63,Resolved,Negative
S7217,C12932,2025-10-05,Payment,Low,52,Open,Negative
S7218,C12932,2025-11-14,Login,Low,26,Resolved,Neutral
S7219,C12932,2026-01-26,Technical,Low,8,Resolved,Positive
S7220,C12933,2025-10-06,Technical,Medium,15,Resolved,Neutral
S7221,C12933,2026-01-03,Billing,High,12,Resolved,Positive
S7222,C12933,2026-07-04,Billing,Medium,3,Resolved,Positive
S7223,C12934,2025-10-09,Technical,Low,59,Resolved,Negative
S7224,C12934,2025-09-03,Billing,Low,15,Resolved,Neutral
S7225,C12934,2026-08-16,Billing,High,30,Resolved,Neutral
S7226,C12937,2026-06-25,Payment,High,39,Open,Negative
S7227,C12937,2025-09-02,Billing,Low,17,Open,Neutral
S7228,C12937,2025-11-18,Subscription,High,31,Resolved,Neutral
S7229,C12938,2026-03-11,Billing,High,65,Open,Negative
S7230,C12938,2025-12-09,Subscription,Low,20,Resolved,Neutral
S7231,C12939,2026-05-01,Billing,Low,50,Open,Negative
S7232,C12939,2026-05-04,Technical,Low,39,Resolved,Negative
S7233,C12940,2026-07-27,Technical,High,50,Resolved,Negative
S7234,C12940,2026-04-10,Billing,Medium,5,Open,Positive
S7235,C12941,2026-05-24,Login,High,18,Open,Neutral
S7236,C12941,2025-10-27,Subscription,Low,22,Open,Neutral
S7237,C12941,2025-10-18,Billing,Medium,55,Resolved,Negative
S7238,C12942,2026-07-07,Login,Medium,9,Resolved,Positive
S7239,C12942,2025-10-28,Billing,Medium,11,Resolved,Positive
S7240,C12942,2025-09-03,Technical,High,7,Resolved,Positive
S7241,C12942,2026-04-28,Technical,Low,58,Open,Negative
S7242,C12942,2026-02-09,Payment,High,54,Resolved,Negative
S7243,C12943,2026-08-26,Billing,Medium,30,Open,Neutral
S7244,C12943,2026-04-26,Billing,Low,10,Resolved,Positive
S7245,C12943,2026-08-25,Billing,Medium,14,Resolved,Neutral
S7246,C12943,2026-03-18,Technical,Low,23,Resolved,Neutral
S7247,C12944,2026-06-29,Subscription,High,37,Resolved,Negative
S7248,C12944,2026-01-28,Login,High,16,Resolved,Neutral
S7249,C12946,2025-09-14,Payment,High,21,Resolved,Neutral
S7250,C12946,2025-09-19,Login,Medium,55,Open,Negative
S7251,C12946,2026-05-27,Subscription,High,1,Resolved,Positive
S7252,C12946,2026-06-05,Technical,High,72,Resolved,Negative
S7253,C12946,2026-03-11,Subscription,Low,24,Resolved,Neutral
S7254,C12947,2026-02-28,Payment,Low,54,Open,Negative
S7255,C12947,2026-07-24,Payment,Medium,49,Resolved,Negative
S7256,C12947,2026-05-23,Billing,Low,61,Resolved,Negative
S7257,C12948,2026-01-05,Subscription,High,59,Open,Negative
S7258,C12948,2026-02-20,Login,Medium,4,Open,Positive
S7259,C12949,2026-08-25,Billing,Low,17,Resolved,Neutral
S7260,C12949,2025-10-06,Subscription,High,41,Resolved,Negative
S7261,C12949,2026-01-18,Billing,High,22,Open,Neutral
S7262,C12949,2026-01-18,Payment,High,71,Resolved,Negative
S7263,C12951,2026-07-02,Subscription,Low,23,Resolved,Neutral
S7264,C12951,2026-08-12,Billing,High,60,Open,Negative
S7265,C12951,2026-01-06,Billing,Low,69,Resolved,Negative
S7266,C12952,2026-01-27,Payment,Low,21,Resolved,Neutral
S7267,C12952,2025-10-23,Billing,Low,26,Resolved,Neutral
S7268,C12952,2026-05-26,Subscription,Low,48,Resolved,Negative
S7269,C12952,2025-11-12,Subscription,Low,18,Open,Neutral
S7270,C12954,2026-04-11,Payment,Low,68,Open,Negative
S7271,C12954,2026-05-23,Subscription,Medium,31,Resolved,Neutral
S7272,C12954,2025-12-19,Subscription,High,60,Resolved,Negative
S7273,C12954,2026-03-11,Payment,High,22,Resolved,Neutral
S7274,C12955,2026-02-08,Login,Low,62,Open,Negative
S7275,C12955,2025-12-28,Login,Low,40,Resolved,Negative
S7276,C12955,2026-08-13,Login,Medium,49,Resolved,Negative
S7277,C12955,2026-02-05,Technical,High,30,Resolved,Neutral
S7278,C12956,2026-07-26,Billing,High,26,Open,Neutral
S7279,C12956,2026-05-31,Login,Medium,67,Resolved,Negative
S7280,C12956,2026-04-27,Subscription,Low,58,Open,Negative
S7281,C12958,2025-09-24,Subscription,Medium,28,Open,Neutral
S7282,C12958,2026-06-13,Payment,Medium,59,Resolved,Negative
S7283,C12958,2025-12-18,Billing,Low,44,Open,Negative
S7284,C12958,2026-07-21,Billing,High,49,Resolved,Negative
S7285,C12961,2026-01-08,Billing,Medium,72,Resolved,Negative
S7286,C12961,2026-02-24,Technical,Medium,6,Open,Positive
S7287,C12961,2026-03-17,Subscription,High,31,Resolved,Neutral
S7288,C12962,2026-07-05,Technical,Low,64,Resolved,Negative
S7289,C12962,2026-01-23,Payment,Low,6,Resolved,Positive
S7290,C12962,2026-04-28,Login,Medium,49,Resolved,Negative
S7291,C12963,2026-07-19,Technical,Low,59,Resolved,Negative
S7292,C12963,2026-05-29,Subscription,Low,4,Resolved,Positive
S7293,C12963,2026-08-03,Payment,Low,35,Open,Neutral
S7294,C12963,2026-05-15,Payment,Low,21,Resolved,Neutral
S7295,C12963,2026-06-11,Technical,Medium,63,Resolved,Negative
S7296,C12964,2025-09-02,Technical,High,66,Resolved,Negative
S7297,C12965,2026-04-13,Billing,High,57,Resolved,Negative
S7298,C12965,2026-01-08,Subscription,Medium,31,Resolved,Neutral
S7299,C12965,2025-10-16,Login,Medium,59,Resolved,Negative
S7300,C12965,2026-04-21,Subscription,High,61,Resolved,Negative
S7301,C12966,2026-06-09,Login,High,51,Resolved,Negative
S7302,C12967,2026-04-01,Technical,Low,35,Open,Neutral
S7303,C12968,2026-08-24,Login,High,18,Resolved,Neutral
S7304,C12968,2026-07-24,Technical,High,26,Resolved,Neutral
S7305,C12968,2025-09-11,Payment,Medium,65,Open,Negative
S7306,C12968,2026-04-15,Technical,High,67,Open,Negative
S7307,C12968,2025-12-30,Subscription,High,37,Resolved,Negative
S7308,C12969,2026-04-19,Payment,High,70,Resolved,Negative
S7309,C12969,2026-04-28,Payment,Low,46,Resolved,Negative
S7310,C12969,2026-06-27,Payment,Medium,48,Open,Negative
S7311,C12970,2025-09-23,Billing,Low,53,Open,Negative
S7312,C12970,2026-01-17,Subscription,High,57,Resolved,Negative
S7313,C12970,2026-01-24,Subscription,High,31,Open,Neutral
S7314,C12971,2025-09-06,Subscription,High,19,Resolved,Neutral
S7315,C12971,2026-07-28,Subscription,High,51,Open,Negative
S7316,C12971,2025-11-22,Technical,High,58,Resolved,Negative
S7317,C12971,2026-07-16,Login,Low,31,Open,Neutral
S7318,C12972,2025-10-19,Billing,Medium,16,Resolved,Neutral
S7319,C12972,2026-01-29,Login,Medium,33,Resolved,Neutral
S7320,C12973,2026-07-23,Login,Medium,5,Resolved,Positive
S7321,C12973,2026-08-02,Technical,Medium,23,Resolved,Neutral
S7322,C12974,2026-07-22,Technical,Low,13,Resolved,Neutral
S7323,C12974,2026-02-04,Payment,Low,29,Resolved,Neutral
S7324,C12974,2026-06-23,Payment,Low,58,Resolved,Negative
S7325,C12974,2026-07-17,Payment,Low,14,Open,Neutral
S7326,C12975,2025-10-22,Payment,High,56,Resolved,Negative
S7327,C12975,2026-06-09,Subscription,High,22,Open,Neutral
S7328,C12975,2026-05-27,Billing,Low,1,Resolved,Positive
S7329,C12976,2026-01-10,Subscription,Low,45,Resolved,Negative
S7330,C12976,2026-06-11,Technical,Medium,26,Resolved,Neutral
S7331,C12977,2025-10-07,Technical,Low,69,Resolved,Negative
S7332,C12977,2025-09-21,Technical,Medium,16,Open,Neutral
S7333,C12977,2025-11-29,Payment,High,11,Open,Positive
S7334,C12977,2025-10-07,Billing,Low,31,Open,Neutral
S7335,C12977,2026-01-19,Billing,High,50,Open,Negative
S7336,C12978,2026-07-28,Billing,Low,56,Resolved,Negative
S7337,C12978,2025-12-05,Payment,High,9,Resolved,Positive
S7338,C12978,2025-09-09,Billing,Low,30,Resolved,Neutral
S7339,C12978,2026-03-16,Login,High,43,Open,Negative
S7340,C12979,2026-02-28,Payment,Low,65,Open,Negative
S7341,C12980,2026-07-12,Billing,High,34,Resolved,Neutral
S7342,C12980,2025-09-12,Technical,High,13,Resolved,Neutral
S7343,C12980,2025-12-01,Billing,High,57,Resolved,Negative
S7344,C12981,2025-11-27,Login,Low,44,Resolved,Negative
S7345,C12981,2025-08-31,Login,High,16,Resolved,Neutral
S7346,C12981,2026-07-26,Subscription,High,59,Resolved,Negative
S7347,C12982,2025-11-02,Payment,Medium,71,Open,Negative
S7348,C12982,2025-12-16,Technical,Medium,56,Resolved,Negative
S7349,C12982,2026-02-06,Payment,Medium,45,Open,Negative
S7350,C12982,2026-03-06,Login,Medium,14,Resolved,Neutral
S7351,C12982,2026-08-25,Payment,High,60,Resolved,Negative
S7352,C12983,2026-03-05,Technical,Medium,40,Open,Negative
S7353,C12983,2026-02-09,Technical,Medium,17,Open,Neutral
S7354,C12983,2026-05-16,Billing,Medium,2,Resolved,Positive
S7355,C12984,2026-04-30,Login,High,32,Resolved,Neutral
S7356,C12984,2026-06-16,Technical,Low,37,Resolved,Negative
S7357,C12985,2026-02-10,Login,Medium,2,Open,Positive
S7358,C12985,2026-04-03,Login,High,61,Resolved,Negative
S7359,C12987,2026-05-11,Technical,Low,70,Resolved,Negative
S7360,C12987,2026-04-03,Subscription,Low,43,Resolved,Negative
S7361,C12987,2026-08-23,Billing,Low,44,Open,Negative
S7362,C12987,2026-07-29,Subscription,Low,13,Resolved,Neutral
S7363,C12987,2026-02-20,Billing,High,14,Resolved,Neutral
S7364,C12988,2026-06-11,Payment,High,21,Resolved,Neutral
S7365,C12988,2025-09-02,Login,High,69,Resolved,Negative
S7366,C12988,2026-02-12,Billing,Low,17,Resolved,Neutral
S7367,C12989,2026-08-30,Subscription,High,49,Open,Negative
S7368,C12989,2025-12-23,Subscription,Medium,26,Resolved,Neutral
S7369,C12989,2025-10-04,Billing,High,5,Open,Positive
S7370,C12989,2025-09-21,Billing,High,57,Resolved,Negative
S7371,C12989,2026-03-16,Login,High,67,Resolved,Negative
S7372,C12991,2025-09-20,Technical,High,16,Resolved,Neutral
S7373,C12992,2026-04-29,Technical,High,52,Resolved,Negative
S7374,C12993,2026-05-14,Payment,Medium,68,Resolved,Negative
S7375,C12993,2025-09-25,Technical,Low,46,Resolved,Negative
S7376,C12994,2025-09-02,Technical,Low,11,Open,Positive
S7377,C12995,2026-03-01,Subscription,Low,36,Open,Neutral
S7378,C12995,2026-05-12,Billing,High,8,Open,Positive
S7379,C12995,2025-10-30,Login,Medium,13,Open,Neutral
S7380,C12995,2026-08-14,Billing,Medium,69,Open,Negative
S7381,C12996,2026-04-06,Technical,High,40,Open,Negative
S7382,C12996,2026-04-26,Payment,Medium,68,Resolved,Negative
S7383,C12996,2026-06-11,Subscription,Low,19,Resolved,Neutral
S7384,C12996,2026-02-15,Technical,Medium,61,Resolved,Negative
S7385,C12998,2026-03-11,Login,High,5,Resolved,Positive
S7386,C12998,2025-11-05,Subscription,Low,34,Resolved,Neutral
S7387,C12999,2025-11-07,Technical,Medium,42,Resolved,Negative
S7388,C12999,2025-12-19,Subscription,High,51,Open,Negative
S7389,C12999,2026-06-25,Login,High,21,Resolved,Neutral
S7390,C12999,2026-03-23,Technical,High,71,Open,Negative
S7391,C13000,2026-01-09,Subscription,Medium,71,Open,Negative
S7392,C13000,2026-01-14,Subscription,Low,70,Resolved,Negative
S7393,C13000,2025-10-14,Payment,Low,48,Open,Negative
S7394,C13001,2026-01-10,Subscription,Low,6,Open,Positive
S7395,C13001,2026-07-24,Login,High,9,Resolved,Positive
S7396,C13001,2026-05-03,Payment,High,12,Resolved,Positive
S7397,C13001,2026-02-20,Subscription,Medium,24,Resolved,Neutral
S7398,C13001,2025-09-13,Technical,Medium,41,Resolved,Negative
S7399,C13002,2026-08-30,Login,High,8,Resolved,Positive
S7400,C13002,2025-11-17,Payment,Medium,43,Resolved,Negative
S7401,C13002,2025-12-09,Technical,Medium,50,Open,Negative
S7402,C13002,2025-11-17,Payment,High,5,Resolved,Positive
S7403,C13003,2025-12-18,Payment,High,42,Open,Negative
S7404,C13003,2026-07-04,Technical,Low,31,Resolved,Neutral
S7405,C13003,2026-04-10,Subscription,Low,27,Open,Neutral
S7406,C13003,2025-10-06,Billing,Medium,7,Open,Positive
S7407,C13003,2026-02-17,Payment,High,10,Resolved,Positive
S7408,C13006,2026-07-10,Payment,Low,53,Resolved,Negative
S7409,C13006,2026-08-08,Payment,Low,67,Resolved,Negative
S7410,C13007,2025-09-29,Login,Medium,34,Open,Neutral
S7411,C13007,2026-05-15,Technical,Medium,3,Open,Positive
S7412,C13007,2025-09-19,Login,Medium,36,Open,Neutral
S7413,C13007,2025-09-20,Billing,Medium,21,Resolved,Neutral
S7414,C13007,2025-11-29,Payment,Low,65,Resolved,Negative
S7415,C13008,2026-05-11,Payment,High,57,Resolved,Negative
S7416,C13010,2026-05-01,Billing,High,64,Resolved,Negative
S7417,C13010,2026-01-11,Login,Low,40,Resolved,Negative
S7418,C13010,2026-07-14,Technical,Low,37,Resolved,Negative
S7419,C13010,2026-03-10,Payment,High,30,Resolved,Neutral
S7420,C13011,2026-05-01,Subscription,High,23,Resolved,Neutral
S7421,C13011,2025-09-15,Subscription,Medium,23,Resolved,Neutral
S7422,C13011,2026-01-07,Technical,Medium,4,Resolved,Positive
S7423,C13012,2026-08-08,Payment,Medium,24,Resolved,Neutral
S7424,C13012,2026-03-26,Payment,Medium,39,Open,Negative
S7425,C13012,2025-11-27,Payment,High,44,Resolved,Negative
S7426,C13013,2026-05-11,Payment,High,66,Open,Negative
S7427,C13013,2025-11-24,Technical,Medium,51,Resolved,Negative
S7428,C13013,2026-08-28,Payment,High,59,Resolved,Negative
S7429,C13014,2026-05-09,Technical,Low,51,Resolved,Negative
S7430,C13014,2026-07-06,Login,Low,56,Open,Negative
S7431,C13014,2025-12-28,Technical,Medium,38,Open,Negative
S7432,C13014,2026-07-22,Payment,Medium,59,Open,Negative
S7433,C13015,2026-04-18,Subscription,Medium,19,Resolved,Neutral
S7434,C13016,2025-12-18,Technical,High,19,Resolved,Neutral
S7435,C13017,2025-12-03,Payment,Low,45,Resolved,Negative
S7436,C13017,2026-05-01,Payment,High,26,Open,Neutral
S7437,C13017,2026-03-08,Payment,Low,19,Resolved,Neutral
S7438,C13017,2025-12-19,Billing,High,11,Open,Positive
S7439,C13018,2026-03-09,Payment,Low,37,Resolved,Negative
S7440,C13018,2026-01-23,Billing,Low,13,Open,Neutral
S7441,C13018,2025-09-22,Subscription,Low,57,Resolved,Negative
S7442,C13018,2026-02-13,Technical,High,24,Open,Neutral
S7443,C13019,2025-11-19,Subscription,High,18,Resolved,Neutral
S7444,C13019,2026-02-03,Login,Medium,58,Open,Negative
S7445,C13019,2026-08-15,Billing,Medium,41,Open,Negative
S7446,C13020,2026-04-04,Billing,High,23,Open,Neutral
S7447,C13020,2026-01-08,Payment,High,62,Resolved,Negative
S7448,C13020,2025-11-20,Billing,Low,1,Open,Positive
S7449,C13020,2026-04-06,Billing,Low,51,Resolved,Negative
S7450,C13021,2026-04-30,Subscription,Low,64,Resolved,Negative
S7451,C13021,2026-07-30,Subscription,Medium,47,Resolved,Negative
S7452,C13021,2026-08-16,Technical,High,70,Resolved,Negative
S7453,C13021,2026-05-25,Payment,Low,63,Resolved,Negative
S7454,C13023,2026-08-30,Technical,Low,51,Resolved,Negative
S7455,C13024,2025-11-10,Subscription,Low,61,Resolved,Negative
S7456,C13024,2026-03-16,Login,Medium,13,Resolved,Neutral
S7457,C13024,2026-02-01,Login,Medium,15,Open,Neutral
S7458,C13025,2026-06-07,Billing,Low,47,Resolved,Negative
S7459,C13025,2025-11-18,Payment,Low,57,Open,Negative
S7460,C13026,2026-01-23,Billing,Medium,48,Resolved,Negative
S7461,C13026,2026-08-29,Technical,Medium,68,Open,Negative
S7462,C13027,2026-04-14,Payment,Low,11,Open,Positive
S7463,C13027,2026-05-11,Technical,High,56,Open,Negative
S7464,C13027,2026-05-23,Login,Medium,30,Resolved,Neutral
S7465,C13027,2026-08-21,Billing,Medium,45,Resolved,Negative
S7466,C13028,2026-08-25,Billing,Medium,31,Resolved,Neutral
S7467,C13028,2025-11-29,Login,High,3,Open,Positive
S7468,C13029,2025-12-06,Technical,Medium,37,Resolved,Negative
S7469,C13029,2026-05-19,Technical,Low,15,Resolved,Neutral
S7470,C13029,2025-10-01,Subscription,Low,52,Open,Negative
S7471,C13030,2025-09-24,Billing,Medium,55,Resolved,Negative
S7472,C13030,2026-07-10,Subscription,High,7,Open,Positive
S7473,C13030,2026-01-19,Payment,High,46,Resolved,Negative
S7474,C13030,2025-10-23,Payment,Medium,30,Open,Neutral
S7475,C13031,2026-01-16,Payment,Medium,11,Resolved,Positive
S7476,C13031,2026-02-09,Login,High,71,Resolved,Negative
S7477,C13032,2025-12-13,Subscription,High,27,Resolved,Neutral
S7478,C13032,2026-07-04,Technical,Low,32,Resolved,Neutral
S7479,C13032,2025-10-09,Technical,Low,18,Resolved,Neutral
S7480,C13032,2026-05-10,Subscription,Medium,63,Resolved,Negative
S7481,C13033,2026-02-02,Billing,Medium,26,Resolved,Neutral
S7482,C13033,2026-01-15,Technical,Medium,59,Resolved,Negative
S7483,C13033,2026-08-30,Billing,Medium,17,Resolved,Neutral
S7484,C13035,2025-09-19,Technical,High,69,Resolved,Negative
S7485,C13035,2026-02-14,Login,High,15,Resolved,Neutral
S7486,C13036,2026-07-24,Login,High,37,Resolved,Negative
S7487,C13037,2025-12-24,Payment,Low,21,Open,Neutral
S7488,C13037,2025-11-21,Payment,Low,51,Resolved,Negative
S7489,C13037,2026-06-01,Billing,Low,29,Resolved,Neutral
S7490,C13037,2025-11-27,Technical,Low,3,Resolved,Positive
S7491,C13038,2026-07-20,Technical,Low,16,Resolved,Neutral
S7492,C13038,2025-09-10,Billing,Low,71,Open,Negative
S7493,C13038,2026-01-12,Subscription,High,52,Resolved,Negative
S7494,C13038,2025-12-23,Billing,High,62,Resolved,Negative
S7495,C13039,2025-09-23,Subscription,Low,30,Open,Neutral
S7496,C13040,2026-06-18,Technical,High,58,Resolved,Negative
S7497,C13040,2026-06-08,Subscription,Medium,48,Resolved,Negative
S7498,C13041,2026-02-03,Payment,High,58,Open,Negative
S7499,C13041,2026-04-09,Billing,High,41,Resolved,Negative
S7500,C13042,2026-02-12,Payment,Medium,16,Resolved,Neutral
S7501,C13042,2026-01-21,Subscription,Low,14,Open,Neutral
S7502,C13043,2025-10-08,Billing,High,14,Resolved,Neutral
S7503,C13044,2025-12-16,Billing,Low,33,Resolved,Neutral
S7504,C13044,2026-03-17,Technical,Low,8,Resolved,Positive
S7505,C13044,2025-10-24,Login,High,40,Open,Negative
S7506,C13045,2026-01-27,Login,High,14,Open,Neutral
S7507,C13045,2026-07-29,Billing,Low,56,Open,Negative
S7508,C13045,2026-08-04,Technical,Medium,71,Resolved,Negative
S7509,C13045,2026-04-04,Subscription,Low,40,Resolved,Negative
S7510,C13045,2025-11-07,Billing,High,50,Resolved,Negative
S7511,C13046,2026-02-24,Subscription,Medium,31,Open,Neutral
S7512,C13046,2025-10-24,Payment,High,22,Resolved,Neutral
S7513,C13047,2026-01-09,Subscription,High,39,Resolved,Negative
S7514,C13048,2026-02-04,Technical,Low,63,Resolved,Negative
S7515,C13048,2026-06-23,Technical,High,10,Resolved,Positive
S7516,C13048,2026-07-24,Technical,Medium,17,Resolved,Neutral
S7517,C13048,2025-12-04,Technical,Medium,58,Resolved,Negative
S7518,C13048,2026-08-22,Payment,Low,49,Resolved,Negative
S7519,C13049,2026-04-30,Login,Low,25,Resolved,Neutral
S7520,C13049,2025-12-05,Payment,Medium,13,Open,Neutral
S7521,C13049,2025-09-14,Subscription,High,53,Open,Negative
S7522,C13049,2025-09-24,Technical,High,15,Resolved,Neutral
S7523,C13050,2026-04-13,Login,Medium,41,Resolved,Negative
S7524,C13050,2026-07-10,Technical,Low,70,Open,Negative
S7525,C13050,2026-05-04,Technical,Medium,29,Resolved,Neutral
S7526,C13050,2025-10-27,Technical,Medium,61,Resolved,Negative
S7527,C13050,2026-08-12,Payment,Medium,48,Resolved,Negative
S7528,C13051,2026-05-22,Payment,High,8,Resolved,Positive
S7529,C13051,2025-10-30,Payment,High,71,Resolved,Negative
S7530,C13051,2025-12-17,Payment,High,60,Resolved,Negative
S7531,C13052,2026-07-31,Subscription,High,21,Resolved,Neutral
S7532,C13053,2026-06-27,Subscription,High,1,Open,Positive
S7533,C13053,2025-09-28,Payment,Low,20,Resolved,Neutral
S7534,C13053,2025-10-05,Billing,High,46,Resolved,Negative
S7535,C13053,2026-03-03,Payment,Medium,58,Resolved,Negative
S7536,C13053,2026-03-02,Technical,High,60,Resolved,Negative
S7537,C13054,2025-10-15,Technical,High,23,Resolved,Neutral
S7538,C13054,2026-01-20,Payment,High,53,Resolved,Negative
S7539,C13054,2026-01-14,Technical,High,47,Resolved,Negative
S7540,C13055,2026-05-31,Subscription,Low,42,Open,Negative
S7541,C13055,2025-11-13,Subscription,Medium,8,Resolved,Positive
S7542,C13055,2026-02-13,Technical,High,38,Resolved,Negative
S7543,C13057,2026-08-30,Payment,Medium,63,Resolved,Negative
S7544,C13058,2026-03-09,Technical,Low,49,Resolved,Negative
S7545,C13058,2025-12-03,Billing,Low,72,Open,Negative
S7546,C13058,2025-10-13,Payment,Medium,55,Open,Negative
S7547,C13058,2026-06-01,Login,Low,53,Open,Negative
S7548,C13058,2026-03-06,Payment,Low,5,Open,Positive
S7549,C13059,2026-07-05,Billing,Medium,46,Open,Negative
S7550,C13060,2025-12-22,Technical,High,26,Resolved,Neutral
S7551,C13060,2025-10-30,Billing,Medium,53,Resolved,Negative
S7552,C13060,2026-07-02,Login,Low,14,Open,Neutral
S7553,C13060,2025-09-25,Technical,High,53,Open,Negative
S7554,C13060,2025-10-10,Technical,Medium,63,Resolved,Negative
S7555,C13061,2026-01-10,Subscription,Medium,60,Resolved,Negative
S7556,C13063,2025-10-21,Billing,Medium,13,Open,Neutral
S7557,C13064,2025-10-09,Billing,High,66,Open,Negative
S7558,C13064,2026-06-24,Payment,Medium,32,Open,Neutral
S7559,C13064,2026-05-27,Billing,High,4,Resolved,Positive
S7560,C13064,2026-07-04,Payment,Medium,27,Resolved,Neutral
S7561,C13065,2026-07-30,Subscription,High,70,Resolved,Negative
S7562,C13065,2026-04-13,Billing,Low,53,Resolved,Negative
S7563,C13065,2026-08-24,Subscription,High,14,Resolved,Neutral
S7564,C13065,2026-05-01,Login,High,16,Open,Neutral
S7565,C13065,2025-10-31,Login,Medium,48,Resolved,Negative
S7566,C13066,2026-07-15,Technical,Low,66,Open,Negative
S7567,C13068,2026-02-15,Technical,High,56,Open,Negative
S7568,C13068,2026-06-16,Payment,High,54,Resolved,Negative
S7569,C13070,2026-04-21,Payment,Low,66,Open,Negative
S7570,C13070,2026-08-09,Billing,Low,11,Resolved,Positive
S7571,C13071,2025-12-01,Login,Low,58,Resolved,Negative
S7572,C13072,2026-02-10,Login,Medium,32,Open,Neutral
S7573,C13072,2025-09-02,Technical,High,51,Resolved,Negative
S7574,C13072,2026-04-12,Technical,Low,54,Resolved,Negative
S7575,C13073,2026-04-16,Subscription,Medium,27,Open,Neutral
S7576,C13073,2026-03-11,Technical,High,10,Resolved,Positive
S7577,C13074,2025-09-15,Subscription,Low,54,Resolved,Negative
S7578,C13074,2026-03-01,Technical,Medium,62,Resolved,Negative
S7579,C13074,2025-11-12,Payment,Low,58,Resolved,Negative
S7580,C13074,2026-08-02,Payment,Medium,5,Resolved,Positive
S7581,C13075,2026-04-27,Login,Medium,36,Open,Neutral
S7582,C13078,2026-04-28,Billing,High,33,Open,Neutral
S7583,C13078,2026-01-22,Billing,Medium,26,Resolved,Neutral
S7584,C13078,2026-01-19,Technical,Low,9,Open,Positive
S7585,C13078,2025-10-08,Login,Low,40,Resolved,Negative
S7586,C13078,2025-11-29,Payment,Low,6,Resolved,Positive
S7587,C13079,2025-10-06,Login,Low,62,Resolved,Negative
S7588,C13079,2025-09-09,Billing,Low,14,Resolved,Neutral
S7589,C13079,2026-07-06,Login,Medium,17,Resolved,Neutral
S7590,C13079,2025-12-02,Login,Medium,32,Open,Neutral
S7591,C13080,2026-05-02,Billing,High,29,Resolved,Neutral
S7592,C13080,2026-07-26,Technical,High,2,Open,Positive
S7593,C13080,2026-04-08,Technical,High,32,Resolved,Neutral
S7594,C13080,2026-03-28,Technical,Medium,2,Resolved,Positive
S7595,C13081,2026-02-13,Payment,Low,33,Resolved,Neutral
S7596,C13081,2026-06-25,Technical,High,53,Resolved,Negative
S7597,C13081,2026-03-29,Billing,High,3,Open,Positive
S7598,C13081,2026-03-21,Login,High,60,Resolved,Negative
S7599,C13082,2026-08-30,Billing,Low,15,Resolved,Neutral
S7600,C13082,2026-06-25,Billing,Medium,51,Open,Negative
S7601,C13082,2026-02-13,Login,High,9,Resolved,Positive
S7602,C13083,2025-11-14,Technical,High,34,Open,Neutral
S7603,C13083,2026-01-07,Subscription,Low,10,Open,Positive
S7604,C13083,2026-04-19,Login,Low,55,Resolved,Negative
S7605,C13083,2025-12-23,Payment,High,38,Resolved,Negative
S7606,C13083,2025-10-08,Login,High,7,Open,Positive
S7607,C13084,2025-10-24,Payment,Medium,19,Resolved,Neutral
S7608,C13084,2025-11-26,Subscription,High,68,Resolved,Negative
S7609,C13084,2025-09-03,Login,High,47,Open,Negative
S7610,C13084,2026-05-18,Subscription,High,29,Open,Neutral
S7611,C13085,2026-07-06,Login,High,45,Resolved,Negative
S7612,C13085,2026-03-02,Subscription,High,40,Resolved,Negative
S7613,C13085,2026-08-03,Payment,Low,36,Resolved,Neutral
S7614,C13085,2026-01-16,Payment,High,17,Resolved,Neutral
S7615,C13085,2026-01-25,Subscription,High,12,Open,Positive
S7616,C13086,2026-06-21,Login,High,28,Resolved,Neutral
S7617,C13086,2026-02-21,Technical,Low,9,Open,Positive
S7618,C13086,2025-12-26,Login,High,63,Resolved,Negative
S7619,C13086,2025-12-30,Billing,High,34,Open,Neutral
S7620,C13087,2025-12-05,Billing,High,3,Resolved,Positive
S7621,C13089,2026-02-27,Technical,Medium,52,Resolved,Negative
S7622,C13089,2026-06-07,Billing,High,64,Resolved,Negative
S7623,C13089,2026-03-09,Payment,Low,21,Resolved,Neutral
S7624,C13090,2025-09-14,Billing,Medium,20,Resolved,Neutral
S7625,C13091,2026-04-23,Login,Low,12,Open,Positive
S7626,C13091,2026-01-31,Subscription,High,32,Resolved,Neutral
S7627,C13092,2025-12-07,Technical,High,38,Resolved,Negative
S7628,C13093,2025-10-30,Payment,Low,24,Resolved,Neutral
S7629,C13093,2025-10-23,Technical,High,54,Open,Negative
S7630,C13093,2026-01-20,Subscription,Medium,58,Open,Negative
S7631,C13093,2026-02-07,Technical,Low,48,Open,Negative
S7632,C13093,2025-11-19,Payment,Medium,29,Open,Neutral
S7633,C13094,2026-03-16,Login,Low,31,Open,Neutral
S7634,C13094,2026-06-28,Technical,Medium,41,Open,Negative
S7635,C13094,2026-01-19,Billing,Low,16,Resolved,Neutral
S7636,C13094,2025-09-26,Login,High,38,Resolved,Negative
S7637,C13094,2026-02-15,Subscription,Low,2,Open,Positive
S7638,C13095,2025-09-11,Technical,Low,32,Open,Neutral
S7639,C13095,2025-11-16,Subscription,High,4,Resolved,Positive
S7640,C13095,2025-10-12,Subscription,High,49,Resolved,Negative
S7641,C13095,2025-10-29,Technical,Medium,66,Resolved,Negative
S7642,C13096,2025-09-24,Login,Low,53,Resolved,Negative
S7643,C13096,2026-06-28,Subscription,Medium,3,Resolved,Positive
S7644,C13098,2026-04-28,Billing,High,72,Resolved,Negative
S7645,C13098,2025-10-01,Technical,Medium,49,Open,Negative
S7646,C13098,2025-12-25,Billing,High,66,Resolved,Negative
S7647,C13098,2025-12-11,Billing,High,71,Resolved,Negative
S7648,C13098,2025-10-21,Login,Medium,32,Open,Neutral
S7649,C13099,2026-06-13,Subscription,Medium,29,Open,Neutral
S7650,C13100,2025-11-13,Payment,High,15,Open,Neutral
S7651,C13100,2026-03-29,Payment,High,17,Open,Neutral
S7652,C13100,2026-08-24,Payment,Medium,72,Open,Negative
S7653,C13100,2025-09-30,Login,Medium,63,Open,Negative
S7654,C13101,2025-12-30,Payment,Low,64,Resolved,Negative
S7655,C13101,2026-01-06,Billing,Medium,56,Resolved,Negative
S7656,C13101,2026-07-23,Subscription,Medium,46,Open,Negative
S7657,C13101,2025-12-16,Payment,High,5,Resolved,Positive
S7658,C13102,2025-09-22,Technical,High,32,Resolved,Neutral
S7659,C13102,2025-12-04,Technical,High,18,Open,Neutral
S7660,C13102,2025-10-23,Technical,Low,19,Open,Neutral
S7661,C13102,2026-03-04,Billing,Medium,37,Resolved,Negative
S7662,C13102,2026-06-04,Payment,Low,29,Open,Neutral
S7663,C13103,2025-12-14,Payment,High,50,Open,Negative
S7664,C13103,2025-10-09,Subscription,Low,66,Resolved,Negative
S7665,C13103,2026-01-11,Technical,Low,69,Open,Negative
S7666,C13103,2025-12-07,Technical,High,61,Open,Negative
S7667,C13104,2026-02-15,Login,Medium,51,Resolved,Negative
S7668,C13104,2025-12-06,Subscription,Medium,54,Open,Negative
S7669,C13104,2025-11-10,Subscription,Low,30,Resolved,Neutral
S7670,C13104,2025-10-30,Technical,Low,44,Open,Negative
S7671,C13104,2026-01-19,Technical,High,46,Resolved,Negative
S7672,C13105,2026-01-21,Login,Low,67,Resolved,Negative
S7673,C13106,2026-04-08,Subscription,Medium,20,Resolved,Neutral
S7674,C13106,2025-10-24,Billing,High,58,Open,Negative
S7675,C13106,2026-08-04,Technical,High,49,Resolved,Negative
S7676,C13107,2025-10-22,Payment,Medium,8,Open,Positive
S7677,C13107,2026-03-12,Billing,High,29,Resolved,Neutral
S7678,C13107,2025-09-28,Payment,High,49,Open,Negative
S7679,C13107,2026-08-15,Billing,High,70,Resolved,Negative
S7680,C13107,2026-04-30,Login,High,72,Resolved,Negative
S7681,C13108,2025-11-10,Technical,Low,2,Open,Positive
S7682,C13108,2026-05-02,Payment,Low,8,Resolved,Positive
S7683,C13108,2025-09-03,Subscription,High,71,Open,Negative
S7684,C13109,2026-03-01,Login,Medium,14,Open,Neutral
S7685,C13109,2025-12-26,Payment,Medium,24,Resolved,Neutral
S7686,C13109,2025-12-15,Payment,Low,4,Open,Positive
S7687,C13109,2025-09-30,Billing,High,48,Resolved,Negative
S7688,C13110,2026-05-18,Technical,Medium,6,Open,Positive
S7689,C13111,2025-10-10,Login,High,64,Open,Negative
S7690,C13111,2025-12-23,Subscription,Medium,6,Resolved,Positive
S7691,C13111,2026-05-19,Payment,Medium,6,Resolved,Positive
S7692,C13111,2026-03-20,Subscription,Low,51,Resolved,Negative
S7693,C13113,2026-01-27,Payment,Medium,9,Resolved,Positive
S7694,C13113,2025-11-02,Billing,High,65,Resolved,Negative
S7695,C13114,2026-04-24,Login,Medium,53,Resolved,Negative
S7696,C13117,2026-07-17,Login,Medium,71,Resolved,Negative
S7697,C13117,2026-05-18,Billing,High,2,Resolved,Positive
S7698,C13117,2026-06-05,Login,High,23,Resolved,Neutral
S7699,C13117,2026-03-08,Login,Low,26,Resolved,Neutral
S7700,C13117,2026-03-16,Subscription,Medium,41,Open,Negative
S7701,C13118,2026-07-21,Login,Low,31,Resolved,Neutral
S7702,C13118,2025-11-12,Technical,High,40,Resolved,Negative
S7703,C13118,2025-10-20,Payment,Medium,51,Resolved,Negative
S7704,C13118,2026-05-05,Payment,High,12,Resolved,Positive
S7705,C13119,2026-03-14,Subscription,Medium,39,Open,Negative
S7706,C13119,2026-08-10,Billing,Medium,7,Open,Positive
S7707,C13119,2025-12-19,Login,Low,28,Open,Neutral
S7708,C13120,2026-01-03,Technical,Low,26,Resolved,Neutral
S7709,C13120,2025-11-13,Login,Medium,62,Resolved,Negative
S7710,C13120,2026-03-21,Subscription,High,71,Resolved,Negative
S7711,C13120,2025-10-14,Login,Medium,49,Resolved,Negative
S7712,C13121,2026-06-21,Payment,Low,16,Open,Neutral
S7713,C13122,2025-11-03,Login,High,13,Open,Neutral
S7714,C13122,2026-06-23,Payment,Low,5,Resolved,Positive
S7715,C13122,2026-04-10,Technical,High,30,Resolved,Neutral
S7716,C13122,2026-06-14,Technical,Medium,33,Resolved,Neutral
S7717,C13122,2025-10-18,Subscription,Medium,43,Resolved,Negative
S7718,C13124,2026-08-17,Payment,Low,62,Resolved,Negative
S7719,C13124,2026-05-01,Payment,Medium,42,Resolved,Negative
S7720,C13125,2026-02-15,Payment,Low,8,Resolved,Positive
S7721,C13125,2026-02-15,Subscription,Medium,38,Open,Negative
S7722,C13125,2026-07-10,Subscription,Medium,64,Open,Negative
S7723,C13125,2025-09-22,Subscription,Medium,37,Resolved,Negative
S7724,C13125,2026-07-30,Login,High,41,Open,Negative
S7725,C13127,2025-12-13,Login,High,10,Resolved,Positive
S7726,C13127,2026-05-28,Subscription,Low,64,Resolved,Negative
S7727,C13127,2025-09-04,Payment,Low,14,Open,Neutral
S7728,C13127,2026-08-14,Technical,Low,40,Resolved,Negative
S7729,C13129,2026-05-25,Billing,Medium,62,Open,Negative
S7730,C13130,2026-08-03,Payment,Low,8,Resolved,Positive
S7731,C13130,2026-06-24,Subscription,Low,20,Open,Neutral
S7732,C13130,2026-07-09,Login,Medium,66,Resolved,Negative
S7733,C13131,2026-06-18,Billing,High,38,Resolved,Negative
S7734,C13131,2025-09-10,Subscription,High,28,Open,Neutral
S7735,C13131,2026-06-13,Payment,High,53,Open,Negative
S7736,C13131,2026-04-13,Subscription,Medium,55,Open,Negative
S7737,C13131,2026-04-04,Login,High,21,Resolved,Neutral
S7738,C13132,2026-04-14,Payment,Low,47,Resolved,Negative
S7739,C13132,2026-08-18,Billing,Low,10,Resolved,Positive
S7740,C13133,2025-11-26,Technical,High,32,Open,Neutral
S7741,C13133,2026-06-12,Login,Medium,56,Resolved,Negative
S7742,C13134,2026-02-11,Subscription,Medium,55,Resolved,Negative
S7743,C13134,2026-03-29,Subscription,High,50,Resolved,Negative
S7744,C13135,2026-06-12,Payment,Medium,25,Resolved,Neutral
S7745,C13135,2026-02-21,Login,Medium,3,Resolved,Positive
S7746,C13135,2025-09-16,Payment,Medium,68,Resolved,Negative
S7747,C13136,2025-09-25,Billing,Medium,57,Open,Negative
S7748,C13136,2026-03-01,Subscription,Low,41,Resolved,Negative
S7749,C13136,2025-10-26,Subscription,High,59,Resolved,Negative
S7750,C13136,2025-09-29,Subscription,High,30,Resolved,Neutral
S7751,C13136,2026-01-20,Subscription,High,47,Open,Negative
S7752,C13137,2026-05-27,Technical,Low,65,Resolved,Negative
S7753,C13137,2025-10-03,Technical,Medium,20,Open,Neutral
S7754,C13137,2026-03-26,Login,Medium,38,Resolved,Negative
S7755,C13138,2026-07-31,Login,Low,23,Open,Neutral
S7756,C13139,2025-12-11,Payment,Medium,22,Resolved,Neutral
S7757,C13139,2026-05-09,Payment,Low,38,Open,Negative
S7758,C13140,2026-07-05,Billing,Medium,57,Resolved,Negative
S7759,C13141,2026-08-10,Technical,High,70,Resolved,Negative
S7760,C13142,2026-08-15,Payment,Medium,9,Open,Positive
S7761,C13142,2026-02-28,Billing,Low,51,Resolved,Negative
S7762,C13143,2026-06-20,Billing,Low,59,Resolved,Negative
S7763,C13143,2025-12-18,Payment,Low,30,Resolved,Neutral
S7764,C13143,2025-12-09,Login,Low,63,Resolved,Negative
S7765,C13143,2026-07-05,Login,Low,60,Resolved,Negative
S7766,C13143,2025-09-16,Technical,Medium,53,Resolved,Negative
S7767,C13144,2025-09-24,Payment,High,55,Resolved,Negative
S7768,C13144,2025-09-23,Payment,Low,7,Resolved,Positive
S7769,C13145,2026-01-01,Billing,High,24,Resolved,Neutral
S7770,C13145,2025-12-07,Billing,High,4,Open,Positive
S7771,C13145,2026-05-24,Subscription,Medium,66,Resolved,Negative
S7772,C13146,2025-12-06,Payment,Medium,69,Resolved,Negative
S7773,C13147,2026-05-07,Technical,Low,61,Resolved,Negative
S7774,C13148,2025-10-05,Login,Medium,14,Open,Neutral
S7775,C13148,2026-05-18,Subscription,Medium,39,Resolved,Negative
S7776,C13148,2025-11-01,Subscription,High,6,Open,Positive
S7777,C13148,2025-10-19,Billing,High,17,Resolved,Neutral
S7778,C13148,2025-11-02,Payment,High,20,Resolved,Neutral
S7779,C13149,2026-06-03,Technical,Low,13,Resolved,Neutral
S7780,C13149,2026-07-17,Payment,Low,35,Resolved,Neutral
S7781,C13149,2026-02-09,Technical,High,21,Resolved,Neutral
S7782,C13149,2025-12-25,Login,High,15,Open,Neutral
S7783,C13151,2026-04-14,Billing,High,26,Open,Neutral
S7784,C13151,2025-11-11,Login,High,5,Resolved,Positive
S7785,C13151,2025-11-25,Login,Low,47,Open,Negative
S7786,C13151,2025-10-30,Billing,Low,50,Resolved,Negative
S7787,C13154,2026-02-18,Technical,Low,55,Resolved,Negative
S7788,C13154,2025-11-03,Subscription,Low,13,Open,Neutral
S7789,C13154,2025-12-24,Payment,Low,21,Resolved,Neutral
S7790,C13154,2026-05-04,Subscription,High,47,Resolved,Negative
S7791,C13155,2025-12-28,Payment,Low,39,Resolved,Negative
S7792,C13156,2026-06-29,Subscription,High,13,Open,Neutral
S7793,C13157,2026-05-24,Technical,Low,25,Resolved,Neutral
S7794,C13157,2026-05-03,Payment,Low,3,Open,Positive
S7795,C13157,2026-05-18,Login,Medium,18,Resolved,Neutral
S7796,C13157,2026-01-17,Login,Medium,61,Open,Negative
S7797,C13158,2026-08-05,Login,Low,31,Open,Neutral
S7798,C13158,2025-09-13,Login,High,15,Resolved,Neutral
S7799,C13158,2026-08-07,Login,Medium,13,Open,Neutral
S7800,C13158,2025-11-25,Billing,High,20,Resolved,Neutral
S7801,C13158,2026-03-14,Subscription,Low,1,Open,Positive
S7802,C13159,2026-04-12,Payment,High,53,Resolved,Negative
S7803,C13159,2026-08-14,Technical,Low,24,Open,Neutral
S7804,C13159,2025-11-20,Login,Low,59,Resolved,Negative
S7805,C13161,2025-12-27,Payment,Low,37,Open,Negative
S7806,C13161,2026-03-05,Subscription,Medium,20,Resolved,Neutral
S7807,C13162,2026-02-11,Technical,Medium,25,Resolved,Neutral
S7808,C13162,2026-05-11,Billing,Medium,60,Open,Negative
S7809,C13162,2025-12-17,Payment,Low,31,Resolved,Neutral
S7810,C13163,2026-04-29,Login,High,8,Resolved,Positive
S7811,C13163,2026-04-15,Technical,High,52,Resolved,Negative
S7812,C13164,2026-01-02,Subscription,Medium,11,Resolved,Positive
S7813,C13164,2025-11-10,Payment,High,27,Resolved,Neutral
S7814,C13164,2026-06-02,Subscription,Low,71,Open,Negative
S7815,C13164,2026-08-15,Login,Low,57,Resolved,Negative
S7816,C13166,2025-11-11,Login,High,61,Resolved,Negative
S7817,C13166,2025-10-28,Login,Medium,27,Open,Neutral
S7818,C13166,2026-07-26,Subscription,Low,55,Open,Negative
S7819,C13167,2026-01-01,Billing,High,4,Resolved,Positive
S7820,C13167,2025-11-16,Payment,High,41,Resolved,Negative
S7821,C13167,2026-06-09,Subscription,Low,48,Resolved,Negative
S7822,C13168,2026-03-02,Billing,High,54,Open,Negative
S7823,C13168,2026-03-03,Subscription,High,13,Open,Neutral
S7824,C13169,2026-05-08,Subscription,Low,69,Resolved,Negative
S7825,C13169,2025-12-23,Payment,Medium,3,Resolved,Positive
S7826,C13169,2026-06-28,Subscription,High,14,Open,Neutral
S7827,C13170,2025-11-09,Subscription,Low,33,Resolved,Neutral
S7828,C13170,2025-10-31,Subscription,High,49,Resolved,Negative
S7829,C13170,2026-05-06,Subscription,Medium,47,Open,Negative
S7830,C13171,2026-02-06,Subscription,Medium,24,Open,Neutral
S7831,C13171,2026-06-21,Subscription,Medium,1,Resolved,Positive
S7832,C13171,2026-02-18,Login,High,27,Resolved,Neutral
S7833,C13172,2025-09-24,Billing,High,56,Resolved,Negative
S7834,C13172,2026-01-25,Login,High,21,Open,Neutral
S7835,C13172,2025-12-20,Subscription,Low,18,Resolved,Neutral
S7836,C13172,2026-03-31,Payment,Medium,54,Resolved,Negative
S7837,C13173,2025-12-08,Login,High,11,Open,Positive
S7838,C13173,2025-12-02,Payment,Low,18,Resolved,Neutral
S7839,C13175,2026-06-22,Login,Medium,50,Open,Negative
S7840,C13175,2026-01-11,Billing,Medium,19,Resolved,Neutral
S7841,C13175,2025-10-17,Login,Medium,35,Resolved,Neutral
S7842,C13175,2025-12-20,Technical,Medium,54,Resolved,Negative
S7843,C13175,2026-01-17,Payment,Low,3,Resolved,Positive
S7844,C13176,2026-08-19,Billing,Medium,8,Resolved,Positive
S7845,C13177,2025-12-20,Technical,High,7,Resolved,Positive
S7846,C13177,2026-06-08,Billing,Medium,13,Open,Neutral
S7847,C13177,2026-05-19,Subscription,High,6,Resolved,Positive
S7848,C13178,2026-02-04,Billing,High,16,Resolved,Neutral
S7849,C13178,2025-10-22,Login,Low,3,Resolved,Positive
S7850,C13179,2026-01-29,Login,Medium,12,Open,Positive
S7851,C13179,2025-09-15,Login,High,60,Resolved,Negative
S7852,C13180,2026-01-03,Login,Low,21,Resolved,Neutral
S7853,C13180,2026-01-11,Technical,High,35,Resolved,Neutral
S7854,C13181,2025-11-27,Technical,Low,2,Open,Positive
S7855,C13181,2026-03-14,Subscription,Medium,10,Resolved,Positive
S7856,C13181,2026-01-19,Login,Medium,18,Open,Neutral
S7857,C13181,2026-08-12,Subscription,Medium,7,Open,Positive
S7858,C13182,2026-01-15,Subscription,Medium,58,Open,Negative
S7859,C13182,2026-01-13,Login,Medium,62,Open,Negative
S7860,C13182,2026-03-29,Login,Low,44,Resolved,Negative
S7861,C13184,2026-03-13,Login,High,32,Resolved,Neutral
S7862,C13184,2026-01-09,Subscription,Medium,4,Resolved,Positive
S7863,C13184,2026-04-09,Billing,Medium,29,Resolved,Neutral
S7864,C13184,2026-04-16,Payment,Medium,61,Resolved,Negative
S7865,C13185,2025-10-08,Subscription,High,40,Resolved,Negative
S7866,C13185,2026-06-12,Login,Low,55,Resolved,Negative
S7867,C13185,2026-08-16,Billing,Medium,3,Resolved,Positive
S7868,C13185,2026-07-25,Subscription,High,40,Resolved,Negative
S7869,C13186,2026-05-05,Payment,High,3,Resolved,Positive
S7870,C13186,2026-03-24,Subscription,High,1,Resolved,Positive
S7871,C13186,2026-04-07,Technical,Low,32,Resolved,Neutral
S7872,C13186,2026-06-21,Login,Low,32,Resolved,Neutral
S7873,C13186,2026-08-20,Technical,Low,35,Resolved,Neutral
S7874,C13187,2025-09-24,Technical,Low,34,Open,Neutral
S7875,C13187,2025-11-24,Technical,Medium,30,Resolved,Neutral
S7876,C13187,2026-08-27,Technical,High,71,Resolved,Negative
S7877,C13188,2025-12-13,Login,High,67,Resolved,Negative
S7878,C13188,2026-03-02,Login,High,36,Open,Neutral
S7879,C13188,2026-02-25,Subscription,Medium,47,Open,Negative
S7880,C13188,2026-05-23,Payment,Medium,7,Resolved,Positive
S7881,C13188,2026-08-28,Login,Low,8,Resolved,Positive
S7882,C13189,2025-12-06,Technical,High,16,Resolved,Neutral
S7883,C13189,2025-12-15,Subscription,Low,20,Open,Neutral
S7884,C13191,2026-06-16,Login,High,63,Resolved,Negative
S7885,C13191,2026-04-27,Billing,Low,69,Resolved,Negative
S7886,C13192,2026-04-12,Billing,Medium,68,Resolved,Negative
S7887,C13193,2026-01-13,Payment,Medium,49,Resolved,Negative
S7888,C13193,2026-07-02,Login,Medium,71,Resolved,Negative
S7889,C13193,2026-08-02,Technical,Low,16,Open,Neutral
S7890,C13193,2026-04-03,Technical,Medium,1,Resolved,Positive
S7891,C13194,2026-01-07,Payment,Low,10,Open,Positive
S7892,C13195,2025-11-21,Payment,Low,34,Resolved,Neutral
S7893,C13195,2026-05-31,Subscription,Low,37,Resolved,Negative
S7894,C13195,2026-04-23,Payment,Low,54,Resolved,Negative
S7895,C13195,2026-06-21,Subscription,Low,34,Resolved,Neutral
S7896,C13195,2026-06-27,Technical,High,7,Open,Positive
S7897,C13197,2026-07-13,Billing,High,4,Resolved,Positive
S7898,C13198,2025-10-10,Payment,High,1,Resolved,Positive
S7899,C13198,2025-10-18,Login,High,46,Resolved,Negative
S7900,C13198,2026-06-19,Technical,High,12,Resolved,Positive
S7901,C13200,2026-08-01,Technical,Low,28,Open,Neutral
S7902,C13200,2026-07-06,Technical,Medium,57,Open,Negative
S7903,C13200,2026-07-22,Subscription,Medium,52,Open,Negative
S7904,C13200,2025-09-27,Login,High,38,Resolved,Negative
S7905,C13200,2025-11-25,Payment,Medium,5,Open,Positive
S7906,C13201,2026-08-06,Login,Medium,40,Open,Negative
S7907,C13201,2025-09-21,Subscription,Low,2,Resolved,Positive
S7908,C13201,2026-07-09,Technical,High,31,Resolved,Neutral
S7909,C13201,2026-03-25,Billing,Medium,72,Resolved,Negative
S7910,C13201,2026-07-15,Login,Medium,30,Resolved,Neutral
S7911,C13202,2025-11-19,Subscription,Medium,23,Resolved,Neutral
S7912,C13202,2025-10-26,Technical,Low,65,Open,Negative
S7913,C13202,2026-06-13,Login,High,40,Open,Negative
S7914,C13202,2026-07-21,Subscription,High,54,Resolved,Negative
S7915,C13202,2026-08-23,Payment,High,61,Open,Negative
S7916,C13203,2025-10-01,Subscription,Medium,61,Resolved,Negative
S7917,C13203,2026-08-15,Subscription,Low,48,Resolved,Negative
S7918,C13203,2025-11-11,Billing,Low,39,Resolved,Negative
S7919,C13204,2025-10-10,Payment,Low,10,Resolved,Positive
S7920,C13204,2026-07-29,Login,Low,40,Open,Negative
S7921,C13204,2026-07-21,Payment,Low,8,Resolved,Positive
S7922,C13204,2026-06-25,Technical,High,13,Resolved,Neutral
S7923,C13205,2026-02-12,Login,Low,56,Open,Negative
S7924,C13205,2025-10-09,Billing,Medium,72,Resolved,Negative
S7925,C13205,2026-08-12,Billing,Low,71,Open,Negative
S7926,C13205,2026-08-22,Subscription,High,1,Resolved,Positive
S7927,C13206,2026-08-17,Subscription,Medium,71,Open,Negative
S7928,C13206,2026-06-22,Subscription,High,54,Open,Negative
S7929,C13206,2026-07-01,Technical,Medium,2,Open,Positive
S7930,C13206,2026-05-09,Payment,Medium,31,Open,Neutral
S7931,C13207,2026-08-12,Billing,Medium,52,Resolved,Negative
S7932,C13207,2026-02-22,Payment,Medium,3,Open,Positive
S7933,C13207,2026-02-09,Payment,Low,60,Open,Negative
S7934,C13207,2025-10-24,Payment,Medium,35,Open,Neutral
S7935,C13208,2026-01-16,Technical,High,37,Resolved,Negative
S7936,C13209,2025-10-05,Technical,High,32,Resolved,Neutral
S7937,C13209,2026-06-22,Login,High,28,Resolved,Neutral
S7938,C13210,2026-07-04,Subscription,Low,47,Resolved,Negative
S7939,C13210,2026-04-11,Payment,High,10,Resolved,Positive
S7940,C13210,2026-02-23,Login,Low,5,Resolved,Positive
S7941,C13210,2025-11-19,Subscription,High,49,Resolved,Negative
S7942,C13210,2026-07-23,Login,High,71,Resolved,Negative
S7943,C13213,2026-05-21,Subscription,Low,24,Open,Neutral
S7944,C13213,2025-10-08,Technical,High,70,Open,Negative
S7945,C13213,2026-05-06,Login,Medium,40,Resolved,Negative
S7946,C13214,2025-09-11,Billing,Low,15,Resolved,Neutral
S7947,C13214,2025-10-27,Payment,Low,28,Open,Neutral
S7948,C13214,2026-07-05,Technical,Medium,37,Open,Negative
S7949,C13214,2026-05-05,Billing,Low,47,Open,Negative
S7950,C13214,2026-05-15,Login,Medium,3,Open,Positive
S7951,C13215,2026-04-21,Payment,High,12,Resolved,Positive
S7952,C13215,2026-03-19,Technical,Medium,4,Resolved,Positive
S7953,C13216,2026-05-04,Subscription,High,33,Open,Neutral
S7954,C13216,2026-07-13,Billing,High,68,Resolved,Negative
S7955,C13216,2025-12-05,Technical,High,36,Resolved,Neutral
S7956,C13216,2025-11-23,Payment,High,22,Resolved,Neutral
S7957,C13216,2025-10-06,Subscription,Low,71,Open,Negative
S7958,C13217,2025-10-25,Payment,High,42,Resolved,Negative
S7959,C13217,2026-02-16,Subscription,High,51,Resolved,Negative
S7960,C13217,2026-01-04,Technical,High,21,Resolved,Neutral
S7961,C13217,2026-08-27,Login,High,19,Open,Neutral
S7962,C13219,2026-07-10,Subscription,High,35,Resolved,Neutral
S7963,C13219,2025-10-24,Technical,Medium,29,Resolved,Neutral
S7964,C13219,2026-05-11,Billing,High,16,Resolved,Neutral
S7965,C13220,2026-03-13,Billing,Medium,25,Resolved,Neutral
S7966,C13220,2025-10-07,Login,Medium,6,Resolved,Positive
S7967,C13220,2025-08-31,Payment,Medium,4,Resolved,Positive
S7968,C13222,2025-09-21,Login,Low,36,Resolved,Neutral
S7969,C13222,2026-08-16,Billing,Medium,30,Resolved,Neutral
S7970,C13222,2026-02-19,Billing,Low,4,Resolved,Positive
S7971,C13223,2025-12-19,Login,High,5,Open,Positive
S7972,C13224,2026-07-08,Payment,High,24,Resolved,Neutral
S7973,C13225,2026-07-28,Billing,Medium,7,Open,Positive
S7974,C13225,2026-06-21,Billing,High,20,Resolved,Neutral
S7975,C13225,2026-08-05,Subscription,Medium,47,Open,Negative
S7976,C13226,2026-04-25,Billing,Medium,57,Resolved,Negative
S7977,C13226,2026-03-31,Billing,Medium,48,Resolved,Negative
S7978,C13226,2026-04-01,Login,Low,71,Resolved,Negative
S7979,C13227,2026-05-14,Subscription,Low,62,Resolved,Negative
S7980,C13227,2026-05-11,Payment,High,8,Resolved,Positive
S7981,C13227,2026-03-28,Login,High,16,Open,Neutral
S7982,C13227,2026-03-05,Payment,Medium,36,Open,Neutral
S7983,C13228,2025-09-29,Login,Low,9,Open,Positive
S7984,C13228,2026-08-15,Billing,Low,52,Resolved,Negative
S7985,C13229,2025-09-03,Subscription,Low,67,Resolved,Negative
S7986,C13229,2026-01-16,Payment,High,35,Resolved,Neutral
S7987,C13229,2025-12-08,Billing,Medium,1,Resolved,Positive
S7988,C13229,2026-03-22,Payment,High,18,Resolved,Neutral
S7989,C13230,2025-12-22,Billing,Low,46,Open,Negative
S7990,C13230,2025-09-14,Billing,High,14,Open,Neutral
S7991,C13230,2025-12-15,Subscription,Medium,31,Resolved,Neutral
S7992,C13231,2026-07-01,Technical,Low,55,Resolved,Negative
S7993,C13231,2025-12-04,Payment,Medium,11,Open,Positive
S7994,C13231,2026-08-04,Technical,High,16,Open,Neutral
S7995,C13231,2026-08-26,Payment,Low,43,Open,Negative
S7996,C13231,2026-07-11,Payment,Low,15,Resolved,Neutral
S7997,C13232,2026-04-03,Technical,Medium,30,Resolved,Neutral
S7998,C13232,2026-08-07,Payment,High,38,Open,Negative
S7999,C13233,2025-09-20,Payment,Medium,26,Resolved,Neutral
S8000,C13233,2025-09-22,Technical,High,56,Resolved,Negative
S8001,C13233,2026-03-29,Billing,Medium,47,Open,Negative
S8002,C13233,2026-08-28,Subscription,High,47,Resolved,Negative
S8003,C13234,2026-01-25,Payment,Low,64,Open,Negative
S8004,C13235,2026-02-05,Subscription,Low,45,Open,Negative
S8005,C13235,2026-02-06,Payment,High,66,Resolved,Negative
S8006,C13235,2026-01-06,Payment,Low,67,Resolved,Negative
S8007,C13236,2026-03-20,Technical,High,37,Resolved,Negative
S8008,C13238,2026-05-12,Payment,Low,66,Resolved,Negative
S8009,C13238,2025-09-30,Billing,High,45,Open,Negative
S8010,C13238,2025-12-31,Login,Low,20,Resolved,Neutral
S8011,C13239,2026-07-26,Subscription,Medium,14,Open,Neutral
S8012,C13239,2025-11-20,Payment,Medium,57,Resolved,Negative
S8013,C13239,2026-04-29,Technical,Medium,9,Resolved,Positive
S8014,C13240,2025-12-05,Subscription,Low,32,Resolved,Neutral
S8015,C13240,2026-01-24,Payment,High,4,Resolved,Positive
S8016,C13241,2025-10-30,Payment,High,21,Open,Neutral
S8017,C13241,2025-10-26,Technical,Medium,44,Resolved,Negative
S8018,C13241,2026-08-06,Subscription,High,61,Resolved,Negative
S8019,C13241,2026-08-06,Billing,High,27,Resolved,Neutral
S8020,C13242,2025-12-02,Payment,Low,36,Open,Neutral
S8021,C13242,2026-06-26,Login,Medium,32,Resolved,Neutral
S8022,C13242,2025-12-02,Login,Low,55,Open,Negative
S8023,C13242,2026-08-29,Login,Low,27,Resolved,Neutral
S8024,C13245,2026-04-26,Subscription,Low,59,Open,Negative
S8025,C13245,2025-11-20,Subscription,Medium,56,Resolved,Negative
S8026,C13245,2026-01-27,Billing,Low,43,Open,Negative
S8027,C13245,2025-12-16,Billing,High,16,Open,Neutral
S8028,C13247,2026-06-27,Technical,Low,33,Resolved,Neutral
S8029,C13247,2026-02-13,Subscription,Medium,39,Resolved,Negative
S8030,C13247,2026-04-10,Login,Low,15,Open,Neutral
S8031,C13248,2026-01-13,Subscription,High,17,Open,Neutral
S8032,C13248,2025-12-12,Subscription,Medium,20,Resolved,Neutral
S8033,C13248,2026-04-08,Payment,Medium,69,Resolved,Negative
S8034,C13248,2026-05-22,Subscription,High,59,Resolved,Negative
S8035,C13249,2025-12-29,Subscription,Low,71,Resolved,Negative
S8036,C13249,2026-02-14,Login,Low,6,Resolved,Positive
S8037,C13249,2026-08-25,Technical,Low,12,Resolved,Positive
S8038,C13249,2026-01-17,Login,Low,65,Resolved,Negative
S8039,C13250,2026-05-28,Billing,High,54,Resolved,Negative
S8040,C13251,2026-08-27,Login,High,36,Open,Neutral
S8041,C13252,2026-08-16,Billing,Medium,61,Open,Negative
S8042,C13252,2026-04-06,Subscription,Low,25,Resolved,Neutral
S8043,C13252,2026-08-17,Payment,Medium,62,Resolved,Negative
S8044,C13252,2026-07-30,Technical,High,57,Resolved,Negative
S8045,C13254,2025-10-25,Billing,High,51,Resolved,Negative
S8046,C13255,2025-09-05,Subscription,Low,35,Resolved,Neutral
S8047,C13256,2026-01-18,Payment,Low,61,Resolved,Negative
S8048,C13256,2025-12-25,Subscription,Medium,45,Open,Negative
S8049,C13256,2026-03-22,Technical,High,59,Resolved,Negative
S8050,C13256,2026-04-04,Technical,Medium,11,Open,Positive
S8051,C13256,2026-03-22,Login,Low,22,Open,Neutral
S8052,C13257,2026-01-18,Payment,Medium,55,Open,Negative
S8053,C13257,2025-09-19,Payment,High,5,Open,Positive
S8054,C13257,2026-02-28,Technical,Medium,8,Resolved,Positive
S8055,C13257,2026-08-16,Subscription,Medium,57,Resolved,Negative
S8056,C13257,2025-11-21,Technical,Low,34,Resolved,Neutral
S8057,C13258,2025-10-28,Login,Medium,62,Open,Negative
S8058,C13258,2026-01-21,Subscription,High,65,Open,Negative
S8059,C13259,2026-02-26,Subscription,Medium,50,Open,Negative
S8060,C13259,2026-04-21,Billing,Medium,53,Open,Negative
S8061,C13259,2025-10-04,Subscription,High,30,Open,Neutral
S8062,C13259,2026-02-05,Subscription,Low,32,Resolved,Neutral
S8063,C13260,2025-11-10,Login,Low,33,Open,Neutral
S8064,C13261,2026-05-14,Login,High,30,Resolved,Neutral
S8065,C13262,2026-05-07,Payment,Low,10,Resolved,Positive
S8066,C13262,2026-04-28,Technical,High,37,Resolved,Negative
S8067,C13262,2026-05-22,Login,High,35,Resolved,Neutral
S8068,C13262,2025-09-22,Subscription,Low,32,Resolved,Neutral
S8069,C13264,2026-08-03,Subscription,Low,58,Open,Negative
S8070,C13264,2026-03-05,Technical,Low,4,Resolved,Positive
S8071,C13264,2026-08-15,Subscription,Low,27,Resolved,Neutral
S8072,C13264,2026-03-04,Payment,Medium,25,Open,Neutral
S8073,C13264,2025-11-03,Payment,Medium,2,Open,Positive
S8074,C13265,2026-02-08,Technical,High,9,Resolved,Positive
S8075,C13265,2026-04-23,Technical,Medium,57,Resolved,Negative
S8076,C13265,2025-10-19,Payment,Low,43,Open,Negative
S8077,C13265,2026-01-19,Login,Low,68,Open,Negative
S8078,C13265,2025-11-11,Subscription,High,6,Open,Positive
S8079,C13266,2025-11-20,Payment,High,10,Open,Positive
S8080,C13266,2026-08-24,Payment,Low,15,Resolved,Neutral
S8081,C13266,2025-10-20,Payment,Low,54,Resolved,Negative
S8082,C13266,2025-09-15,Payment,Low,13,Resolved,Neutral
S8083,C13266,2026-04-21,Subscription,Low,40,Open,Negative
S8084,C13267,2026-04-26,Billing,Medium,50,Open,Negative
S8085,C13267,2026-05-10,Login,Low,25,Open,Neutral
S8086,C13267,2026-02-04,Login,Low,15,Open,Neutral
S8087,C13267,2026-02-09,Billing,High,11,Open,Positive
S8088,C13268,2025-10-26,Billing,Low,55,Open,Negative
S8089,C13268,2026-02-22,Billing,Low,30,Open,Neutral
S8090,C13268,2026-08-12,Login,Medium,53,Open,Negative
S8091,C13268,2026-08-10,Billing,High,42,Resolved,Negative
S8092,C13269,2025-10-21,Billing,Medium,2,Open,Positive
S8093,C13269,2026-01-10,Payment,Low,28,Resolved,Neutral
S8094,C13270,2026-07-03,Subscription,Low,21,Open,Neutral
S8095,C13270,2025-09-13,Billing,Medium,43,Resolved,Negative
S8096,C13271,2026-03-08,Login,Low,53,Resolved,Negative
S8097,C13271,2025-09-04,Billing,High,67,Resolved,Negative
S8098,C13272,2025-09-26,Billing,Low,60,Open,Negative
S8099,C13272,2025-10-22,Technical,High,17,Resolved,Neutral
S8100,C13272,2026-06-27,Login,Medium,27,Resolved,Neutral
S8101,C13273,2025-09-14,Technical,High,34,Resolved,Neutral
S8102,C13273,2025-09-04,Payment,Medium,61,Resolved,Negative
S8103,C13273,2026-07-28,Login,High,50,Open,Negative
S8104,C13273,2026-04-01,Login,Low,11,Open,Positive
S8105,C13273,2025-12-19,Login,Low,23,Resolved,Neutral
S8106,C13274,2025-09-17,Subscription,Low,23,Resolved,Neutral
S8107,C13275,2026-03-03,Subscription,Medium,23,Resolved,Neutral
S8108,C13275,2026-01-19,Subscription,Low,3,Resolved,Positive
S8109,C13275,2026-08-29,Billing,High,66,Resolved,Negative
S8110,C13275,2026-08-18,Subscription,Low,49,Open,Negative
S8111,C13275,2026-03-20,Technical,High,59,Open,Negative
S8112,C13277,2026-03-17,Technical,High,5,Resolved,Positive
S8113,C13277,2025-11-01,Billing,Medium,27,Open,Neutral
S8114,C13277,2025-10-20,Login,High,16,Open,Neutral
S8115,C13277,2025-10-26,Payment,Low,22,Resolved,Neutral
S8116,C13278,2026-03-05,Login,Medium,14,Resolved,Neutral
S8117,C13278,2025-10-19,Payment,High,30,Open,Neutral
S8118,C13279,2026-05-21,Login,High,43,Resolved,Negative
S8119,C13280,2025-12-30,Login,High,3,Resolved,Positive
S8120,C13280,2026-03-18,Login,High,70,Resolved,Negative
S8121,C13280,2026-01-02,Billing,Medium,32,Resolved,Neutral
S8122,C13281,2026-04-18,Subscription,Low,45,Open,Negative
S8123,C13282,2026-04-27,Payment,High,71,Resolved,Negative
S8124,C13283,2025-11-25,Technical,Medium,23,Open,Neutral
S8125,C13284,2026-08-08,Technical,Medium,56,Open,Negative
S8126,C13284,2025-09-24,Technical,High,18,Resolved,Neutral
S8127,C13284,2026-03-11,Payment,Medium,67,Open,Negative
S8128,C13284,2026-03-18,Payment,Medium,1,Open,Positive
S8129,C13285,2026-08-06,Subscription,Medium,26,Open,Neutral
S8130,C13285,2026-01-07,Payment,High,2,Open,Positive
S8131,C13285,2026-03-15,Login,Low,9,Open,Positive
S8132,C13286,2026-03-01,Subscription,High,1,Resolved,Positive
S8133,C13286,2026-03-15,Technical,Medium,45,Resolved,Negative
S8134,C13286,2026-07-16,Subscription,Low,24,Resolved,Neutral
S8135,C13286,2026-05-14,Technical,Medium,46,Resolved,Negative
S8136,C13287,2026-08-27,Technical,Medium,68,Open,Negative
S8137,C13287,2026-03-06,Subscription,High,25,Open,Neutral
S8138,C13287,2025-11-18,Login,High,11,Open,Positive
S8139,C13288,2025-12-15,Payment,Medium,4,Open,Positive
S8140,C13289,2025-09-20,Billing,High,18,Open,Neutral
S8141,C13289,2026-01-14,Login,Low,30,Resolved,Neutral
S8142,C13289,2025-11-29,Login,Low,61,Open,Negative
S8143,C13290,2026-03-28,Billing,Low,59,Resolved,Negative
S8144,C13290,2026-01-31,Technical,High,12,Open,Positive
S8145,C13290,2026-08-19,Subscription,Medium,45,Resolved,Negative
S8146,C13290,2026-03-05,Subscription,Medium,55,Resolved,Negative
S8147,C13290,2026-05-27,Technical,Low,3,Resolved,Positive
S8148,C13291,2026-02-04,Technical,Medium,58,Resolved,Negative
S8149,C13291,2026-02-17,Payment,High,12,Resolved,Positive
S8150,C13291,2026-02-23,Billing,Low,19,Resolved,Neutral
S8151,C13293,2026-08-18,Payment,High,47,Open,Negative
S8152,C13294,2025-09-04,Payment,Medium,52,Resolved,Negative
S8153,C13295,2026-05-20,Payment,Medium,49,Resolved,Negative
S8154,C13295,2025-11-12,Technical,High,48,Open,Negative
S8155,C13295,2026-08-05,Billing,Medium,21,Resolved,Neutral
S8156,C13296,2026-03-05,Login,Medium,61,Resolved,Negative
S8157,C13296,2026-08-11,Subscription,Low,39,Open,Negative
S8158,C13296,2026-05-02,Billing,Medium,16,Open,Neutral
S8159,C13296,2026-07-14,Payment,Medium,45,Resolved,Negative
S8160,C13297,2025-11-12,Billing,Medium,72,Resolved,Negative
S8161,C13298,2026-02-18,Login,Medium,38,Resolved,Negative
S8162,C13298,2026-04-07,Login,High,42,Resolved,Negative
S8163,C13298,2026-07-14,Technical,Medium,22,Open,Neutral
S8164,C13298,2026-02-04,Login,Low,12,Resolved,Positive
S8165,C13298,2026-08-29,Payment,Medium,4,Resolved,Positive
S8166,C13299,2026-03-03,Login,Medium,60,Open,Negative
S8167,C13300,2026-07-16,Technical,Medium,58,Open,Negative
S8168,C13300,2025-10-24,Subscription,High,19,Resolved,Neutral
S8169,C13300,2026-04-03,Technical,Low,37,Resolved,Negative
S8170,C13301,2026-07-19,Technical,High,28,Open,Neutral
S8171,C13301,2025-09-15,Login,Medium,19,Open,Neutral
S8172,C13301,2025-11-17,Login,Medium,69,Resolved,Negative
S8173,C13301,2026-02-05,Billing,Medium,59,Resolved,Negative
S8174,C13301,2026-02-19,Login,High,68,Open,Negative
S8175,C13302,2026-08-08,Subscription,Medium,60,Resolved,Negative
S8176,C13302,2025-10-17,Billing,Low,31,Resolved,Neutral
S8177,C13302,2026-06-02,Technical,Medium,22,Resolved,Neutral
S8178,C13303,2026-08-30,Login,Medium,66,Resolved,Negative
S8179,C13304,2026-04-11,Login,Low,54,Resolved,Negative
S8180,C13304,2026-08-25,Billing,Medium,31,Resolved,Neutral
S8181,C13304,2026-04-11,Billing,High,2,Open,Positive
S8182,C13304,2026-04-11,Subscription,Low,49,Resolved,Negative
S8183,C13304,2025-12-06,Subscription,Medium,68,Open,Negative
S8184,C13305,2026-05-23,Billing,Medium,23,Resolved,Neutral
S8185,C13305,2026-02-03,Login,Medium,41,Resolved,Negative
S8186,C13305,2026-06-14,Technical,Low,62,Resolved,Negative
S8187,C13306,2026-01-21,Login,High,24,Resolved,Neutral
S8188,C13306,2026-07-17,Technical,Low,5,Resolved,Positive
S8189,C13307,2025-09-12,Login,High,11,Resolved,Positive
S8190,C13307,2025-10-04,Subscription,Low,18,Resolved,Neutral
S8191,C13307,2025-11-11,Billing,Low,72,Resolved,Negative
S8192,C13307,2025-11-14,Billing,High,15,Open,Neutral
S8193,C13307,2026-01-08,Payment,Low,16,Resolved,Neutral
S8194,C13308,2026-03-06,Payment,Low,15,Open,Neutral
S8195,C13308,2026-03-23,Subscription,Low,13,Resolved,Neutral
S8196,C13308,2025-10-26,Billing,High,34,Resolved,Neutral
S8197,C13308,2025-11-06,Payment,Medium,67,Resolved,Negative
S8198,C13308,2025-11-15,Subscription,Low,54,Open,Negative
S8199,C13309,2026-05-06,Billing,High,51,Resolved,Negative
S8200,C13310,2026-04-27,Subscription,Low,44,Resolved,Negative
S8201,C13311,2025-12-14,Payment,Low,5,Open,Positive
S8202,C13311,2026-08-14,Login,Medium,31,Resolved,Neutral
S8203,C13311,2026-04-25,Login,High,57,Resolved,Negative
S8204,C13311,2026-06-14,Subscription,High,12,Open,Positive
S8205,C13312,2026-02-26,Subscription,Medium,4,Resolved,Positive
S8206,C13312,2026-08-29,Billing,High,38,Open,Negative
S8207,C13312,2025-09-14,Subscription,Medium,17,Resolved,Neutral
S8208,C13313,2026-08-25,Payment,Low,19,Resolved,Neutral
S8209,C13313,2026-03-29,Payment,Medium,26,Open,Neutral
S8210,C13315,2025-11-24,Login,High,53,Resolved,Negative
S8211,C13316,2025-12-27,Login,Low,55,Open,Negative
S8212,C13316,2025-09-18,Login,High,14,Resolved,Neutral
S8213,C13316,2026-02-15,Login,Low,66,Resolved,Negative
S8214,C13316,2025-10-28,Login,High,40,Resolved,Negative
S8215,C13317,2026-01-24,Technical,Medium,37,Open,Negative
S8216,C13317,2025-10-24,Subscription,Low,28,Open,Neutral
S8217,C13317,2026-04-30,Technical,High,34,Open,Neutral
S8218,C13317,2026-01-21,Billing,High,32,Resolved,Neutral
S8219,C13318,2026-05-20,Payment,Medium,17,Open,Neutral
S8220,C13319,2025-11-28,Technical,Low,40,Open,Negative
S8221,C13319,2026-01-31,Payment,Medium,4,Resolved,Positive
S8222,C13319,2025-12-30,Subscription,Low,33,Open,Neutral
S8223,C13320,2025-12-28,Payment,High,38,Resolved,Negative
S8224,C13321,2025-09-28,Payment,Medium,36,Resolved,Neutral
S8225,C13322,2025-12-14,Billing,Low,25,Open,Neutral
S8226,C13323,2026-03-28,Technical,Low,36,Resolved,Neutral
S8227,C13323,2026-07-28,Login,High,49,Open,Negative
S8228,C13323,2026-03-02,Billing,Low,65,Resolved,Negative
S8229,C13323,2026-07-05,Subscription,Low,39,Resolved,Negative
S8230,C13324,2026-03-09,Billing,Medium,2,Open,Positive
S8231,C13325,2026-02-17,Subscription,High,7,Resolved,Positive
S8232,C13325,2026-08-28,Login,Medium,51,Resolved,Negative
S8233,C13325,2026-05-04,Billing,High,44,Resolved,Negative
S8234,C13326,2025-12-22,Payment,Low,33,Resolved,Neutral
S8235,C13327,2026-01-09,Payment,High,36,Resolved,Neutral
S8236,C13327,2026-04-09,Billing,Medium,50,Resolved,Negative
S8237,C13327,2026-06-11,Login,Medium,46,Open,Negative
S8238,C13328,2026-04-07,Login,Low,12,Resolved,Positive
S8239,C13328,2025-12-16,Subscription,Low,8,Resolved,Positive
S8240,C13328,2025-10-17,Billing,High,9,Resolved,Positive
S8241,C13328,2026-03-13,Technical,High,9,Resolved,Positive
S8242,C13328,2026-03-27,Technical,Medium,45,Resolved,Negative
S8243,C13330,2025-11-27,Technical,Low,55,Open,Negative
S8244,C13330,2026-01-25,Technical,High,18,Open,Neutral
S8245,C13330,2026-03-19,Login,Medium,5,Resolved,Positive
S8246,C13330,2026-06-21,Technical,High,29,Resolved,Neutral
S8247,C13330,2026-06-07,Billing,Medium,13,Resolved,Neutral
S8248,C13332,2025-09-02,Payment,Low,56,Open,Negative
S8249,C13332,2026-03-29,Technical,Medium,10,Open,Positive
S8250,C13332,2026-04-13,Subscription,Low,6,Resolved,Positive
S8251,C13332,2026-07-16,Billing,Medium,71,Open,Negative
S8252,C13332,2026-03-23,Payment,High,34,Open,Neutral
S8253,C13333,2026-08-23,Subscription,Low,17,Resolved,Neutral
S8254,C13334,2026-03-22,Payment,Medium,33,Open,Neutral
S8255,C13334,2026-08-21,Subscription,Low,61,Resolved,Negative
S8256,C13334,2026-05-31,Login,Low,56,Resolved,Negative
S8257,C13334,2026-06-17,Technical,High,18,Resolved,Neutral
S8258,C13334,2025-09-24,Subscription,Low,7,Open,Positive
S8259,C13335,2026-04-15,Login,High,30,Resolved,Neutral
S8260,C13337,2026-06-22,Login,High,37,Open,Negative
S8261,C13338,2025-11-13,Billing,Medium,46,Resolved,Negative
S8262,C13338,2025-11-03,Payment,High,31,Open,Neutral
S8263,C13338,2025-09-07,Technical,Medium,1,Open,Positive
S8264,C13338,2026-02-17,Login,High,16,Resolved,Neutral
S8265,C13339,2026-04-20,Payment,High,26,Open,Neutral
S8266,C13339,2026-01-29,Technical,High,51,Resolved,Negative
S8267,C13339,2025-12-19,Billing,High,10,Open,Positive
S8268,C13339,2025-12-22,Payment,High,23,Resolved,Neutral
S8269,C13340,2026-06-08,Payment,Low,42,Resolved,Negative
S8270,C13341,2026-03-23,Technical,Medium,50,Resolved,Negative
S8271,C13342,2026-06-24,Subscription,Medium,38,Open,Negative
S8272,C13343,2026-08-02,Technical,High,45,Resolved,Negative
S8273,C13343,2025-09-25,Technical,High,2,Resolved,Positive
S8274,C13344,2026-03-03,Billing,Medium,51,Resolved,Negative
S8275,C13344,2026-07-19,Technical,High,72,Open,Negative
S8276,C13345,2026-01-16,Subscription,Medium,25,Open,Neutral
S8277,C13345,2026-07-18,Subscription,Low,21,Resolved,Neutral
S8278,C13345,2026-01-15,Billing,Low,65,Resolved,Negative
S8279,C13345,2025-10-20,Subscription,High,34,Open,Neutral
S8280,C13346,2026-07-13,Payment,Medium,53,Resolved,Negative
S8281,C13347,2026-01-08,Technical,Medium,52,Open,Negative
S8282,C13347,2026-07-21,Login,Medium,60,Resolved,Negative
S8283,C13347,2026-06-02,Payment,High,24,Resolved,Neutral
S8284,C13347,2025-11-28,Technical,Medium,49,Resolved,Negative
S8285,C13347,2026-04-21,Payment,Medium,63,Resolved,Negative
S8286,C13348,2025-09-25,Billing,Low,43,Resolved,Negative
S8287,C13348,2026-05-01,Payment,High,69,Open,Negative
S8288,C13348,2025-11-09,Subscription,High,28,Resolved,Neutral
S8289,C13348,2026-06-23,Technical,Medium,70,Resolved,Negative
S8290,C13349,2026-01-14,Billing,Medium,31,Resolved,Neutral
S8291,C13349,2026-01-02,Subscription,High,22,Resolved,Neutral
S8292,C13351,2025-10-23,Technical,Medium,12,Resolved,Positive
S8293,C13352,2026-08-21,Login,Low,69,Open,Negative
S8294,C13352,2026-01-02,Payment,Low,17,Open,Neutral
S8295,C13352,2025-09-10,Technical,Medium,33,Resolved,Neutral
S8296,C13353,2026-08-15,Technical,High,31,Open,Neutral
S8297,C13353,2025-09-10,Subscription,Low,64,Resolved,Negative
S8298,C13353,2026-06-21,Subscription,Medium,49,Resolved,Negative
S8299,C13354,2026-08-02,Billing,Medium,63,Resolved,Negative
S8300,C13354,2025-11-13,Billing,High,54,Resolved,Negative
S8301,C13354,2025-09-19,Subscription,Medium,34,Open,Neutral
S8302,C13354,2026-03-30,Payment,High,43,Resolved,Negative
S8303,C13355,2026-04-11,Billing,Medium,5,Open,Positive
S8304,C13355,2026-05-25,Payment,Medium,52,Resolved,Negative
S8305,C13356,2026-07-05,Billing,Medium,67,Resolved,Negative
S8306,C13356,2026-02-27,Login,Low,40,Open,Negative
S8307,C13357,2026-08-24,Technical,High,34,Resolved,Neutral
S8308,C13357,2025-11-16,Payment,Low,30,Resolved,Neutral
S8309,C13357,2026-06-11,Login,High,16,Open,Neutral
S8310,C13357,2026-03-03,Subscription,Low,49,Open,Negative
S8311,C13357,2026-08-03,Billing,Medium,43,Open,Negative
S8312,C13358,2026-02-06,Technical,Low,7,Open,Positive
S8313,C13358,2025-09-19,Billing,Low,6,Open,Positive
S8314,C13358,2026-05-15,Subscription,Medium,56,Resolved,Negative
S8315,C13358,2025-11-06,Technical,Low,71,Resolved,Negative
S8316,C13358,2026-03-01,Login,Low,35,Open,Neutral
S8317,C13359,2026-03-20,Login,Low,42,Open,Negative
S8318,C13359,2026-03-03,Billing,Medium,8,Resolved,Positive
S8319,C13359,2025-09-21,Billing,Medium,3,Open,Positive
S8320,C13359,2025-11-16,Subscription,High,51,Resolved,Negative
S8321,C13361,2026-08-01,Payment,High,34,Open,Neutral
S8322,C13361,2025-12-06,Billing,Low,31,Resolved,Neutral
S8323,C13361,2025-10-21,Technical,Low,31,Resolved,Neutral
S8324,C13361,2026-08-09,Payment,High,66,Resolved,Negative
S8325,C13362,2026-07-04,Subscription,Low,56,Open,Negative
S8326,C13362,2025-10-14,Payment,Medium,30,Resolved,Neutral
S8327,C13362,2026-07-22,Payment,High,8,Resolved,Positive
S8328,C13362,2026-05-08,Technical,Low,39,Resolved,Negative
S8329,C13362,2026-01-09,Login,High,21,Resolved,Neutral
S8330,C13363,2026-08-05,Login,Medium,46,Resolved,Negative
S8331,C13363,2026-08-23,Billing,Medium,56,Open,Negative
S8332,C13363,2026-03-13,Payment,High,6,Resolved,Positive
S8333,C13363,2026-06-27,Payment,Low,54,Resolved,Negative
S8334,C13364,2025-11-20,Login,High,49,Resolved,Negative
S8335,C13364,2026-05-02,Login,Low,44,Resolved,Negative
S8336,C13364,2026-02-03,Billing,High,57,Resolved,Negative
S8337,C13365,2025-11-19,Login,Medium,36,Resolved,Neutral
S8338,C13366,2025-09-15,Payment,High,69,Resolved,Negative
S8339,C13366,2025-11-15,Billing,Medium,65,Resolved,Negative
S8340,C13366,2026-06-01,Billing,Medium,36,Resolved,Neutral
S8341,C13366,2026-08-02,Technical,Medium,33,Resolved,Neutral
S8342,C13367,2026-04-30,Technical,High,15,Resolved,Neutral
S8343,C13368,2025-10-18,Payment,Low,71,Resolved,Negative
S8344,C13368,2026-03-17,Subscription,High,34,Open,Neutral
S8345,C13368,2026-07-17,Billing,Medium,68,Resolved,Negative
S8346,C13368,2026-01-11,Login,Medium,27,Open,Neutral
S8347,C13370,2026-03-22,Login,High,28,Open,Neutral
S8348,C13370,2026-06-12,Payment,Low,38,Resolved,Negative
S8349,C13370,2026-08-02,Login,High,47,Open,Negative
S8350,C13371,2026-02-13,Login,Medium,64,Open,Negative
S8351,C13371,2026-02-27,Billing,High,47,Resolved,Negative
S8352,C13371,2025-12-14,Payment,High,13,Open,Neutral
S8353,C13371,2025-11-25,Technical,Medium,31,Resolved,Neutral
S8354,C13371,2026-05-02,Subscription,High,39,Resolved,Negative
S8355,C13372,2026-01-27,Login,Low,63,Resolved,Negative
S8356,C13372,2025-09-08,Technical,Low,39,Open,Negative
S8357,C13372,2025-12-22,Billing,Low,15,Resolved,Neutral
S8358,C13372,2026-03-14,Technical,High,12,Resolved,Positive
S8359,C13372,2026-05-23,Subscription,Medium,36,Open,Neutral
S8360,C13373,2026-04-28,Billing,Medium,52,Resolved,Negative
S8361,C13374,2026-03-25,Login,Low,1,Resolved,Positive
S8362,C13375,2026-03-21,Subscription,High,43,Resolved,Negative
S8363,C13377,2025-11-30,Subscription,High,51,Open,Negative
S8364,C13377,2025-12-02,Subscription,Low,30,Resolved,Neutral
S8365,C13377,2026-01-30,Payment,Medium,12,Resolved,Positive
S8366,C13377,2025-10-23,Payment,High,50,Resolved,Negative
S8367,C13378,2026-06-12,Payment,High,13,Resolved,Neutral
S8368,C13378,2026-04-01,Technical,High,32,Resolved,Neutral
S8369,C13378,2026-05-24,Subscription,High,6,Open,Positive
S8370,C13378,2026-05-09,Payment,Medium,53,Resolved,Negative
S8371,C13378,2025-10-14,Billing,Medium,1,Resolved,Positive
S8372,C13379,2026-08-28,Technical,Medium,72,Open,Negative
S8373,C13379,2026-02-17,Login,High,64,Resolved,Negative
S8374,C13379,2026-06-11,Login,Medium,1,Resolved,Positive
S8375,C13380,2026-08-19,Payment,High,30,Open,Neutral
S8376,C13380,2025-12-31,Billing,Low,46,Resolved,Negative
S8377,C13380,2025-09-02,Login,High,32,Resolved,Neutral
S8378,C13380,2026-02-15,Technical,Low,55,Open,Negative
S8379,C13381,2026-08-29,Billing,High,63,Resolved,Negative
S8380,C13381,2026-07-28,Billing,High,21,Resolved,Neutral
S8381,C13381,2025-09-15,Subscription,Medium,30,Resolved,Neutral
S8382,C13381,2026-05-25,Payment,Low,19,Resolved,Neutral
S8383,C13381,2026-04-17,Login,Medium,28,Open,Neutral
S8384,C13383,2025-12-22,Technical,High,10,Resolved,Positive
S8385,C13383,2026-06-04,Payment,Medium,40,Resolved,Negative
S8386,C13383,2026-02-27,Payment,High,26,Resolved,Neutral
S8387,C13385,2025-09-25,Payment,Low,13,Open,Neutral
S8388,C13385,2026-03-26,Subscription,Medium,45,Open,Negative
S8389,C13385,2026-07-08,Subscription,Medium,29,Resolved,Neutral
S8390,C13385,2026-03-17,Subscription,High,22,Resolved,Neutral
S8391,C13386,2026-03-19,Payment,Low,68,Open,Negative
S8392,C13386,2025-09-04,Billing,High,38,Resolved,Negative
S8393,C13389,2026-05-19,Technical,Medium,21,Resolved,Neutral
S8394,C13389,2026-05-17,Subscription,Low,53,Resolved,Negative
S8395,C13389,2026-01-29,Subscription,High,26,Resolved,Neutral
S8396,C13389,2026-05-19,Billing,Low,11,Open,Positive
S8397,C13390,2026-04-30,Technical,Low,33,Open,Neutral
S8398,C13391,2026-05-07,Payment,Medium,26,Resolved,Neutral
S8399,C13391,2026-05-25,Payment,Low,7,Open,Positive
S8400,C13392,2026-01-12,Technical,High,64,Resolved,Negative
S8401,C13392,2025-09-27,Subscription,High,28,Open,Neutral
S8402,C13392,2026-07-25,Login,Medium,22,Resolved,Neutral
S8403,C13392,2025-11-29,Payment,Low,51,Open,Negative
S8404,C13394,2025-10-02,Subscription,Medium,23,Resolved,Neutral
S8405,C13394,2026-04-15,Payment,Low,39,Open,Negative
S8406,C13395,2025-10-17,Payment,Medium,21,Resolved,Neutral
S8407,C13395,2026-08-10,Billing,Low,58,Open,Negative
S8408,C13396,2026-06-25,Technical,Low,6,Open,Positive
S8409,C13396,2025-12-15,Technical,Low,26,Resolved,Neutral
S8410,C13396,2025-11-02,Login,Medium,24,Resolved,Neutral
S8411,C13396,2026-04-07,Technical,Low,64,Open,Negative
S8412,C13397,2026-02-04,Payment,High,70,Resolved,Negative
S8413,C13397,2026-02-21,Payment,Low,33,Resolved,Neutral
S8414,C13397,2025-11-16,Technical,Low,38,Resolved,Negative
S8415,C13397,2026-06-29,Subscription,Medium,13,Resolved,Neutral
S8416,C13398,2025-09-06,Login,Medium,49,Resolved,Negative
S8417,C13398,2026-02-20,Billing,Low,31,Open,Neutral
S8418,C13398,2025-12-07,Technical,Low,16,Resolved,Neutral
S8419,C13398,2026-01-29,Subscription,High,71,Resolved,Negative
S8420,C13400,2026-07-07,Subscription,High,45,Resolved,Negative
S8421,C13400,2026-07-10,Login,Medium,15,Resolved,Neutral
S8422,C13400,2026-03-31,Subscription,High,56,Resolved,Negative
S8423,C13401,2026-06-09,Payment,Low,1,Open,Positive
S8424,C13401,2026-01-29,Login,Low,3,Resolved,Positive
S8425,C13401,2026-06-14,Subscription,Medium,7,Resolved,Positive
S8426,C13401,2025-11-18,Technical,High,37,Resolved,Negative
S8427,C13402,2026-03-28,Login,Medium,63,Resolved,Negative
S8428,C13402,2026-01-24,Login,Medium,19,Open,Neutral
S8429,C13402,2025-12-24,Subscription,Low,30,Resolved,Neutral
S8430,C13402,2026-01-29,Billing,Medium,66,Open,Negative
S8431,C13403,2026-07-22,Login,Low,5,Open,Positive
S8432,C13403,2025-09-29,Subscription,Low,32,Resolved,Neutral
S8433,C13403,2025-09-23,Billing,Low,64,Resolved,Negative
S8434,C13403,2026-08-14,Billing,Medium,34,Resolved,Neutral
S8435,C13404,2026-06-16,Subscription,Medium,24,Resolved,Neutral
S8436,C13404,2026-02-23,Login,High,24,Resolved,Neutral
S8437,C13405,2026-04-01,Payment,High,42,Resolved,Negative
S8438,C13405,2026-05-25,Technical,Medium,22,Resolved,Neutral
S8439,C13405,2026-06-21,Subscription,Low,11,Resolved,Positive
S8440,C13405,2025-10-08,Subscription,Medium,61,Open,Negative
S8441,C13405,2025-11-05,Payment,Medium,57,Resolved,Negative
S8442,C13406,2026-02-22,Technical,Medium,26,Open,Neutral
S8443,C13406,2026-02-24,Login,Low,14,Resolved,Neutral
S8444,C13406,2026-07-27,Payment,Medium,35,Resolved,Neutral
S8445,C13406,2026-04-21,Billing,High,57,Resolved,Negative
S8446,C13408,2025-12-08,Technical,Medium,28,Resolved,Neutral
S8447,C13408,2026-04-28,Technical,High,21,Resolved,Neutral
S8448,C13409,2025-10-17,Payment,Low,46,Resolved,Negative
S8449,C13409,2026-03-01,Login,Low,1,Resolved,Positive
S8450,C13409,2026-02-11,Technical,Medium,65,Resolved,Negative
S8451,C13410,2026-01-04,Login,High,40,Open,Negative
S8452,C13410,2026-07-27,Payment,Low,6,Resolved,Positive
S8453,C13411,2026-08-02,Billing,Medium,4,Resolved,Positive
S8454,C13411,2026-01-02,Payment,High,68,Resolved,Negative
S8455,C13411,2026-03-17,Payment,Medium,66,Open,Negative
S8456,C13412,2026-08-12,Subscription,Medium,58,Open,Negative
S8457,C13413,2026-04-25,Technical,Low,50,Resolved,Negative
S8458,C13413,2026-04-02,Payment,Medium,68,Resolved,Negative
S8459,C13413,2026-03-16,Payment,Medium,12,Open,Positive
S8460,C13413,2025-10-20,Login,Low,6,Resolved,Positive
S8461,C13413,2025-11-24,Billing,Medium,27,Open,Neutral
S8462,C13414,2026-08-12,Technical,High,48,Resolved,Negative
S8463,C13415,2026-04-20,Login,Medium,40,Resolved,Negative
S8464,C13415,2025-09-25,Billing,Medium,5,Resolved,Positive
S8465,C13415,2026-02-05,Billing,Low,68,Resolved,Negative
S8466,C13416,2026-06-05,Payment,Low,53,Resolved,Negative
S8467,C13416,2025-10-26,Payment,Medium,8,Resolved,Positive
S8468,C13416,2026-03-06,Billing,Low,34,Resolved,Neutral
S8469,C13417,2025-09-13,Subscription,Medium,37,Resolved,Negative
S8470,C13417,2025-12-23,Payment,Low,58,Resolved,Negative
S8471,C13417,2026-04-30,Technical,Low,39,Resolved,Negative
S8472,C13417,2025-10-09,Payment,Low,57,Resolved,Negative
S8473,C13417,2025-12-19,Login,Low,50,Open,Negative
S8474,C13418,2026-05-06,Technical,Low,1,Open,Positive
S8475,C13418,2025-10-16,Technical,Medium,70,Open,Negative
S8476,C13418,2026-03-21,Billing,Low,59,Resolved,Negative
S8477,C13419,2026-08-28,Login,Low,44,Open,Negative
S8478,C13421,2026-06-22,Technical,Low,34,Resolved,Neutral
S8479,C13421,2026-07-09,Payment,High,67,Resolved,Negative
S8480,C13421,2026-01-19,Billing,Medium,65,Resolved,Negative
S8481,C13422,2026-02-08,Billing,Low,72,Resolved,Negative
S8482,C13422,2026-07-25,Technical,Medium,66,Resolved,Negative
S8483,C13423,2025-10-19,Payment,Medium,36,Open,Neutral
S8484,C13423,2025-12-01,Technical,Low,29,Resolved,Neutral
S8485,C13423,2025-11-30,Subscription,High,70,Resolved,Negative
S8486,C13423,2026-08-16,Payment,High,52,Open,Negative
S8487,C13423,2025-11-19,Login,Low,36,Open,Neutral
S8488,C13424,2026-03-25,Login,Low,32,Resolved,Neutral
S8489,C13424,2026-07-23,Login,Low,1,Resolved,Positive
S8490,C13424,2026-08-15,Payment,Low,24,Resolved,Neutral
S8491,C13424,2026-05-19,Payment,Medium,7,Resolved,Positive
S8492,C13426,2025-11-30,Payment,Medium,36,Open,Neutral
S8493,C13426,2025-10-12,Subscription,Medium,36,Resolved,Neutral
S8494,C13426,2026-02-02,Login,Medium,19,Open,Neutral
S8495,C13426,2026-03-12,Billing,High,33,Open,Neutral
S8496,C13426,2025-11-08,Login,Low,22,Resolved,Neutral
S8497,C13427,2026-04-13,Technical,High,43,Resolved,Negative
S8498,C13427,2025-09-18,Billing,High,16,Open,Neutral
S8499,C13427,2025-09-13,Billing,High,15,Resolved,Neutral
S8500,C13427,2025-11-30,Login,Medium,39,Resolved,Negative
S8501,C13427,2026-02-22,Payment,High,69,Open,Negative
S8502,C13429,2025-10-24,Payment,Low,52,Open,Negative
S8503,C13429,2026-08-23,Subscription,High,12,Resolved,Positive
S8504,C13429,2026-07-15,Login,High,41,Open,Negative
S8505,C13429,2026-05-22,Payment,High,35,Resolved,Neutral
S8506,C13429,2025-12-28,Subscription,Low,40,Resolved,Negative
S8507,C13430,2026-05-07,Billing,High,65,Resolved,Negative
S8508,C13430,2026-03-09,Billing,Low,45,Resolved,Negative
S8509,C13431,2026-08-03,Technical,High,62,Open,Negative
S8510,C13431,2025-09-22,Billing,Low,8,Resolved,Positive
S8511,C13431,2026-06-14,Payment,High,62,Open,Negative
S8512,C13432,2026-05-15,Login,Medium,47,Resolved,Negative
S8513,C13433,2026-04-15,Login,Low,29,Resolved,Neutral
S8514,C13433,2026-05-15,Payment,High,66,Resolved,Negative
S8515,C13433,2025-12-07,Login,Low,12,Resolved,Positive
S8516,C13434,2025-10-16,Payment,Medium,14,Open,Neutral
S8517,C13435,2026-06-08,Payment,High,21,Open,Neutral
S8518,C13436,2026-04-25,Technical,High,18,Open,Neutral
S8519,C13436,2026-01-16,Subscription,Medium,20,Resolved,Neutral
S8520,C13437,2025-10-03,Login,Low,57,Resolved,Negative
S8521,C13437,2025-11-14,Payment,Medium,11,Resolved,Positive
S8522,C13437,2025-09-20,Subscription,Medium,68,Resolved,Negative
S8523,C13437,2026-03-08,Login,High,65,Resolved,Negative
S8524,C13437,2025-12-24,Login,Low,65,Resolved,Negative
S8525,C13438,2026-01-05,Technical,Low,59,Resolved,Negative
S8526,C13439,2026-01-20,Payment,Low,15,Resolved,Neutral
S8527,C13439,2025-10-27,Payment,Low,13,Open,Neutral
S8528,C13440,2026-08-30,Technical,Low,69,Open,Negative
S8529,C13440,2026-04-20,Billing,Low,11,Open,Positive
S8530,C13441,2025-09-13,Technical,Medium,26,Resolved,Neutral
S8531,C13441,2026-05-04,Technical,Medium,21,Open,Neutral
S8532,C13441,2025-09-03,Payment,Low,72,Resolved,Negative
S8533,C13441,2025-11-15,Technical,Low,27,Resolved,Neutral
S8534,C13441,2026-01-14,Login,High,49,Resolved,Negative
S8535,C13442,2026-04-26,Payment,Low,35,Resolved,Neutral
S8536,C13443,2026-08-03,Technical,Medium,68,Resolved,Negative
S8537,C13443,2025-11-04,Payment,Low,48,Resolved,Negative
S8538,C13443,2026-05-06,Login,Medium,70,Resolved,Negative
S8539,C13443,2025-09-07,Payment,High,56,Resolved,Negative
S8540,C13444,2026-01-20,Technical,Low,62,Open,Negative
S8541,C13447,2026-08-18,Subscription,Medium,42,Resolved,Negative
S8542,C13448,2026-03-04,Subscription,High,29,Resolved,Neutral
S8543,C13448,2026-05-09,Login,Medium,58,Resolved,Negative
S8544,C13448,2026-08-02,Login,Medium,47,Open,Negative
S8545,C13448,2026-08-04,Billing,Low,19,Resolved,Neutral
S8546,C13452,2025-09-13,Subscription,High,29,Resolved,Neutral
S8547,C13452,2026-07-28,Billing,Low,36,Resolved,Neutral
S8548,C13452,2026-04-02,Login,Medium,31,Resolved,Neutral
S8549,C13452,2025-11-15,Billing,Low,11,Open,Positive
S8550,C13453,2026-04-13,Billing,Medium,10,Resolved,Positive
S8551,C13453,2026-05-22,Login,Medium,24,Resolved,Neutral
S8552,C13454,2025-10-21,Billing,Medium,21,Resolved,Neutral
S8553,C13454,2026-07-17,Login,Low,61,Resolved,Negative
S8554,C13454,2026-05-13,Billing,Low,71,Resolved,Negative
S8555,C13454,2025-10-30,Login,Medium,47,Open,Negative
S8556,C13455,2026-02-08,Technical,Low,27,Resolved,Neutral
S8557,C13456,2025-12-03,Subscription,High,69,Open,Negative
S8558,C13456,2026-07-06,Billing,Low,18,Open,Neutral
S8559,C13457,2026-06-09,Subscription,Medium,62,Resolved,Negative
S8560,C13457,2025-08-31,Technical,Low,35,Open,Neutral
S8561,C13457,2026-08-31,Payment,Low,43,Open,Negative
S8562,C13457,2025-11-18,Payment,Medium,58,Open,Negative
S8563,C13457,2025-09-20,Login,High,32,Open,Neutral
S8564,C13459,2026-03-11,Payment,High,41,Resolved,Negative
S8565,C13459,2026-03-15,Subscription,Medium,59,Resolved,Negative
S8566,C13459,2026-07-29,Payment,Low,21,Resolved,Neutral
S8567,C13459,2026-06-19,Billing,Low,38,Open,Negative
S8568,C13460,2025-11-29,Login,Medium,28,Open,Neutral
S8569,C13460,2026-05-01,Technical,Low,27,Resolved,Neutral
S8570,C13460,2026-03-12,Subscription,High,35,Resolved,Neutral
S8571,C13460,2025-09-25,Login,Low,36,Resolved,Neutral
S8572,C13461,2026-07-23,Subscription,High,6,Resolved,Positive
S8573,C13461,2026-05-07,Login,High,44,Resolved,Negative
S8574,C13461,2026-02-06,Subscription,Low,35,Open,Neutral
S8575,C13461,2026-07-02,Payment,Medium,57,Resolved,Negative
S8576,C13462,2025-12-10,Login,High,63,Resolved,Negative
S8577,C13462,2025-10-27,Billing,High,40,Resolved,Negative
S8578,C13462,2026-06-09,Payment,Medium,17,Resolved,Neutral
S8579,C13462,2026-04-23,Login,High,7,Resolved,Positive
S8580,C13462,2025-12-15,Technical,High,68,Open,Negative
S8581,C13463,2026-06-29,Billing,High,59,Resolved,Negative
S8582,C13464,2026-06-10,Billing,Medium,42,Resolved,Negative
S8583,C13467,2026-02-03,Login,Low,63,Resolved,Negative
S8584,C13467,2025-10-09,Subscription,Medium,44,Resolved,Negative
S8585,C13467,2025-10-26,Subscription,Low,35,Resolved,Neutral
S8586,C13467,2026-05-02,Billing,Low,72,Resolved,Negative
S8587,C13468,2026-08-21,Billing,Medium,19,Open,Neutral
S8588,C13468,2026-01-15,Technical,High,4,Resolved,Positive
S8589,C13468,2026-05-08,Login,Medium,40,Resolved,Negative
S8590,C13468,2026-07-09,Subscription,Low,2,Resolved,Positive
S8591,C13468,2026-03-08,Subscription,Medium,21,Resolved,Neutral
S8592,C13469,2026-04-24,Login,Medium,9,Resolved,Positive
S8593,C13470,2026-08-07,Payment,High,25,Resolved,Neutral
S8594,C13470,2026-03-26,Billing,Low,64,Open,Negative
S8595,C13470,2026-05-15,Technical,Medium,67,Open,Negative
S8596,C13470,2026-05-14,Technical,High,4,Open,Positive
S8597,C13471,2025-10-17,Payment,Low,32,Resolved,Neutral
S8598,C13472,2026-07-24,Technical,Low,37,Resolved,Negative
S8599,C13472,2026-05-27,Subscription,Low,20,Resolved,Neutral
S8600,C13472,2025-11-03,Technical,High,64,Open,Negative
S8601,C13472,2025-11-12,Subscription,High,41,Resolved,Negative
S8602,C13472,2025-11-12,Subscription,Medium,1,Open,Positive
S8603,C13474,2026-06-30,Technical,Medium,21,Open,Neutral
S8604,C13474,2026-07-17,Subscription,Low,65,Resolved,Negative
S8605,C13474,2025-10-15,Subscription,High,10,Resolved,Positive
S8606,C13474,2026-05-23,Subscription,High,62,Resolved,Negative
S8607,C13474,2026-02-10,Login,High,58,Resolved,Negative
S8608,C13475,2025-09-11,Subscription,Medium,57,Open,Negative
S8609,C13475,2026-07-17,Technical,Medium,1,Resolved,Positive
S8610,C13476,2025-11-16,Technical,High,46,Resolved,Negative
S8611,C13476,2025-09-20,Technical,Low,57,Resolved,Negative
S8612,C13476,2026-03-28,Login,High,37,Resolved,Negative
S8613,C13476,2026-06-03,Billing,Medium,48,Open,Negative
S8614,C13477,2026-04-25,Payment,Medium,64,Open,Negative
S8615,C13477,2026-04-21,Billing,High,48,Resolved,Negative
S8616,C13478,2025-11-10,Subscription,High,59,Resolved,Negative
S8617,C13478,2026-05-21,Payment,Low,30,Resolved,Neutral
S8618,C13478,2026-06-19,Subscription,Low,6,Resolved,Positive
S8619,C13478,2026-05-19,Payment,High,30,Resolved,Neutral
S8620,C13478,2026-01-22,Subscription,High,42,Resolved,Negative
S8621,C13480,2026-02-03,Login,Low,2,Resolved,Positive
S8622,C13480,2025-12-02,Technical,Medium,25,Open,Neutral
S8623,C13480,2026-08-12,Payment,Low,61,Open,Negative
S8624,C13480,2026-05-20,Login,Low,54,Resolved,Negative
S8625,C13480,2025-10-01,Technical,Medium,31,Open,Neutral
S8626,C13482,2025-10-03,Login,Medium,24,Resolved,Neutral
S8627,C13482,2025-12-22,Payment,High,25,Resolved,Neutral
S8628,C13482,2026-08-17,Technical,Low,17,Open,Neutral
S8629,C13482,2025-09-08,Subscription,High,3,Open,Positive
S8630,C13483,2026-07-30,Subscription,Low,33,Resolved,Neutral
S8631,C13483,2025-11-05,Login,Low,5,Open,Positive
S8632,C13483,2026-06-09,Billing,Low,27,Resolved,Neutral
S8633,C13483,2025-10-06,Billing,Low,41,Resolved,Negative
S8634,C13483,2026-01-13,Login,High,63,Open,Negative
S8635,C13484,2025-11-20,Technical,Low,34,Resolved,Neutral
S8636,C13484,2025-09-19,Technical,High,59,Resolved,Negative
S8637,C13485,2026-03-16,Login,Medium,18,Open,Neutral
S8638,C13485,2026-07-10,Login,Medium,52,Resolved,Negative
S8639,C13485,2025-09-05,Login,High,47,Open,Negative
S8640,C13485,2026-07-10,Subscription,Medium,45,Resolved,Negative
S8641,C13485,2025-12-18,Subscription,Medium,50,Open,Negative
S8642,C13486,2025-09-21,Login,Low,33,Resolved,Neutral
S8643,C13486,2025-11-01,Technical,Medium,47,Resolved,Negative
S8644,C13486,2026-02-25,Billing,Medium,14,Resolved,Neutral
S8645,C13486,2026-07-24,Subscription,Medium,28,Open,Neutral
S8646,C13486,2026-02-07,Payment,Low,58,Open,Negative
S8647,C13487,2025-09-28,Billing,Low,16,Open,Neutral
S8648,C13487,2026-02-28,Payment,Low,27,Open,Neutral
S8649,C13488,2026-08-12,Login,High,45,Resolved,Negative
S8650,C13488,2026-03-08,Technical,High,29,Open,Neutral
S8651,C13488,2026-03-30,Subscription,Medium,47,Resolved,Negative
S8652,C13488,2025-10-09,Payment,Low,13,Resolved,Neutral
S8653,C13488,2025-11-04,Billing,Low,5,Resolved,Positive
S8654,C13489,2026-07-18,Subscription,High,49,Resolved,Negative
S8655,C13490,2026-05-26,Billing,Medium,22,Resolved,Neutral
S8656,C13490,2026-08-29,Technical,Medium,16,Open,Neutral
S8657,C13490,2026-03-18,Technical,High,71,Resolved,Negative
S8658,C13490,2026-04-16,Login,Low,72,Resolved,Negative
S8659,C13490,2025-12-06,Subscription,Medium,1,Open,Positive
S8660,C13491,2025-12-04,Payment,Low,66,Open,Negative
S8661,C13491,2025-10-21,Technical,High,30,Resolved,Neutral
S8662,C13492,2025-11-24,Technical,High,71,Resolved,Negative
S8663,C13492,2025-12-16,Technical,Medium,63,Open,Negative
S8664,C13495,2026-08-30,Billing,Medium,2,Resolved,Positive
S8665,C13495,2026-01-22,Subscription,High,1,Resolved,Positive
S8666,C13495,2025-12-08,Technical,Medium,64,Resolved,Negative
S8667,C13495,2025-10-23,Billing,Medium,62,Open,Negative
S8668,C13495,2026-05-14,Payment,High,55,Resolved,Negative
S8669,C13497,2025-10-26,Payment,High,18,Open,Neutral
S8670,C13497,2026-06-21,Technical,Low,7,Resolved,Positive
S8671,C13497,2026-06-11,Subscription,High,42,Open,Negative
S8672,C13497,2025-11-18,Billing,High,44,Resolved,Negative
S8673,C13498,2026-05-17,Subscription,Medium,61,Resolved,Negative
S8674,C13499,2026-05-14,Subscription,Low,33,Resolved,Neutral
S8675,C13500,2025-10-03,Billing,Medium,20,Resolved,Neutral
S8676,C13500,2026-06-17,Billing,Low,25,Open,Neutral
S8677,C13500,2026-03-04,Payment,Low,5,Resolved,Positive
S8678,C13500,2026-05-22,Login,High,49,Open,Negative
S8679,C13502,2026-03-12,Payment,Medium,15,Resolved,Neutral
S8680,C13502,2026-03-19,Billing,Low,5,Open,Positive
S8681,C13502,2025-10-12,Login,Medium,68,Open,Negative
S8682,C13502,2026-08-25,Billing,Medium,15,Resolved,Neutral
S8683,C13503,2026-01-28,Billing,Low,17,Open,Neutral
S8684,C13503,2025-11-08,Login,High,25,Resolved,Neutral
S8685,C13503,2026-07-07,Billing,Medium,49,Open,Negative
S8686,C13503,2025-10-13,Subscription,High,41,Open,Negative
S8687,C13503,2026-06-10,Technical,High,51,Resolved,Negative
S8688,C13505,2025-12-15,Login,Low,53,Open,Negative
S8689,C13505,2025-11-01,Payment,Low,12,Open,Positive
S8690,C13505,2026-03-03,Technical,High,8,Resolved,Positive
S8691,C13505,2026-02-08,Billing,Low,32,Resolved,Neutral
S8692,C13505,2026-01-19,Payment,Low,5,Resolved,Positive
S8693,C13506,2026-05-10,Technical,Medium,21,Open,Neutral
S8694,C13508,2026-02-14,Billing,High,48,Resolved,Negative
S8695,C13508,2026-01-09,Technical,Low,55,Open,Negative
S8696,C13508,2026-02-17,Subscription,Medium,22,Resolved,Neutral
S8697,C13508,2026-07-19,Payment,Low,38,Resolved,Negative
S8698,C13508,2025-09-08,Payment,Medium,37,Open,Negative
S8699,C13509,2026-03-04,Subscription,Medium,40,Resolved,Negative
S8700,C13509,2026-02-11,Subscription,High,45,Resolved,Negative
S8701,C13512,2025-10-28,Billing,Low,47,Open,Negative
S8702,C13512,2025-09-26,Subscription,High,32,Resolved,Neutral
S8703,C13512,2026-05-25,Subscription,Medium,24,Resolved,Neutral
S8704,C13514,2025-12-07,Payment,Medium,56,Resolved,Negative
S8705,C13515,2026-08-08,Payment,Low,66,Resolved,Negative
S8706,C13515,2025-10-16,Subscription,High,48,Resolved,Negative
S8707,C13515,2026-02-05,Technical,High,40,Resolved,Negative
S8708,C13515,2025-11-23,Subscription,Low,15,Resolved,Neutral
S8709,C13516,2026-08-01,Payment,High,3,Open,Positive
S8710,C13516,2025-12-30,Billing,Medium,57,Resolved,Negative
S8711,C13516,2025-09-21,Subscription,Low,11,Resolved,Positive
S8712,C13517,2026-05-21,Login,Low,56,Resolved,Negative
S8713,C13517,2025-10-24,Login,Medium,37,Resolved,Negative
S8714,C13517,2025-09-24,Payment,Low,27,Open,Neutral
S8715,C13519,2025-12-19,Login,High,9,Resolved,Positive
S8716,C13519,2025-11-11,Billing,Low,70,Resolved,Negative
S8717,C13519,2025-10-02,Billing,Medium,9,Open,Positive
S8718,C13519,2026-08-18,Technical,Low,62,Resolved,Negative
S8719,C13519,2025-09-08,Billing,Low,50,Open,Negative
S8720,C13520,2026-01-24,Billing,High,63,Resolved,Negative
S8721,C13521,2026-05-10,Billing,Low,48,Open,Negative
S8722,C13521,2025-10-16,Technical,Low,17,Resolved,Neutral
S8723,C13521,2025-10-17,Billing,Medium,35,Resolved,Neutral
S8724,C13521,2026-07-27,Payment,High,45,Resolved,Negative
S8725,C13522,2025-12-11,Subscription,Medium,54,Resolved,Negative
S8726,C13522,2026-08-06,Payment,Low,25,Resolved,Neutral
S8727,C13522,2025-09-26,Technical,Low,32,Resolved,Neutral
S8728,C13522,2025-09-18,Technical,Low,44,Resolved,Negative
S8729,C13523,2026-06-17,Technical,Medium,50,Resolved,Negative
S8730,C13523,2026-01-29,Billing,Medium,71,Resolved,Negative
S8731,C13525,2025-12-18,Login,Low,25,Resolved,Neutral
S8732,C13525,2026-01-02,Login,Low,58,Open,Negative
S8733,C13525,2026-01-09,Login,Medium,31,Open,Neutral
S8734,C13525,2026-03-14,Billing,Medium,65,Resolved,Negative
S8735,C13525,2025-11-11,Subscription,Medium,45,Resolved,Negative
S8736,C13528,2025-09-02,Login,Medium,24,Resolved,Neutral
S8737,C13528,2025-09-09,Payment,High,60,Open,Negative
S8738,C13528,2026-05-23,Login,Medium,35,Open,Neutral
S8739,C13529,2026-04-10,Subscription,High,4,Open,Positive
S8740,C13529,2025-12-07,Login,High,30,Open,Neutral
S8741,C13529,2026-06-20,Subscription,High,58,Open,Negative
S8742,C13530,2025-09-24,Technical,Medium,43,Resolved,Negative
S8743,C13530,2026-05-26,Payment,Medium,6,Resolved,Positive
S8744,C13531,2025-10-19,Billing,High,45,Resolved,Negative
S8745,C13532,2026-07-02,Technical,Low,67,Resolved,Negative
S8746,C13532,2025-12-14,Technical,Medium,31,Open,Neutral
S8747,C13533,2025-12-07,Subscription,High,2,Resolved,Positive
S8748,C13533,2026-01-17,Subscription,Low,66,Resolved,Negative
S8749,C13533,2025-10-18,Subscription,High,61,Resolved,Negative
S8750,C13533,2026-01-23,Subscription,High,38,Resolved,Negative
S8751,C13534,2025-10-07,Billing,High,35,Resolved,Neutral
S8752,C13534,2026-04-19,Technical,High,55,Resolved,Negative
S8753,C13535,2025-12-28,Technical,Medium,54,Open,Negative
S8754,C13535,2026-07-13,Technical,Low,26,Open,Neutral
S8755,C13537,2026-02-05,Billing,Medium,14,Open,Neutral
S8756,C13539,2026-01-07,Subscription,Low,56,Resolved,Negative
S8757,C13539,2025-12-05,Technical,High,31,Resolved,Neutral
S8758,C13539,2026-07-01,Subscription,Medium,13,Resolved,Neutral
S8759,C13539,2026-02-27,Subscription,Medium,34,Resolved,Neutral
S8760,C13541,2025-08-31,Login,Medium,19,Resolved,Neutral
S8761,C13542,2026-04-30,Technical,Low,8,Open,Positive
S8762,C13542,2025-10-29,Billing,High,48,Open,Negative
S8763,C13543,2025-11-23,Billing,Low,34,Resolved,Neutral
S8764,C13543,2026-06-16,Login,High,37,Open,Negative
S8765,C13543,2026-03-17,Billing,Low,54,Resolved,Negative
S8766,C13544,2026-05-17,Subscription,High,39,Resolved,Negative
S8767,C13544,2026-03-01,Technical,High,41,Resolved,Negative
S8768,C13545,2026-04-24,Subscription,Low,39,Resolved,Negative
S8769,C13545,2026-07-11,Billing,Low,71,Open,Negative
S8770,C13547,2026-03-20,Subscription,High,26,Resolved,Neutral
S8771,C13547,2026-07-16,Subscription,Medium,64,Open,Negative
S8772,C13548,2025-11-30,Payment,Medium,55,Resolved,Negative
S8773,C13548,2026-07-09,Technical,High,16,Resolved,Neutral
S8774,C13548,2025-11-10,Technical,Low,26,Resolved,Neutral
S8775,C13549,2026-04-30,Subscription,High,2,Resolved,Positive
S8776,C13549,2025-11-25,Billing,Medium,61,Open,Negative
S8777,C13552,2025-11-04,Subscription,Low,4,Resolved,Positive
S8778,C13552,2026-06-19,Billing,High,29,Resolved,Neutral
S8779,C13552,2026-06-12,Billing,Medium,65,Resolved,Negative
S8780,C13555,2026-07-23,Billing,Low,22,Open,Neutral
S8781,C13556,2025-12-03,Payment,Low,40,Resolved,Negative
S8782,C13557,2026-06-03,Payment,Low,22,Resolved,Neutral
S8783,C13557,2026-01-25,Login,Low,33,Open,Neutral
S8784,C13557,2026-02-18,Billing,High,70,Open,Negative
S8785,C13557,2026-02-17,Login,High,4,Open,Positive
S8786,C13558,2026-07-23,Payment,High,65,Resolved,Negative
S8787,C13558,2025-09-09,Payment,Low,14,Resolved,Neutral
S8788,C13559,2026-04-20,Technical,Medium,60,Resolved,Negative
S8789,C13559,2026-04-02,Login,Low,14,Resolved,Neutral
S8790,C13559,2026-04-08,Technical,Low,35,Open,Neutral
S8791,C13559,2026-07-15,Billing,Medium,12,Resolved,Positive
S8792,C13559,2026-01-21,Subscription,Low,70,Open,Negative
S8793,C13560,2025-11-18,Login,High,21,Resolved,Neutral
S8794,C13560,2026-08-02,Billing,Low,53,Resolved,Negative
S8795,C13560,2025-12-24,Login,Medium,63,Resolved,Negative
S8796,C13560,2025-10-26,Technical,Medium,41,Resolved,Negative
S8797,C13561,2026-01-15,Subscription,High,5,Open,Positive
S8798,C13562,2026-05-27,Payment,Medium,50,Resolved,Negative
S8799,C13562,2026-06-27,Payment,Medium,15,Resolved,Neutral
S8800,C13562,2025-09-25,Subscription,Low,36,Resolved,Neutral
S8801,C13563,2026-03-11,Payment,Medium,62,Resolved,Negative
S8802,C13565,2025-09-23,Payment,Low,17,Open,Neutral
S8803,C13565,2025-10-17,Payment,Low,48,Resolved,Negative
S8804,C13565,2025-11-13,Subscription,High,35,Open,Neutral
S8805,C13565,2026-07-11,Payment,Low,7,Open,Positive
S8806,C13565,2026-06-01,Billing,Medium,56,Resolved,Negative
S8807,C13566,2026-01-01,Login,Low,58,Open,Negative
S8808,C13566,2026-03-13,Billing,High,67,Open,Negative
S8809,C13567,2026-03-26,Subscription,Low,49,Resolved,Negative
S8810,C13567,2026-07-28,Billing,Low,67,Resolved,Negative
S8811,C13568,2025-10-05,Technical,High,1,Resolved,Positive
S8812,C13568,2026-05-21,Login,High,31,Resolved,Neutral
S8813,C13569,2025-10-30,Login,High,57,Resolved,Negative
S8814,C13569,2025-10-16,Payment,Medium,22,Resolved,Neutral
S8815,C13569,2026-01-23,Subscription,Low,1,Resolved,Positive
S8816,C13569,2026-01-23,Payment,Low,34,Resolved,Neutral
S8817,C13571,2026-08-23,Login,Low,17,Resolved,Neutral
S8818,C13571,2026-06-22,Billing,Low,63,Open,Negative
S8819,C13573,2026-08-25,Login,Medium,16,Resolved,Neutral
S8820,C13573,2026-01-13,Login,Medium,42,Resolved,Negative
S8821,C13573,2025-10-22,Login,High,49,Resolved,Negative
S8822,C13573,2025-12-11,Payment,Medium,7,Resolved,Positive
S8823,C13573,2026-04-05,Technical,High,55,Resolved,Negative
S8824,C13574,2026-04-11,Payment,Medium,54,Open,Negative
S8825,C13575,2026-04-28,Login,Low,64,Open,Negative
S8826,C13575,2025-12-05,Technical,Low,6,Resolved,Positive
S8827,C13575,2026-07-31,Payment,Low,39,Resolved,Negative
S8828,C13575,2025-08-31,Subscription,Low,35,Resolved,Neutral
S8829,C13575,2026-08-05,Technical,Low,59,Resolved,Negative
S8830,C13576,2026-06-18,Payment,High,35,Open,Neutral
S8831,C13577,2026-03-15,Payment,Medium,31,Resolved,Neutral
S8832,C13577,2026-03-02,Billing,Medium,68,Resolved,Negative
S8833,C13577,2025-10-17,Billing,Low,61,Open,Negative
S8834,C13577,2025-11-18,Billing,High,19,Open,Neutral
S8835,C13577,2025-09-05,Subscription,Low,44,Resolved,Negative
S8836,C13578,2026-06-21,Billing,Low,70,Resolved,Negative
S8837,C13578,2025-10-09,Billing,Low,31,Resolved,Neutral
S8838,C13578,2026-02-03,Login,Low,58,Resolved,Negative
S8839,C13578,2025-10-05,Billing,Low,48,Resolved,Negative
S8840,C13578,2026-08-05,Billing,High,70,Resolved,Negative
S8841,C13579,2026-04-03,Billing,Low,72,Resolved,Negative
S8842,C13580,2026-03-22,Login,High,39,Resolved,Negative
S8843,C13580,2025-09-10,Billing,Medium,8,Resolved,Positive
S8844,C13580,2025-12-28,Payment,Medium,69,Open,Negative
S8845,C13581,2026-06-26,Login,High,6,Resolved,Positive
S8846,C13582,2026-06-19,Technical,Low,25,Open,Neutral
S8847,C13582,2026-07-19,Login,High,11,Open,Positive
S8848,C13582,2025-09-26,Subscription,High,47,Resolved,Negative
S8849,C13582,2025-10-10,Billing,Low,10,Open,Positive
S8850,C13582,2026-05-30,Billing,High,37,Resolved,Negative
S8851,C13583,2025-11-09,Technical,Low,59,Resolved,Negative
S8852,C13583,2026-08-10,Payment,Low,44,Open,Negative
S8853,C13583,2026-08-02,Subscription,High,51,Resolved,Negative
S8854,C13583,2025-09-25,Payment,High,58,Resolved,Negative
S8855,C13583,2026-05-14,Technical,High,56,Resolved,Negative
S8856,C13584,2025-10-20,Login,Medium,42,Resolved,Negative
S8857,C13584,2026-01-27,Technical,Medium,25,Resolved,Neutral
S8858,C13584,2025-10-17,Technical,Low,44,Resolved,Negative
S8859,C13584,2025-09-19,Payment,Medium,72,Resolved,Negative
S8860,C13585,2026-04-17,Subscription,Medium,57,Resolved,Negative
S8861,C13585,2026-05-18,Subscription,Low,14,Open,Neutral
S8862,C13585,2026-05-29,Subscription,Low,68,Resolved,Negative
S8863,C13586,2026-05-06,Billing,Low,59,Resolved,Negative
S8864,C13587,2025-09-01,Subscription,Low,15,Resolved,Neutral
S8865,C13587,2026-02-12,Technical,Low,13,Open,Neutral
S8866,C13587,2026-05-25,Login,Low,31,Resolved,Neutral
S8867,C13587,2025-10-15,Subscription,Low,62,Resolved,Negative
S8868,C13587,2025-09-18,Payment,Low,55,Resolved,Negative
S8869,C13588,2026-06-01,Billing,High,5,Resolved,Positive
S8870,C13588,2026-07-02,Payment,High,9,Resolved,Positive
S8871,C13588,2025-10-23,Payment,Low,50,Resolved,Negative
S8872,C13588,2026-06-08,Payment,High,39,Resolved,Negative
S8873,C13588,2026-04-09,Technical,Medium,66,Open,Negative
S8874,C13589,2026-06-28,Subscription,Low,53,Open,Negative
S8875,C13589,2026-08-20,Billing,Low,19,Open,Neutral
S8876,C13590,2026-01-29,Login,High,54,Resolved,Negative
S8877,C13591,2026-03-02,Technical,High,56,Resolved,Negative
S8878,C13591,2025-12-12,Login,Low,5,Resolved,Positive
S8879,C13592,2026-08-31,Technical,High,6,Open,Positive
S8880,C13593,2026-02-09,Subscription,Low,54,Resolved,Negative
S8881,C13593,2026-07-31,Billing,Medium,6,Open,Positive
S8882,C13593,2026-05-31,Billing,High,49,Open,Negative
S8883,C13595,2026-04-18,Subscription,High,30,Open,Neutral
S8884,C13596,2026-03-01,Login,Medium,24,Open,Neutral
S8885,C13596,2026-02-17,Payment,High,7,Open,Positive
S8886,C13596,2026-03-17,Login,Low,59,Resolved,Negative
S8887,C13596,2025-09-09,Technical,High,14,Resolved,Neutral
S8888,C13596,2025-11-14,Subscription,Low,1,Resolved,Positive
S8889,C13597,2025-12-19,Payment,Medium,9,Resolved,Positive
S8890,C13597,2026-04-09,Subscription,High,58,Open,Negative
S8891,C13599,2026-06-30,Subscription,High,6,Open,Positive
S8892,C13599,2025-11-14,Login,Medium,37,Resolved,Negative
S8893,C13599,2025-10-10,Billing,Low,8,Resolved,Positive
S8894,C13599,2026-02-16,Technical,Low,65,Open,Negative
S8895,C13599,2026-07-07,Login,High,68,Open,Negative
S8896,C13600,2025-11-29,Technical,Low,6,Resolved,Positive
S8897,C13601,2026-06-07,Login,Low,12,Resolved,Positive
S8898,C13601,2026-04-18,Billing,Low,48,Resolved,Negative
S8899,C13602,2025-11-22,Billing,High,37,Resolved,Negative
S8900,C13602,2026-05-28,Subscription,Medium,51,Resolved,Negative
S8901,C13602,2026-07-22,Technical,High,66,Resolved,Negative
S8902,C13603,2025-12-27,Subscription,Medium,63,Resolved,Negative
S8903,C13603,2026-03-30,Subscription,Medium,27,Resolved,Neutral
S8904,C13603,2025-11-30,Technical,High,66,Resolved,Negative
S8905,C13603,2026-01-20,Payment,Medium,69,Resolved,Negative
S8906,C13603,2026-01-19,Login,Low,32,Resolved,Neutral
S8907,C13604,2026-02-18,Subscription,Low,20,Resolved,Neutral
S8908,C13604,2025-12-30,Technical,High,54,Resolved,Negative
S8909,C13606,2026-04-11,Billing,High,38,Resolved,Negative
S8910,C13606,2025-09-11,Payment,Low,38,Resolved,Negative
S8911,C13606,2026-03-29,Payment,High,40,Open,Negative
S8912,C13606,2026-01-10,Login,High,12,Open,Positive
S8913,C13607,2026-02-17,Technical,High,63,Open,Negative
S8914,C13610,2025-12-25,Subscription,Low,17,Open,Neutral
S8915,C13611,2026-08-10,Payment,High,41,Resolved,Negative
S8916,C13611,2026-03-08,Billing,Low,37,Resolved,Negative
S8917,C13611,2025-10-02,Payment,Medium,3,Resolved,Positive
S8918,C13611,2026-03-09,Subscription,High,19,Resolved,Neutral
S8919,C13611,2026-02-18,Login,High,45,Open,Negative
S8920,C13612,2025-10-11,Technical,Low,50,Open,Negative
S8921,C13612,2026-01-02,Payment,High,10,Resolved,Positive
S8922,C13612,2026-01-07,Billing,Low,47,Resolved,Negative
S8923,C13612,2026-02-06,Subscription,Low,30,Resolved,Neutral
S8924,C13613,2025-12-22,Billing,High,58,Resolved,Negative
S8925,C13613,2026-03-21,Billing,Low,7,Resolved,Positive
S8926,C13613,2026-04-11,Subscription,Medium,38,Open,Negative
S8927,C13613,2026-05-26,Billing,Low,44,Resolved,Negative
S8928,C13613,2026-01-24,Subscription,Medium,30,Resolved,Neutral
S8929,C13614,2025-12-07,Billing,Medium,11,Open,Positive
S8930,C13614,2025-11-30,Technical,Medium,30,Open,Neutral
S8931,C13614,2025-10-29,Payment,Low,66,Resolved,Negative
S8932,C13614,2025-10-28,Technical,Medium,31,Resolved,Neutral
S8933,C13614,2026-06-04,Payment,Low,10,Open,Positive
S8934,C13615,2025-12-10,Payment,Medium,31,Open,Neutral
S8935,C13615,2026-06-29,Payment,Low,23,Resolved,Neutral
S8936,C13616,2026-01-30,Technical,Low,27,Resolved,Neutral
S8937,C13617,2026-04-16,Technical,Medium,20,Resolved,Neutral
S8938,C13617,2026-01-28,Subscription,Medium,1,Resolved,Positive
S8939,C13617,2025-11-29,Technical,Medium,64,Resolved,Negative
S8940,C13617,2025-10-11,Billing,High,65,Open,Negative
S8941,C13618,2026-07-11,Billing,Low,43,Open,Negative
S8942,C13618,2026-03-26,Subscription,High,72,Resolved,Negative
S8943,C13618,2026-08-31,Subscription,Medium,19,Resolved,Neutral
S8944,C13618,2026-05-04,Subscription,High,40,Resolved,Negative
S8945,C13619,2025-10-09,Technical,Low,14,Resolved,Neutral
S8946,C13620,2026-01-04,Billing,High,58,Resolved,Negative
S8947,C13620,2026-08-23,Technical,High,6,Resolved,Positive
S8948,C13621,2026-03-25,Subscription,Low,30,Open,Neutral
S8949,C13621,2026-04-19,Login,Medium,55,Resolved,Negative
S8950,C13621,2026-04-26,Subscription,High,54,Resolved,Negative
S8951,C13621,2026-02-10,Subscription,Low,14,Open,Neutral
S8952,C13622,2025-08-31,Payment,High,68,Resolved,Negative
S8953,C13622,2026-04-15,Payment,Medium,4,Open,Positive
S8954,C13622,2026-04-27,Login,High,64,Resolved,Negative
S8955,C13622,2025-11-15,Subscription,Medium,53,Open,Negative
S8956,C13622,2026-05-31,Login,Medium,69,Open,Negative
S8957,C13623,2026-05-08,Billing,Medium,49,Resolved,Negative
S8958,C13623,2026-05-03,Billing,Medium,39,Resolved,Negative
S8959,C13623,2025-10-31,Subscription,Medium,62,Resolved,Negative
S8960,C13624,2026-01-28,Subscription,High,27,Open,Neutral
S8961,C13626,2025-11-17,Technical,High,63,Resolved,Negative
S8962,C13626,2025-12-06,Billing,High,14,Resolved,Neutral
S8963,C13626,2025-11-15,Payment,Medium,60,Resolved,Negative
S8964,C13626,2025-09-20,Payment,Low,60,Resolved,Negative
S8965,C13627,2026-04-20,Subscription,Medium,41,Resolved,Negative
S8966,C13627,2025-10-28,Technical,Low,20,Resolved,Neutral
S8967,C13627,2026-02-14,Technical,Medium,11,Open,Positive
S8968,C13627,2025-10-31,Billing,High,5,Resolved,Positive
S8969,C13627,2025-09-07,Technical,Medium,53,Resolved,Negative
S8970,C13630,2026-07-12,Subscription,Medium,57,Resolved,Negative
S8971,C13630,2025-12-18,Subscription,Low,67,Open,Negative
S8972,C13631,2026-03-17,Login,Medium,11,Resolved,Positive
S8973,C13631,2025-10-22,Subscription,High,19,Resolved,Neutral
S8974,C13631,2025-12-06,Login,Medium,9,Resolved,Positive
S8975,C13632,2025-09-07,Payment,Low,28,Resolved,Neutral
S8976,C13632,2025-10-13,Subscription,High,21,Open,Neutral
S8977,C13632,2026-07-09,Technical,Low,65,Resolved,Negative
S8978,C13632,2026-08-19,Technical,High,66,Resolved,Negative
S8979,C13632,2026-01-12,Technical,High,67,Resolved,Negative
S8980,C13633,2025-10-26,Payment,High,46,Resolved,Negative
S8981,C13633,2025-09-27,Technical,Low,39,Resolved,Negative
S8982,C13633,2026-02-21,Billing,High,58,Resolved,Negative
S8983,C13633,2026-06-24,Billing,Medium,24,Resolved,Neutral
S8984,C13634,2025-11-19,Payment,High,25,Resolved,Neutral
S8985,C13634,2026-03-28,Subscription,Medium,22,Open,Neutral
S8986,C13634,2025-10-12,Login,Medium,72,Resolved,Negative
S8987,C13634,2025-09-19,Login,Low,71,Open,Negative
S8988,C13635,2025-09-26,Billing,High,24,Resolved,Neutral
S8989,C13635,2026-05-13,Billing,Low,67,Open,Negative
S8990,C13635,2026-03-21,Technical,Medium,20,Open,Neutral
S8991,C13635,2026-07-15,Login,Low,18,Resolved,Neutral
S8992,C13635,2026-04-26,Technical,High,13,Resolved,Neutral
S8993,C13636,2026-02-19,Payment,High,19,Resolved,Neutral
S8994,C13636,2025-12-01,Subscription,Medium,22,Open,Neutral
S8995,C13636,2026-06-15,Payment,High,36,Resolved,Neutral
S8996,C13636,2025-11-18,Technical,High,59,Resolved,Negative
S8997,C13636,2026-05-27,Billing,High,36,Open,Neutral
S8998,C13639,2026-04-30,Subscription,Low,44,Resolved,Negative
S8999,C13639,2025-11-09,Payment,High,49,Resolved,Negative
S9000,C13639,2025-12-19,Payment,Low,34,Open,Neutral
S9001,C13639,2026-07-03,Login,Low,1,Open,Positive
S9002,C13641,2026-03-04,Subscription,High,42,Resolved,Negative
S9003,C13641,2025-10-08,Technical,Medium,60,Open,Negative
S9004,C13641,2026-01-10,Technical,Low,11,Resolved,Positive
S9005,C13643,2026-05-14,Login,Low,49,Resolved,Negative
S9006,C13643,2025-11-02,Login,High,41,Resolved,Negative
S9007,C13643,2026-01-10,Technical,High,19,Resolved,Neutral
S9008,C13643,2026-04-04,Billing,High,8,Resolved,Positive
S9009,C13644,2026-08-02,Subscription,High,64,Open,Negative
S9010,C13644,2026-04-15,Payment,Low,40,Resolved,Negative
S9011,C13645,2026-04-27,Login,Medium,55,Resolved,Negative
S9012,C13645,2026-08-21,Billing,Medium,63,Resolved,Negative
S9013,C13645,2026-04-23,Billing,Medium,59,Open,Negative
S9014,C13645,2026-05-30,Payment,Medium,13,Resolved,Neutral
S9015,C13645,2026-05-31,Payment,Low,71,Resolved,Negative
S9016,C13646,2026-02-01,Subscription,Medium,56,Resolved,Negative
S9017,C13646,2026-06-24,Subscription,High,55,Resolved,Negative
S9018,C13647,2026-03-03,Subscription,High,62,Resolved,Negative
S9019,C13647,2026-08-07,Technical,High,55,Open,Negative
S9020,C13647,2026-07-18,Payment,High,15,Resolved,Neutral
S9021,C13647,2025-11-29,Subscription,Low,29,Resolved,Neutral
S9022,C13648,2026-04-26,Login,Medium,15,Resolved,Neutral
S9023,C13648,2025-09-23,Login,High,56,Resolved,Negative
S9024,C13648,2025-11-12,Billing,Low,68,Resolved,Negative
S9025,C13649,2025-10-10,Subscription,Medium,31,Resolved,Neutral
S9026,C13649,2026-06-20,Payment,Low,39,Open,Negative
S9027,C13649,2026-01-28,Login,Low,45,Resolved,Negative
S9028,C13649,2026-04-08,Payment,Low,56,Resolved,Negative
S9029,C13650,2026-02-20,Technical,Medium,43,Resolved,Negative
S9030,C13650,2026-06-28,Payment,Low,48,Resolved,Negative
S9031,C13650,2025-11-07,Technical,Low,22,Resolved,Neutral
S9032,C13650,2026-07-22,Subscription,Medium,56,Open,Negative
S9033,C13650,2026-03-21,Payment,High,62,Open,Negative
S9034,C13651,2025-10-09,Technical,Medium,30,Resolved,Neutral
S9035,C13651,2026-03-28,Billing,Medium,43,Resolved,Negative
S9036,C13651,2026-06-27,Payment,Low,26,Resolved,Neutral
S9037,C13652,2026-06-28,Technical,High,44,Open,Negative
S9038,C13652,2026-03-17,Payment,Low,8,Resolved,Positive
S9039,C13653,2026-01-21,Login,High,60,Resolved,Negative
S9040,C13653,2026-05-08,Technical,Low,24,Resolved,Neutral
S9041,C13655,2026-08-01,Billing,Low,12,Resolved,Positive
S9042,C13656,2026-03-26,Subscription,Low,24,Resolved,Neutral
S9043,C13657,2025-12-06,Login,High,42,Open,Negative
S9044,C13657,2025-09-14,Login,Medium,40,Open,Negative
S9045,C13657,2026-02-24,Billing,Low,19,Open,Neutral
S9046,C13657,2025-12-02,Billing,Low,9,Resolved,Positive
S9047,C13658,2026-07-04,Payment,Medium,54,Resolved,Negative
S9048,C13658,2026-07-30,Technical,Medium,26,Open,Neutral
S9049,C13658,2025-12-21,Login,Low,31,Open,Neutral
S9050,C13659,2025-11-27,Login,High,41,Open,Negative
S9051,C13659,2025-10-02,Payment,Low,33,Open,Neutral
S9052,C13660,2026-04-10,Technical,Medium,6,Open,Positive
S9053,C13660,2025-09-07,Technical,High,28,Open,Neutral
S9054,C13660,2026-08-19,Payment,Medium,68,Resolved,Negative
S9055,C13660,2026-08-27,Login,Medium,62,Resolved,Negative
S9056,C13662,2026-07-02,Billing,Low,28,Resolved,Neutral
S9057,C13662,2026-05-22,Login,Low,31,Resolved,Neutral
S9058,C13662,2026-04-01,Payment,High,58,Open,Negative
S9059,C13663,2026-01-15,Technical,Medium,41,Resolved,Negative
S9060,C13663,2026-05-01,Subscription,High,45,Resolved,Negative
S9061,C13663,2026-02-20,Payment,Medium,48,Resolved,Negative
S9062,C13663,2026-05-30,Billing,Medium,7,Resolved,Positive
S9063,C13664,2025-11-21,Login,Medium,52,Open,Negative
S9064,C13664,2025-12-16,Payment,Medium,70,Resolved,Negative
S9065,C13664,2026-01-31,Billing,Low,47,Open,Negative
S9066,C13664,2026-04-28,Subscription,Low,47,Open,Negative
S9067,C13664,2026-06-20,Payment,High,6,Resolved,Positive
S9068,C13665,2026-08-29,Technical,Medium,26,Open,Neutral
S9069,C13665,2026-08-06,Login,High,5,Resolved,Positive
S9070,C13665,2026-03-19,Billing,Low,41,Resolved,Negative
S9071,C13665,2026-08-07,Payment,Medium,71,Resolved,Negative
S9072,C13665,2026-06-02,Technical,Medium,4,Open,Positive
S9073,C13666,2026-02-16,Subscription,High,29,Resolved,Neutral
S9074,C13667,2026-06-01,Payment,High,7,Resolved,Positive
S9075,C13667,2026-02-26,Subscription,Low,47,Resolved,Negative
S9076,C13667,2026-01-09,Subscription,Medium,24,Resolved,Neutral
S9077,C13669,2026-05-23,Billing,Low,12,Resolved,Positive
S9078,C13669,2026-04-01,Billing,High,57,Resolved,Negative
S9079,C13669,2026-07-13,Billing,Medium,12,Resolved,Positive
S9080,C13669,2026-04-18,Technical,Low,69,Open,Negative
S9081,C13670,2026-03-02,Subscription,High,34,Resolved,Neutral
S9082,C13670,2025-09-23,Billing,Low,31,Resolved,Neutral
S9083,C13670,2025-10-06,Payment,High,28,Open,Neutral
S9084,C13671,2026-01-06,Subscription,High,33,Open,Neutral
S9085,C13671,2026-06-04,Technical,Low,41,Resolved,Negative
S9086,C13671,2026-05-27,Payment,High,21,Resolved,Neutral
S9087,C13671,2026-06-10,Technical,Low,10,Resolved,Positive
S9088,C13671,2025-12-20,Login,High,36,Resolved,Neutral
S9089,C13672,2026-08-24,Login,Low,66,Resolved,Negative
S9090,C13672,2025-10-28,Billing,High,51,Resolved,Negative
S9091,C13672,2026-08-11,Technical,Medium,63,Resolved,Negative
S9092,C13673,2026-05-16,Payment,High,54,Open,Negative
S9093,C13673,2025-10-21,Payment,Medium,32,Resolved,Neutral
S9094,C13673,2026-05-14,Billing,Medium,26,Resolved,Neutral
S9095,C13673,2026-05-01,Login,Low,20,Resolved,Neutral
S9096,C13673,2026-03-10,Billing,Low,9,Resolved,Positive
S9097,C13674,2025-09-15,Payment,Low,18,Open,Neutral
S9098,C13674,2026-04-28,Billing,Medium,23,Resolved,Neutral
S9099,C13675,2026-08-18,Technical,Medium,56,Open,Negative
S9100,C13676,2026-06-07,Subscription,High,18,Resolved,Neutral
S9101,C13676,2026-07-29,Billing,Low,59,Resolved,Negative
S9102,C13679,2026-01-20,Payment,Low,72,Resolved,Negative
S9103,C13679,2026-01-23,Login,Low,48,Resolved,Negative
S9104,C13679,2026-03-03,Login,High,21,Open,Neutral
S9105,C13680,2026-02-23,Technical,Low,12,Open,Positive
S9106,C13680,2026-08-06,Subscription,Low,8,Resolved,Positive
S9107,C13680,2026-05-11,Billing,Low,52,Resolved,Negative
S9108,C13681,2026-07-11,Technical,Medium,55,Open,Negative
S9109,C13681,2026-07-12,Technical,Low,70,Open,Negative
S9110,C13681,2025-10-30,Login,Low,43,Open,Negative
S9111,C13681,2025-09-13,Technical,Medium,44,Resolved,Negative
S9112,C13682,2026-08-10,Subscription,High,34,Resolved,Neutral
S9113,C13683,2026-07-30,Login,High,59,Resolved,Negative
S9114,C13683,2026-08-07,Subscription,Medium,5,Resolved,Positive
S9115,C13683,2025-09-18,Technical,Low,50,Resolved,Negative
S9116,C13685,2026-06-06,Billing,Low,59,Open,Negative
S9117,C13685,2026-01-02,Billing,High,57,Resolved,Negative
S9118,C13685,2026-05-27,Login,Low,54,Resolved,Negative
S9119,C13685,2025-11-30,Payment,High,27,Open,Neutral
S9120,C13686,2026-02-08,Payment,Medium,42,Resolved,Negative
S9121,C13686,2026-06-29,Subscription,Low,46,Resolved,Negative
S9122,C13687,2026-04-01,Billing,High,19,Resolved,Neutral
S9123,C13687,2026-07-11,Subscription,Low,12,Resolved,Positive
S9124,C13687,2026-03-22,Technical,Medium,55,Resolved,Negative
S9125,C13687,2026-06-06,Login,High,23,Resolved,Neutral
S9126,C13688,2026-06-29,Payment,Medium,52,Resolved,Negative
S9127,C13688,2026-04-19,Login,Low,69,Resolved,Negative
S9128,C13688,2025-09-20,Payment,Medium,17,Resolved,Neutral
S9129,C13688,2026-04-03,Subscription,High,52,Open,Negative
S9130,C13688,2026-04-11,Billing,Medium,3,Resolved,Positive
S9131,C13689,2026-02-14,Payment,Medium,8,Resolved,Positive
S9132,C13689,2025-12-15,Payment,High,21,Resolved,Neutral
S9133,C13689,2025-11-24,Subscription,High,46,Resolved,Negative
S9134,C13689,2025-12-30,Billing,High,17,Resolved,Neutral
S9135,C13691,2026-08-20,Billing,Low,63,Resolved,Negative
S9136,C13692,2026-06-04,Technical,Low,70,Resolved,Negative
S9137,C13692,2026-06-19,Subscription,Low,49,Resolved,Negative
S9138,C13692,2025-12-04,Login,Low,51,Resolved,Negative
S9139,C13694,2026-07-23,Payment,High,25,Resolved,Neutral
S9140,C13694,2026-03-30,Login,Low,48,Open,Negative
S9141,C13694,2025-11-07,Billing,Medium,32,Resolved,Neutral
S9142,C13694,2025-09-12,Technical,High,52,Resolved,Negative
S9143,C13695,2025-10-09,Subscription,High,34,Resolved,Neutral
S9144,C13695,2026-03-28,Billing,Medium,48,Resolved,Negative
S9145,C13696,2026-03-01,Technical,High,27,Resolved,Neutral
S9146,C13697,2026-03-08,Billing,Medium,54,Resolved,Negative
S9147,C13697,2026-02-07,Billing,Medium,33,Resolved,Neutral
S9148,C13698,2026-02-22,Technical,High,25,Open,Neutral
S9149,C13698,2026-05-28,Login,Low,65,Resolved,Negative
S9150,C13698,2025-09-30,Billing,Medium,45,Resolved,Negative
S9151,C13698,2025-11-02,Billing,High,40,Resolved,Negative
S9152,C13700,2026-08-05,Subscription,Low,5,Resolved,Positive
S9153,C13700,2026-07-01,Technical,High,61,Open,Negative
S9154,C13700,2026-04-09,Payment,Low,50,Resolved,Negative
S9155,C13700,2025-12-13,Technical,Low,39,Open,Negative
S9156,C13701,2026-08-24,Billing,Medium,4,Resolved,Positive
S9157,C13701,2026-05-11,Login,Low,67,Resolved,Negative
S9158,C13702,2025-12-06,Technical,High,47,Resolved,Negative
S9159,C13703,2026-06-10,Technical,High,65,Resolved,Negative
S9160,C13703,2025-09-29,Login,Medium,61,Open,Negative
S9161,C13703,2026-08-12,Payment,Medium,69,Open,Negative
S9162,C13704,2025-09-26,Subscription,Low,69,Resolved,Negative
S9163,C13704,2026-01-21,Payment,Low,28,Resolved,Neutral
S9164,C13704,2025-11-24,Subscription,Low,4,Resolved,Positive
S9165,C13705,2026-05-03,Payment,High,47,Open,Negative
S9166,C13705,2025-08-31,Subscription,Medium,23,Resolved,Neutral
S9167,C13706,2026-04-27,Billing,Low,61,Resolved,Negative
S9168,C13706,2025-10-11,Login,Low,62,Resolved,Negative
S9169,C13706,2025-10-28,Login,High,64,Resolved,Negative
S9170,C13706,2026-05-30,Login,High,55,Resolved,Negative
S9171,C13706,2026-03-10,Technical,Low,43,Open,Negative
S9172,C13708,2026-06-08,Technical,Medium,42,Open,Negative
S9173,C13708,2025-09-21,Billing,High,33,Resolved,Neutral
S9174,C13708,2026-07-09,Technical,High,3,Resolved,Positive
S9175,C13709,2026-02-19,Payment,Medium,39,Resolved,Negative
S9176,C13709,2025-11-14,Billing,Medium,30,Open,Neutral
S9177,C13709,2026-08-13,Billing,Medium,48,Open,Negative
S9178,C13710,2026-01-27,Billing,High,16,Open,Neutral
S9179,C13710,2026-02-02,Billing,Low,50,Resolved,Negative
S9180,C13710,2025-11-08,Billing,Low,63,Open,Negative
S9181,C13710,2025-09-20,Payment,Medium,29,Resolved,Neutral
S9182,C13711,2026-02-06,Login,High,52,Resolved,Negative
S9183,C13711,2026-05-08,Payment,High,26,Resolved,Neutral
S9184,C13711,2026-07-09,Payment,High,45,Resolved,Negative
S9185,C13712,2026-06-25,Login,Low,3,Resolved,Positive
S9186,C13712,2026-08-10,Login,Medium,5,Resolved,Positive
S9187,C13712,2025-10-28,Subscription,Low,63,Open,Negative
S9188,C13713,2026-03-11,Payment,High,45,Resolved,Negative
S9189,C13715,2025-10-18,Subscription,High,47,Resolved,Negative
S9190,C13715,2025-12-09,Login,Low,31,Resolved,Neutral
S9191,C13715,2026-08-11,Login,Medium,47,Resolved,Negative
S9192,C13715,2025-12-17,Billing,Medium,3,Open,Positive
S9193,C13716,2026-02-23,Billing,Medium,21,Open,Neutral
S9194,C13716,2026-08-27,Billing,Low,19,Resolved,Neutral
S9195,C13716,2025-09-04,Login,High,63,Open,Negative
S9196,C13717,2026-07-17,Subscription,High,43,Resolved,Negative
S9197,C13717,2026-04-08,Technical,Low,17,Open,Neutral
S9198,C13717,2026-04-13,Technical,Medium,31,Resolved,Neutral
S9199,C13718,2026-06-23,Billing,High,43,Resolved,Negative
S9200,C13718,2026-02-13,Technical,Low,52,Resolved,Negative
S9201,C13718,2026-03-01,Technical,Medium,58,Resolved,Negative
S9202,C13719,2025-12-09,Technical,High,13,Open,Neutral
S9203,C13719,2026-01-19,Subscription,Medium,7,Open,Positive
S9204,C13719,2025-09-05,Billing,Low,62,Resolved,Negative
S9205,C13721,2026-02-23,Billing,High,68,Resolved,Negative
S9206,C13721,2025-09-25,Payment,Medium,48,Resolved,Negative
S9207,C13721,2026-02-14,Billing,Low,30,Resolved,Neutral
S9208,C13721,2025-10-26,Login,Low,72,Open,Negative
S9209,C13722,2025-11-29,Payment,High,24,Resolved,Neutral
S9210,C13722,2026-04-17,Subscription,High,68,Resolved,Negative
S9211,C13723,2025-10-30,Billing,Medium,52,Open,Negative
S9212,C13724,2026-08-13,Subscription,Low,14,Resolved,Neutral
S9213,C13727,2026-08-12,Billing,Low,22,Resolved,Neutral
S9214,C13727,2026-01-16,Billing,High,56,Resolved,Negative
S9215,C13727,2025-10-21,Technical,Low,9,Open,Positive
S9216,C13727,2026-02-15,Billing,Low,70,Resolved,Negative
S9217,C13727,2026-05-20,Technical,High,61,Resolved,Negative
S9218,C13729,2026-01-12,Subscription,High,61,Open,Negative
S9219,C13729,2026-05-19,Subscription,High,9,Open,Positive
S9220,C13729,2026-07-10,Technical,High,49,Resolved,Negative
S9221,C13729,2026-01-19,Payment,High,19,Open,Neutral
S9222,C13730,2026-01-07,Payment,High,44,Resolved,Negative
S9223,C13730,2026-05-26,Technical,Low,50,Resolved,Negative
S9224,C13730,2026-05-03,Login,Low,63,Open,Negative
S9225,C13730,2026-02-19,Login,High,44,Resolved,Negative
S9226,C13731,2026-01-09,Subscription,Low,57,Resolved,Negative
S9227,C13731,2026-08-28,Technical,Low,31,Open,Neutral
S9228,C13731,2026-02-19,Billing,High,61,Open,Negative
S9229,C13732,2026-02-05,Technical,High,44,Resolved,Negative
S9230,C13732,2026-08-11,Payment,High,8,Resolved,Positive
S9231,C13732,2026-05-16,Subscription,High,33,Resolved,Neutral
S9232,C13732,2026-03-18,Login,Low,13,Resolved,Neutral
S9233,C13733,2025-10-17,Billing,Low,64,Open,Negative
S9234,C13733,2025-10-13,Billing,Medium,22,Open,Neutral
S9235,C13733,2025-11-02,Billing,Medium,69,Resolved,Negative
S9236,C13733,2026-07-22,Payment,Low,51,Open,Negative
S9237,C13734,2026-07-28,Login,Medium,1,Resolved,Positive
S9238,C13734,2026-07-21,Billing,Medium,53,Open,Negative
S9239,C13734,2025-09-03,Billing,High,72,Resolved,Negative
S9240,C13734,2025-09-14,Payment,High,42,Resolved,Negative
S9241,C13735,2026-08-03,Login,High,42,Resolved,Negative
S9242,C13735,2026-01-16,Technical,High,42,Resolved,Negative
S9243,C13735,2026-02-09,Payment,Medium,48,Resolved,Negative
S9244,C13735,2026-07-23,Technical,Medium,11,Resolved,Positive
S9245,C13735,2026-01-02,Payment,Medium,23,Resolved,Neutral
S9246,C13736,2026-05-24,Billing,High,25,Open,Neutral
S9247,C13736,2025-12-31,Login,Medium,38,Resolved,Negative
S9248,C13736,2026-01-12,Subscription,Medium,56,Resolved,Negative
S9249,C13736,2026-08-29,Billing,High,43,Open,Negative
S9250,C13737,2025-12-03,Payment,Low,65,Open,Negative
S9251,C13737,2025-09-18,Technical,Medium,65,Resolved,Negative
S9252,C13738,2026-06-18,Login,High,21,Resolved,Neutral
S9253,C13738,2026-05-15,Login,High,24,Open,Neutral
S9254,C13738,2025-12-06,Payment,Medium,16,Resolved,Neutral
S9255,C13738,2025-09-07,Billing,Medium,43,Open,Negative
S9256,C13739,2026-03-06,Login,High,17,Resolved,Neutral
S9257,C13739,2026-07-06,Login,Low,25,Resolved,Neutral
S9258,C13739,2026-06-06,Subscription,Medium,69,Resolved,Negative
S9259,C13739,2025-12-17,Subscription,Low,11,Open,Positive
S9260,C13740,2025-11-16,Subscription,Medium,5,Open,Positive
S9261,C13740,2026-05-01,Login,Medium,53,Resolved,Negative
S9262,C13741,2026-08-10,Login,Medium,12,Open,Positive
S9263,C13741,2026-04-19,Subscription,Low,15,Open,Neutral
S9264,C13741,2025-11-18,Payment,Medium,17,Open,Neutral
S9265,C13742,2026-03-25,Technical,Low,9,Resolved,Positive
S9266,C13743,2026-02-25,Payment,Low,36,Open,Neutral
S9267,C13744,2025-10-31,Login,Medium,65,Open,Negative
S9268,C13745,2026-08-10,Payment,Low,69,Open,Negative
S9269,C13746,2026-05-15,Login,Medium,13,Open,Neutral
S9270,C13746,2026-02-21,Billing,High,15,Open,Neutral
S9271,C13746,2026-07-30,Technical,Medium,4,Resolved,Positive
S9272,C13747,2025-09-03,Subscription,Medium,63,Resolved,Negative
S9273,C13747,2026-03-03,Billing,Medium,50,Resolved,Negative
S9274,C13747,2026-05-11,Subscription,High,8,Resolved,Positive
S9275,C13749,2026-08-17,Payment,Medium,50,Resolved,Negative
S9276,C13749,2026-01-18,Subscription,High,37,Resolved,Negative
S9277,C13750,2026-04-23,Billing,High,29,Resolved,Neutral
S9278,C13750,2026-06-05,Login,Medium,54,Resolved,Negative
S9279,C13750,2025-11-22,Login,High,69,Resolved,Negative
S9280,C13750,2025-11-27,Billing,High,29,Open,Neutral
S9281,C13751,2026-01-14,Technical,High,52,Resolved,Negative
S9282,C13751,2026-04-28,Subscription,Medium,22,Resolved,Neutral
S9283,C13752,2026-05-11,Billing,High,49,Resolved,Negative
S9284,C13752,2026-07-12,Billing,Medium,4,Open,Positive
S9285,C13752,2025-11-07,Login,High,23,Resolved,Neutral
S9286,C13752,2025-12-20,Subscription,Medium,63,Open,Negative
S9287,C13752,2025-11-03,Payment,Medium,58,Resolved,Negative
S9288,C13753,2025-11-14,Payment,Medium,62,Resolved,Negative
S9289,C13753,2026-04-04,Payment,High,4,Resolved,Positive
S9290,C13753,2025-12-25,Billing,High,4,Open,Positive
S9291,C13753,2025-12-06,Login,Medium,41,Open,Negative
S9292,C13754,2026-04-03,Technical,High,26,Resolved,Neutral
S9293,C13754,2026-08-16,Login,Medium,12,Resolved,Positive
S9294,C13754,2025-10-20,Billing,Low,22,Open,Neutral
S9295,C13754,2025-12-04,Subscription,Medium,36,Resolved,Neutral
S9296,C13754,2026-05-25,Subscription,High,9,Resolved,Positive
S9297,C13755,2025-10-28,Subscription,High,51,Open,Negative
S9298,C13757,2026-03-30,Technical,Low,37,Open,Negative
S9299,C13757,2026-04-17,Technical,High,55,Open,Negative
S9300,C13757,2025-09-04,Subscription,Medium,31,Open,Neutral
S9301,C13757,2025-10-07,Login,High,9,Open,Positive
S9302,C13758,2026-06-15,Payment,Low,35,Open,Neutral
S9303,C13758,2026-03-02,Subscription,Low,56,Resolved,Negative
S9304,C13758,2025-09-24,Subscription,Medium,25,Resolved,Neutral
S9305,C13758,2025-09-14,Billing,Low,50,Open,Negative
S9306,C13759,2026-01-31,Billing,Medium,3,Resolved,Positive
S9307,C13759,2025-11-17,Billing,Low,66,Resolved,Negative
S9308,C13759,2026-03-08,Technical,High,37,Resolved,Negative
S9309,C13759,2026-03-22,Login,Low,27,Resolved,Neutral
S9310,C13759,2026-08-31,Payment,Low,6,Resolved,Positive
S9311,C13760,2025-09-29,Login,Medium,5,Resolved,Positive
S9312,C13761,2026-05-25,Login,Medium,49,Open,Negative
S9313,C13761,2026-07-09,Technical,High,9,Resolved,Positive
S9314,C13761,2025-10-17,Technical,High,2,Open,Positive
S9315,C13762,2026-03-30,Technical,High,18,Open,Neutral
S9316,C13762,2026-02-14,Subscription,High,70,Resolved,Negative
S9317,C13762,2026-03-21,Payment,Low,51,Open,Negative
S9318,C13764,2026-07-11,Payment,Low,60,Resolved,Negative
S9319,C13765,2026-04-16,Payment,Medium,38,Resolved,Negative
S9320,C13765,2026-07-11,Login,Medium,51,Resolved,Negative
S9321,C13765,2025-12-03,Technical,High,25,Resolved,Neutral
S9322,C13765,2026-03-30,Login,High,71,Resolved,Negative
S9323,C13765,2025-11-20,Billing,Low,18,Open,Neutral
S9324,C13766,2026-04-14,Subscription,Low,44,Resolved,Negative
S9325,C13766,2026-05-24,Payment,Low,30,Resolved,Neutral
S9326,C13766,2026-05-31,Payment,Medium,18,Resolved,Neutral
S9327,C13767,2026-07-24,Billing,Medium,15,Resolved,Neutral
S9328,C13767,2026-08-27,Subscription,Medium,41,Resolved,Negative
S9329,C13768,2026-06-09,Login,High,12,Resolved,Positive
S9330,C13768,2026-01-11,Payment,Low,19,Resolved,Neutral
S9331,C13768,2026-06-25,Login,Low,29,Resolved,Neutral
S9332,C13768,2025-12-10,Login,High,57,Open,Negative
S9333,C13768,2025-11-13,Billing,High,46,Open,Negative
S9334,C13769,2025-12-16,Technical,Medium,65,Resolved,Negative
S9335,C13769,2026-05-01,Login,High,47,Open,Negative
S9336,C13769,2026-01-07,Payment,Low,43,Resolved,Negative
S9337,C13770,2026-08-31,Payment,High,62,Open,Negative
S9338,C13770,2026-06-26,Payment,Low,38,Resolved,Negative
S9339,C13770,2026-03-12,Payment,High,11,Resolved,Positive
S9340,C13771,2026-05-27,Payment,High,70,Open,Negative
S9341,C13771,2026-05-26,Technical,Medium,24,Open,Neutral
S9342,C13772,2025-09-30,Payment,Medium,22,Resolved,Neutral
S9343,C13772,2025-10-21,Billing,High,13,Resolved,Neutral
S9344,C13772,2026-07-21,Technical,Medium,37,Resolved,Negative
S9345,C13772,2026-04-04,Subscription,High,45,Resolved,Negative
S9346,C13772,2025-12-19,Payment,Low,21,Resolved,Neutral
S9347,C13773,2025-09-21,Subscription,High,1,Open,Positive
S9348,C13773,2026-07-11,Payment,High,19,Open,Neutral
S9349,C13773,2025-11-23,Billing,Low,3,Resolved,Positive
S9350,C13773,2026-06-21,Subscription,Medium,55,Resolved,Negative
S9351,C13773,2026-03-16,Login,High,48,Resolved,Negative
S9352,C13776,2025-12-11,Billing,Medium,71,Resolved,Negative
S9353,C13776,2026-06-19,Payment,High,36,Resolved,Neutral
S9354,C13776,2025-09-24,Technical,Medium,39,Resolved,Negative
S9355,C13776,2026-08-03,Technical,High,16,Resolved,Neutral
S9356,C13777,2026-01-20,Login,Low,16,Resolved,Neutral
S9357,C13777,2026-04-02,Subscription,Low,31,Resolved,Neutral
S9358,C13777,2026-08-06,Technical,High,65,Resolved,Negative
S9359,C13777,2026-03-24,Login,Medium,52,Resolved,Negative
S9360,C13778,2026-02-27,Billing,High,29,Open,Neutral
S9361,C13778,2026-07-01,Subscription,Medium,31,Resolved,Neutral
S9362,C13779,2025-09-02,Billing,High,6,Resolved,Positive
S9363,C13779,2025-12-06,Billing,Medium,44,Resolved,Negative
S9364,C13780,2026-08-03,Technical,Low,36,Open,Neutral
S9365,C13780,2026-04-26,Technical,Low,66,Resolved,Negative
S9366,C13781,2026-06-12,Subscription,Medium,70,Open,Negative
S9367,C13781,2026-08-06,Subscription,Low,63,Resolved,Negative
S9368,C13781,2025-10-05,Billing,Low,31,Open,Neutral
S9369,C13782,2026-04-08,Subscription,Low,72,Open,Negative
S9370,C13784,2025-11-16,Technical,Medium,29,Open,Neutral
S9371,C13785,2026-07-12,Subscription,High,33,Resolved,Neutral
S9372,C13785,2025-10-14,Billing,Medium,72,Resolved,Negative
S9373,C13785,2026-03-31,Technical,Medium,35,Resolved,Neutral
S9374,C13785,2026-05-11,Technical,Low,68,Resolved,Negative
S9375,C13786,2026-02-26,Billing,Low,45,Open,Negative
S9376,C13786,2025-11-24,Login,Low,52,Resolved,Negative
S9377,C13786,2025-10-20,Payment,High,15,Open,Neutral
S9378,C13786,2025-11-29,Technical,Low,44,Resolved,Negative
S9379,C13788,2026-06-14,Login,Low,65,Resolved,Negative
S9380,C13788,2025-11-13,Login,High,5,Resolved,Positive
S9381,C13788,2026-01-04,Payment,Low,53,Resolved,Negative
S9382,C13788,2025-10-09,Payment,High,9,Open,Positive
S9383,C13788,2026-04-08,Billing,Medium,23,Resolved,Neutral
S9384,C13789,2026-08-21,Subscription,High,19,Resolved,Neutral
S9385,C13789,2026-01-05,Technical,High,70,Resolved,Negative
S9386,C13789,2025-09-20,Technical,Low,58,Resolved,Negative
S9387,C13789,2026-04-26,Subscription,Low,6,Resolved,Positive
S9388,C13789,2026-02-07,Payment,High,56,Open,Negative
S9389,C13790,2025-10-24,Payment,Low,2,Resolved,Positive
S9390,C13791,2025-11-12,Payment,High,42,Resolved,Negative
S9391,C13791,2026-07-23,Billing,Medium,32,Open,Neutral
S9392,C13792,2025-12-04,Login,High,72,Resolved,Negative
S9393,C13794,2025-12-27,Payment,Low,24,Resolved,Neutral
S9394,C13794,2025-12-15,Subscription,Low,64,Resolved,Negative
S9395,C13794,2025-09-10,Technical,High,65,Resolved,Negative
S9396,C13795,2026-05-20,Login,Low,5,Resolved,Positive
S9397,C13795,2026-01-19,Technical,Low,1,Open,Positive
S9398,C13795,2026-07-30,Payment,High,5,Resolved,Positive
S9399,C13796,2026-06-17,Billing,High,46,Resolved,Negative
S9400,C13796,2026-06-09,Subscription,Medium,35,Open,Neutral
S9401,C13796,2026-04-08,Login,Low,55,Resolved,Negative
S9402,C13796,2026-06-22,Billing,Low,4,Resolved,Positive
S9403,C13797,2026-06-17,Payment,High,17,Open,Neutral
S9404,C13797,2026-06-18,Technical,Medium,9,Open,Positive
S9405,C13797,2026-06-06,Subscription,Low,35,Resolved,Neutral
S9406,C13798,2026-05-17,Technical,High,57,Resolved,Negative
S9407,C13798,2025-12-03,Technical,High,68,Resolved,Negative
S9408,C13798,2026-08-05,Technical,Low,72,Resolved,Negative
S9409,C13798,2026-04-02,Login,Low,8,Resolved,Positive
S9410,C13799,2026-06-11,Payment,High,11,Open,Positive
S9411,C13799,2026-04-27,Subscription,High,55,Open,Negative
S9412,C13799,2026-03-30,Payment,Low,55,Open,Negative
S9413,C13799,2025-11-30,Subscription,Low,44,Resolved,Negative
S9414,C13800,2025-12-03,Technical,Low,11,Resolved,Positive
S9415,C13800,2025-11-15,Payment,High,5,Resolved,Positive
S9416,C13800,2025-11-20,Payment,High,19,Open,Neutral
S9417,C13800,2026-02-20,Login,Low,67,Resolved,Negative
S9418,C13800,2026-05-21,Technical,High,13,Open,Neutral
S9419,C13802,2026-03-21,Payment,Low,60,Open,Negative
S9420,C13802,2026-03-07,Subscription,High,46,Resolved,Negative
S9421,C13802,2025-11-18,Payment,High,4,Resolved,Positive
S9422,C13802,2026-05-17,Payment,Low,65,Resolved,Negative
S9423,C13803,2026-05-13,Billing,High,45,Resolved,Negative
S9424,C13803,2025-11-28,Billing,High,60,Resolved,Negative
S9425,C13803,2026-01-04,Technical,High,71,Resolved,Negative
S9426,C13804,2026-06-16,Technical,Medium,31,Open,Neutral
S9427,C13804,2026-03-22,Payment,High,26,Resolved,Neutral
S9428,C13805,2025-09-22,Payment,Low,68,Open,Negative
S9429,C13805,2026-01-04,Billing,Low,11,Resolved,Positive
S9430,C13805,2026-07-20,Subscription,High,45,Resolved,Negative
S9431,C13805,2026-08-16,Subscription,High,24,Open,Neutral
S9432,C13807,2026-04-01,Payment,Medium,2,Open,Positive
S9433,C13807,2025-11-01,Login,High,22,Resolved,Neutral
S9434,C13807,2026-04-25,Technical,Low,66,Resolved,Negative
S9435,C13807,2026-05-02,Technical,Low,21,Resolved,Neutral
S9436,C13807,2026-07-19,Technical,High,12,Resolved,Positive
S9437,C13808,2026-07-11,Subscription,High,60,Resolved,Negative
S9438,C13808,2026-04-15,Billing,High,7,Resolved,Positive
S9439,C13808,2026-08-28,Payment,High,12,Resolved,Positive
S9440,C13809,2026-03-25,Subscription,Medium,10,Open,Positive
S9441,C13809,2026-04-21,Subscription,Medium,45,Open,Negative
S9442,C13809,2026-05-26,Subscription,High,11,Open,Positive
S9443,C13809,2026-01-09,Subscription,Low,32,Open,Neutral
S9444,C13809,2026-04-08,Subscription,High,9,Resolved,Positive
S9445,C13810,2026-06-17,Subscription,High,32,Open,Neutral
S9446,C13810,2026-03-14,Billing,High,71,Resolved,Negative
S9447,C13810,2025-09-26,Subscription,Medium,65,Resolved,Negative
S9448,C13810,2025-12-18,Payment,Medium,65,Resolved,Negative
S9449,C13810,2026-03-19,Subscription,Medium,66,Resolved,Negative
S9450,C13811,2026-03-27,Billing,Medium,23,Resolved,Neutral
S9451,C13811,2025-09-04,Subscription,High,11,Resolved,Positive
S9452,C13811,2026-01-03,Login,High,20,Resolved,Neutral
S9453,C13812,2026-04-26,Login,High,51,Open,Negative
S9454,C13812,2026-01-07,Login,Low,43,Open,Negative
S9455,C13812,2025-09-25,Subscription,High,1,Resolved,Positive
S9456,C13812,2026-01-13,Technical,High,45,Resolved,Negative
S9457,C13812,2026-01-10,Subscription,Low,48,Resolved,Negative
S9458,C13813,2026-02-06,Technical,Low,66,Open,Negative
S9459,C13816,2026-03-08,Billing,High,5,Resolved,Positive
S9460,C13816,2025-12-15,Subscription,Low,43,Resolved,Negative
S9461,C13816,2026-02-03,Subscription,Low,12,Open,Positive
S9462,C13816,2025-12-25,Subscription,High,14,Open,Neutral
S9463,C13817,2025-10-21,Technical,Medium,48,Resolved,Negative
S9464,C13817,2026-07-25,Payment,High,19,Open,Neutral
S9465,C13817,2026-08-07,Payment,Medium,62,Open,Negative
S9466,C13817,2025-11-10,Billing,High,47,Resolved,Negative
S9467,C13817,2026-02-26,Payment,Low,39,Open,Negative
S9468,C13818,2025-11-16,Login,Medium,11,Resolved,Positive
S9469,C13818,2025-09-20,Technical,High,43,Resolved,Negative
S9470,C13818,2025-09-14,Payment,Low,66,Open,Negative
S9471,C13818,2026-02-08,Billing,High,24,Open,Neutral
S9472,C13819,2025-12-02,Subscription,Low,37,Resolved,Negative
S9473,C13819,2026-01-30,Login,High,34,Resolved,Neutral
S9474,C13819,2025-12-22,Login,Low,11,Open,Positive
S9475,C13819,2026-02-26,Payment,High,18,Resolved,Neutral
S9476,C13819,2025-09-14,Billing,High,47,Resolved,Negative
S9477,C13821,2025-12-16,Billing,Low,14,Resolved,Neutral
S9478,C13821,2026-07-09,Technical,Medium,58,Resolved,Negative
S9479,C13822,2026-03-22,Payment,Medium,47,Resolved,Negative
S9480,C13822,2026-03-04,Technical,Low,20,Resolved,Neutral
S9481,C13824,2025-09-23,Technical,Low,36,Resolved,Neutral
S9482,C13824,2025-12-23,Billing,High,18,Resolved,Neutral
S9483,C13824,2026-07-21,Billing,Low,43,Open,Negative
S9484,C13824,2025-10-24,Login,High,47,Resolved,Negative
S9485,C13825,2026-03-24,Login,Low,51,Open,Negative
S9486,C13825,2026-08-20,Technical,Low,15,Open,Neutral
S9487,C13825,2026-05-01,Billing,High,23,Resolved,Neutral
S9488,C13825,2025-09-17,Billing,Medium,55,Open,Negative
S9489,C13826,2025-12-14,Technical,High,23,Resolved,Neutral
S9490,C13826,2026-08-25,Subscription,High,48,Open,Negative
S9491,C13826,2026-05-17,Login,Medium,37,Resolved,Negative
S9492,C13826,2026-03-29,Payment,High,66,Open,Negative
S9493,C13826,2026-08-14,Login,Low,66,Resolved,Negative
S9494,C13828,2026-04-24,Technical,High,30,Resolved,Neutral
S9495,C13828,2025-10-12,Login,Low,39,Resolved,Negative
S9496,C13828,2026-04-22,Subscription,High,64,Resolved,Negative
S9497,C13828,2025-10-24,Payment,Medium,29,Resolved,Neutral
S9498,C13828,2026-04-28,Billing,Low,12,Open,Positive
S9499,C13830,2025-12-22,Technical,High,1,Resolved,Positive
S9500,C13831,2026-08-16,Payment,Low,64,Resolved,Negative
S9501,C13831,2026-05-02,Login,High,48,Resolved,Negative
S9502,C13831,2025-12-13,Subscription,Low,70,Open,Negative
S9503,C13831,2026-02-19,Billing,Low,31,Resolved,Neutral
S9504,C13833,2026-02-10,Subscription,High,35,Open,Neutral
S9505,C13834,2025-11-22,Login,Medium,20,Resolved,Neutral
S9506,C13834,2025-11-14,Subscription,High,14,Resolved,Neutral
S9507,C13834,2026-05-04,Subscription,Medium,37,Resolved,Negative
S9508,C13834,2026-05-13,Payment,Low,3,Resolved,Positive
S9509,C13834,2026-02-23,Payment,Low,67,Resolved,Negative
S9510,C13835,2026-03-08,Subscription,High,40,Open,Negative
S9511,C13836,2026-06-26,Login,High,47,Resolved,Negative
S9512,C13836,2026-04-21,Subscription,Low,67,Resolved,Negative
S9513,C13837,2026-04-10,Subscription,High,48,Open,Negative
S9514,C13837,2026-08-08,Login,Medium,1,Open,Positive
S9515,C13837,2025-12-02,Subscription,High,30,Resolved,Neutral
S9516,C13837,2026-03-17,Subscription,Low,48,Resolved,Negative
S9517,C13837,2025-09-07,Payment,High,34,Resolved,Neutral
S9518,C13838,2026-08-27,Billing,Low,37,Resolved,Negative
S9519,C13838,2025-12-07,Subscription,Low,25,Resolved,Neutral
S9520,C13838,2026-06-29,Payment,High,34,Resolved,Neutral
S9521,C13840,2026-02-21,Login,High,70,Resolved,Negative
S9522,C13840,2026-07-01,Payment,High,48,Resolved,Negative
S9523,C13840,2025-09-15,Subscription,High,50,Resolved,Negative
S9524,C13840,2025-10-14,Login,Low,6,Resolved,Positive
S9525,C13840,2025-12-03,Subscription,Medium,19,Resolved,Neutral
S9526,C13842,2026-07-23,Subscription,Medium,14,Open,Neutral
S9527,C13842,2025-09-03,Billing,Medium,3,Open,Positive
S9528,C13842,2025-11-16,Payment,Low,72,Open,Negative
S9529,C13843,2026-02-23,Subscription,High,63,Open,Negative
S9530,C13843,2026-02-13,Login,Low,7,Resolved,Positive
S9531,C13844,2026-07-31,Login,Medium,55,Resolved,Negative
S9532,C13844,2025-09-04,Billing,Medium,36,Resolved,Neutral
S9533,C13844,2026-08-21,Billing,Low,38,Resolved,Negative
S9534,C13845,2025-12-13,Payment,High,47,Resolved,Negative
S9535,C13845,2026-04-17,Technical,Low,45,Open,Negative
S9536,C13846,2025-10-12,Login,High,19,Resolved,Neutral
S9537,C13846,2026-04-15,Payment,Low,18,Open,Neutral
S9538,C13846,2026-08-14,Payment,Low,43,Open,Negative
S9539,C13846,2025-10-08,Subscription,Low,62,Resolved,Negative
S9540,C13849,2026-06-13,Billing,Medium,4,Resolved,Positive
S9541,C13849,2026-03-10,Login,Medium,1,Resolved,Positive
S9542,C13850,2026-04-18,Billing,Low,11,Resolved,Positive
S9543,C13850,2026-04-07,Subscription,High,46,Resolved,Negative
S9544,C13850,2026-02-28,Payment,Medium,23,Resolved,Neutral
S9545,C13852,2025-09-08,Technical,Low,6,Resolved,Positive
S9546,C13853,2026-07-02,Subscription,Medium,3,Open,Positive
S9547,C13853,2026-01-06,Technical,Medium,70,Open,Negative
S9548,C13853,2026-02-23,Billing,Low,5,Resolved,Positive
S9549,C13853,2026-04-13,Technical,Medium,24,Resolved,Neutral
S9550,C13853,2026-08-13,Login,Low,9,Resolved,Positive
S9551,C13855,2026-07-25,Billing,Low,11,Resolved,Positive
S9552,C13855,2026-05-19,Billing,Low,40,Resolved,Negative
S9553,C13855,2026-02-20,Subscription,High,29,Resolved,Neutral
S9554,C13855,2025-11-23,Payment,Medium,11,Open,Positive
S9555,C13856,2025-10-08,Technical,Low,33,Open,Neutral
S9556,C13856,2025-09-07,Billing,Medium,53,Resolved,Negative
S9557,C13856,2026-03-14,Payment,Low,27,Open,Neutral
S9558,C13859,2025-09-20,Payment,Low,71,Resolved,Negative
S9559,C13859,2026-06-11,Technical,High,8,Resolved,Positive
S9560,C13859,2025-11-06,Billing,Low,38,Open,Negative
S9561,C13859,2026-03-08,Login,High,38,Open,Negative
S9562,C13859,2026-06-15,Subscription,High,21,Resolved,Neutral
S9563,C13860,2025-09-27,Login,Low,65,Open,Negative
S9564,C13860,2025-11-27,Subscription,Low,9,Resolved,Positive
S9565,C13860,2026-02-10,Payment,Medium,1,Resolved,Positive
S9566,C13860,2025-11-03,Payment,Low,47,Resolved,Negative
S9567,C13861,2026-07-15,Billing,Medium,71,Open,Negative
S9568,C13861,2026-08-02,Billing,Low,18,Resolved,Neutral
S9569,C13861,2025-11-09,Payment,High,23,Resolved,Neutral
S9570,C13861,2026-08-18,Billing,Low,58,Resolved,Negative
S9571,C13861,2026-01-01,Technical,Medium,17,Resolved,Neutral
S9572,C13862,2026-01-20,Login,Medium,17,Resolved,Neutral
S9573,C13863,2026-03-07,Payment,Medium,69,Open,Negative
S9574,C13863,2026-03-21,Billing,Medium,3,Resolved,Positive
S9575,C13863,2025-12-18,Subscription,High,69,Resolved,Negative
S9576,C13864,2025-09-27,Technical,Low,33,Open,Neutral
S9577,C13864,2026-04-06,Payment,Medium,9,Open,Positive
S9578,C13864,2025-09-03,Technical,Medium,36,Resolved,Neutral
S9579,C13864,2025-12-05,Payment,Low,9,Open,Positive
S9580,C13865,2025-10-27,Subscription,Medium,49,Resolved,Negative
S9581,C13865,2025-10-19,Technical,Low,68,Open,Negative
S9582,C13867,2025-10-21,Payment,High,37,Open,Negative
S9583,C13867,2025-09-28,Billing,Medium,11,Resolved,Positive
S9584,C13867,2025-10-15,Subscription,Medium,56,Resolved,Negative
S9585,C13868,2025-11-24,Billing,High,61,Resolved,Negative
S9586,C13868,2026-07-17,Login,High,3,Resolved,Positive
S9587,C13868,2026-05-28,Payment,High,14,Resolved,Neutral
S9588,C13869,2026-03-15,Payment,Medium,65,Resolved,Negative
S9589,C13869,2026-03-16,Billing,Medium,27,Resolved,Neutral
S9590,C13869,2026-02-12,Technical,Low,34,Resolved,Neutral
S9591,C13870,2026-04-27,Technical,Medium,11,Open,Positive
S9592,C13871,2026-05-06,Billing,Low,17,Resolved,Neutral
S9593,C13871,2026-08-19,Billing,Low,68,Resolved,Negative
S9594,C13871,2026-06-16,Technical,Medium,61,Resolved,Negative
S9595,C13871,2025-09-26,Billing,Low,14,Open,Neutral
S9596,C13873,2026-04-03,Billing,Low,52,Resolved,Negative
S9597,C13873,2026-02-04,Technical,Medium,5,Open,Positive
S9598,C13874,2026-02-15,Login,High,64,Resolved,Negative
S9599,C13874,2026-08-02,Subscription,High,8,Resolved,Positive
S9600,C13874,2025-09-11,Payment,Low,21,Resolved,Neutral
S9601,C13874,2026-08-08,Technical,Medium,25,Resolved,Neutral
S9602,C13875,2026-03-02,Subscription,High,8,Open,Positive
S9603,C13875,2025-09-05,Subscription,Low,3,Resolved,Positive
S9604,C13875,2026-04-27,Technical,Low,45,Resolved,Negative
S9605,C13875,2026-07-05,Payment,Low,30,Resolved,Neutral
S9606,C13875,2025-12-28,Subscription,Low,54,Open,Negative
S9607,C13876,2025-09-30,Subscription,Low,72,Resolved,Negative
S9608,C13876,2026-05-26,Subscription,Low,27,Resolved,Neutral
S9609,C13877,2026-06-19,Billing,Medium,12,Open,Positive
S9610,C13877,2026-04-13,Subscription,High,42,Resolved,Negative
S9611,C13877,2026-01-02,Login,Low,43,Resolved,Negative
S9612,C13877,2026-03-11,Login,High,13,Resolved,Neutral
S9613,C13878,2025-10-31,Login,Low,30,Open,Neutral
S9614,C13879,2026-06-25,Technical,Medium,44,Resolved,Negative
S9615,C13879,2025-12-07,Login,Medium,1,Resolved,Positive
S9616,C13879,2025-10-04,Billing,High,5,Open,Positive
S9617,C13879,2026-08-24,Billing,Medium,62,Open,Negative
S9618,C13881,2026-02-06,Billing,Low,18,Resolved,Neutral
S9619,C13881,2026-04-04,Billing,High,40,Resolved,Negative
S9620,C13882,2026-01-10,Login,High,24,Resolved,Neutral
S9621,C13882,2026-06-15,Subscription,Low,19,Resolved,Neutral
S9622,C13882,2026-03-16,Billing,High,30,Resolved,Neutral
S9623,C13882,2026-05-14,Login,Medium,56,Resolved,Negative
S9624,C13883,2026-05-05,Login,Low,46,Resolved,Negative
S9625,C13884,2025-12-08,Payment,High,15,Resolved,Neutral
S9626,C13884,2026-01-14,Login,High,48,Resolved,Negative
S9627,C13884,2026-05-28,Subscription,Medium,48,Open,Negative
S9628,C13884,2026-07-05,Login,Medium,52,Resolved,Negative
S9629,C13885,2025-11-20,Technical,Medium,7,Resolved,Positive
S9630,C13886,2026-06-08,Subscription,High,40,Resolved,Negative
S9631,C13886,2026-01-29,Technical,Low,13,Resolved,Neutral
S9632,C13886,2026-04-08,Subscription,Low,19,Resolved,Neutral
S9633,C13886,2026-03-16,Login,High,38,Resolved,Negative
S9634,C13886,2026-05-14,Subscription,Low,38,Resolved,Negative
S9635,C13887,2025-09-28,Billing,Low,42,Open,Negative
S9636,C13887,2026-05-01,Billing,High,2,Resolved,Positive
S9637,C13887,2025-09-15,Billing,Medium,35,Open,Neutral
S9638,C13887,2026-08-30,Technical,High,22,Open,Neutral
S9639,C13887,2026-01-13,Technical,Medium,29,Resolved,Neutral
S9640,C13888,2025-11-16,Subscription,Medium,34,Resolved,Neutral
S9641,C13888,2026-06-10,Payment,Medium,9,Open,Positive
S9642,C13889,2026-08-04,Billing,High,14,Resolved,Neutral
S9643,C13889,2025-12-29,Billing,High,58,Resolved,Negative
S9644,C13889,2025-09-03,Payment,Medium,34,Open,Neutral
S9645,C13890,2026-01-19,Subscription,Medium,12,Resolved,Positive
S9646,C13890,2025-11-25,Technical,High,44,Open,Negative
S9647,C13890,2025-12-23,Payment,High,53,Resolved,Negative
S9648,C13890,2026-03-11,Login,High,22,Open,Neutral
S9649,C13891,2026-07-23,Technical,High,3,Resolved,Positive
S9650,C13891,2025-12-20,Technical,Low,28,Resolved,Neutral
S9651,C13891,2026-04-09,Subscription,Medium,23,Resolved,Neutral
S9652,C13891,2025-11-09,Payment,Low,15,Resolved,Neutral
S9653,C13891,2026-08-14,Login,High,44,Resolved,Negative
S9654,C13892,2026-07-16,Technical,Low,49,Open,Negative
S9655,C13892,2026-05-06,Billing,Low,10,Resolved,Positive
S9656,C13892,2026-07-17,Technical,Low,44,Resolved,Negative
S9657,C13892,2026-07-10,Subscription,Low,29,Resolved,Neutral
S9658,C13893,2025-11-21,Payment,High,60,Open,Negative
S9659,C13893,2025-09-16,Technical,High,13,Resolved,Neutral
S9660,C13893,2026-05-24,Billing,Low,48,Resolved,Negative
S9661,C13893,2026-03-28,Payment,Low,18,Resolved,Neutral
S9662,C13893,2025-09-25,Payment,Low,67,Resolved,Negative
S9663,C13894,2026-06-25,Login,High,3,Open,Positive
S9664,C13894,2025-09-19,Login,High,5,Resolved,Positive
S9665,C13894,2026-03-01,Payment,Low,17,Resolved,Neutral
S9666,C13894,2026-06-08,Billing,Low,66,Resolved,Negative
S9667,C13894,2026-04-29,Payment,Medium,67,Resolved,Negative
S9668,C13895,2026-04-14,Subscription,Low,19,Open,Neutral
S9669,C13895,2026-08-16,Login,Low,27,Open,Neutral
S9670,C13895,2026-07-03,Technical,Medium,67,Open,Negative
S9671,C13896,2026-07-25,Billing,Medium,17,Resolved,Neutral
S9672,C13896,2025-11-29,Payment,Medium,10,Resolved,Positive
S9673,C13896,2025-12-13,Billing,High,47,Resolved,Negative
S9674,C13897,2026-01-15,Login,High,33,Resolved,Neutral
S9675,C13897,2026-02-04,Technical,Low,68,Resolved,Negative
S9676,C13897,2026-01-16,Login,High,24,Resolved,Neutral
S9677,C13897,2025-09-27,Payment,High,29,Resolved,Neutral
S9678,C13898,2026-08-03,Subscription,Low,43,Resolved,Negative
S9679,C13898,2025-11-26,Payment,Medium,30,Resolved,Neutral
S9680,C13899,2026-04-17,Billing,Medium,71,Open,Negative
S9681,C13900,2026-05-16,Login,Medium,49,Open,Negative
S9682,C13900,2025-09-10,Billing,High,7,Resolved,Positive
S9683,C13902,2026-07-22,Payment,Medium,32,Resolved,Neutral
S9684,C13902,2026-03-01,Technical,Low,68,Resolved,Negative
S9685,C13902,2026-05-17,Subscription,Medium,30,Resolved,Neutral
S9686,C13902,2025-11-04,Payment,Medium,18,Open,Neutral
S9687,C13902,2026-01-28,Login,Medium,26,Resolved,Neutral
S9688,C13903,2026-02-23,Technical,High,33,Open,Neutral
S9689,C13904,2026-07-19,Technical,Medium,67,Open,Negative
S9690,C13905,2025-12-25,Billing,High,30,Open,Neutral
S9691,C13906,2026-07-28,Billing,High,32,Open,Neutral
S9692,C13906,2026-05-15,Technical,High,13,Resolved,Neutral
S9693,C13906,2026-07-22,Payment,Low,30,Resolved,Neutral
S9694,C13906,2026-01-03,Payment,Medium,39,Open,Negative
S9695,C13907,2026-07-25,Billing,Low,47,Open,Negative
S9696,C13907,2025-12-05,Billing,Low,71,Open,Negative
S9697,C13907,2026-06-11,Subscription,Low,63,Open,Negative
S9698,C13907,2025-11-26,Billing,High,65,Resolved,Negative
S9699,C13908,2026-04-26,Technical,Medium,25,Resolved,Neutral
S9700,C13908,2026-01-23,Subscription,Low,33,Open,Neutral
S9701,C13908,2025-10-21,Billing,Low,44,Resolved,Negative
S9702,C13908,2026-01-01,Billing,Low,10,Resolved,Positive
S9703,C13909,2026-06-09,Billing,Low,58,Open,Negative
S9704,C13910,2026-04-10,Subscription,Low,63,Resolved,Negative
S9705,C13912,2026-04-18,Login,High,55,Resolved,Negative
S9706,C13912,2026-04-07,Technical,High,44,Resolved,Negative
S9707,C13912,2025-09-30,Login,High,40,Resolved,Negative
S9708,C13913,2026-02-18,Billing,Medium,44,Resolved,Negative
S9709,C13913,2026-08-04,Payment,High,47,Open,Negative
S9710,C13913,2026-04-01,Payment,Medium,25,Open,Neutral
S9711,C13914,2026-07-24,Billing,Low,7,Resolved,Positive
S9712,C13916,2025-09-11,Subscription,Low,50,Open,Negative
S9713,C13917,2026-05-11,Billing,Medium,3,Open,Positive
S9714,C13917,2026-06-04,Login,Low,30,Open,Neutral
S9715,C13918,2026-08-15,Login,High,41,Resolved,Negative
S9716,C13918,2025-11-09,Login,High,13,Resolved,Neutral
S9717,C13918,2026-03-05,Login,Medium,6,Resolved,Positive
S9718,C13918,2025-10-08,Technical,Medium,64,Resolved,Negative
S9719,C13918,2026-01-01,Subscription,Low,11,Resolved,Positive
S9720,C13919,2025-11-11,Payment,Low,6,Resolved,Positive
S9721,C13920,2026-08-04,Billing,Low,59,Open,Negative
S9722,C13920,2025-10-23,Payment,Low,23,Open,Neutral
S9723,C13920,2026-02-22,Payment,High,39,Resolved,Negative
S9724,C13920,2025-11-30,Billing,Medium,47,Open,Negative
S9725,C13920,2026-03-06,Subscription,Medium,65,Open,Negative
S9726,C13922,2026-07-29,Payment,High,16,Resolved,Neutral
S9727,C13922,2026-07-30,Login,High,71,Open,Negative
S9728,C13923,2026-05-30,Billing,Medium,44,Open,Negative
S9729,C13924,2025-11-01,Subscription,High,55,Resolved,Negative
S9730,C13924,2026-06-10,Billing,High,51,Open,Negative
S9731,C13924,2025-10-24,Subscription,Medium,60,Open,Negative
S9732,C13924,2026-08-19,Login,Low,8,Resolved,Positive
S9733,C13924,2026-02-07,Payment,Low,57,Resolved,Negative
S9734,C13925,2025-11-16,Technical,Low,69,Open,Negative
S9735,C13925,2026-08-16,Billing,Low,35,Resolved,Neutral
S9736,C13925,2026-06-22,Technical,Medium,5,Open,Positive
S9737,C13925,2026-03-24,Subscription,High,42,Resolved,Negative
S9738,C13926,2026-02-10,Technical,High,29,Open,Neutral
S9739,C13926,2025-10-13,Payment,Low,9,Resolved,Positive
S9740,C13926,2026-08-29,Payment,High,64,Resolved,Negative
S9741,C13927,2026-02-28,Subscription,High,68,Open,Negative
S9742,C13927,2025-10-12,Technical,High,28,Open,Neutral
S9743,C13928,2026-01-25,Technical,Medium,72,Resolved,Negative
S9744,C13928,2026-04-06,Payment,Medium,17,Open,Neutral
S9745,C13928,2025-09-24,Login,High,14,Resolved,Neutral
S9746,C13930,2025-11-13,Payment,Low,4,Open,Positive
S9747,C13931,2026-06-20,Subscription,Medium,20,Resolved,Neutral
S9748,C13931,2026-04-01,Billing,Low,32,Resolved,Neutral
S9749,C13931,2026-07-20,Billing,Low,63,Resolved,Negative
S9750,C13931,2025-11-12,Subscription,High,68,Resolved,Negative
S9751,C13932,2026-01-09,Subscription,Low,10,Resolved,Positive
S9752,C13932,2026-03-23,Login,Low,54,Open,Negative
S9753,C13932,2025-10-10,Login,Low,15,Resolved,Neutral
S9754,C13932,2026-07-02,Technical,Medium,63,Resolved,Negative
S9755,C13932,2026-03-10,Billing,Medium,10,Open,Positive
S9756,C13933,2026-03-15,Technical,High,71,Resolved,Negative
S9757,C13933,2025-10-06,Login,Medium,71,Resolved,Negative
S9758,C13933,2025-09-11,Technical,Medium,32,Open,Neutral
S9759,C13934,2026-06-29,Subscription,High,6,Open,Positive
S9760,C13934,2026-01-17,Subscription,Low,57,Resolved,Negative
S9761,C13934,2025-10-29,Subscription,Medium,8,Resolved,Positive
S9762,C13934,2025-12-24,Payment,Medium,49,Open,Negative
S9763,C13935,2026-05-08,Billing,Low,31,Resolved,Neutral
S9764,C13935,2026-01-02,Payment,High,34,Resolved,Neutral
S9765,C13935,2025-09-04,Login,High,38,Resolved,Negative
S9766,C13935,2025-11-12,Login,High,16,Resolved,Neutral
S9767,C13936,2025-12-30,Billing,Medium,48,Resolved,Negative
S9768,C13936,2026-02-23,Subscription,Medium,15,Open,Neutral
S9769,C13936,2026-08-30,Payment,High,15,Open,Neutral
S9770,C13937,2026-05-07,Login,Medium,45,Open,Negative
S9771,C13937,2026-03-26,Login,High,69,Resolved,Negative
S9772,C13937,2025-11-21,Payment,High,69,Resolved,Negative
S9773,C13937,2026-01-20,Payment,Low,4,Resolved,Positive
S9774,C13938,2025-12-29,Subscription,High,5,Resolved,Positive
S9775,C13938,2025-11-08,Subscription,Medium,46,Open,Negative
S9776,C13938,2025-09-27,Billing,Low,33,Resolved,Neutral
S9777,C13938,2026-06-18,Billing,High,56,Open,Negative
S9778,C13938,2025-10-15,Login,High,8,Resolved,Positive
S9779,C13939,2026-08-29,Billing,Medium,49,Resolved,Negative
S9780,C13939,2026-05-31,Subscription,Low,36,Resolved,Neutral
S9781,C13939,2026-08-05,Technical,Low,51,Open,Negative
S9782,C13941,2025-11-16,Billing,Medium,7,Open,Positive
S9783,C13941,2026-08-08,Login,Low,27,Open,Neutral
S9784,C13941,2026-05-11,Technical,Low,24,Resolved,Neutral
S9785,C13941,2026-06-29,Billing,Low,15,Open,Neutral
S9786,C13941,2026-05-02,Subscription,Medium,16,Open,Neutral
S9787,C13942,2026-01-09,Login,Low,63,Open,Negative
S9788,C13942,2026-03-02,Billing,Medium,26,Open,Neutral
S9789,C13943,2026-04-28,Payment,Low,48,Open,Negative
S9790,C13943,2026-07-04,Payment,Medium,17,Resolved,Neutral
S9791,C13944,2026-01-31,Billing,High,1,Open,Positive
S9792,C13945,2025-10-05,Subscription,High,67,Resolved,Negative
S9793,C13946,2025-12-29,Subscription,Low,6,Open,Positive
S9794,C13946,2025-12-10,Billing,Medium,36,Resolved,Neutral
S9795,C13946,2025-12-24,Login,Medium,12,Resolved,Positive
S9796,C13946,2025-09-08,Subscription,Medium,65,Resolved,Negative
S9797,C13947,2025-09-23,Login,Medium,53,Open,Negative
S9798,C13947,2026-01-05,Login,Medium,23,Resolved,Neutral
S9799,C13949,2026-02-24,Payment,Medium,35,Open,Neutral
S9800,C13949,2026-04-14,Subscription,Low,28,Resolved,Neutral
S9801,C13949,2026-04-08,Payment,Low,53,Resolved,Negative
S9802,C13950,2026-03-08,Technical,High,24,Open,Neutral
S9803,C13951,2026-04-22,Payment,High,20,Open,Neutral
S9804,C13951,2026-04-01,Subscription,Low,39,Open,Negative
S9805,C13951,2025-12-26,Billing,High,49,Resolved,Negative
S9806,C13952,2025-11-24,Payment,Medium,30,Resolved,Neutral
S9807,C13953,2025-10-02,Payment,Low,68,Open,Negative
S9808,C13954,2026-08-08,Technical,Medium,64,Open,Negative
S9809,C13954,2026-01-10,Subscription,Low,17,Open,Neutral
S9810,C13954,2025-11-05,Technical,Medium,35,Resolved,Neutral
S9811,C13955,2025-11-02,Subscription,Low,57,Open,Negative
S9812,C13955,2026-03-07,Subscription,Medium,53,Open,Negative
S9813,C13955,2026-06-03,Login,High,68,Resolved,Negative
S9814,C13955,2026-04-29,Subscription,High,36,Resolved,Neutral
S9815,C13956,2025-10-02,Billing,Low,67,Resolved,Negative
S9816,C13957,2025-10-12,Billing,Medium,21,Resolved,Neutral
S9817,C13957,2025-09-05,Subscription,Low,47,Open,Negative
S9818,C13957,2026-05-21,Billing,Medium,57,Resolved,Negative
S9819,C13957,2026-02-28,Billing,Low,39,Resolved,Negative
S9820,C13958,2025-12-27,Payment,High,43,Open,Negative
S9821,C13958,2026-02-15,Technical,Medium,3,Resolved,Positive
S9822,C13958,2026-01-14,Payment,High,18,Resolved,Neutral
S9823,C13958,2026-01-10,Technical,Medium,23,Resolved,Neutral
S9824,C13958,2026-08-30,Subscription,High,63,Resolved,Negative
S9825,C13959,2025-09-15,Login,Medium,3,Resolved,Positive
S9826,C13960,2026-02-04,Payment,Low,21,Open,Neutral
S9827,C13960,2026-01-21,Login,Medium,33,Resolved,Neutral
S9828,C13960,2026-06-23,Billing,High,47,Open,Negative
S9829,C13961,2026-07-18,Subscription,Low,42,Resolved,Negative
S9830,C13961,2025-11-30,Login,Low,2,Resolved,Positive
S9831,C13961,2025-09-03,Subscription,Low,20,Open,Neutral
S9832,C13962,2025-11-08,Payment,Medium,42,Resolved,Negative
S9833,C13962,2026-05-12,Technical,Low,31,Resolved,Neutral
S9834,C13962,2026-08-02,Subscription,Low,33,Resolved,Neutral
S9835,C13962,2025-09-02,Subscription,Low,42,Open,Negative
S9836,C13962,2025-09-09,Technical,Low,2,Resolved,Positive
S9837,C13963,2026-02-11,Login,Low,34,Open,Neutral
S9838,C13963,2026-03-27,Subscription,High,50,Resolved,Negative
S9839,C13963,2026-06-17,Billing,Low,68,Resolved,Negative
S9840,C13964,2026-02-04,Subscription,Low,12,Open,Positive
S9841,C13964,2026-07-04,Billing,Low,9,Resolved,Positive
S9842,C13964,2026-01-12,Payment,High,52,Open,Negative
S9843,C13964,2026-05-11,Payment,Low,11,Resolved,Positive
S9844,C13965,2025-11-02,Login,Low,34,Resolved,Neutral
S9845,C13965,2025-11-12,Technical,Low,10,Open,Positive
S9846,C13965,2025-10-30,Technical,Low,47,Open,Negative
S9847,C13965,2025-09-19,Technical,High,22,Resolved,Neutral
S9848,C13966,2025-12-26,Payment,Low,31,Resolved,Neutral
S9849,C13966,2025-10-22,Login,High,32,Open,Neutral
S9850,C13966,2026-07-20,Login,Low,22,Resolved,Neutral
S9851,C13966,2025-09-08,Billing,Low,7,Resolved,Positive
S9852,C13966,2026-05-07,Subscription,High,17,Resolved,Neutral
S9853,C13967,2025-12-21,Technical,Low,59,Resolved,Negative
S9854,C13967,2025-11-01,Technical,High,43,Open,Negative
S9855,C13967,2025-10-27,Technical,Medium,54,Open,Negative
S9856,C13969,2026-08-09,Subscription,High,36,Resolved,Neutral
S9857,C13969,2025-12-17,Subscription,Medium,13,Resolved,Neutral
S9858,C13970,2026-02-27,Technical,High,14,Resolved,Neutral
S9859,C13970,2026-08-15,Login,High,17,Resolved,Neutral
S9860,C13970,2026-07-17,Billing,High,13,Open,Neutral
S9861,C13970,2025-09-03,Payment,High,57,Resolved,Negative
S9862,C13970,2025-12-10,Subscription,High,51,Open,Negative
S9863,C13971,2025-10-30,Technical,High,4,Open,Positive
S9864,C13971,2026-03-21,Payment,Medium,53,Resolved,Negative
S9865,C13971,2026-08-30,Technical,Medium,31,Open,Neutral
S9866,C13971,2025-12-24,Payment,Low,47,Resolved,Negative
S9867,C13972,2026-03-13,Payment,Low,8,Resolved,Positive
S9868,C13972,2025-12-31,Payment,High,4,Resolved,Positive
S9869,C13972,2025-09-18,Subscription,High,58,Resolved,Negative
S9870,C13972,2025-09-29,Subscription,Low,17,Resolved,Neutral
S9871,C13972,2025-11-17,Payment,Low,10,Open,Positive
S9872,C13974,2026-02-03,Login,Low,66,Resolved,Negative
S9873,C13974,2026-03-06,Login,Low,12,Open,Positive
S9874,C13974,2025-10-23,Billing,High,70,Resolved,Negative
S9875,C13975,2025-12-23,Payment,Low,24,Resolved,Neutral
S9876,C13975,2026-01-08,Payment,High,16,Open,Neutral
S9877,C13976,2025-09-07,Billing,High,66,Open,Negative
S9878,C13977,2026-04-05,Technical,High,42,Open,Negative
S9879,C13977,2026-04-26,Login,Low,18,Resolved,Neutral
S9880,C13977,2025-12-01,Payment,Medium,5,Resolved,Positive
S9881,C13977,2025-10-24,Billing,Low,22,Open,Neutral
S9882,C13977,2026-06-07,Payment,Medium,43,Resolved,Negative
S9883,C13979,2025-09-20,Technical,Low,64,Resolved,Negative
S9884,C13979,2026-07-25,Payment,High,27,Open,Neutral
S9885,C13981,2025-09-08,Payment,Low,57,Open,Negative
S9886,C13981,2026-03-24,Payment,High,1,Resolved,Positive
S9887,C13981,2026-01-01,Technical,High,5,Resolved,Positive
S9888,C13982,2026-08-13,Billing,Medium,62,Resolved,Negative
S9889,C13982,2026-06-14,Billing,High,70,Resolved,Negative
S9890,C13982,2026-05-25,Payment,Low,17,Resolved,Neutral
S9891,C13982,2026-04-01,Payment,Low,52,Resolved,Negative
S9892,C13982,2026-05-21,Subscription,Medium,69,Resolved,Negative
S9893,C13983,2026-07-16,Subscription,High,60,Open,Negative
S9894,C13983,2026-08-10,Billing,Low,19,Resolved,Neutral
S9895,C13984,2026-02-18,Billing,High,26,Resolved,Neutral
S9896,C13984,2026-01-03,Subscription,Low,6,Resolved,Positive
S9897,C13987,2025-10-26,Payment,Medium,67,Open,Negative
S9898,C13987,2025-09-25,Technical,High,3,Resolved,Positive
S9899,C13987,2026-08-07,Subscription,Medium,66,Open,Negative
S9900,C13987,2026-04-09,Subscription,Low,31,Resolved,Neutral
S9901,C13990,2025-11-26,Subscription,Medium,25,Resolved,Neutral
S9902,C13990,2025-11-01,Subscription,Medium,56,Resolved,Negative
S9903,C13991,2026-01-26,Subscription,Low,43,Resolved,Negative
S9904,C13991,2026-04-23,Login,Low,46,Open,Negative
S9905,C13991,2025-12-24,Payment,Medium,53,Resolved,Negative
S9906,C13992,2025-12-16,Subscription,Medium,52,Resolved,Negative
S9907,C13992,2026-05-14,Login,High,38,Open,Negative
S9908,C13993,2026-01-23,Billing,Low,9,Resolved,Positive
S9909,C13993,2025-12-27,Login,Medium,6,Resolved,Positive
S9910,C13993,2025-11-24,Login,Medium,29,Resolved,Neutral
S9911,C13993,2025-10-08,Billing,High,8,Resolved,Positive
S9912,C13994,2025-09-07,Billing,High,52,Open,Negative
S9913,C13994,2025-10-18,Login,High,66,Resolved,Negative
S9914,C13994,2026-04-16,Login,Low,15,Resolved,Neutral
S9915,C13994,2025-10-15,Technical,Low,24,Open,Neutral
S9916,C13994,2026-06-13,Technical,High,41,Resolved,Negative
S9917,C13995,2026-08-08,Technical,Medium,19,Resolved,Neutral
S9918,C13995,2026-08-25,Payment,Low,17,Resolved,Neutral
S9919,C13995,2025-10-22,Login,High,27,Open,Neutral
S9920,C13996,2025-09-10,Payment,Low,25,Open,Neutral
S9921,C13996,2026-04-07,Payment,High,58,Resolved,Negative
S9922,C13997,2026-03-09,Login,High,13,Open,Neutral
S9923,C13997,2026-02-16,Payment,Low,72,Resolved,Negative
S9924,C13997,2026-05-11,Billing,Low,68,Open,Negative
S9925,C13999,2026-01-10,Payment,Low,67,Resolved,Negative
S9926,C13999,2026-08-22,Payment,Medium,4,Resolved,Positive
S9927,C13999,2026-03-20,Technical,Low,52,Resolved,Negative
S9928,C13999,2025-11-22,Technical,Low,43,Resolved,Negative
S9929,C13999,2026-05-02,Payment,Low,18,Resolved,Neutral
S9930,C14000,2026-01-17,Billing,Low,55,Resolved,Negative
S9931,C14000,2026-03-10,Payment,Low,49,Resolved,Negative
S9932,C14000,2025-10-14,Billing,High,25,Resolved,Neutral
S9933,C14000,2026-05-08,Payment,Low,28,Resolved,Neutral
S9934,C14002,2026-05-30,Billing,High,58,Resolved,Negative
S9935,C14002,2026-08-21,Technical,Low,29,Resolved,Neutral
S9936,C14002,2026-08-10,Login,Medium,23,Resolved,Neutral
S9937,C14002,2026-03-01,Payment,High,2,Resolved,Positive
S9938,C14002,2026-08-11,Billing,Low,60,Resolved,Negative
S9939,C14003,2026-03-21,Subscription,Low,15,Open,Neutral
S9940,C14003,2026-06-23,Payment,Low,48,Open,Negative
S9941,C14003,2026-02-11,Technical,Medium,34,Resolved,Neutral
S9942,C14003,2025-10-22,Login,High,55,Open,Negative
S9943,C14003,2025-09-04,Payment,Medium,45,Resolved,Negative
S9944,C14005,2026-03-21,Payment,High,36,Open,Neutral
S9945,C14007,2026-06-14,Login,High,33,Resolved,Neutral
S9946,C14007,2026-04-18,Subscription,Low,8,Open,Positive
S9947,C14007,2025-11-05,Billing,Medium,66,Resolved,Negative
S9948,C14007,2026-02-24,Technical,Medium,59,Resolved,Negative
S9949,C14009,2026-04-12,Payment,Low,69,Resolved,Negative
S9950,C14009,2026-04-12,Payment,Medium,10,Open,Positive
S9951,C14009,2026-03-11,Subscription,Medium,46,Open,Negative
S9952,C14009,2026-04-27,Login,Medium,19,Resolved,Neutral
S9953,C14009,2025-11-13,Payment,Low,40,Resolved,Negative
S9954,C14010,2025-12-06,Technical,High,5,Resolved,Positive
S9955,C14010,2026-04-04,Technical,Medium,64,Open,Negative
S9956,C14010,2025-11-21,Subscription,Medium,40,Resolved,Negative
S9957,C14010,2025-11-06,Login,Medium,71,Resolved,Negative
S9958,C14010,2026-04-09,Subscription,Low,61,Resolved,Negative
S9959,C14011,2025-12-06,Login,High,33,Open,Neutral
S9960,C14011,2026-03-20,Billing,Low,24,Resolved,Neutral
S9961,C14011,2025-09-06,Technical,High,70,Open,Negative
S9962,C14011,2026-03-10,Subscription,Low,51,Resolved,Negative
S9963,C14012,2025-12-11,Subscription,Low,47,Open,Negative
S9964,C14012,2025-10-24,Technical,Low,17,Resolved,Neutral
S9965,C14012,2026-02-03,Payment,High,65,Resolved,Negative
S9966,C14012,2026-03-14,Billing,Medium,59,Resolved,Negative
S9967,C14012,2026-04-30,Technical,Medium,67,Resolved,Negative
S9968,C14013,2025-09-03,Subscription,Medium,8,Resolved,Positive
S9969,C14013,2025-10-16,Subscription,Medium,33,Open,Neutral
S9970,C14013,2026-02-20,Subscription,Medium,40,Resolved,Negative
S9971,C14014,2026-01-14,Login,High,56,Resolved,Negative
S9972,C14015,2025-09-23,Payment,Low,36,Resolved,Neutral
S9973,C14015,2025-10-07,Login,High,12,Resolved,Positive
S9974,C14015,2026-02-28,Technical,Low,56,Resolved,Negative
S9975,C14016,2026-03-04,Technical,Low,7,Resolved,Positive
S9976,C14016,2026-01-13,Payment,High,5,Resolved,Positive
S9977,C14016,2025-12-16,Login,Low,54,Open,Negative
S9978,C14016,2026-02-22,Technical,High,34,Resolved,Neutral
S9979,C14016,2026-07-25,Billing,Low,22,Open,Neutral
S9980,C14017,2026-01-13,Technical,High,18,Resolved,Neutral
S9981,C14017,2025-09-12,Subscription,Medium,59,Resolved,Negative
S9982,C14018,2025-11-24,Technical,High,53,Resolved,Negative
S9983,C14018,2026-05-08,Login,High,9,Open,Positive
S9984,C14018,2025-09-29,Billing,Low,42,Resolved,Negative
S9985,C14018,2026-02-09,Payment,High,31,Open,Neutral
S9986,C14018,2026-08-09,Subscription,High,32,Resolved,Neutral
S9987,C14019,2026-05-03,Technical,Medium,8,Resolved,Positive
S9988,C14020,2026-07-09,Technical,Low,10,Resolved,Positive
S9989,C14021,2026-05-27,Billing,High,59,Resolved,Negative
S9990,C14021,2026-07-24,Payment,High,39,Resolved,Negative
S9991,C14021,2026-06-19,Login,Medium,70,Open,Negative
S9992,C14021,2026-03-19,Billing,High,71,Open,Negative
S9993,C14021,2025-10-17,Technical,High,31,Resolved,Neutral
S9994,C14023,2026-01-16,Technical,High,65,Resolved,Negative
S9995,C14023,2026-02-24,Technical,Medium,44,Open,Negative
S9996,C14024,2025-11-13,Login,High,59,Resolved,Negative
S9997,C14025,2026-02-12,Billing,High,68,Resolved,Negative
S9998,C14025,2026-02-13,Login,Low,28,Open,Neutral
S9999,C14026,2025-12-29,Subscription,Low,15,Resolved,Neutral
S10000,C14026,2026-06-09,Login,High,19,Open,Neutral
S10001,C14026,2025-09-05,Subscription,Medium,18,Open,Neutral
S10002,C14026,2026-05-17,Payment,Low,24,Resolved,Neutral
S10003,C14028,2026-04-24,Billing,Low,68,Resolved,Negative
S10004,C14028,2026-06-13,Billing,High,42,Open,Negative
S10005,C14028,2026-02-09,Technical,Low,70,Resolved,Negative
S10006,C14028,2026-04-05,Billing,High,25,Resolved,Neutral
S10007,C14029,2025-09-02,Subscription,Medium,70,Open,Negative
S10008,C14029,2025-10-14,Subscription,Medium,72,Resolved,Negative
S10009,C14029,2025-11-07,Login,Low,71,Open,Negative
S10010,C14029,2025-09-10,Subscription,High,63,Open,Negative
S10011,C14030,2025-09-07,Login,Medium,6,Resolved,Positive
S10012,C14030,2025-11-20,Login,Low,29,Open,Neutral
S10013,C14030,2026-04-07,Subscription,Medium,15,Resolved,Neutral
S10014,C14030,2025-09-08,Billing,Low,1,Resolved,Positive
S10015,C14030,2026-08-01,Login,Low,53,Open,Negative
S10016,C14033,2026-03-24,Subscription,Medium,61,Open,Negative
S10017,C14033,2026-05-10,Subscription,Medium,30,Resolved,Neutral
S10018,C14034,2026-08-30,Billing,Medium,66,Open,Negative
S10019,C14034,2025-10-17,Billing,Medium,29,Open,Neutral
S10020,C14035,2026-05-30,Login,Medium,48,Open,Negative
S10021,C14035,2026-04-19,Billing,Low,53,Open,Negative
S10022,C14035,2026-02-25,Billing,High,62,Resolved,Negative
S10023,C14035,2026-06-10,Payment,Low,26,Resolved,Neutral
S10024,C14035,2025-09-22,Subscription,Medium,58,Resolved,Negative
S10025,C14036,2026-05-18,Billing,High,26,Resolved,Neutral
S10026,C14037,2025-12-28,Payment,Low,14,Open,Neutral
S10027,C14037,2026-02-19,Subscription,Medium,34,Open,Neutral
S10028,C14038,2026-02-04,Login,Medium,41,Resolved,Negative
S10029,C14038,2026-01-09,Technical,High,60,Open,Negative
S10030,C14038,2026-04-29,Payment,Medium,29,Resolved,Neutral
S10031,C14038,2026-01-07,Payment,Low,26,Resolved,Neutral
S10032,C14038,2025-12-24,Technical,Low,17,Resolved,Neutral
S10033,C14039,2026-08-05,Login,Medium,25,Resolved,Neutral
S10034,C14040,2025-12-21,Technical,High,65,Open,Negative
S10035,C14041,2026-08-13,Technical,Medium,67,Resolved,Negative
S10036,C14042,2025-09-14,Login,Medium,17,Resolved,Neutral
S10037,C14042,2026-04-04,Payment,High,64,Resolved,Negative
S10038,C14042,2026-03-28,Payment,High,21,Resolved,Neutral
S10039,C14043,2026-04-04,Billing,High,36,Resolved,Neutral
S10040,C14043,2026-03-13,Payment,Medium,47,Open,Negative
S10041,C14043,2026-01-08,Technical,Medium,31,Open,Neutral
S10042,C14043,2026-08-09,Technical,Low,52,Open,Negative
S10043,C14045,2025-09-04,Payment,Low,14,Open,Neutral
S10044,C14046,2025-11-15,Billing,Medium,5,Resolved,Positive
S10045,C14046,2026-07-08,Login,Medium,56,Open,Negative
S10046,C14048,2026-03-09,Billing,Medium,34,Open,Neutral
S10047,C14048,2025-11-02,Payment,Medium,69,Open,Negative
S10048,C14049,2025-09-26,Login,High,49,Resolved,Negative
S10049,C14050,2026-08-22,Subscription,Medium,26,Resolved,Neutral
S10050,C14050,2026-07-07,Login,High,22,Resolved,Neutral
S10051,C14050,2026-04-10,Subscription,Medium,1,Resolved,Positive
S10052,C14051,2025-11-18,Billing,Medium,3,Resolved,Positive
S10053,C14052,2025-09-10,Login,Low,11,Resolved,Positive
S10054,C14052,2025-12-28,Payment,Medium,26,Resolved,Neutral
S10055,C14053,2026-08-01,Billing,Low,11,Resolved,Positive
S10056,C14053,2025-10-05,Payment,High,62,Resolved,Negative
S10057,C14053,2026-04-03,Technical,Medium,24,Resolved,Neutral
S10058,C14053,2026-07-03,Subscription,High,28,Open,Neutral
S10059,C14054,2025-09-06,Technical,High,71,Resolved,Negative
S10060,C14055,2026-03-20,Payment,High,58,Resolved,Negative
S10061,C14055,2026-05-11,Billing,Medium,67,Open,Negative
S10062,C14055,2025-12-24,Technical,High,2,Open,Positive
S10063,C14056,2026-04-04,Payment,Medium,41,Resolved,Negative
S10064,C14056,2025-10-21,Subscription,Medium,1,Resolved,Positive
S10065,C14056,2026-04-15,Payment,Low,72,Open,Negative
S10066,C14056,2026-06-26,Technical,Medium,32,Resolved,Neutral
S10067,C14056,2026-02-05,Technical,Medium,21,Resolved,Neutral
S10068,C14057,2025-09-06,Payment,Medium,52,Open,Negative
S10069,C14057,2026-06-03,Technical,Low,38,Resolved,Negative
S10070,C14057,2026-06-03,Technical,Medium,38,Open,Negative
S10071,C14057,2025-12-19,Payment,Low,25,Resolved,Neutral
S10072,C14057,2026-02-10,Technical,High,48,Resolved,Negative
S10073,C14058,2025-10-30,Subscription,Low,17,Resolved,Neutral
S10074,C14058,2025-09-21,Billing,High,36,Resolved,Neutral
S10075,C14059,2026-07-12,Technical,Low,37,Open,Negative
S10076,C14060,2026-06-30,Billing,High,10,Resolved,Positive
S10077,C14061,2026-04-01,Payment,High,20,Open,Neutral
S10078,C14061,2026-03-12,Technical,High,56,Open,Negative
S10079,C14061,2025-11-29,Subscription,Medium,4,Open,Positive
S10080,C14061,2026-07-27,Login,High,64,Resolved,Negative
S10081,C14062,2026-04-01,Login,Medium,19,Resolved,Neutral
S10082,C14062,2025-12-27,Login,High,50,Resolved,Negative
S10083,C14062,2025-11-24,Login,Low,63,Resolved,Negative
S10084,C14062,2025-10-23,Subscription,Medium,52,Resolved,Negative
S10085,C14063,2025-11-04,Login,High,7,Resolved,Positive
S10086,C14063,2025-10-08,Login,High,30,Resolved,Neutral
S10087,C14063,2026-01-20,Login,Medium,45,Resolved,Negative
S10088,C14063,2026-06-23,Payment,Medium,13,Resolved,Neutral
S10089,C14064,2026-01-29,Payment,High,9,Resolved,Positive
S10090,C14065,2025-11-28,Login,High,47,Resolved,Negative
S10091,C14066,2026-07-03,Login,High,58,Resolved,Negative
S10092,C14067,2025-12-24,Payment,Medium,68,Resolved,Negative
S10093,C14067,2026-08-13,Billing,Low,59,Open,Negative
S10094,C14068,2025-11-16,Login,Medium,57,Resolved,Negative
S10095,C14068,2026-04-22,Technical,High,36,Open,Neutral
S10096,C14068,2026-08-08,Login,Medium,19,Resolved,Neutral
S10097,C14068,2026-06-03,Login,High,11,Resolved,Positive
S10098,C14071,2026-03-07,Billing,Low,27,Open,Neutral
S10099,C14071,2026-02-10,Payment,Medium,41,Resolved,Negative
S10100,C14072,2026-07-27,Billing,Medium,70,Open,Negative
S10101,C14072,2026-03-14,Subscription,Low,38,Resolved,Negative
S10102,C14073,2025-10-25,Billing,Medium,16,Open,Neutral
S10103,C14073,2026-05-02,Technical,Medium,71,Open,Negative
S10104,C14073,2026-01-14,Billing,Low,44,Resolved,Negative
S10105,C14073,2025-10-19,Payment,Medium,57,Resolved,Negative
S10106,C14073,2026-07-16,Technical,Low,36,Resolved,Neutral
S10107,C14074,2025-12-03,Payment,Medium,21,Open,Neutral
S10108,C14074,2026-03-15,Payment,Medium,21,Resolved,Neutral
S10109,C14074,2025-10-07,Login,High,30,Resolved,Neutral
S10110,C14074,2026-01-11,Technical,Low,36,Resolved,Neutral
S10111,C14074,2026-06-24,Login,High,7,Open,Positive
S10112,C14075,2025-12-18,Login,Medium,69,Resolved,Negative
S10113,C14075,2026-03-02,Login,Low,49,Open,Negative
S10114,C14075,2025-12-28,Technical,High,56,Resolved,Negative
S10115,C14075,2026-08-21,Login,High,33,Resolved,Neutral
S10116,C14075,2025-11-20,Payment,High,2,Resolved,Positive
S10117,C14077,2026-05-31,Technical,High,45,Resolved,Negative
S10118,C14077,2025-11-05,Subscription,Medium,40,Open,Negative
S10119,C14077,2026-07-03,Login,High,57,Open,Negative
S10120,C14077,2026-05-08,Technical,High,67,Resolved,Negative
S10121,C14078,2026-04-23,Billing,Medium,24,Open,Neutral
S10122,C14078,2026-04-20,Login,High,45,Open,Negative
S10123,C14078,2026-01-16,Technical,Low,62,Resolved,Negative
S10124,C14078,2026-01-04,Technical,Medium,30,Resolved,Neutral
S10125,C14079,2026-07-10,Payment,Medium,5,Resolved,Positive
S10126,C14080,2026-02-20,Subscription,Medium,49,Resolved,Negative
S10127,C14080,2026-01-15,Technical,Medium,34,Resolved,Neutral
S10128,C14080,2025-12-30,Subscription,High,30,Resolved,Neutral
S10129,C14080,2025-12-01,Login,Low,29,Open,Neutral
S10130,C14081,2026-07-03,Billing,Low,12,Resolved,Positive
S10131,C14081,2026-07-24,Technical,Medium,62,Open,Negative
S10132,C14081,2026-03-24,Technical,Low,24,Open,Neutral
S10133,C14082,2025-11-27,Subscription,High,66,Resolved,Negative
S10134,C14083,2026-01-18,Payment,High,51,Resolved,Negative
S10135,C14084,2025-09-12,Billing,High,49,Resolved,Negative
S10136,C14085,2026-02-16,Payment,High,4,Resolved,Positive
S10137,C14085,2026-08-19,Subscription,Low,5,Resolved,Positive
S10138,C14085,2026-01-11,Subscription,High,37,Resolved,Negative
S10139,C14085,2026-05-27,Technical,Low,8,Resolved,Positive
S10140,C14086,2026-08-27,Payment,Medium,43,Resolved,Negative
S10141,C14086,2025-12-07,Subscription,Medium,53,Resolved,Negative
S10142,C14086,2025-09-27,Billing,Medium,62,Resolved,Negative
S10143,C14086,2025-11-12,Payment,Medium,26,Resolved,Neutral
S10144,C14087,2026-07-04,Login,Low,26,Open,Neutral
S10145,C14087,2026-04-11,Technical,Medium,43,Resolved,Negative
S10146,C14087,2026-07-13,Subscription,Low,39,Resolved,Negative
S10147,C14088,2025-09-11,Subscription,Medium,54,Open,Negative
S10148,C14088,2026-08-14,Technical,Low,39,Resolved,Negative
S10149,C14088,2026-03-02,Login,Medium,67,Resolved,Negative
S10150,C14089,2026-05-06,Login,Medium,69,Open,Negative
S10151,C14089,2026-07-22,Payment,Medium,9,Open,Positive
S10152,C14090,2025-12-15,Billing,Medium,43,Open,Negative
S10153,C14090,2026-08-04,Billing,Medium,42,Open,Negative
S10154,C14090,2025-12-06,Subscription,Medium,60,Resolved,Negative
S10155,C14091,2025-12-05,Subscription,High,22,Open,Neutral
S10156,C14091,2025-10-19,Billing,Medium,21,Open,Neutral
S10157,C14091,2026-04-09,Technical,High,36,Resolved,Neutral
S10158,C14091,2026-03-07,Login,Low,18,Resolved,Neutral
S10159,C14091,2026-04-08,Payment,High,13,Resolved,Neutral
S10160,C14092,2025-10-21,Login,High,47,Open,Negative
S10161,C14092,2026-05-26,Payment,Medium,43,Resolved,Negative
S10162,C14092,2026-06-26,Payment,Low,60,Resolved,Negative
S10163,C14092,2025-09-01,Technical,Medium,33,Open,Neutral
S10164,C14093,2025-11-11,Login,High,11,Resolved,Positive
S10165,C14093,2026-08-13,Billing,High,33,Resolved,Neutral
S10166,C14094,2026-06-19,Login,Medium,8,Resolved,Positive
S10167,C14094,2025-10-23,Billing,Medium,7,Resolved,Positive
S10168,C14094,2026-08-29,Billing,Medium,16,Open,Neutral
S10169,C14094,2025-11-11,Technical,High,67,Resolved,Negative
S10170,C14095,2025-10-17,Login,Medium,53,Open,Negative
S10171,C14095,2026-06-26,Payment,Medium,43,Resolved,Negative
S10172,C14095,2025-10-26,Subscription,Medium,33,Open,Neutral
S10173,C14096,2025-11-30,Payment,Medium,44,Open,Negative
S10174,C14096,2026-05-21,Payment,Low,54,Open,Negative
S10175,C14096,2026-06-16,Login,Low,47,Resolved,Negative
S10176,C14096,2026-02-22,Subscription,Medium,57,Open,Negative
S10177,C14096,2026-08-12,Billing,Low,34,Open,Neutral
S10178,C14097,2026-05-13,Login,Medium,66,Resolved,Negative
S10179,C14098,2025-09-03,Payment,Medium,38,Open,Negative
S10180,C14098,2026-05-13,Technical,High,20,Resolved,Neutral
S10181,C14098,2025-11-28,Billing,High,63,Resolved,Negative
S10182,C14099,2025-10-30,Technical,High,41,Resolved,Negative
S10183,C14099,2026-05-04,Subscription,Low,51,Resolved,Negative
S10184,C14099,2026-07-13,Payment,High,71,Resolved,Negative
S10185,C14099,2026-05-10,Payment,Medium,25,Open,Neutral
S10186,C14100,2026-05-27,Billing,High,30,Resolved,Neutral
S10187,C14101,2025-10-23,Subscription,High,65,Open,Negative
S10188,C14101,2026-03-23,Technical,High,39,Open,Negative
S10189,C14101,2026-03-13,Payment,High,23,Resolved,Neutral
S10190,C14101,2026-03-26,Payment,High,57,Resolved,Negative
S10191,C14102,2026-04-23,Technical,High,8,Open,Positive
S10192,C14102,2026-06-08,Billing,High,7,Open,Positive
S10193,C14103,2026-03-03,Payment,High,10,Resolved,Positive
S10194,C14103,2026-07-05,Payment,High,9,Open,Positive
S10195,C14103,2025-09-22,Payment,Low,40,Open,Negative
S10196,C14105,2026-05-21,Payment,Low,14,Resolved,Neutral
S10197,C14105,2025-11-09,Payment,High,69,Resolved,Negative
S10198,C14105,2026-05-20,Payment,High,69,Resolved,Negative
S10199,C14107,2026-06-13,Login,Medium,9,Resolved,Positive
S10200,C14107,2026-02-15,Technical,High,10,Resolved,Positive
S10201,C14107,2025-09-11,Subscription,Low,33,Resolved,Neutral
S10202,C14107,2025-09-22,Subscription,Low,33,Resolved,Neutral
S10203,C14108,2026-05-04,Login,High,30,Open,Neutral
S10204,C14108,2026-01-14,Payment,Low,24,Resolved,Neutral
S10205,C14109,2025-10-23,Payment,Medium,22,Resolved,Neutral
S10206,C14109,2025-09-23,Technical,High,32,Open,Neutral
S10207,C14109,2026-02-11,Technical,High,46,Open,Negative
S10208,C14109,2026-07-25,Subscription,Medium,11,Resolved,Positive
S10209,C14109,2026-06-22,Technical,High,56,Resolved,Negative
S10210,C14110,2025-10-14,Billing,Low,45,Resolved,Negative
S10211,C14110,2025-09-11,Subscription,Low,66,Resolved,Negative
S10212,C14110,2026-06-20,Subscription,High,18,Resolved,Neutral
S10213,C14110,2026-07-21,Login,Low,54,Resolved,Negative
S10214,C14111,2026-03-22,Subscription,Low,64,Open,Negative
S10215,C14113,2025-12-20,Login,High,58,Resolved,Negative
S10216,C14113,2025-10-12,Payment,High,12,Open,Positive
S10217,C14114,2026-08-07,Technical,Low,58,Open,Negative
S10218,C14115,2025-09-09,Subscription,Low,51,Open,Negative
S10219,C14116,2026-07-11,Technical,Low,21,Resolved,Neutral
S10220,C14116,2026-07-09,Login,High,42,Resolved,Negative
S10221,C14116,2026-01-27,Technical,Low,59,Resolved,Negative
S10222,C14116,2026-06-22,Technical,High,67,Open,Negative
S10223,C14116,2026-04-14,Login,High,31,Resolved,Neutral
S10224,C14117,2026-08-19,Payment,High,30,Resolved,Neutral
S10225,C14117,2026-05-13,Payment,Low,43,Open,Negative
S10226,C14117,2026-05-26,Technical,High,71,Resolved,Negative
S10227,C14117,2026-03-11,Payment,Low,63,Open,Negative
S10228,C14117,2026-03-03,Billing,Medium,32,Resolved,Neutral
S10229,C14119,2026-05-24,Subscription,High,48,Resolved,Negative
S10230,C14120,2026-05-07,Billing,Medium,48,Open,Negative
S10231,C14120,2026-02-26,Subscription,High,33,Resolved,Neutral
S10232,C14120,2026-01-08,Subscription,Low,53,Open,Negative
S10233,C14122,2025-11-12,Technical,Medium,63,Resolved,Negative
S10234,C14122,2026-08-13,Subscription,Low,4,Resolved,Positive
S10235,C14122,2025-10-24,Login,Low,56,Open,Negative
S10236,C14122,2025-12-03,Technical,Medium,64,Resolved,Negative
S10237,C14122,2026-04-01,Subscription,High,34,Open,Neutral
S10238,C14123,2026-01-30,Billing,Low,48,Resolved,Negative
S10239,C14123,2025-11-13,Payment,Medium,63,Open,Negative
S10240,C14123,2026-05-16,Billing,Medium,16,Resolved,Neutral
S10241,C14123,2026-05-06,Payment,Low,1,Open,Positive
S10242,C14123,2026-03-07,Technical,High,17,Open,Neutral
S10243,C14125,2026-03-01,Subscription,Medium,58,Open,Negative
S10244,C14125,2025-11-18,Payment,High,55,Resolved,Negative
S10245,C14125,2026-08-24,Technical,Medium,67,Resolved,Negative
S10246,C14125,2026-02-03,Billing,Medium,20,Open,Neutral
S10247,C14126,2026-06-10,Payment,Medium,7,Resolved,Positive
S10248,C14127,2025-12-23,Technical,High,1,Resolved,Positive
S10249,C14129,2025-10-26,Login,Medium,56,Resolved,Negative
S10250,C14129,2025-10-15,Technical,High,21,Resolved,Neutral
S10251,C14129,2026-02-18,Payment,High,24,Resolved,Neutral
S10252,C14129,2026-03-31,Billing,Medium,67,Resolved,Negative
S10253,C14129,2026-01-07,Payment,High,12,Open,Positive
S10254,C14130,2026-06-03,Login,High,65,Resolved,Negative
S10255,C14130,2026-08-05,Billing,Medium,46,Resolved,Negative
S10256,C14131,2026-07-28,Billing,Low,38,Resolved,Negative
S10257,C14131,2026-05-14,Login,Medium,65,Resolved,Negative
S10258,C14131,2026-03-02,Payment,High,47,Open,Negative
S10259,C14133,2025-11-01,Billing,Low,65,Resolved,Negative
S10260,C14133,2026-07-30,Subscription,High,68,Open,Negative
S10261,C14133,2025-11-04,Subscription,Medium,13,Open,Neutral
S10262,C14133,2026-03-18,Payment,Low,18,Resolved,Neutral
S10263,C14133,2026-06-06,Technical,Low,5,Resolved,Positive
S10264,C14134,2026-05-16,Technical,High,32,Resolved,Neutral
S10265,C14134,2026-08-31,Payment,Low,18,Resolved,Neutral
S10266,C14134,2025-09-07,Login,High,44,Resolved,Negative
S10267,C14134,2026-07-12,Billing,Low,46,Resolved,Negative
S10268,C14134,2026-06-07,Payment,Low,39,Resolved,Negative
S10269,C14135,2025-12-12,Subscription,Medium,63,Resolved,Negative
S10270,C14135,2026-05-31,Subscription,Medium,40,Resolved,Negative
S10271,C14136,2026-05-28,Payment,High,1,Resolved,Positive
S10272,C14136,2025-11-25,Login,Medium,40,Resolved,Negative
S10273,C14136,2026-01-31,Subscription,Low,55,Resolved,Negative
S10274,C14136,2026-04-21,Billing,Medium,45,Resolved,Negative
S10275,C14136,2025-10-04,Technical,Low,39,Resolved,Negative
S10276,C14137,2026-02-17,Subscription,High,63,Open,Negative
S10277,C14137,2026-06-14,Billing,Low,71,Resolved,Negative
S10278,C14137,2025-12-23,Payment,Low,8,Resolved,Positive
S10279,C14137,2026-07-20,Billing,Low,22,Resolved,Neutral
S10280,C14138,2025-11-11,Subscription,High,27,Resolved,Neutral
S10281,C14138,2026-06-13,Billing,Low,59,Resolved,Negative
S10282,C14138,2025-11-21,Technical,Low,46,Open,Negative
S10283,C14140,2026-04-03,Login,Low,44,Resolved,Negative
S10284,C14141,2026-08-18,Payment,Low,72,Open,Negative
S10285,C14141,2025-09-20,Technical,High,28,Open,Neutral
S10286,C14141,2026-06-21,Payment,Low,46,Resolved,Negative
S10287,C14141,2026-05-10,Payment,Medium,37,Resolved,Negative
S10288,C14141,2026-03-26,Subscription,High,41,Resolved,Negative
S10289,C14142,2026-02-16,Payment,Medium,49,Resolved,Negative
S10290,C14142,2026-04-22,Technical,High,28,Resolved,Neutral
S10291,C14142,2026-08-08,Login,High,13,Resolved,Neutral
S10292,C14143,2025-10-04,Payment,High,26,Open,Neutral
S10293,C14143,2026-04-13,Subscription,Low,4,Open,Positive
S10294,C14143,2025-10-02,Technical,High,51,Resolved,Negative
S10295,C14143,2026-03-21,Login,Low,38,Open,Negative
S10296,C14143,2025-09-20,Payment,High,39,Resolved,Negative
S10297,C14145,2026-04-10,Technical,Low,40,Resolved,Negative
S10298,C14145,2026-08-07,Technical,Low,29,Resolved,Neutral
S10299,C14146,2026-03-28,Payment,Medium,13,Open,Neutral
S10300,C14146,2025-10-10,Technical,Medium,45,Resolved,Negative
S10301,C14146,2026-08-19,Technical,Low,45,Resolved,Negative
S10302,C14146,2026-03-03,Billing,Low,40,Resolved,Negative
S10303,C14146,2025-12-25,Subscription,Low,11,Resolved,Positive
S10304,C14147,2026-01-01,Subscription,Low,39,Resolved,Negative
S10305,C14147,2026-01-05,Payment,High,29,Resolved,Neutral
S10306,C14147,2026-05-30,Technical,High,26,Open,Neutral
S10307,C14147,2025-10-20,Billing,Low,47,Resolved,Negative
S10308,C14147,2026-06-04,Payment,Low,65,Resolved,Negative
S10309,C14148,2026-02-21,Billing,Medium,5,Open,Positive
S10310,C14148,2026-06-26,Subscription,High,29,Resolved,Neutral
S10311,C14149,2026-01-02,Login,Low,33,Resolved,Neutral
S10312,C14149,2026-05-05,Technical,Low,56,Resolved,Negative
S10313,C14150,2025-11-16,Subscription,Low,20,Resolved,Neutral
S10314,C14150,2026-03-11,Technical,High,42,Resolved,Negative
S10315,C14151,2026-07-31,Subscription,Medium,44,Resolved,Negative
S10316,C14151,2025-09-03,Billing,Low,1,Open,Positive
S10317,C14152,2026-08-11,Login,Low,62,Resolved,Negative
S10318,C14152,2025-09-09,Subscription,Medium,4,Resolved,Positive
S10319,C14152,2025-12-06,Technical,Low,47,Resolved,Negative
S10320,C14152,2026-08-26,Login,Medium,20,Resolved,Neutral
S10321,C14152,2025-10-13,Subscription,High,24,Resolved,Neutral
S10322,C14153,2026-08-22,Payment,Low,11,Open,Positive
S10323,C14153,2025-09-13,Subscription,Medium,10,Resolved,Positive
S10324,C14153,2025-11-06,Subscription,High,65,Resolved,Negative
S10325,C14153,2026-06-12,Login,High,22,Open,Neutral
S10326,C14153,2025-11-16,Subscription,High,9,Resolved,Positive
S10327,C14154,2025-11-24,Payment,Low,23,Resolved,Neutral
S10328,C14154,2026-07-25,Subscription,Medium,20,Open,Neutral
S10329,C14155,2026-01-28,Billing,High,6,Open,Positive
S10330,C14155,2026-06-27,Subscription,Low,12,Resolved,Positive
S10331,C14156,2025-11-01,Payment,High,62,Resolved,Negative
S10332,C14157,2026-04-06,Login,Low,56,Resolved,Negative
S10333,C14157,2026-01-24,Payment,Low,7,Open,Positive
S10334,C14157,2025-12-20,Subscription,Medium,51,Resolved,Negative
S10335,C14157,2026-08-30,Login,Medium,61,Open,Negative
S10336,C14158,2025-09-30,Payment,Low,6,Resolved,Positive
S10337,C14158,2025-09-26,Payment,Low,22,Open,Neutral
S10338,C14159,2026-01-30,Payment,Medium,50,Open,Negative
S10339,C14159,2026-08-08,Login,Medium,22,Resolved,Neutral
S10340,C14160,2026-04-22,Technical,Low,20,Resolved,Neutral
S10341,C14160,2025-10-18,Login,Medium,8,Open,Positive
S10342,C14160,2026-03-09,Payment,High,7,Resolved,Positive
S10343,C14160,2026-03-02,Payment,Low,30,Resolved,Neutral
S10344,C14161,2026-05-11,Subscription,High,57,Resolved,Negative
S10345,C14161,2025-09-19,Payment,Medium,28,Resolved,Neutral
S10346,C14161,2025-12-03,Payment,High,59,Open,Negative
S10347,C14161,2026-04-02,Billing,Medium,41,Resolved,Negative
S10348,C14162,2026-04-18,Technical,High,41,Open,Negative
S10349,C14162,2025-11-29,Subscription,Low,67,Resolved,Negative
S10350,C14163,2026-05-21,Login,Medium,5,Resolved,Positive
S10351,C14163,2026-06-07,Login,High,18,Resolved,Neutral
S10352,C14163,2025-09-27,Billing,High,44,Resolved,Negative
S10353,C14163,2026-05-18,Login,Low,67,Resolved,Negative
S10354,C14165,2025-11-25,Billing,Medium,54,Resolved,Negative
S10355,C14165,2026-05-28,Login,High,70,Open,Negative
S10356,C14166,2026-05-14,Billing,Medium,31,Resolved,Neutral
S10357,C14166,2026-08-18,Billing,Low,67,Open,Negative
S10358,C14166,2026-02-12,Payment,Low,3,Resolved,Positive
S10359,C14167,2026-05-12,Technical,Medium,37,Resolved,Negative
S10360,C14168,2025-12-09,Subscription,High,55,Resolved,Negative
S10361,C14168,2026-04-13,Payment,Low,8,Resolved,Positive
S10362,C14168,2025-09-08,Payment,High,34,Resolved,Neutral
S10363,C14168,2026-07-09,Payment,Medium,35,Resolved,Neutral
S10364,C14168,2025-12-03,Payment,Medium,59,Resolved,Negative
S10365,C14169,2026-02-14,Technical,Medium,19,Resolved,Neutral
S10366,C14169,2026-06-03,Technical,High,54,Open,Negative
S10367,C14169,2026-01-05,Subscription,High,27,Resolved,Neutral
S10368,C14170,2026-02-21,Payment,Medium,25,Resolved,Neutral
S10369,C14170,2025-09-29,Subscription,High,46,Resolved,Negative
S10370,C14170,2026-02-11,Technical,Medium,70,Resolved,Negative
S10371,C14170,2026-03-23,Login,Low,56,Resolved,Negative
S10372,C14170,2026-03-20,Payment,High,21,Open,Neutral
S10373,C14171,2026-04-19,Billing,Medium,68,Resolved,Negative
S10374,C14171,2026-03-09,Subscription,Medium,54,Resolved,Negative
S10375,C14171,2025-10-27,Technical,Medium,26,Resolved,Neutral
S10376,C14172,2026-04-17,Technical,Low,56,Resolved,Negative
S10377,C14172,2026-05-10,Payment,High,21,Resolved,Neutral
S10378,C14172,2025-11-25,Billing,High,13,Resolved,Neutral
S10379,C14172,2025-09-27,Subscription,Medium,12,Resolved,Positive
S10380,C14175,2026-04-21,Subscription,High,63,Open,Negative
S10381,C14175,2025-09-11,Billing,High,24,Resolved,Neutral
S10382,C14175,2025-09-29,Billing,Low,40,Open,Negative
S10383,C14175,2025-09-15,Billing,Low,4,Resolved,Positive
S10384,C14175,2026-08-20,Billing,Low,71,Resolved,Negative
S10385,C14176,2025-10-02,Billing,Low,35,Open,Neutral
S10386,C14176,2026-03-29,Subscription,High,62,Resolved,Negative
S10387,C14176,2026-01-13,Payment,Low,36,Resolved,Neutral
S10388,C14176,2026-01-14,Subscription,Low,22,Resolved,Neutral
S10389,C14176,2025-12-14,Subscription,Low,36,Resolved,Neutral
S10390,C14178,2025-09-04,Billing,Medium,64,Resolved,Negative
S10391,C14178,2026-01-23,Login,High,28,Resolved,Neutral
S10392,C14178,2026-06-21,Login,High,17,Open,Neutral
S10393,C14178,2026-03-07,Login,Low,20,Open,Neutral
S10394,C14180,2026-06-19,Billing,Low,31,Resolved,Neutral
S10395,C14181,2025-12-09,Login,Medium,29,Resolved,Neutral
S10396,C14182,2025-12-20,Billing,High,52,Resolved,Negative
S10397,C14182,2026-03-19,Subscription,Medium,2,Resolved,Positive
S10398,C14182,2026-03-07,Subscription,High,13,Resolved,Neutral
S10399,C14182,2026-08-04,Technical,Medium,2,Resolved,Positive
S10400,C14183,2025-09-08,Login,Low,62,Resolved,Negative
S10401,C14184,2026-08-08,Technical,High,56,Open,Negative
S10402,C14184,2025-11-24,Technical,Medium,66,Resolved,Negative
S10403,C14184,2026-08-13,Subscription,Low,21,Open,Neutral
S10404,C14185,2026-04-03,Technical,Low,13,Open,Neutral
S10405,C14185,2025-10-03,Billing,Medium,39,Resolved,Negative
S10406,C14185,2026-05-28,Login,High,38,Open,Negative
S10407,C14185,2026-08-14,Billing,Low,13,Resolved,Neutral
S10408,C14185,2026-03-12,Billing,Low,25,Resolved,Neutral
S10409,C14186,2025-10-07,Login,Low,45,Resolved,Negative
S10410,C14186,2026-03-06,Technical,Medium,3,Resolved,Positive
S10411,C14186,2026-07-13,Payment,Low,15,Resolved,Neutral
S10412,C14186,2025-12-12,Technical,Medium,3,Resolved,Positive
S10413,C14187,2026-03-06,Login,High,23,Open,Neutral
S10414,C14187,2025-12-21,Billing,High,61,Resolved,Negative
S10415,C14187,2026-04-21,Billing,Medium,3,Resolved,Positive
S10416,C14187,2026-08-08,Login,Medium,9,Resolved,Positive
S10417,C14189,2026-08-19,Billing,High,15,Resolved,Neutral
S10418,C14189,2025-09-08,Billing,High,31,Resolved,Neutral
S10419,C14189,2026-07-06,Login,Low,33,Resolved,Neutral
S10420,C14189,2026-07-21,Subscription,High,15,Open,Neutral
S10421,C14189,2026-06-26,Subscription,Low,16,Resolved,Neutral
S10422,C14191,2026-03-03,Billing,Medium,9,Open,Positive
S10423,C14191,2026-04-25,Payment,High,58,Resolved,Negative
S10424,C14192,2025-11-09,Login,High,13,Resolved,Neutral
S10425,C14192,2025-12-03,Billing,High,16,Open,Neutral
S10426,C14192,2025-10-25,Login,Low,35,Resolved,Neutral
S10427,C14192,2026-03-23,Billing,Low,39,Resolved,Negative
S10428,C14193,2026-01-21,Technical,Low,25,Resolved,Neutral
S10429,C14193,2025-11-17,Payment,High,1,Resolved,Positive
S10430,C14193,2025-11-30,Payment,Low,41,Resolved,Negative
S10431,C14194,2026-08-11,Billing,High,59,Open,Negative
S10432,C14194,2026-03-06,Login,High,42,Resolved,Negative
S10433,C14194,2025-12-05,Technical,High,60,Open,Negative
S10434,C14194,2026-02-01,Payment,Medium,5,Open,Positive
S10435,C14195,2025-10-26,Technical,High,33,Open,Neutral
S10436,C14195,2025-11-16,Subscription,Medium,49,Resolved,Negative
S10437,C14195,2025-09-09,Technical,High,1,Resolved,Positive
S10438,C14195,2026-05-27,Billing,High,32,Open,Neutral
S10439,C14196,2026-01-06,Technical,Low,45,Resolved,Negative
S10440,C14196,2026-06-22,Payment,Low,42,Open,Negative
S10441,C14198,2026-02-19,Technical,High,17,Resolved,Neutral
S10442,C14198,2026-02-02,Billing,Low,13,Resolved,Neutral
S10443,C14198,2025-10-28,Subscription,Low,62,Resolved,Negative
S10444,C14198,2026-08-25,Technical,Low,11,Resolved,Positive
S10445,C14198,2026-08-25,Login,Medium,66,Resolved,Negative
S10446,C14200,2026-07-06,Payment,Medium,5,Resolved,Positive
S10447,C14200,2026-05-25,Billing,Medium,55,Open,Negative
S10448,C14200,2025-09-19,Technical,Low,67,Resolved,Negative
S10449,C14200,2026-05-31,Login,Medium,48,Resolved,Negative
S10450,C14201,2026-07-25,Technical,Medium,60,Resolved,Negative
S10451,C14202,2026-02-26,Payment,Medium,33,Resolved,Neutral
S10452,C14202,2025-11-03,Subscription,High,19,Open,Neutral
S10453,C14203,2026-01-27,Subscription,Low,3,Resolved,Positive
S10454,C14203,2026-08-21,Payment,Low,24,Open,Neutral
S10455,C14203,2026-02-04,Subscription,Low,4,Resolved,Positive
S10456,C14205,2026-07-14,Technical,High,44,Open,Negative
S10457,C14205,2026-08-19,Subscription,High,66,Open,Negative
S10458,C14205,2026-04-22,Subscription,Medium,11,Resolved,Positive
S10459,C14205,2025-12-03,Login,High,65,Resolved,Negative
S10460,C14205,2025-10-17,Technical,High,7,Resolved,Positive
S10461,C14206,2026-08-07,Technical,High,5,Open,Positive
S10462,C14206,2026-03-26,Login,Medium,10,Resolved,Positive
S10463,C14207,2026-06-05,Subscription,Medium,1,Resolved,Positive
S10464,C14207,2026-01-19,Login,Low,67,Resolved,Negative
S10465,C14207,2026-07-07,Subscription,Medium,39,Open,Negative
S10466,C14207,2026-03-13,Payment,Medium,52,Resolved,Negative
S10467,C14207,2026-06-27,Login,High,44,Resolved,Negative
S10468,C14208,2026-01-09,Subscription,High,22,Open,Neutral
S10469,C14208,2025-11-06,Login,Low,54,Resolved,Negative
S10470,C14209,2026-05-31,Billing,Medium,39,Open,Negative
S10471,C14209,2026-05-10,Subscription,Low,31,Resolved,Neutral
S10472,C14209,2025-10-09,Subscription,High,1,Resolved,Positive
S10473,C14210,2026-08-31,Login,High,61,Resolved,Negative
S10474,C14210,2026-03-21,Technical,Medium,12,Resolved,Positive
S10475,C14211,2026-02-16,Subscription,High,13,Resolved,Neutral
S10476,C14211,2025-10-25,Billing,Medium,65,Resolved,Negative
S10477,C14211,2026-01-21,Technical,Low,34,Resolved,Neutral
S10478,C14214,2025-11-25,Billing,Low,19,Resolved,Neutral
S10479,C14214,2026-04-21,Technical,Medium,50,Open,Negative
S10480,C14214,2026-01-17,Login,High,36,Resolved,Neutral
S10481,C14214,2026-08-26,Payment,High,55,Open,Negative
S10482,C14215,2026-01-29,Technical,Medium,5,Resolved,Positive
S10483,C14215,2025-11-22,Payment,Low,39,Open,Negative
S10484,C14215,2026-04-13,Technical,Medium,54,Open,Negative
S10485,C14216,2025-12-11,Subscription,Medium,52,Resolved,Negative
S10486,C14216,2026-08-31,Subscription,Medium,47,Open,Negative
S10487,C14216,2026-05-21,Technical,Low,32,Resolved,Neutral
S10488,C14216,2026-03-27,Billing,High,14,Resolved,Neutral
S10489,C14217,2026-03-10,Login,Low,23,Open,Neutral
S10490,C14217,2025-12-18,Billing,Low,9,Open,Positive
S10491,C14217,2025-11-11,Billing,Medium,2,Resolved,Positive
S10492,C14218,2025-10-21,Login,Low,13,Resolved,Neutral
S10493,C14218,2025-12-07,Technical,High,49,Open,Negative
S10494,C14220,2025-11-18,Login,Low,52,Resolved,Negative
S10495,C14220,2026-06-09,Billing,Medium,35,Resolved,Neutral
S10496,C14220,2025-12-22,Payment,High,12,Resolved,Positive
S10497,C14221,2026-04-15,Login,High,28,Resolved,Neutral
S10498,C14221,2025-09-22,Technical,High,3,Resolved,Positive
S10499,C14221,2026-04-17,Payment,Medium,58,Resolved,Negative
S10500,C14221,2026-07-20,Subscription,Medium,66,Resolved,Negative
S10501,C14224,2026-07-31,Technical,High,3,Resolved,Positive
S10502,C14226,2025-11-17,Billing,Medium,26,Open,Neutral
S10503,C14227,2026-07-07,Billing,Low,50,Resolved,Negative
S10504,C14227,2025-12-07,Login,Low,46,Open,Negative
S10505,C14227,2025-10-25,Billing,Low,65,Resolved,Negative
S10506,C14227,2026-01-27,Subscription,Low,14,Open,Neutral
S10507,C14228,2026-06-20,Subscription,Low,56,Resolved,Negative
S10508,C14228,2026-06-25,Billing,High,9,Resolved,Positive
S10509,C14228,2026-04-15,Technical,High,49,Resolved,Negative
S10510,C14228,2026-06-28,Billing,Medium,11,Open,Positive
S10511,C14229,2025-10-30,Payment,High,43,Resolved,Negative
S10512,C14229,2026-02-05,Payment,Low,8,Resolved,Positive
S10513,C14229,2025-11-25,Technical,Medium,63,Resolved,Negative
S10514,C14229,2026-08-06,Billing,Low,5,Resolved,Positive
S10515,C14229,2026-08-21,Technical,Low,60,Open,Negative
S10516,C14230,2025-12-28,Login,Low,32,Resolved,Neutral
S10517,C14231,2025-12-07,Technical,High,2,Open,Positive
S10518,C14231,2025-12-25,Technical,Low,65,Open,Negative
S10519,C14231,2026-04-05,Payment,High,48,Open,Negative
S10520,C14231,2025-11-20,Payment,Low,41,Open,Negative
S10521,C14231,2025-09-02,Subscription,Low,68,Resolved,Negative
S10522,C14232,2025-12-06,Technical,High,61,Resolved,Negative
S10523,C14232,2025-10-13,Login,Medium,12,Resolved,Positive
S10524,C14232,2026-08-18,Login,Medium,19,Resolved,Neutral
S10525,C14232,2025-09-07,Subscription,Medium,69,Resolved,Negative
S10526,C14232,2026-07-25,Login,Low,43,Resolved,Negative
S10527,C14234,2026-01-21,Login,High,41,Resolved,Negative
S10528,C14234,2025-12-28,Subscription,Medium,51,Open,Negative
S10529,C14234,2026-01-08,Technical,Medium,22,Open,Neutral
S10530,C14234,2026-05-12,Billing,Medium,30,Resolved,Neutral
S10531,C14234,2026-08-02,Billing,Low,41,Resolved,Negative
S10532,C14236,2026-08-19,Login,High,17,Open,Neutral
S10533,C14236,2026-03-24,Payment,Low,54,Resolved,Negative
S10534,C14236,2026-04-25,Billing,Low,56,Resolved,Negative
S10535,C14236,2026-01-29,Subscription,Low,19,Open,Neutral
S10536,C14236,2025-09-04,Payment,High,61,Open,Negative
S10537,C14237,2025-09-27,Subscription,Low,22,Resolved,Neutral
S10538,C14237,2026-04-19,Login,Medium,63,Resolved,Negative
S10539,C14237,2025-11-26,Subscription,High,18,Open,Neutral
S10540,C14238,2026-05-05,Billing,High,50,Resolved,Negative
S10541,C14238,2026-02-23,Billing,High,29,Resolved,Neutral
S10542,C14238,2026-03-09,Payment,High,72,Resolved,Negative
S10543,C14238,2026-07-01,Subscription,Medium,71,Open,Negative
S10544,C14239,2026-08-06,Billing,High,59,Resolved,Negative
S10545,C14239,2025-11-04,Billing,High,47,Open,Negative
S10546,C14239,2026-04-02,Payment,Medium,23,Resolved,Neutral
S10547,C14239,2026-01-29,Payment,Low,23,Resolved,Neutral
S10548,C14239,2026-03-12,Technical,Low,39,Resolved,Negative
S10549,C14240,2026-01-01,Billing,High,36,Resolved,Neutral
S10550,C14240,2026-05-07,Billing,Medium,54,Open,Negative
S10551,C14240,2026-06-20,Subscription,Low,43,Open,Negative
S10552,C14240,2026-02-15,Login,High,40,Resolved,Negative
S10553,C14240,2026-02-03,Billing,High,10,Resolved,Positive
S10554,C14241,2026-06-14,Payment,Medium,68,Resolved,Negative
S10555,C14241,2026-03-27,Payment,Medium,41,Resolved,Negative
S10556,C14241,2025-09-09,Payment,Low,42,Resolved,Negative
S10557,C14241,2026-07-03,Login,Low,72,Resolved,Negative
S10558,C14242,2026-03-09,Billing,Low,43,Resolved,Negative
S10559,C14242,2025-11-14,Technical,Low,39,Resolved,Negative
S10560,C14242,2025-12-29,Subscription,Low,55,Resolved,Negative
S10561,C14243,2026-01-09,Login,Low,30,Resolved,Neutral
S10562,C14244,2026-05-28,Payment,Medium,30,Open,Neutral
S10563,C14245,2026-05-25,Login,High,44,Open,Negative
S10564,C14245,2026-06-16,Billing,Low,39,Open,Negative
S10565,C14245,2026-08-19,Payment,Low,32,Resolved,Neutral
S10566,C14245,2026-02-25,Billing,High,46,Open,Negative
S10567,C14247,2026-07-20,Login,High,8,Resolved,Positive
S10568,C14248,2025-10-18,Login,Low,15,Open,Neutral
S10569,C14248,2025-09-09,Payment,Low,39,Resolved,Negative
S10570,C14248,2026-02-27,Billing,Medium,55,Resolved,Negative
S10571,C14248,2025-10-10,Login,Low,3,Resolved,Positive
S10572,C14248,2026-02-24,Technical,Low,55,Resolved,Negative
S10573,C14249,2026-03-18,Subscription,High,41,Resolved,Negative
S10574,C14249,2025-09-08,Subscription,High,36,Resolved,Neutral
S10575,C14249,2026-02-05,Subscription,Medium,33,Resolved,Neutral
S10576,C14249,2026-01-14,Billing,Medium,16,Open,Neutral
S10577,C14250,2026-01-03,Login,Medium,14,Resolved,Neutral
S10578,C14250,2026-07-25,Billing,High,55,Resolved,Negative
S10579,C14250,2025-09-14,Technical,Medium,27,Resolved,Neutral
S10580,C14250,2025-11-05,Login,Medium,14,Resolved,Neutral
S10581,C14252,2026-02-12,Payment,High,26,Resolved,Neutral
S10582,C14252,2025-12-26,Login,Medium,34,Open,Neutral
S10583,C14252,2026-03-03,Subscription,High,31,Resolved,Neutral
S10584,C14252,2025-10-22,Payment,Medium,63,Resolved,Negative
S10585,C14253,2025-10-21,Subscription,Medium,18,Open,Neutral
S10586,C14253,2025-11-17,Billing,Medium,17,Open,Neutral
S10587,C14253,2025-09-29,Subscription,Medium,37,Open,Negative
S10588,C14253,2025-12-10,Payment,Medium,38,Resolved,Negative
S10589,C14253,2026-08-10,Technical,High,63,Resolved,Negative
S10590,C14254,2026-02-07,Billing,Low,10,Resolved,Positive
S10591,C14255,2026-05-22,Billing,High,14,Resolved,Neutral
S10592,C14257,2025-12-22,Billing,Low,31,Open,Neutral
S10593,C14258,2026-07-03,Subscription,Medium,39,Open,Negative
S10594,C14258,2025-10-29,Technical,High,27,Resolved,Neutral
S10595,C14259,2025-09-17,Login,High,51,Resolved,Negative
S10596,C14259,2025-10-28,Technical,Medium,7,Open,Positive
S10597,C14260,2025-09-04,Login,Low,18,Open,Neutral
S10598,C14260,2026-08-21,Login,Low,26,Resolved,Neutral
S10599,C14261,2026-02-20,Technical,Low,29,Resolved,Neutral
S10600,C14261,2026-01-31,Subscription,High,33,Resolved,Neutral
S10601,C14261,2026-01-17,Subscription,High,48,Resolved,Negative
S10602,C14263,2026-03-08,Billing,Low,17,Resolved,Neutral
S10603,C14263,2026-04-10,Subscription,High,5,Open,Positive
S10604,C14263,2026-02-14,Payment,High,28,Resolved,Neutral
S10605,C14263,2026-01-31,Subscription,High,39,Open,Negative
S10606,C14263,2026-06-20,Billing,Medium,15,Resolved,Neutral
S10607,C14264,2026-02-23,Payment,Low,8,Resolved,Positive
S10608,C14264,2026-01-13,Billing,Medium,43,Resolved,Negative
S10609,C14264,2026-03-21,Subscription,Low,10,Open,Positive
S10610,C14264,2025-10-01,Subscription,Low,13,Open,Neutral
S10611,C14266,2026-05-26,Billing,High,3,Open,Positive
S10612,C14266,2025-11-19,Technical,Medium,32,Resolved,Neutral
S10613,C14266,2025-12-25,Login,Medium,68,Resolved,Negative
S10614,C14268,2025-11-27,Billing,High,58,Resolved,Negative
S10615,C14268,2026-06-24,Subscription,Medium,27,Resolved,Neutral
S10616,C14269,2025-12-24,Billing,High,2,Resolved,Positive
S10617,C14269,2026-05-27,Subscription,Medium,45,Resolved,Negative
S10618,C14269,2025-12-14,Technical,Low,1,Resolved,Positive
S10619,C14270,2026-02-27,Subscription,Low,50,Open,Negative
S10620,C14270,2026-08-30,Technical,High,69,Open,Negative
S10621,C14272,2026-07-29,Payment,Medium,24,Resolved,Neutral
S10622,C14272,2026-02-18,Technical,Low,24,Open,Neutral
S10623,C14272,2026-07-21,Billing,High,48,Resolved,Negative
S10624,C14273,2026-06-14,Subscription,Medium,43,Resolved,Negative
S10625,C14273,2026-01-25,Billing,Low,34,Open,Neutral
S10626,C14273,2026-06-17,Payment,High,58,Open,Negative
S10627,C14274,2025-11-04,Login,High,51,Open,Negative
S10628,C14274,2025-11-29,Subscription,Medium,37,Resolved,Negative
S10629,C14274,2026-02-01,Login,Medium,21,Open,Neutral
S10630,C14275,2026-06-01,Subscription,Medium,54,Resolved,Negative
S10631,C14275,2026-05-28,Login,Low,44,Open,Negative
S10632,C14275,2026-04-08,Subscription,Medium,44,Resolved,Negative
S10633,C14275,2026-01-27,Payment,Medium,50,Resolved,Negative
S10634,C14276,2026-02-05,Technical,High,35,Open,Neutral
S10635,C14276,2026-05-19,Subscription,Medium,29,Open,Neutral
S10636,C14276,2025-12-05,Payment,Medium,41,Open,Negative
S10637,C14276,2026-02-20,Payment,Low,48,Resolved,Negative
S10638,C14276,2026-04-01,Payment,Medium,30,Resolved,Neutral
S10639,C14277,2026-08-16,Technical,High,53,Open,Negative
S10640,C14277,2026-02-13,Login,High,1,Resolved,Positive
S10641,C14277,2025-10-16,Subscription,Medium,17,Resolved,Neutral
S10642,C14279,2025-11-09,Subscription,Medium,19,Resolved,Neutral
S10643,C14279,2025-09-02,Technical,Low,21,Resolved,Neutral
S10644,C14279,2026-07-22,Technical,Low,51,Resolved,Negative
S10645,C14281,2025-12-10,Payment,Medium,56,Open,Negative
S10646,C14281,2026-01-15,Subscription,Medium,4,Open,Positive
S10647,C14281,2026-04-29,Subscription,Medium,41,Open,Negative
S10648,C14281,2026-03-10,Billing,Medium,20,Resolved,Neutral
S10649,C14281,2026-03-12,Subscription,High,12,Open,Positive
S10650,C14282,2026-06-27,Technical,High,72,Open,Negative
S10651,C14282,2026-02-06,Billing,Medium,72,Open,Negative
S10652,C14282,2026-03-06,Subscription,Medium,32,Resolved,Neutral
S10653,C14283,2026-07-26,Login,High,28,Open,Neutral
S10654,C14284,2026-06-07,Billing,Low,15,Resolved,Neutral
S10655,C14285,2026-05-07,Subscription,Low,22,Open,Neutral
S10656,C14285,2026-07-02,Subscription,High,26,Resolved,Neutral
S10657,C14285,2025-12-07,Billing,High,43,Open,Negative
S10658,C14285,2025-09-22,Technical,Low,33,Open,Neutral
S10659,C14285,2025-12-07,Technical,High,49,Resolved,Negative
S10660,C14286,2026-04-28,Billing,Low,33,Resolved,Neutral
S10661,C14286,2026-01-13,Technical,High,59,Open,Negative
S10662,C14286,2026-08-21,Subscription,High,41,Resolved,Negative
S10663,C14286,2026-07-10,Technical,Low,61,Resolved,Negative
S10664,C14287,2025-09-11,Subscription,Low,42,Open,Negative
S10665,C14287,2026-01-31,Billing,Low,3,Resolved,Positive
S10666,C14287,2026-07-03,Subscription,Medium,37,Open,Negative
S10667,C14287,2026-08-24,Payment,High,40,Resolved,Negative
S10668,C14288,2026-05-07,Billing,Low,41,Resolved,Negative
S10669,C14288,2026-04-20,Technical,Low,57,Resolved,Negative
S10670,C14289,2025-11-03,Payment,High,14,Resolved,Neutral
S10671,C14291,2026-01-13,Subscription,Medium,53,Open,Negative
S10672,C14291,2026-07-19,Payment,Low,10,Open,Positive
S10673,C14291,2025-10-03,Payment,High,51,Open,Negative
S10674,C14291,2026-06-18,Billing,Medium,45,Resolved,Negative
S10675,C14291,2026-08-31,Subscription,Low,27,Resolved,Neutral
S10676,C14292,2026-04-22,Subscription,High,60,Open,Negative
S10677,C14292,2026-08-30,Technical,Low,14,Open,Neutral
S10678,C14292,2026-05-16,Billing,Low,15,Resolved,Neutral
S10679,C14292,2026-08-27,Payment,High,46,Resolved,Negative
S10680,C14292,2025-10-18,Billing,Medium,60,Resolved,Negative
S10681,C14293,2025-10-03,Login,Low,9,Resolved,Positive
S10682,C14294,2026-01-12,Login,Medium,30,Open,Neutral
S10683,C14295,2026-05-14,Subscription,Low,45,Open,Negative
S10684,C14295,2026-01-22,Payment,Medium,45,Open,Negative
S10685,C14295,2026-02-13,Technical,Low,4,Resolved,Positive
S10686,C14295,2026-01-11,Technical,Low,40,Resolved,Negative
S10687,C14296,2026-07-05,Technical,Low,65,Resolved,Negative
S10688,C14296,2026-07-08,Technical,Medium,27,Resolved,Neutral
S10689,C14296,2025-11-07,Technical,High,43,Resolved,Negative
S10690,C14299,2026-04-27,Subscription,Low,31,Resolved,Neutral
S10691,C14299,2026-07-30,Subscription,High,17,Resolved,Neutral
S10692,C14300,2025-10-24,Login,Medium,29,Open,Neutral
S10693,C14300,2026-02-23,Payment,Medium,20,Open,Neutral
S10694,C14301,2026-05-17,Login,High,39,Open,Negative
S10695,C14301,2026-04-03,Payment,Low,14,Open,Neutral
S10696,C14301,2025-10-18,Technical,Low,27,Resolved,Neutral
S10697,C14303,2026-05-02,Technical,Low,72,Resolved,Negative
S10698,C14304,2025-11-12,Subscription,Low,4,Resolved,Positive
S10699,C14306,2026-02-04,Technical,High,9,Resolved,Positive
S10700,C14309,2025-10-25,Subscription,Low,10,Open,Positive
S10701,C14310,2025-12-09,Billing,Medium,46,Resolved,Negative
S10702,C14312,2026-05-22,Billing,Low,35,Resolved,Neutral
S10703,C14312,2026-04-01,Payment,Medium,57,Open,Negative
S10704,C14315,2025-09-04,Payment,High,71,Resolved,Negative
S10705,C14315,2026-06-26,Payment,Low,23,Resolved,Neutral
S10706,C14316,2026-06-01,Payment,Low,56,Resolved,Negative
S10707,C14316,2025-12-12,Payment,Medium,23,Resolved,Neutral
S10708,C14317,2026-02-15,Login,High,61,Resolved,Negative
S10709,C14317,2026-03-05,Billing,Low,44,Open,Negative
S10710,C14317,2026-03-01,Login,Medium,39,Resolved,Negative
S10711,C14317,2026-08-23,Technical,Low,17,Resolved,Neutral
S10712,C14317,2026-04-24,Technical,High,2,Resolved,Positive
S10713,C14319,2025-11-23,Technical,Low,16,Resolved,Neutral
S10714,C14319,2026-08-16,Login,Medium,12,Open,Positive
S10715,C14319,2025-11-16,Subscription,Medium,66,Resolved,Negative
S10716,C14319,2026-04-03,Subscription,High,9,Open,Positive
S10717,C14319,2025-11-30,Subscription,High,51,Open,Negative
S10718,C14320,2026-04-14,Subscription,Low,30,Resolved,Neutral
S10719,C14321,2026-01-09,Billing,Low,5,Open,Positive
S10720,C14321,2026-07-02,Subscription,High,17,Resolved,Neutral
S10721,C14321,2026-06-10,Technical,Medium,42,Resolved,Negative
S10722,C14321,2025-09-20,Payment,Low,62,Resolved,Negative
S10723,C14322,2025-10-28,Billing,Low,55,Resolved,Negative
S10724,C14322,2026-04-30,Subscription,Medium,62,Open,Negative
S10725,C14323,2026-02-27,Login,Low,68,Open,Negative
S10726,C14323,2026-04-05,Subscription,Medium,27,Resolved,Neutral
S10727,C14323,2026-01-28,Payment,Medium,52,Open,Negative
S10728,C14323,2026-05-14,Login,Low,66,Resolved,Negative
S10729,C14324,2025-10-30,Billing,Medium,58,Resolved,Negative
S10730,C14324,2026-05-20,Payment,High,19,Resolved,Neutral
S10731,C14324,2026-08-17,Payment,High,37,Resolved,Negative
S10732,C14325,2026-01-27,Subscription,High,63,Resolved,Negative
S10733,C14325,2025-11-17,Technical,Low,65,Open,Negative
S10734,C14325,2026-07-25,Subscription,Medium,71,Open,Negative
S10735,C14326,2026-05-20,Subscription,High,39,Resolved,Negative
S10736,C14326,2026-08-03,Subscription,Medium,43,Resolved,Negative
S10737,C14327,2025-10-12,Payment,Low,42,Open,Negative
S10738,C14327,2025-12-11,Billing,Medium,70,Open,Negative
S10739,C14329,2026-08-20,Subscription,Medium,60,Resolved,Negative
S10740,C14329,2025-10-04,Subscription,Medium,5,Resolved,Positive
S10741,C14329,2025-11-27,Technical,Low,44,Resolved,Negative
S10742,C14330,2026-01-01,Payment,Medium,36,Resolved,Neutral
S10743,C14331,2026-06-15,Payment,Medium,36,Open,Neutral
S10744,C14332,2025-09-13,Login,Low,38,Resolved,Negative
S10745,C14332,2025-11-13,Login,Low,44,Resolved,Negative
S10746,C14333,2026-05-25,Technical,Medium,35,Resolved,Neutral
S10747,C14333,2026-07-23,Payment,High,4,Open,Positive
S10748,C14333,2026-04-23,Login,High,41,Resolved,Negative
S10749,C14334,2026-02-22,Billing,High,10,Open,Positive
S10750,C14334,2026-03-22,Payment,Low,67,Resolved,Negative
S10751,C14334,2026-07-25,Billing,High,72,Open,Negative
S10752,C14334,2025-12-30,Payment,Low,13,Open,Neutral
S10753,C14334,2025-10-01,Technical,Medium,29,Resolved,Neutral
S10754,C14336,2025-12-25,Billing,High,2,Resolved,Positive
S10755,C14336,2026-07-14,Billing,High,14,Resolved,Neutral
S10756,C14337,2025-09-27,Payment,High,3,Resolved,Positive
S10757,C14337,2025-11-07,Billing,Low,31,Open,Neutral
S10758,C14338,2025-09-06,Payment,High,61,Open,Negative
S10759,C14338,2026-07-24,Payment,High,47,Resolved,Negative
S10760,C14339,2026-08-15,Payment,Medium,20,Open,Neutral
S10761,C14339,2025-09-25,Subscription,Low,33,Resolved,Neutral
S10762,C14339,2025-09-28,Billing,High,50,Resolved,Negative
S10763,C14339,2026-06-24,Technical,Low,54,Resolved,Negative
S10764,C14339,2026-04-13,Subscription,Medium,67,Resolved,Negative
S10765,C14340,2025-09-09,Payment,High,29,Open,Neutral
S10766,C14340,2026-01-27,Technical,High,60,Open,Negative
S10767,C14340,2026-03-10,Billing,Low,2,Resolved,Positive
S10768,C14340,2026-03-07,Billing,High,57,Resolved,Negative
S10769,C14342,2025-11-28,Payment,Medium,42,Resolved,Negative
S10770,C14342,2026-08-05,Login,Medium,28,Resolved,Neutral
S10771,C14342,2026-02-09,Subscription,High,36,Resolved,Neutral
S10772,C14342,2026-03-30,Payment,High,12,Open,Positive
S10773,C14343,2026-01-01,Technical,Medium,57,Resolved,Negative
S10774,C14343,2025-11-06,Technical,High,32,Open,Neutral
S10775,C14344,2026-05-20,Subscription,High,37,Open,Negative
S10776,C14344,2025-11-30,Login,Medium,12,Resolved,Positive
S10777,C14345,2026-02-23,Technical,Low,31,Resolved,Neutral
S10778,C14345,2026-08-27,Payment,Medium,32,Resolved,Neutral
S10779,C14345,2026-06-25,Subscription,High,52,Resolved,Negative
S10780,C14345,2026-05-07,Login,High,57,Resolved,Negative
S10781,C14346,2025-12-29,Payment,High,49,Resolved,Negative
S10782,C14346,2026-08-26,Billing,Low,48,Resolved,Negative
S10783,C14346,2026-02-27,Payment,Medium,24,Resolved,Neutral
S10784,C14346,2026-02-08,Subscription,Medium,36,Resolved,Neutral
S10785,C14346,2025-10-17,Billing,Low,72,Resolved,Negative
S10786,C14348,2025-10-14,Technical,Low,27,Resolved,Neutral
S10787,C14348,2026-01-07,Login,High,64,Resolved,Negative
S10788,C14349,2026-01-10,Payment,High,37,Resolved,Negative
S10789,C14349,2026-03-25,Login,High,45,Resolved,Negative
S10790,C14350,2026-06-12,Technical,Medium,52,Resolved,Negative
S10791,C14350,2025-12-18,Login,Medium,61,Open,Negative
S10792,C14351,2026-04-14,Subscription,Medium,59,Open,Negative
S10793,C14351,2026-05-17,Billing,Low,41,Resolved,Negative
S10794,C14351,2026-06-22,Login,High,36,Resolved,Neutral
S10795,C14351,2026-03-04,Technical,Medium,42,Open,Negative
S10796,C14351,2026-06-25,Technical,Low,47,Open,Negative
S10797,C14352,2025-11-13,Login,High,38,Resolved,Negative
S10798,C14352,2026-03-15,Subscription,High,23,Open,Neutral
S10799,C14353,2026-08-05,Payment,High,36,Resolved,Neutral
S10800,C14353,2025-12-26,Billing,Low,28,Resolved,Neutral
S10801,C14353,2025-09-03,Technical,High,13,Resolved,Neutral
S10802,C14355,2025-09-01,Login,Low,36,Resolved,Neutral
S10803,C14355,2026-03-20,Login,Medium,18,Open,Neutral
S10804,C14355,2025-10-13,Subscription,High,3,Open,Positive
S10805,C14355,2025-09-29,Technical,Medium,67,Resolved,Negative
S10806,C14356,2026-07-18,Subscription,Low,52,Resolved,Negative
S10807,C14356,2025-09-24,Login,Medium,51,Open,Negative
S10808,C14356,2026-01-16,Payment,Medium,31,Resolved,Neutral
S10809,C14356,2026-07-26,Technical,Low,9,Open,Positive
S10810,C14356,2025-10-24,Subscription,High,3,Resolved,Positive
S10811,C14357,2025-10-05,Login,Medium,7,Open,Positive
S10812,C14358,2025-11-04,Login,Medium,66,Open,Negative
S10813,C14360,2025-12-11,Login,Low,3,Resolved,Positive
S10814,C14360,2025-09-08,Subscription,Low,49,Resolved,Negative
S10815,C14361,2026-05-16,Billing,Medium,52,Resolved,Negative
S10816,C14361,2026-08-13,Payment,Low,38,Resolved,Negative
S10817,C14361,2026-03-04,Subscription,High,13,Open,Neutral
S10818,C14361,2026-02-11,Subscription,Low,1,Open,Positive
S10819,C14361,2026-06-07,Technical,Low,52,Open,Negative
S10820,C14362,2026-02-07,Subscription,High,48,Resolved,Negative
S10821,C14362,2026-03-06,Payment,High,49,Resolved,Negative
S10822,C14362,2026-03-22,Billing,High,56,Open,Negative
S10823,C14362,2026-01-24,Subscription,High,38,Resolved,Negative
S10824,C14363,2026-05-30,Login,High,24,Resolved,Neutral
S10825,C14363,2026-07-02,Payment,High,43,Resolved,Negative
S10826,C14363,2025-10-09,Login,Low,26,Open,Neutral
S10827,C14363,2026-04-26,Subscription,Medium,59,Open,Negative
S10828,C14364,2026-03-25,Payment,High,13,Resolved,Neutral
S10829,C14364,2026-01-29,Technical,High,71,Resolved,Negative
S10830,C14364,2026-06-22,Billing,Low,26,Open,Neutral
S10831,C14364,2026-01-26,Technical,Low,61,Open,Negative
S10832,C14365,2025-12-21,Subscription,Medium,52,Open,Negative
S10833,C14365,2026-01-15,Technical,Medium,25,Resolved,Neutral
S10834,C14367,2025-11-17,Payment,High,68,Open,Negative
S10835,C14367,2025-12-03,Technical,Low,10,Resolved,Positive
S10836,C14367,2026-03-19,Billing,High,54,Resolved,Negative
S10837,C14367,2025-11-16,Login,High,55,Open,Negative
S10838,C14368,2026-02-24,Payment,High,13,Open,Neutral
S10839,C14368,2025-11-27,Billing,Low,25,Resolved,Neutral
S10840,C14368,2025-11-18,Subscription,High,7,Resolved,Positive
S10841,C14368,2025-10-17,Subscription,Medium,42,Resolved,Negative
S10842,C14368,2025-09-17,Billing,Low,20,Resolved,Neutral
S10843,C14369,2026-07-09,Payment,Low,46,Open,Negative
S10844,C14370,2026-02-17,Payment,Low,30,Resolved,Neutral
S10845,C14370,2026-07-16,Subscription,High,4,Open,Positive
S10846,C14370,2026-05-02,Technical,Low,17,Open,Neutral
S10847,C14371,2026-07-18,Payment,Low,33,Resolved,Neutral
S10848,C14371,2025-12-26,Subscription,High,54,Resolved,Negative
S10849,C14372,2026-02-17,Billing,Medium,48,Resolved,Negative
S10850,C14372,2026-02-02,Payment,High,9,Open,Positive
S10851,C14373,2025-09-09,Technical,Medium,48,Resolved,Negative
S10852,C14373,2025-11-13,Payment,Medium,28,Resolved,Neutral
S10853,C14373,2025-10-03,Subscription,High,37,Resolved,Negative
S10854,C14373,2025-09-15,Billing,Medium,5,Resolved,Positive
S10855,C14373,2026-03-01,Payment,Medium,12,Resolved,Positive
S10856,C14375,2026-02-19,Login,Medium,59,Open,Negative
S10857,C14375,2026-02-24,Technical,Low,61,Resolved,Negative
S10858,C14375,2025-11-13,Login,High,2,Resolved,Positive
S10859,C14376,2026-05-08,Login,High,53,Resolved,Negative
S10860,C14376,2026-01-20,Billing,High,41,Open,Negative
S10861,C14376,2025-12-04,Billing,Medium,66,Resolved,Negative
S10862,C14377,2025-11-30,Login,Medium,61,Resolved,Negative
S10863,C14377,2026-04-12,Payment,High,61,Resolved,Negative
S10864,C14378,2026-02-06,Payment,High,70,Open,Negative
S10865,C14378,2025-12-11,Payment,High,62,Resolved,Negative
S10866,C14378,2025-09-30,Login,Low,3,Resolved,Positive
S10867,C14378,2025-12-13,Subscription,Low,18,Open,Neutral
S10868,C14378,2026-08-16,Billing,High,43,Resolved,Negative
S10869,C14379,2025-12-28,Payment,Low,2,Open,Positive
S10870,C14380,2025-10-05,Subscription,High,13,Resolved,Neutral
S10871,C14380,2025-11-02,Billing,Medium,43,Open,Negative
S10872,C14380,2026-03-05,Technical,High,42,Resolved,Negative
S10873,C14380,2026-07-04,Login,High,32,Resolved,Neutral
S10874,C14380,2026-06-23,Billing,Low,43,Resolved,Negative
S10875,C14381,2026-01-21,Login,High,11,Open,Positive
S10876,C14381,2026-03-05,Subscription,High,26,Open,Neutral
S10877,C14382,2026-07-14,Subscription,High,39,Resolved,Negative
S10878,C14383,2026-07-20,Login,High,5,Resolved,Positive
S10879,C14383,2026-04-08,Login,Low,25,Open,Neutral
S10880,C14384,2026-03-27,Login,High,27,Resolved,Neutral
S10881,C14384,2026-04-02,Billing,Medium,36,Resolved,Neutral
S10882,C14384,2025-09-05,Billing,Low,54,Resolved,Negative
S10883,C14384,2025-11-07,Login,Low,29,Resolved,Neutral
S10884,C14385,2026-02-24,Payment,Low,35,Resolved,Neutral
S10885,C14385,2026-06-19,Subscription,High,15,Open,Neutral
S10886,C14385,2025-10-24,Subscription,Low,67,Resolved,Negative
S10887,C14386,2025-09-22,Payment,High,23,Open,Neutral
S10888,C14386,2026-04-26,Login,High,4,Resolved,Positive
S10889,C14386,2026-04-24,Login,High,19,Resolved,Neutral
S10890,C14386,2026-07-25,Subscription,High,63,Resolved,Negative
S10891,C14387,2026-05-23,Technical,High,3,Resolved,Positive
S10892,C14387,2025-11-15,Subscription,Medium,17,Open,Neutral
S10893,C14387,2026-01-06,Subscription,Low,46,Resolved,Negative
S10894,C14387,2025-11-02,Billing,Low,31,Resolved,Neutral
S10895,C14387,2026-08-16,Technical,Medium,61,Open,Negative
S10896,C14388,2026-01-19,Billing,High,63,Resolved,Negative
S10897,C14388,2025-09-27,Technical,Medium,39,Resolved,Negative
S10898,C14388,2025-10-29,Technical,High,59,Open,Negative
S10899,C14389,2025-08-31,Login,High,3,Resolved,Positive
S10900,C14389,2026-04-28,Login,Low,57,Resolved,Negative
S10901,C14390,2026-03-25,Login,Low,65,Open,Negative
S10902,C14390,2026-02-23,Login,Medium,38,Resolved,Negative
S10903,C14390,2026-07-19,Billing,High,41,Resolved,Negative
S10904,C14391,2026-01-17,Technical,High,36,Resolved,Neutral
S10905,C14392,2026-01-10,Technical,Medium,46,Resolved,Negative
S10906,C14392,2025-12-30,Login,Low,35,Resolved,Neutral
S10907,C14393,2026-08-28,Payment,Medium,29,Resolved,Neutral
S10908,C14393,2026-06-17,Login,High,37,Resolved,Negative
S10909,C14394,2026-02-02,Technical,High,19,Open,Neutral
S10910,C14395,2026-03-12,Billing,Medium,43,Open,Negative
S10911,C14395,2026-08-03,Technical,Low,26,Open,Neutral
S10912,C14395,2026-06-05,Payment,Low,21,Resolved,Neutral
S10913,C14395,2025-09-21,Technical,High,59,Open,Negative
S10914,C14395,2025-09-04,Subscription,Low,60,Resolved,Negative
S10915,C14397,2025-12-20,Billing,Low,39,Open,Negative
S10916,C14397,2026-03-03,Subscription,Medium,50,Resolved,Negative
S10917,C14397,2026-01-15,Technical,Medium,17,Resolved,Neutral
S10918,C14398,2026-05-23,Subscription,Medium,9,Open,Positive
S10919,C14398,2026-03-31,Payment,Medium,39,Open,Negative
S10920,C14400,2026-02-25,Technical,High,62,Open,Negative
S10921,C14400,2025-09-16,Payment,Low,51,Resolved,Negative
S10922,C14403,2026-07-15,Billing,Medium,10,Resolved,Positive
S10923,C14404,2025-10-08,Billing,High,16,Open,Neutral
S10924,C14405,2025-10-21,Technical,Medium,41,Resolved,Negative
S10925,C14406,2026-07-02,Login,High,37,Resolved,Negative
S10926,C14406,2026-06-15,Billing,High,6,Open,Positive
S10927,C14406,2026-03-20,Login,Medium,60,Resolved,Negative
S10928,C14408,2025-09-07,Login,Medium,70,Resolved,Negative
S10929,C14408,2026-04-06,Payment,Medium,25,Resolved,Neutral
S10930,C14408,2026-02-25,Subscription,High,59,Resolved,Negative
S10931,C14408,2025-09-12,Payment,High,49,Resolved,Negative
S10932,C14408,2025-11-13,Payment,Low,18,Resolved,Neutral
S10933,C14409,2025-12-15,Login,Medium,60,Resolved,Negative
S10934,C14409,2025-10-08,Subscription,Low,62,Resolved,Negative
S10935,C14409,2026-08-26,Login,Low,64,Open,Negative
S10936,C14409,2026-08-07,Billing,Low,60,Resolved,Negative
S10937,C14409,2025-10-16,Payment,High,37,Resolved,Negative
S10938,C14410,2026-01-30,Subscription,Low,65,Resolved,Negative
S10939,C14410,2025-11-15,Subscription,Low,34,Open,Neutral
S10940,C14410,2026-03-28,Billing,Medium,60,Open,Negative
S10941,C14410,2026-02-09,Subscription,High,45,Resolved,Negative
S10942,C14410,2025-09-28,Payment,Medium,65,Resolved,Negative
S10943,C14411,2025-09-13,Payment,Low,44,Resolved,Negative
S10944,C14412,2025-10-05,Technical,Low,61,Resolved,Negative
S10945,C14412,2025-09-03,Billing,Medium,32,Resolved,Neutral
S10946,C14412,2026-03-24,Payment,Medium,12,Resolved,Positive
S10947,C14413,2025-11-16,Technical,Low,31,Resolved,Neutral
S10948,C14414,2025-09-20,Billing,High,3,Resolved,Positive
S10949,C14414,2025-10-10,Billing,Medium,37,Resolved,Negative
S10950,C14416,2026-01-22,Subscription,Medium,40,Resolved,Negative
S10951,C14416,2025-11-14,Payment,High,37,Resolved,Negative
S10952,C14416,2026-01-11,Login,Low,66,Resolved,Negative
S10953,C14416,2026-06-19,Billing,Low,63,Resolved,Negative
S10954,C14416,2026-08-27,Technical,Medium,65,Resolved,Negative
S10955,C14418,2026-05-19,Technical,High,39,Resolved,Negative
S10956,C14419,2026-05-04,Login,Medium,8,Resolved,Positive
S10957,C14419,2025-10-23,Technical,Low,31,Open,Neutral
S10958,C14420,2026-08-01,Login,High,7,Resolved,Positive
S10959,C14420,2026-07-02,Payment,Medium,25,Resolved,Neutral
S10960,C14420,2026-02-21,Technical,High,48,Resolved,Negative
S10961,C14420,2026-04-04,Payment,High,23,Open,Neutral
S10962,C14421,2025-09-08,Billing,Medium,44,Resolved,Negative
S10963,C14421,2025-09-17,Login,High,21,Resolved,Neutral
S10964,C14421,2026-07-10,Subscription,High,46,Resolved,Negative
S10965,C14423,2026-06-09,Billing,High,66,Open,Negative
S10966,C14423,2026-01-04,Billing,Low,40,Open,Negative
S10967,C14423,2026-02-05,Billing,Medium,70,Resolved,Negative
S10968,C14424,2026-08-12,Payment,Medium,26,Resolved,Neutral
S10969,C14424,2025-09-14,Technical,Medium,59,Open,Negative
S10970,C14425,2026-03-16,Subscription,Medium,4,Open,Positive
S10971,C14426,2026-03-25,Login,Low,7,Resolved,Positive
S10972,C14427,2026-02-05,Subscription,Low,21,Resolved,Neutral
S10973,C14427,2025-11-13,Login,Medium,72,Open,Negative
S10974,C14429,2026-07-02,Payment,Low,18,Open,Neutral
S10975,C14429,2026-04-04,Payment,High,60,Resolved,Negative
S10976,C14429,2026-05-14,Technical,Low,42,Open,Negative
S10977,C14430,2026-07-07,Payment,High,59,Open,Negative
S10978,C14431,2025-12-21,Login,Low,50,Resolved,Negative
S10979,C14431,2025-10-03,Payment,Medium,15,Open,Neutral
S10980,C14432,2026-04-21,Login,Low,2,Open,Positive
S10981,C14432,2026-01-27,Payment,High,38,Resolved,Negative
S10982,C14432,2025-10-24,Payment,Low,28,Resolved,Neutral
S10983,C14432,2026-08-03,Login,Medium,23,Resolved,Neutral
S10984,C14432,2026-03-30,Payment,High,45,Resolved,Negative
S10985,C14433,2025-12-30,Payment,Low,17,Open,Neutral
S10986,C14434,2026-07-12,Payment,Medium,45,Open,Negative
S10987,C14434,2025-10-11,Billing,Low,25,Resolved,Neutral
S10988,C14434,2026-07-11,Subscription,Medium,47,Resolved,Negative
S10989,C14434,2026-04-20,Billing,Medium,49,Open,Negative
S10990,C14434,2025-12-10,Login,Low,61,Open,Negative
S10991,C14435,2025-12-11,Technical,Low,63,Resolved,Negative
S10992,C14436,2026-02-17,Login,Medium,49,Open,Negative
S10993,C14436,2025-12-18,Billing,Low,8,Resolved,Positive
S10994,C14437,2026-01-29,Payment,Low,52,Resolved,Negative
S10995,C14437,2026-04-28,Technical,Medium,54,Resolved,Negative
S10996,C14438,2025-09-11,Technical,Medium,49,Resolved,Negative
S10997,C14438,2026-06-07,Login,Medium,60,Resolved,Negative
S10998,C14438,2026-01-17,Subscription,Medium,7,Resolved,Positive
S10999,C14438,2026-03-11,Technical,Low,62,Open,Negative
S11000,C14438,2026-04-12,Billing,Medium,39,Open,Negative
S11001,C14439,2025-11-03,Billing,High,23,Resolved,Neutral
S11002,C14439,2025-12-05,Billing,Medium,7,Open,Positive
S11003,C14439,2025-11-04,Technical,Low,8,Resolved,Positive
S11004,C14439,2026-05-15,Billing,High,47,Open,Negative
S11005,C14441,2026-06-11,Technical,Low,10,Resolved,Positive
S11006,C14442,2025-09-24,Subscription,Low,22,Resolved,Neutral
S11007,C14442,2026-06-26,Payment,Medium,1,Open,Positive
S11008,C14443,2026-03-29,Subscription,High,12,Resolved,Positive
S11009,C14444,2025-11-15,Subscription,Medium,1,Resolved,Positive
S11010,C14444,2026-04-09,Technical,High,72,Resolved,Negative
S11011,C14444,2026-01-03,Technical,Low,70,Open,Negative
S11012,C14445,2026-03-05,Payment,Medium,10,Resolved,Positive
S11013,C14447,2026-02-08,Payment,Low,39,Open,Negative
S11014,C14447,2026-05-31,Technical,Low,22,Resolved,Neutral
S11015,C14447,2026-03-28,Login,Low,27,Open,Neutral
S11016,C14447,2026-08-10,Billing,Low,69,Open,Negative
S11017,C14447,2026-08-12,Subscription,Medium,67,Resolved,Negative
S11018,C14448,2026-01-11,Technical,High,48,Open,Negative
S11019,C14448,2025-11-15,Technical,Medium,61,Open,Negative
S11020,C14450,2026-03-24,Technical,Low,7,Resolved,Positive
S11021,C14450,2026-04-23,Subscription,High,41,Resolved,Negative
S11022,C14450,2025-11-29,Payment,Medium,41,Open,Negative
S11023,C14451,2025-11-12,Payment,High,41,Resolved,Negative
S11024,C14451,2026-01-05,Subscription,Low,25,Resolved,Neutral
S11025,C14451,2026-01-23,Payment,High,40,Resolved,Negative
S11026,C14452,2025-10-18,Technical,High,12,Resolved,Positive
S11027,C14452,2026-05-29,Subscription,Low,48,Resolved,Negative
S11028,C14452,2025-12-12,Payment,Low,34,Resolved,Neutral
S11029,C14453,2025-10-13,Payment,High,53,Resolved,Negative
S11030,C14454,2026-04-24,Technical,Medium,27,Open,Neutral
S11031,C14454,2026-01-12,Login,Low,39,Resolved,Negative
S11032,C14454,2025-10-02,Technical,Low,7,Resolved,Positive
S11033,C14454,2026-02-27,Payment,Medium,11,Open,Positive
S11034,C14455,2026-08-16,Login,Low,13,Open,Neutral
S11035,C14455,2026-06-24,Payment,High,13,Resolved,Neutral
S11036,C14455,2026-04-03,Subscription,Low,57,Resolved,Negative
S11037,C14455,2026-02-03,Login,High,5,Resolved,Positive
S11038,C14455,2025-11-30,Payment,Medium,63,Resolved,Negative
S11039,C14456,2025-10-08,Subscription,Medium,21,Resolved,Neutral
S11040,C14456,2026-03-30,Technical,Medium,1,Resolved,Positive
S11041,C14456,2026-05-10,Subscription,Low,52,Resolved,Negative
S11042,C14456,2026-04-14,Subscription,Medium,53,Resolved,Negative
S11043,C14456,2026-08-24,Technical,Medium,12,Open,Positive
S11044,C14457,2025-11-08,Payment,Low,21,Open,Neutral
S11045,C14458,2026-02-26,Login,Low,53,Resolved,Negative
S11046,C14459,2026-03-20,Payment,Low,42,Open,Negative
S11047,C14459,2026-01-25,Billing,Low,16,Resolved,Neutral
S11048,C14459,2026-04-28,Payment,Low,21,Resolved,Neutral
S11049,C14459,2026-06-25,Technical,Low,65,Resolved,Negative
S11050,C14460,2026-04-05,Subscription,Medium,22,Resolved,Neutral
S11051,C14460,2026-05-08,Technical,Medium,37,Resolved,Negative
S11052,C14460,2026-01-20,Login,Low,54,Resolved,Negative
S11053,C14462,2026-02-07,Login,High,40,Resolved,Negative
S11054,C14463,2026-03-18,Technical,Low,44,Resolved,Negative
S11055,C14463,2026-03-01,Payment,Low,28,Open,Neutral
S11056,C14463,2026-06-07,Login,Low,27,Resolved,Neutral
S11057,C14463,2026-07-30,Technical,Medium,71,Open,Negative
S11058,C14463,2026-04-08,Payment,Medium,28,Resolved,Neutral
S11059,C14464,2026-01-27,Technical,Low,38,Resolved,Negative
S11060,C14464,2026-08-10,Billing,Low,53,Resolved,Negative
S11061,C14465,2026-05-27,Technical,Low,57,Resolved,Negative
S11062,C14465,2026-02-23,Login,Low,49,Resolved,Negative
S11063,C14465,2026-05-30,Billing,High,25,Resolved,Neutral
S11064,C14465,2025-11-17,Billing,Medium,35,Resolved,Neutral
S11065,C14466,2026-02-27,Payment,Medium,55,Resolved,Negative
S11066,C14466,2026-05-25,Payment,Medium,10,Resolved,Positive
S11067,C14466,2026-04-19,Billing,Low,20,Resolved,Neutral
S11068,C14466,2026-06-09,Payment,Medium,69,Open,Negative
S11069,C14468,2026-07-22,Billing,Medium,14,Resolved,Neutral
S11070,C14469,2026-04-26,Login,Low,12,Open,Positive
S11071,C14469,2026-01-18,Technical,Low,56,Open,Negative
S11072,C14469,2026-01-26,Payment,Low,26,Resolved,Neutral
S11073,C14469,2026-03-26,Login,Low,18,Open,Neutral
S11074,C14470,2026-03-21,Payment,Medium,50,Resolved,Negative
S11075,C14471,2026-07-10,Login,Low,18,Resolved,Neutral
S11076,C14471,2025-09-12,Technical,Low,14,Resolved,Neutral
S11077,C14472,2026-06-10,Subscription,Medium,7,Resolved,Positive
S11078,C14473,2026-03-20,Billing,Medium,36,Open,Neutral
S11079,C14473,2026-01-03,Payment,High,59,Open,Negative
S11080,C14473,2026-06-13,Payment,Low,56,Open,Negative
S11081,C14474,2026-05-25,Billing,Medium,63,Open,Negative
S11082,C14475,2026-04-20,Payment,Low,64,Resolved,Negative
S11083,C14477,2026-05-13,Payment,Medium,52,Resolved,Negative
S11084,C14478,2026-02-05,Login,Low,62,Open,Negative
S11085,C14478,2026-02-16,Billing,Medium,60,Resolved,Negative
S11086,C14478,2026-01-13,Payment,Low,28,Resolved,Neutral
S11087,C14478,2025-10-25,Login,Medium,18,Resolved,Neutral
S11088,C14478,2025-10-16,Subscription,Low,15,Open,Neutral
S11089,C14479,2026-08-30,Login,Low,22,Resolved,Neutral
S11090,C14479,2026-01-25,Login,High,18,Open,Neutral
S11091,C14480,2026-07-28,Payment,Medium,71,Resolved,Negative
S11092,C14480,2026-08-14,Login,Low,49,Resolved,Negative
S11093,C14480,2025-11-23,Billing,Low,40,Open,Negative
S11094,C14480,2026-05-25,Billing,Medium,25,Resolved,Neutral
S11095,C14480,2026-05-06,Billing,Medium,9,Resolved,Positive
S11096,C14481,2026-05-02,Payment,Medium,12,Resolved,Positive
S11097,C14481,2025-12-27,Login,Low,9,Resolved,Positive
S11098,C14481,2026-03-23,Subscription,Medium,44,Resolved,Negative
S11099,C14481,2026-03-03,Subscription,High,55,Open,Negative
S11100,C14482,2026-04-02,Payment,Low,14,Resolved,Neutral
S11101,C14482,2026-07-14,Technical,Medium,69,Open,Negative
S11102,C14482,2026-01-25,Payment,Medium,52,Resolved,Negative
S11103,C14482,2026-06-17,Subscription,High,36,Resolved,Neutral
S11104,C14483,2025-12-13,Technical,Medium,56,Resolved,Negative
S11105,C14483,2026-08-02,Login,High,10,Resolved,Positive
S11106,C14484,2026-08-23,Login,Medium,8,Resolved,Positive
S11107,C14484,2026-08-05,Technical,Medium,54,Resolved,Negative
S11108,C14484,2026-03-21,Subscription,High,10,Open,Positive
S11109,C14484,2025-09-09,Billing,High,23,Open,Neutral
S11110,C14486,2025-10-18,Login,Low,2,Resolved,Positive
S11111,C14486,2025-09-19,Billing,High,61,Resolved,Negative
S11112,C14487,2026-01-06,Payment,Low,41,Resolved,Negative
S11113,C14487,2026-08-26,Payment,Low,41,Open,Negative
S11114,C14487,2025-10-15,Billing,Low,55,Resolved,Negative
S11115,C14487,2026-05-10,Subscription,Low,3,Resolved,Positive
S11116,C14488,2025-10-06,Technical,Low,16,Resolved,Neutral
S11117,C14488,2026-03-15,Login,Low,58,Resolved,Negative
S11118,C14488,2025-12-19,Subscription,High,47,Resolved,Negative
S11119,C14488,2026-07-07,Subscription,Low,63,Open,Negative
S11120,C14488,2026-08-25,Login,Low,53,Open,Negative
S11121,C14489,2025-10-23,Subscription,Medium,16,Open,Neutral
S11122,C14489,2026-05-14,Login,Medium,3,Open,Positive
S11123,C14489,2026-06-16,Payment,High,12,Open,Positive
S11124,C14489,2026-07-09,Technical,High,66,Open,Negative
S11125,C14490,2026-01-23,Login,Low,49,Open,Negative
S11126,C14490,2026-08-24,Billing,High,66,Resolved,Negative
S11127,C14491,2025-12-27,Billing,Medium,7,Resolved,Positive
S11128,C14492,2025-10-18,Payment,Low,37,Resolved,Negative
S11129,C14493,2026-06-14,Technical,High,62,Resolved,Negative
S11130,C14493,2025-09-01,Login,Low,62,Resolved,Negative
S11131,C14493,2025-10-30,Billing,High,22,Resolved,Neutral
S11132,C14493,2025-10-26,Technical,High,24,Resolved,Neutral
S11133,C14494,2026-07-12,Billing,Medium,10,Open,Positive
S11134,C14494,2026-08-09,Payment,Low,46,Resolved,Negative
S11135,C14494,2025-09-19,Billing,Low,2,Open,Positive
S11136,C14495,2026-01-20,Payment,High,41,Resolved,Negative
S11137,C14495,2026-03-26,Payment,High,45,Open,Negative
S11138,C14495,2025-12-01,Payment,High,29,Resolved,Neutral
S11139,C14495,2026-01-03,Subscription,Low,43,Resolved,Negative
S11140,C14495,2026-04-12,Login,Low,70,Resolved,Negative
S11141,C14499,2026-07-22,Subscription,Low,67,Resolved,Negative
S11142,C14499,2026-01-03,Subscription,Medium,60,Resolved,Negative
S11143,C14499,2026-05-04,Billing,High,8,Resolved,Positive
S11144,C14499,2026-03-04,Technical,High,14,Resolved,Neutral
S11145,C14500,2026-06-26,Billing,High,63,Resolved,Negative
S11146,C14500,2026-04-02,Subscription,Low,61,Resolved,Negative
S11147,C14500,2026-03-22,Billing,High,38,Resolved,Negative
S11148,C14500,2025-09-08,Technical,High,18,Open,Neutral
S11149,C14502,2026-05-28,Billing,High,32,Open,Neutral
S11150,C14502,2026-03-25,Subscription,High,19,Open,Neutral
S11151,C14502,2025-11-25,Technical,Medium,33,Open,Neutral
S11152,C14502,2026-01-12,Technical,Low,36,Resolved,Neutral
S11153,C14502,2025-10-22,Technical,High,63,Resolved,Negative
S11154,C14503,2026-01-24,Technical,High,40,Resolved,Negative
S11155,C14503,2026-07-29,Payment,Low,31,Resolved,Neutral
S11156,C14503,2025-11-06,Payment,Medium,42,Resolved,Negative
S11157,C14503,2026-06-09,Technical,Medium,44,Resolved,Negative
S11158,C14503,2026-02-20,Subscription,Low,37,Open,Negative
S11159,C14504,2025-12-03,Login,Medium,39,Open,Negative
S11160,C14505,2026-08-23,Login,Low,22,Resolved,Neutral
S11161,C14506,2026-05-15,Technical,High,22,Open,Neutral
S11162,C14506,2026-08-21,Subscription,Low,18,Open,Neutral
S11163,C14506,2026-03-28,Subscription,High,16,Resolved,Neutral
S11164,C14506,2025-11-08,Technical,Medium,15,Open,Neutral
S11165,C14506,2026-02-18,Technical,Low,30,Resolved,Neutral
S11166,C14507,2026-01-31,Payment,Medium,64,Resolved,Negative
S11167,C14507,2026-07-18,Technical,High,15,Open,Neutral
S11168,C14508,2025-09-06,Payment,Medium,4,Resolved,Positive
S11169,C14508,2026-02-16,Billing,Low,2,Resolved,Positive
S11170,C14508,2026-06-02,Technical,High,47,Resolved,Negative
S11171,C14508,2026-05-27,Technical,High,45,Resolved,Negative
S11172,C14508,2026-02-24,Billing,Low,4,Resolved,Positive
S11173,C14509,2025-09-13,Billing,Low,60,Open,Negative
S11174,C14510,2026-02-01,Subscription,High,47,Open,Negative
S11175,C14510,2025-10-26,Billing,High,56,Resolved,Negative
S11176,C14510,2026-01-20,Subscription,Low,50,Resolved,Negative
S11177,C14510,2025-09-01,Technical,Low,61,Open,Negative
S11178,C14512,2026-08-27,Technical,Low,43,Resolved,Negative
S11179,C14514,2026-04-28,Login,Medium,60,Resolved,Negative
S11180,C14516,2025-10-01,Technical,Medium,67,Resolved,Negative
S11181,C14516,2026-08-05,Technical,Low,32,Resolved,Neutral
S11182,C14516,2026-05-18,Billing,High,29,Resolved,Neutral
S11183,C14517,2026-03-02,Billing,Low,24,Resolved,Neutral
S11184,C14517,2026-06-10,Technical,Medium,23,Resolved,Neutral
S11185,C14517,2026-05-11,Login,Low,17,Open,Neutral
S11186,C14517,2026-04-27,Subscription,Low,20,Open,Neutral
S11187,C14517,2025-11-04,Login,High,33,Resolved,Neutral
S11188,C14518,2026-08-04,Subscription,High,10,Open,Positive
S11189,C14518,2026-02-03,Billing,Low,18,Resolved,Neutral
S11190,C14518,2025-10-08,Subscription,Low,54,Resolved,Negative
S11191,C14519,2025-10-06,Subscription,Low,66,Resolved,Negative
S11192,C14519,2026-04-28,Technical,Low,55,Open,Negative
S11193,C14519,2026-06-01,Billing,Low,14,Open,Neutral
S11194,C14519,2026-03-28,Subscription,Low,10,Resolved,Positive
S11195,C14520,2026-06-02,Billing,Medium,40,Resolved,Negative
S11196,C14520,2025-09-23,Subscription,High,3,Resolved,Positive
S11197,C14520,2026-04-24,Login,Medium,28,Open,Neutral
S11198,C14520,2026-07-06,Login,Low,69,Resolved,Negative
S11199,C14523,2026-01-04,Login,High,32,Resolved,Neutral
S11200,C14524,2026-08-20,Subscription,Low,8,Open,Positive
S11201,C14525,2026-02-16,Login,Medium,27,Resolved,Neutral
S11202,C14525,2026-05-31,Subscription,Medium,60,Resolved,Negative
S11203,C14525,2025-09-23,Subscription,Low,65,Resolved,Negative
S11204,C14525,2026-07-02,Billing,Medium,6,Resolved,Positive
S11205,C14526,2026-01-24,Subscription,Medium,55,Resolved,Negative
S11206,C14526,2026-05-09,Subscription,High,19,Resolved,Neutral
S11207,C14526,2026-04-10,Payment,Low,15,Open,Neutral
S11208,C14526,2026-04-24,Login,High,42,Resolved,Negative
S11209,C14526,2025-12-01,Technical,Low,47,Open,Negative
S11210,C14527,2026-06-08,Payment,Low,39,Resolved,Negative
S11211,C14527,2025-11-09,Technical,High,13,Resolved,Neutral
S11212,C14528,2025-12-04,Technical,Low,12,Resolved,Positive
S11213,C14528,2025-10-23,Login,Low,40,Resolved,Negative
S11214,C14528,2026-06-12,Technical,Medium,62,Resolved,Negative
S11215,C14528,2025-11-14,Payment,Medium,18,Resolved,Neutral
S11216,C14528,2026-02-14,Billing,Medium,27,Resolved,Neutral
S11217,C14529,2026-03-09,Technical,High,26,Resolved,Neutral
S11218,C14529,2026-05-27,Subscription,Low,34,Resolved,Neutral
S11219,C14529,2026-08-24,Subscription,Low,37,Resolved,Negative
S11220,C14529,2025-12-02,Subscription,Medium,66,Resolved,Negative
S11221,C14529,2026-02-02,Payment,High,7,Open,Positive
S11222,C14530,2026-05-28,Billing,High,67,Resolved,Negative
S11223,C14530,2026-01-10,Payment,Medium,42,Open,Negative
S11224,C14530,2026-05-24,Billing,Low,14,Resolved,Neutral
S11225,C14530,2025-12-08,Login,Low,47,Open,Negative
S11226,C14530,2026-06-07,Login,Low,18,Open,Neutral
S11227,C14531,2025-09-18,Technical,Low,6,Resolved,Positive
S11228,C14532,2025-10-01,Payment,High,15,Resolved,Neutral
S11229,C14534,2026-06-18,Login,Medium,9,Resolved,Positive
S11230,C14534,2026-04-06,Login,High,56,Open,Negative
S11231,C14535,2026-06-11,Login,Low,60,Open,Negative
S11232,C14535,2026-03-04,Billing,Medium,48,Open,Negative
S11233,C14535,2025-11-22,Payment,High,72,Resolved,Negative
S11234,C14535,2025-10-16,Technical,High,38,Resolved,Negative
S11235,C14537,2025-09-27,Payment,Low,11,Open,Positive
S11236,C14537,2025-10-04,Login,Low,61,Open,Negative
S11237,C14537,2026-06-25,Billing,Low,36,Resolved,Neutral
S11238,C14537,2025-11-05,Payment,High,54,Resolved,Negative
S11239,C14538,2025-09-08,Subscription,High,12,Resolved,Positive
S11240,C14538,2026-07-25,Login,Low,64,Resolved,Negative
S11241,C14539,2026-06-11,Login,Low,45,Open,Negative
S11242,C14539,2025-10-25,Subscription,High,62,Resolved,Negative
S11243,C14539,2026-08-04,Billing,Medium,52,Open,Negative
S11244,C14539,2026-02-27,Technical,Low,18,Open,Neutral
S11245,C14540,2025-11-04,Login,Low,24,Resolved,Neutral
S11246,C14541,2025-11-08,Technical,High,37,Resolved,Negative
S11247,C14541,2025-10-14,Technical,Low,20,Open,Neutral
S11248,C14541,2026-01-31,Login,Low,56,Resolved,Negative
S11249,C14541,2025-12-03,Billing,Medium,58,Resolved,Negative
S11250,C14541,2025-09-26,Billing,Medium,40,Resolved,Negative
S11251,C14542,2026-03-08,Billing,High,12,Open,Positive
S11252,C14543,2025-12-23,Subscription,Medium,18,Open,Neutral
S11253,C14543,2026-05-17,Technical,Low,34,Open,Neutral
S11254,C14544,2026-05-20,Login,Low,58,Resolved,Negative
S11255,C14544,2026-05-01,Subscription,High,28,Open,Neutral
S11256,C14544,2025-10-07,Subscription,High,11,Resolved,Positive
S11257,C14544,2026-04-28,Technical,Medium,20,Open,Neutral
S11258,C14545,2026-04-18,Subscription,Medium,69,Resolved,Negative
S11259,C14545,2026-07-27,Technical,Low,59,Open,Negative
S11260,C14545,2025-11-25,Payment,Low,56,Resolved,Negative
S11261,C14546,2026-03-31,Login,Medium,71,Open,Negative
S11262,C14547,2026-04-08,Payment,High,62,Open,Negative
S11263,C14547,2025-10-19,Payment,High,56,Resolved,Negative
S11264,C14548,2026-05-14,Technical,Low,59,Resolved,Negative
S11265,C14548,2026-02-21,Login,Medium,15,Resolved,Neutral
S11266,C14548,2025-12-03,Billing,High,60,Open,Negative
S11267,C14549,2025-11-25,Subscription,Medium,52,Open,Negative
S11268,C14549,2025-12-17,Subscription,Low,67,Open,Negative
S11269,C14549,2026-08-18,Technical,High,66,Resolved,Negative
S11270,C14549,2026-07-16,Login,Medium,69,Resolved,Negative
S11271,C14551,2025-09-06,Billing,Medium,32,Resolved,Neutral
S11272,C14552,2026-04-23,Technical,Medium,40,Resolved,Negative
S11273,C14552,2026-06-03,Billing,Low,50,Resolved,Negative
S11274,C14552,2026-01-08,Subscription,Low,51,Open,Negative
S11275,C14552,2026-03-28,Login,Low,40,Resolved,Negative
S11276,C14552,2026-01-31,Payment,High,57,Resolved,Negative
S11277,C14553,2025-12-03,Payment,Low,45,Resolved,Negative
S11278,C14553,2026-01-02,Billing,Low,17,Resolved,Neutral
S11279,C14554,2025-12-21,Technical,Medium,50,Resolved,Negative
S11280,C14554,2026-02-16,Billing,Medium,56,Resolved,Negative
S11281,C14554,2026-04-15,Billing,Medium,16,Resolved,Neutral
S11282,C14554,2025-11-10,Subscription,Medium,27,Open,Neutral
S11283,C14554,2025-12-05,Payment,High,38,Resolved,Negative
S11284,C14555,2026-06-30,Billing,Low,12,Resolved,Positive
S11285,C14555,2025-10-24,Subscription,Medium,65,Resolved,Negative
S11286,C14555,2026-01-26,Payment,Low,32,Resolved,Neutral
S11287,C14555,2026-06-30,Payment,Low,59,Resolved,Negative
S11288,C14556,2026-07-06,Payment,High,27,Open,Neutral
S11289,C14556,2026-08-05,Login,Medium,68,Resolved,Negative
S11290,C14557,2026-02-13,Payment,Medium,33,Resolved,Neutral
S11291,C14557,2025-10-24,Subscription,Low,69,Open,Negative
S11292,C14558,2025-12-09,Technical,Low,59,Open,Negative
S11293,C14558,2025-10-29,Login,Low,50,Open,Negative
S11294,C14558,2026-04-13,Technical,Low,8,Resolved,Positive
S11295,C14559,2026-06-09,Technical,Medium,69,Open,Negative
S11296,C14559,2026-04-18,Technical,Low,40,Resolved,Negative
S11297,C14559,2026-08-04,Login,High,14,Resolved,Neutral
S11298,C14560,2026-06-15,Billing,High,45,Resolved,Negative
S11299,C14561,2026-02-11,Technical,Medium,1,Resolved,Positive
S11300,C14561,2026-08-12,Technical,Medium,52,Resolved,Negative
S11301,C14561,2026-01-24,Login,High,59,Open,Negative
S11302,C14562,2026-07-15,Login,Low,3,Open,Positive
S11303,C14563,2025-11-25,Billing,Low,13,Resolved,Neutral
S11304,C14563,2026-04-17,Payment,Medium,22,Resolved,Neutral
S11305,C14563,2025-09-06,Login,Low,56,Resolved,Negative
S11306,C14563,2026-08-03,Subscription,High,1,Resolved,Positive
S11307,C14564,2026-07-25,Billing,Low,4,Open,Positive
S11308,C14564,2026-02-21,Login,Medium,11,Resolved,Positive
S11309,C14566,2025-12-16,Payment,High,11,Resolved,Positive
S11310,C14566,2025-10-21,Login,Low,16,Resolved,Neutral
S11311,C14566,2026-05-15,Billing,Medium,32,Resolved,Neutral
S11312,C14566,2026-01-27,Login,Medium,44,Resolved,Negative
S11313,C14566,2026-02-11,Technical,Low,45,Open,Negative
S11314,C14567,2025-11-18,Subscription,Medium,49,Open,Negative
S11315,C14567,2025-11-20,Billing,High,34,Resolved,Neutral
S11316,C14569,2026-03-13,Payment,Medium,4,Resolved,Positive
S11317,C14569,2026-08-25,Login,Low,67,Resolved,Negative
S11318,C14569,2026-05-01,Payment,Medium,47,Open,Negative
S11319,C14569,2026-04-30,Login,Low,36,Resolved,Neutral
S11320,C14570,2025-10-02,Payment,High,10,Open,Positive
S11321,C14572,2025-11-06,Login,High,46,Resolved,Negative
S11322,C14572,2025-10-27,Payment,Medium,45,Resolved,Negative
S11323,C14572,2026-03-23,Billing,Low,68,Resolved,Negative
S11324,C14573,2026-08-06,Payment,High,21,Resolved,Neutral
S11325,C14573,2025-09-10,Subscription,Low,45,Resolved,Negative
S11326,C14573,2025-09-03,Billing,Medium,11,Resolved,Positive
S11327,C14574,2025-11-10,Login,Low,61,Resolved,Negative
S11328,C14574,2026-07-17,Technical,High,70,Open,Negative
S11329,C14574,2025-11-25,Payment,Low,5,Open,Positive
S11330,C14574,2026-05-07,Billing,Low,58,Open,Negative
S11331,C14575,2026-03-02,Payment,Medium,44,Open,Negative
S11332,C14575,2025-09-21,Login,High,37,Open,Negative
S11333,C14575,2026-05-03,Login,Medium,14,Open,Neutral
S11334,C14575,2026-06-27,Billing,High,26,Resolved,Neutral
S11335,C14575,2026-07-18,Payment,Low,35,Open,Neutral
S11336,C14576,2026-06-19,Technical,Medium,28,Open,Neutral
S11337,C14579,2026-05-21,Payment,Medium,6,Open,Positive
S11338,C14579,2026-06-10,Subscription,Medium,70,Open,Negative
S11339,C14580,2026-08-02,Billing,Medium,12,Resolved,Positive
S11340,C14581,2026-02-06,Login,High,70,Open,Negative
S11341,C14582,2025-09-08,Technical,High,59,Open,Negative
S11342,C14582,2026-04-30,Billing,High,53,Resolved,Negative
S11343,C14582,2026-07-09,Billing,Low,18,Resolved,Neutral
S11344,C14582,2026-08-10,Subscription,High,11,Resolved,Positive
S11345,C14582,2026-06-29,Login,High,38,Resolved,Negative
S11346,C14583,2026-05-24,Payment,High,27,Resolved,Neutral
S11347,C14583,2025-11-14,Login,High,31,Resolved,Neutral
S11348,C14584,2025-09-27,Payment,Low,43,Resolved,Negative
S11349,C14585,2025-12-20,Login,High,3,Resolved,Positive
S11350,C14585,2025-09-25,Login,Low,32,Resolved,Neutral
S11351,C14585,2026-02-24,Technical,Low,52,Open,Negative
S11352,C14585,2026-05-17,Login,Low,36,Open,Neutral
S11353,C14586,2025-12-04,Technical,High,21,Open,Neutral
S11354,C14586,2026-05-26,Billing,Low,61,Resolved,Negative
S11355,C14586,2026-08-01,Billing,High,50,Resolved,Negative
S11356,C14586,2025-12-05,Payment,Low,9,Open,Positive
S11357,C14586,2026-01-29,Technical,Medium,4,Open,Positive
S11358,C14587,2025-10-13,Payment,Low,39,Resolved,Negative
S11359,C14587,2025-11-01,Billing,Medium,32,Open,Neutral
S11360,C14587,2025-11-29,Login,Low,46,Resolved,Negative
S11361,C14587,2026-04-16,Subscription,Low,68,Resolved,Negative
S11362,C14587,2025-11-23,Technical,Medium,65,Resolved,Negative
S11363,C14588,2025-11-17,Login,High,24,Resolved,Neutral
S11364,C14588,2026-03-31,Payment,Medium,33,Resolved,Neutral
S11365,C14588,2025-10-05,Payment,Low,69,Open,Negative
S11366,C14588,2026-03-31,Billing,Medium,8,Resolved,Positive
S11367,C14589,2026-04-17,Subscription,Low,56,Open,Negative
S11368,C14593,2025-12-08,Billing,Medium,2,Resolved,Positive
S11369,C14593,2026-01-11,Login,Low,28,Resolved,Neutral
S11370,C14593,2026-05-03,Payment,Medium,58,Resolved,Negative
S11371,C14594,2025-12-17,Login,High,1,Open,Positive
S11372,C14594,2026-05-17,Payment,Low,9,Open,Positive
S11373,C14594,2026-05-11,Technical,High,69,Resolved,Negative
S11374,C14594,2026-08-15,Billing,Medium,36,Resolved,Neutral
S11375,C14595,2026-04-14,Payment,High,69,Resolved,Negative
S11376,C14595,2026-08-27,Payment,Medium,8,Resolved,Positive
S11377,C14595,2026-02-18,Technical,High,51,Resolved,Negative
S11378,C14596,2026-01-14,Billing,High,1,Resolved,Positive
S11379,C14597,2026-07-15,Payment,Low,44,Resolved,Negative
S11380,C14597,2025-10-01,Billing,High,1,Resolved,Positive
S11381,C14597,2026-05-25,Login,Low,5,Open,Positive
S11382,C14597,2026-06-30,Billing,High,32,Resolved,Neutral
S11383,C14597,2026-05-22,Technical,Low,28,Resolved,Neutral
S11384,C14598,2026-08-07,Technical,High,28,Open,Neutral
S11385,C14599,2026-01-08,Billing,High,1,Open,Positive
S11386,C14599,2025-10-31,Login,Medium,37,Resolved,Negative
S11387,C14599,2025-12-02,Payment,High,46,Open,Negative
S11388,C14601,2026-06-27,Login,Medium,56,Resolved,Negative
S11389,C14601,2026-03-24,Login,High,8,Open,Positive
S11390,C14601,2026-05-22,Payment,Low,36,Open,Neutral
S11391,C14601,2026-01-10,Payment,Medium,53,Resolved,Negative
S11392,C14603,2026-04-05,Subscription,High,4,Resolved,Positive
S11393,C14603,2026-04-11,Subscription,High,37,Resolved,Negative
S11394,C14603,2026-02-17,Technical,Low,10,Resolved,Positive
S11395,C14604,2025-10-28,Billing,Medium,1,Open,Positive
S11396,C14604,2026-01-13,Technical,Low,31,Open,Neutral
S11397,C14605,2025-09-08,Login,Medium,53,Open,Negative
S11398,C14605,2026-07-04,Subscription,High,42,Resolved,Negative
S11399,C14606,2026-06-27,Subscription,Low,69,Resolved,Negative
S11400,C14606,2026-08-11,Billing,Low,6,Open,Positive
S11401,C14607,2026-01-26,Payment,High,31,Resolved,Neutral
S11402,C14607,2026-02-24,Payment,High,61,Open,Negative
S11403,C14608,2026-06-03,Billing,Low,23,Open,Neutral
S11404,C14608,2025-09-29,Technical,Low,34,Open,Neutral
S11405,C14609,2025-11-26,Login,Medium,64,Resolved,Negative
S11406,C14609,2025-10-25,Payment,Low,16,Open,Neutral
S11407,C14609,2025-10-21,Login,Medium,9,Resolved,Positive
S11408,C14609,2026-08-02,Payment,Low,7,Open,Positive
S11409,C14610,2026-05-22,Payment,High,4,Open,Positive
S11410,C14610,2026-06-22,Billing,High,64,Open,Negative
S11411,C14610,2025-11-24,Billing,Low,15,Open,Neutral
S11412,C14610,2026-02-21,Technical,Medium,67,Open,Negative
S11413,C14611,2026-07-14,Billing,Low,67,Open,Negative
S11414,C14611,2026-08-25,Login,High,53,Open,Negative
S11415,C14613,2026-05-31,Login,High,30,Resolved,Neutral
S11416,C14614,2026-06-15,Payment,Medium,48,Resolved,Negative
S11417,C14614,2025-09-06,Login,High,46,Open,Negative
S11418,C14616,2026-04-13,Technical,Low,10,Resolved,Positive
S11419,C14616,2025-09-06,Billing,Medium,50,Open,Negative
S11420,C14619,2026-08-09,Payment,Medium,50,Resolved,Negative
S11421,C14619,2025-12-01,Billing,Low,14,Resolved,Neutral
S11422,C14620,2025-10-10,Billing,Medium,32,Resolved,Neutral
S11423,C14621,2025-12-02,Subscription,High,37,Resolved,Negative
S11424,C14621,2025-12-29,Payment,Medium,42,Resolved,Negative
S11425,C14621,2026-08-26,Billing,High,37,Resolved,Negative
S11426,C14621,2026-01-30,Technical,High,8,Resolved,Positive
S11427,C14623,2025-12-30,Billing,High,33,Open,Neutral
S11428,C14623,2025-12-22,Billing,Low,45,Resolved,Negative
S11429,C14623,2026-08-21,Billing,Low,27,Resolved,Neutral
S11430,C14624,2025-11-27,Login,Medium,71,Resolved,Negative
S11431,C14624,2026-04-22,Subscription,High,28,Resolved,Neutral
S11432,C14624,2025-09-03,Technical,High,64,Open,Negative
S11433,C14624,2026-05-30,Technical,High,1,Resolved,Positive
S11434,C14625,2025-10-02,Login,Medium,44,Resolved,Negative
S11435,C14625,2026-01-05,Login,Medium,62,Resolved,Negative
S11436,C14626,2026-05-20,Technical,High,2,Resolved,Positive
S11437,C14629,2026-07-27,Payment,Medium,60,Resolved,Negative
S11438,C14629,2025-11-27,Login,High,63,Resolved,Negative
S11439,C14629,2025-11-25,Technical,Low,29,Open,Neutral
S11440,C14629,2026-04-12,Payment,Low,44,Resolved,Negative
S11441,C14629,2026-08-12,Subscription,Low,1,Open,Positive
S11442,C14630,2026-01-08,Subscription,Low,17,Resolved,Neutral
S11443,C14631,2026-04-05,Technical,Low,20,Resolved,Neutral
S11444,C14631,2025-11-26,Payment,Low,69,Resolved,Negative
S11445,C14633,2026-07-22,Login,Low,31,Open,Neutral
S11446,C14633,2026-08-29,Technical,High,71,Resolved,Negative
S11447,C14633,2025-11-12,Technical,High,39,Resolved,Negative
S11448,C14633,2026-05-26,Technical,Medium,30,Resolved,Neutral
S11449,C14635,2025-10-21,Payment,Medium,6,Resolved,Positive
S11450,C14635,2026-07-12,Subscription,Medium,4,Resolved,Positive
S11451,C14635,2026-05-15,Login,Medium,46,Open,Negative
S11452,C14635,2026-02-11,Subscription,High,11,Resolved,Positive
S11453,C14635,2026-01-18,Subscription,High,51,Resolved,Negative
S11454,C14636,2025-09-15,Login,Low,68,Resolved,Negative
S11455,C14636,2026-07-16,Login,Low,24,Resolved,Neutral
S11456,C14637,2026-04-26,Billing,Low,50,Resolved,Negative
S11457,C14637,2025-09-05,Technical,Medium,19,Resolved,Neutral
S11458,C14637,2025-10-15,Login,Low,33,Open,Neutral
S11459,C14637,2025-11-06,Payment,Medium,18,Open,Neutral
S11460,C14638,2026-03-23,Subscription,High,20,Open,Neutral
S11461,C14639,2025-09-27,Payment,High,8,Open,Positive
S11462,C14639,2026-03-15,Subscription,High,5,Resolved,Positive
S11463,C14639,2025-12-28,Billing,Medium,66,Open,Negative
S11464,C14639,2026-05-11,Technical,Low,33,Resolved,Neutral
S11465,C14640,2026-07-02,Login,High,6,Resolved,Positive
S11466,C14640,2026-03-26,Billing,High,4,Resolved,Positive
S11467,C14641,2026-04-25,Billing,Low,54,Resolved,Negative
S11468,C14641,2025-11-25,Login,Medium,63,Resolved,Negative
S11469,C14641,2026-05-05,Technical,Medium,66,Open,Negative
S11470,C14641,2026-01-28,Technical,Medium,68,Open,Negative
S11471,C14643,2025-12-25,Subscription,High,10,Open,Positive
S11472,C14644,2026-01-07,Login,High,20,Resolved,Neutral
S11473,C14644,2026-04-21,Payment,High,34,Open,Neutral
S11474,C14644,2026-08-03,Technical,Low,61,Resolved,Negative
S11475,C14644,2026-07-10,Subscription,High,28,Resolved,Neutral
S11476,C14645,2025-09-24,Subscription,Medium,59,Open,Negative
S11477,C14645,2025-12-04,Payment,High,52,Resolved,Negative
S11478,C14645,2026-08-05,Billing,High,25,Resolved,Neutral
S11479,C14645,2026-07-27,Technical,Low,38,Open,Negative
S11480,C14646,2026-05-20,Payment,Low,47,Resolved,Negative
S11481,C14646,2025-09-20,Subscription,Low,53,Resolved,Negative
S11482,C14646,2026-06-24,Subscription,Low,9,Resolved,Positive
S11483,C14647,2025-09-22,Payment,Low,72,Open,Negative
S11484,C14647,2026-01-28,Technical,Medium,58,Resolved,Negative
S11485,C14647,2026-02-27,Billing,High,7,Resolved,Positive
S11486,C14647,2026-08-26,Technical,Low,72,Resolved,Negative
S11487,C14647,2026-08-20,Billing,Low,70,Resolved,Negative
S11488,C14648,2026-08-31,Billing,Low,25,Resolved,Neutral
S11489,C14648,2026-06-30,Payment,High,24,Open,Neutral
S11490,C14648,2026-04-11,Technical,Medium,20,Resolved,Neutral
S11491,C14648,2026-04-18,Billing,Low,2,Open,Positive
S11492,C14648,2025-09-26,Login,Low,25,Open,Neutral
S11493,C14649,2026-05-11,Payment,Low,16,Resolved,Neutral
S11494,C14650,2026-08-06,Login,High,34,Open,Neutral
S11495,C14650,2026-08-07,Payment,High,36,Resolved,Neutral
S11496,C14650,2025-11-17,Technical,Medium,40,Resolved,Negative
S11497,C14650,2025-12-19,Login,Medium,30,Resolved,Neutral
S11498,C14650,2026-02-05,Subscription,Low,25,Resolved,Neutral
S11499,C14652,2026-04-05,Technical,Low,29,Resolved,Neutral
S11500,C14652,2026-06-13,Technical,Medium,18,Open,Neutral
S11501,C14652,2025-09-15,Billing,High,64,Resolved,Negative
S11502,C14654,2026-01-26,Subscription,Medium,66,Open,Negative
S11503,C14654,2026-05-01,Login,Low,50,Open,Negative
S11504,C14654,2026-07-07,Payment,High,18,Resolved,Neutral
S11505,C14654,2025-09-10,Technical,Low,7,Resolved,Positive
S11506,C14655,2026-01-27,Technical,High,70,Resolved,Negative
S11507,C14655,2026-01-12,Technical,Medium,57,Resolved,Negative
S11508,C14655,2026-01-31,Payment,High,52,Resolved,Negative
S11509,C14655,2025-09-25,Technical,High,9,Resolved,Positive
S11510,C14655,2025-10-26,Payment,High,58,Resolved,Negative
S11511,C14657,2025-10-13,Billing,High,56,Resolved,Negative
S11512,C14658,2026-05-19,Subscription,Medium,23,Resolved,Neutral
S11513,C14658,2026-08-19,Subscription,Low,30,Open,Neutral
S11514,C14658,2026-03-10,Login,High,66,Open,Negative
S11515,C14658,2026-07-23,Billing,Medium,59,Resolved,Negative
S11516,C14658,2025-12-29,Payment,Low,28,Resolved,Neutral
S11517,C14659,2026-03-02,Payment,Medium,57,Resolved,Negative
S11518,C14659,2025-10-23,Technical,Medium,32,Resolved,Neutral
S11519,C14660,2026-02-07,Login,Medium,31,Resolved,Neutral
S11520,C14660,2026-03-07,Login,Low,14,Open,Neutral
S11521,C14661,2025-11-08,Payment,Medium,35,Open,Neutral
S11522,C14662,2025-11-21,Login,Low,21,Resolved,Neutral
S11523,C14662,2025-12-26,Payment,High,19,Open,Neutral
S11524,C14662,2026-07-26,Billing,Medium,57,Open,Negative
S11525,C14662,2025-09-15,Login,Medium,50,Resolved,Negative
S11526,C14662,2026-02-15,Payment,Medium,5,Open,Positive
S11527,C14663,2026-03-28,Billing,High,21,Resolved,Neutral
S11528,C14663,2026-03-31,Billing,High,16,Open,Neutral
S11529,C14664,2026-08-22,Technical,High,51,Resolved,Negative
S11530,C14664,2026-06-05,Subscription,Low,31,Open,Neutral
S11531,C14664,2026-02-17,Technical,Medium,46,Resolved,Negative
S11532,C14664,2026-03-11,Technical,Medium,29,Resolved,Neutral
S11533,C14665,2025-10-27,Subscription,Medium,41,Resolved,Negative
S11534,C14665,2026-03-05,Payment,Medium,35,Resolved,Neutral
S11535,C14665,2026-06-27,Technical,High,14,Open,Neutral
S11536,C14666,2026-08-06,Login,High,56,Open,Negative
S11537,C14666,2026-01-09,Payment,High,42,Resolved,Negative
S11538,C14666,2026-08-23,Payment,High,27,Resolved,Neutral
S11539,C14667,2026-05-06,Billing,Low,21,Resolved,Neutral
S11540,C14667,2025-11-16,Payment,High,65,Resolved,Negative
S11541,C14667,2026-03-31,Subscription,Medium,34,Resolved,Neutral
S11542,C14668,2026-02-09,Subscription,High,26,Resolved,Neutral
S11543,C14669,2026-01-29,Subscription,High,47,Resolved,Negative
S11544,C14669,2026-04-01,Billing,Medium,8,Resolved,Positive
S11545,C14670,2026-04-19,Payment,Medium,72,Open,Negative
S11546,C14670,2026-05-25,Technical,High,22,Resolved,Neutral
S11547,C14670,2026-03-07,Login,Low,49,Open,Negative
S11548,C14670,2026-06-01,Billing,Low,21,Resolved,Neutral
S11549,C14673,2025-09-21,Payment,Medium,26,Resolved,Neutral
S11550,C14674,2026-02-19,Billing,Low,55,Resolved,Negative
S11551,C14674,2025-11-19,Subscription,Low,56,Resolved,Negative
S11552,C14674,2026-07-17,Login,Medium,39,Resolved,Negative
S11553,C14677,2026-06-09,Payment,Low,56,Resolved,Negative
S11554,C14677,2025-12-25,Billing,High,71,Resolved,Negative
S11555,C14678,2026-05-09,Login,Low,17,Resolved,Neutral
S11556,C14679,2025-10-18,Login,Medium,67,Resolved,Negative
S11557,C14679,2025-10-09,Billing,High,72,Open,Negative
S11558,C14679,2026-03-27,Payment,High,46,Resolved,Negative
S11559,C14679,2026-08-16,Billing,Medium,57,Resolved,Negative
S11560,C14680,2025-09-06,Payment,Low,63,Resolved,Negative
S11561,C14682,2026-06-09,Billing,High,66,Resolved,Negative
S11562,C14682,2026-06-21,Technical,High,53,Resolved,Negative
S11563,C14684,2026-03-17,Payment,High,42,Open,Negative
S11564,C14684,2026-04-26,Technical,Low,23,Open,Neutral
S11565,C14684,2026-05-21,Subscription,High,57,Resolved,Negative
S11566,C14684,2026-08-08,Payment,High,14,Resolved,Neutral
S11567,C14684,2025-11-18,Payment,Medium,13,Open,Neutral
S11568,C14685,2025-10-12,Payment,High,36,Resolved,Neutral
S11569,C14685,2026-02-01,Payment,Medium,5,Resolved,Positive
S11570,C14685,2026-08-23,Billing,Medium,54,Resolved,Negative
S11571,C14685,2026-08-23,Billing,High,72,Resolved,Negative
S11572,C14686,2026-04-22,Subscription,Medium,42,Resolved,Negative
S11573,C14688,2026-03-15,Billing,High,32,Resolved,Neutral
S11574,C14688,2025-10-22,Subscription,Medium,40,Open,Negative
S11575,C14688,2026-08-09,Payment,Medium,68,Resolved,Negative
S11576,C14688,2026-08-06,Payment,Low,53,Resolved,Negative
S11577,C14689,2026-07-29,Billing,Low,9,Resolved,Positive
S11578,C14689,2026-06-30,Login,High,53,Resolved,Negative
S11579,C14690,2025-11-16,Billing,High,19,Resolved,Neutral
S11580,C14690,2026-06-06,Login,High,10,Resolved,Positive
S11581,C14690,2026-03-12,Payment,Low,61,Resolved,Negative
S11582,C14691,2026-04-11,Login,Medium,57,Resolved,Negative
S11583,C14691,2026-06-26,Technical,Medium,41,Resolved,Negative
S11584,C14692,2026-04-18,Technical,Low,32,Resolved,Neutral
S11585,C14692,2026-06-15,Technical,Medium,26,Open,Neutral
S11586,C14692,2026-01-22,Billing,High,64,Resolved,Negative
S11587,C14692,2025-12-03,Login,Medium,18,Open,Neutral
S11588,C14692,2026-06-04,Payment,Medium,67,Resolved,Negative
S11589,C14693,2025-12-26,Billing,Low,7,Open,Positive
S11590,C14693,2025-10-21,Billing,Medium,68,Open,Negative
S11591,C14694,2026-05-22,Subscription,High,52,Open,Negative
S11592,C14694,2026-05-04,Payment,Low,37,Resolved,Negative
S11593,C14694,2026-08-23,Billing,Medium,22,Resolved,Neutral
S11594,C14694,2025-09-11,Technical,Medium,69,Resolved,Negative
S11595,C14695,2026-01-05,Billing,Low,48,Resolved,Negative
S11596,C14696,2026-02-06,Billing,Medium,65,Resolved,Negative
S11597,C14696,2026-02-04,Subscription,Low,48,Resolved,Negative
S11598,C14698,2026-03-14,Login,Low,66,Open,Negative
S11599,C14698,2025-09-08,Subscription,Low,47,Resolved,Negative
S11600,C14698,2026-02-24,Subscription,High,67,Open,Negative
S11601,C14699,2025-11-26,Technical,High,19,Open,Neutral
S11602,C14699,2026-08-20,Payment,Low,5,Resolved,Positive
S11603,C14699,2026-01-17,Technical,Medium,66,Resolved,Negative
S11604,C14701,2026-07-12,Technical,High,64,Resolved,Negative
S11605,C14701,2026-07-18,Payment,Low,47,Open,Negative
S11606,C14702,2025-11-05,Billing,Low,20,Open,Neutral
S11607,C14702,2026-01-31,Subscription,Medium,70,Resolved,Negative
S11608,C14702,2026-02-21,Billing,Medium,72,Open,Negative
S11609,C14703,2026-01-01,Login,High,71,Open,Negative
S11610,C14703,2026-01-28,Login,Low,19,Resolved,Neutral
S11611,C14704,2026-01-14,Technical,Medium,47,Open,Negative
S11612,C14704,2026-08-08,Subscription,Medium,43,Open,Negative
S11613,C14705,2025-11-07,Login,Medium,60,Resolved,Negative
S11614,C14705,2026-04-29,Technical,Medium,56,Open,Negative
S11615,C14705,2026-08-16,Technical,High,12,Resolved,Positive
S11616,C14705,2026-08-31,Billing,High,18,Open,Neutral
S11617,C14705,2026-07-26,Payment,Low,44,Open,Negative
S11618,C14706,2026-06-20,Payment,Medium,19,Resolved,Neutral
S11619,C14707,2026-05-21,Subscription,High,10,Resolved,Positive
S11620,C14707,2026-05-31,Payment,Medium,13,Resolved,Neutral
S11621,C14707,2026-03-28,Subscription,Medium,46,Resolved,Negative
S11622,C14707,2026-08-27,Subscription,Medium,6,Resolved,Positive
S11623,C14707,2025-09-02,Billing,Medium,30,Resolved,Neutral
S11624,C14708,2026-01-23,Subscription,Low,58,Resolved,Negative
S11625,C14708,2025-12-03,Subscription,High,28,Resolved,Neutral
S11626,C14708,2026-05-10,Payment,Medium,40,Resolved,Negative
S11627,C14708,2026-08-26,Payment,High,62,Open,Negative
S11628,C14708,2025-09-14,Login,Low,13,Open,Neutral
S11629,C14709,2026-07-07,Subscription,Medium,6,Resolved,Positive
S11630,C14710,2025-11-14,Subscription,Low,25,Open,Neutral
S11631,C14711,2026-02-01,Billing,High,70,Resolved,Negative
S11632,C14711,2025-10-16,Technical,Medium,7,Open,Positive
S11633,C14711,2025-09-03,Technical,Low,65,Open,Negative
S11634,C14711,2026-07-12,Technical,Low,58,Resolved,Negative
S11635,C14711,2025-09-06,Login,Low,27,Resolved,Neutral
S11636,C14712,2026-08-12,Subscription,High,59,Resolved,Negative
S11637,C14712,2025-12-13,Billing,High,49,Resolved,Negative
S11638,C14712,2026-05-01,Payment,Medium,58,Resolved,Negative
S11639,C14712,2026-02-15,Payment,Low,23,Resolved,Neutral
S11640,C14713,2026-08-30,Billing,Low,67,Resolved,Negative
S11641,C14714,2026-05-03,Payment,High,54,Open,Negative
S11642,C14714,2026-08-27,Subscription,High,39,Resolved,Negative
S11643,C14717,2025-09-07,Login,Low,19,Resolved,Neutral
S11644,C14717,2026-07-17,Payment,Low,58,Resolved,Negative
S11645,C14718,2026-06-11,Login,Low,13,Resolved,Neutral
S11646,C14719,2026-01-07,Payment,Medium,69,Resolved,Negative
S11647,C14719,2025-10-12,Login,Medium,39,Open,Negative
S11648,C14719,2025-08-31,Login,Low,62,Resolved,Negative
S11649,C14720,2026-08-31,Subscription,Medium,29,Open,Neutral
S11650,C14721,2025-09-08,Subscription,High,34,Open,Neutral
S11651,C14721,2025-10-07,Technical,Medium,38,Resolved,Negative
S11652,C14721,2026-08-15,Technical,Low,32,Open,Neutral
S11653,C14723,2026-04-07,Billing,Low,59,Resolved,Negative
S11654,C14724,2026-06-06,Payment,High,49,Resolved,Negative
S11655,C14724,2026-04-29,Login,Low,46,Open,Negative
S11656,C14724,2026-01-10,Payment,Low,66,Resolved,Negative
S11657,C14724,2025-09-01,Subscription,Low,19,Resolved,Neutral
S11658,C14726,2025-09-18,Payment,Low,38,Resolved,Negative
S11659,C14726,2026-04-30,Billing,Low,72,Open,Negative
S11660,C14727,2026-07-09,Subscription,Medium,17,Resolved,Neutral
S11661,C14727,2026-07-06,Billing,Low,65,Resolved,Negative
S11662,C14727,2026-04-04,Billing,Medium,70,Open,Negative
S11663,C14727,2026-06-16,Technical,High,68,Open,Negative
S11664,C14727,2026-03-01,Technical,Medium,65,Open,Negative
S11665,C14728,2025-11-04,Login,High,10,Resolved,Positive
S11666,C14728,2026-01-31,Login,Medium,46,Resolved,Negative
S11667,C14729,2025-12-14,Login,Low,15,Resolved,Neutral
S11668,C14729,2026-08-04,Payment,Medium,55,Resolved,Negative
S11669,C14730,2026-02-09,Subscription,High,3,Open,Positive
S11670,C14730,2025-10-25,Subscription,Low,54,Resolved,Negative
S11671,C14730,2026-02-21,Billing,Low,32,Resolved,Neutral
S11672,C14730,2025-10-09,Subscription,Medium,16,Resolved,Neutral
S11673,C14730,2026-02-09,Payment,High,45,Open,Negative
S11674,C14731,2026-08-16,Login,Medium,44,Resolved,Negative
S11675,C14731,2026-02-23,Technical,Low,41,Resolved,Negative
S11676,C14731,2026-01-14,Billing,Low,62,Resolved,Negative
S11677,C14731,2026-07-07,Login,Low,11,Open,Positive
S11678,C14731,2025-10-20,Payment,Low,22,Resolved,Neutral
S11679,C14733,2026-07-26,Subscription,Low,72,Resolved,Negative
S11680,C14733,2025-09-03,Billing,Low,6,Open,Positive
S11681,C14733,2026-01-18,Login,Medium,66,Open,Negative
S11682,C14733,2026-04-10,Billing,Medium,53,Resolved,Negative
S11683,C14733,2025-12-04,Billing,Medium,12,Open,Positive
S11684,C14734,2026-08-24,Billing,Medium,15,Resolved,Neutral
S11685,C14734,2026-06-23,Payment,Medium,62,Resolved,Negative
S11686,C14734,2026-06-10,Billing,Medium,17,Open,Neutral
S11687,C14734,2026-07-22,Payment,High,6,Resolved,Positive
S11688,C14734,2026-08-05,Technical,Medium,41,Resolved,Negative
S11689,C14736,2026-01-07,Payment,High,21,Resolved,Neutral
S11690,C14736,2026-07-21,Login,High,67,Open,Negative
S11691,C14736,2025-12-11,Technical,Low,72,Open,Negative
S11692,C14736,2025-09-30,Billing,High,40,Open,Negative
S11693,C14736,2026-01-21,Subscription,High,19,Resolved,Neutral
S11694,C14737,2026-07-24,Billing,Medium,4,Resolved,Positive
S11695,C14737,2026-03-12,Login,Medium,17,Resolved,Neutral
S11696,C14737,2026-06-10,Subscription,Medium,31,Resolved,Neutral
S11697,C14738,2025-10-31,Technical,Medium,30,Resolved,Neutral
S11698,C14739,2025-11-30,Technical,Medium,65,Resolved,Negative
S11699,C14741,2026-04-12,Login,High,12,Open,Positive
S11700,C14741,2026-03-11,Subscription,High,37,Resolved,Negative
S11701,C14741,2025-12-09,Billing,Medium,53,Resolved,Negative
S11702,C14741,2025-11-10,Technical,Low,45,Resolved,Negative
S11703,C14742,2025-12-06,Subscription,High,31,Resolved,Neutral
S11704,C14742,2026-07-05,Login,High,53,Open,Negative
S11705,C14742,2026-02-26,Payment,Low,5,Resolved,Positive
S11706,C14743,2025-12-18,Technical,Low,57,Resolved,Negative
S11707,C14744,2025-10-27,Billing,Low,44,Resolved,Negative
S11708,C14744,2026-05-10,Payment,Low,26,Resolved,Neutral
S11709,C14744,2026-01-04,Payment,Medium,48,Open,Negative
S11710,C14744,2026-03-29,Billing,High,16,Open,Neutral
S11711,C14745,2026-04-16,Subscription,Medium,66,Open,Negative
S11712,C14746,2025-10-07,Payment,Low,1,Open,Positive
S11713,C14746,2026-04-30,Technical,Low,35,Open,Neutral
S11714,C14746,2026-07-30,Subscription,Medium,42,Open,Negative
S11715,C14746,2026-04-13,Login,High,14,Open,Neutral
S11716,C14746,2026-06-01,Subscription,Low,12,Resolved,Positive
S11717,C14747,2025-12-31,Login,High,29,Resolved,Neutral
S11718,C14747,2026-04-26,Subscription,Medium,48,Resolved,Negative
S11719,C14747,2026-08-11,Login,Medium,6,Resolved,Positive
S11720,C14747,2026-08-08,Payment,Low,72,Open,Negative
S11721,C14747,2026-03-09,Login,Low,14,Resolved,Neutral
S11722,C14748,2026-06-19,Subscription,Medium,59,Resolved,Negative
S11723,C14748,2025-12-29,Subscription,Low,53,Open,Negative
S11724,C14748,2026-02-13,Payment,High,22,Resolved,Neutral
S11725,C14748,2026-01-04,Login,Medium,16,Open,Neutral
S11726,C14748,2025-10-04,Login,High,25,Open,Neutral
S11727,C14750,2026-04-11,Subscription,High,11,Open,Positive
S11728,C14750,2026-03-25,Subscription,Medium,32,Open,Neutral
S11729,C14750,2025-12-24,Subscription,Low,20,Resolved,Neutral
S11730,C14751,2026-02-11,Payment,Low,6,Resolved,Positive
S11731,C14751,2026-05-22,Technical,Low,50,Resolved,Negative
S11732,C14752,2026-07-16,Payment,Medium,1,Open,Positive
S11733,C14753,2026-01-23,Payment,Medium,32,Open,Neutral
S11734,C14753,2026-01-25,Payment,High,22,Resolved,Neutral
S11735,C14753,2025-11-21,Login,High,61,Open,Negative
S11736,C14753,2026-08-20,Payment,Medium,35,Resolved,Neutral
S11737,C14753,2026-06-15,Technical,High,46,Resolved,Negative
S11738,C14754,2025-10-12,Subscription,Medium,22,Resolved,Neutral
S11739,C14754,2026-07-02,Login,Low,55,Resolved,Negative
S11740,C14754,2026-01-31,Billing,High,71,Open,Negative
S11741,C14754,2025-09-11,Billing,Medium,9,Resolved,Positive
S11742,C14754,2026-07-05,Technical,Low,13,Resolved,Neutral
S11743,C14756,2025-11-18,Login,High,13,Open,Neutral
S11744,C14756,2025-11-10,Billing,High,57,Resolved,Negative
S11745,C14756,2026-05-07,Billing,High,67,Resolved,Negative
S11746,C14756,2026-04-05,Login,High,57,Resolved,Negative
S11747,C14756,2026-05-14,Payment,Low,43,Resolved,Negative
S11748,C14758,2026-04-03,Billing,High,40,Resolved,Negative
S11749,C14761,2026-03-17,Payment,High,35,Resolved,Neutral
S11750,C14761,2026-04-16,Technical,Low,65,Open,Negative
S11751,C14761,2026-08-15,Login,Low,31,Open,Neutral
S11752,C14761,2025-12-09,Login,Medium,43,Open,Negative
S11753,C14761,2026-05-18,Subscription,Medium,7,Resolved,Positive
S11754,C14762,2026-03-26,Login,High,71,Resolved,Negative
S11755,C14762,2026-04-10,Subscription,Low,62,Resolved,Negative
S11756,C14763,2026-03-06,Billing,Low,30,Resolved,Neutral
S11757,C14763,2026-04-04,Billing,Low,67,Resolved,Negative
S11758,C14763,2026-07-18,Billing,Medium,27,Resolved,Neutral
S11759,C14763,2026-04-25,Technical,Low,10,Open,Positive
S11760,C14763,2025-12-26,Billing,Medium,29,Resolved,Neutral
S11761,C14764,2025-10-10,Login,Medium,59,Open,Negative
S11762,C14765,2026-05-27,Technical,High,22,Resolved,Neutral
S11763,C14765,2026-08-05,Billing,Medium,21,Resolved,Neutral
S11764,C14765,2026-08-20,Technical,High,41,Open,Negative
S11765,C14766,2026-03-10,Subscription,Medium,5,Resolved,Positive
S11766,C14766,2025-10-19,Subscription,High,62,Open,Negative
S11767,C14767,2026-02-14,Subscription,Low,68,Resolved,Negative
S11768,C14768,2026-06-24,Payment,Low,22,Open,Neutral
S11769,C14768,2025-11-26,Subscription,High,46,Resolved,Negative
S11770,C14768,2026-05-26,Technical,High,39,Resolved,Negative
S11771,C14768,2026-06-01,Technical,Medium,48,Resolved,Negative
S11772,C14768,2026-01-16,Subscription,Low,2,Open,Positive
S11773,C14769,2025-10-21,Payment,Low,68,Resolved,Negative
S11774,C14770,2026-03-20,Payment,Low,15,Resolved,Neutral
S11775,C14770,2026-04-01,Login,High,16,Open,Neutral
S11776,C14770,2025-10-23,Technical,High,25,Open,Neutral
S11777,C14770,2026-08-06,Subscription,Medium,11,Resolved,Positive
S11778,C14771,2026-08-19,Subscription,Medium,32,Resolved,Neutral
S11779,C14773,2026-03-14,Login,Medium,14,Open,Neutral
S11780,C14773,2025-09-04,Payment,Medium,20,Resolved,Neutral
S11781,C14773,2026-05-21,Billing,Medium,5,Open,Positive
S11782,C14773,2026-05-24,Login,Low,67,Resolved,Negative
S11783,C14773,2026-03-24,Subscription,Medium,16,Resolved,Neutral
S11784,C14774,2025-11-01,Payment,Medium,15,Resolved,Neutral
S11785,C14775,2026-07-31,Subscription,Low,2,Open,Positive
S11786,C14776,2025-11-22,Login,High,21,Open,Neutral
S11787,C14776,2025-10-07,Billing,Low,68,Resolved,Negative
S11788,C14776,2025-12-30,Technical,Medium,57,Open,Negative
S11789,C14776,2025-11-13,Login,High,66,Resolved,Negative
S11790,C14778,2026-05-15,Payment,High,59,Open,Negative
S11791,C14779,2026-08-04,Payment,Medium,20,Open,Neutral
S11792,C14779,2026-06-04,Login,High,57,Resolved,Negative
S11793,C14779,2025-09-14,Technical,High,59,Open,Negative
S11794,C14780,2026-05-15,Login,Medium,27,Open,Neutral
S11795,C14780,2025-10-29,Billing,Medium,45,Resolved,Negative
S11796,C14780,2026-01-13,Technical,High,36,Resolved,Neutral
S11797,C14780,2025-10-27,Subscription,Medium,35,Resolved,Neutral
S11798,C14780,2025-09-15,Subscription,Medium,62,Open,Negative
S11799,C14781,2025-09-04,Billing,Medium,63,Resolved,Negative
S11800,C14781,2026-05-11,Payment,High,69,Resolved,Negative
S11801,C14782,2025-10-19,Subscription,Low,45,Resolved,Negative
S11802,C14782,2026-06-28,Technical,Medium,3,Open,Positive
S11803,C14782,2026-04-11,Subscription,Low,31,Resolved,Neutral
S11804,C14782,2026-06-19,Subscription,Low,23,Resolved,Neutral
S11805,C14783,2026-05-26,Subscription,Medium,23,Resolved,Neutral
S11806,C14783,2026-07-26,Subscription,High,24,Open,Neutral
S11807,C14784,2026-03-19,Technical,High,51,Open,Negative
S11808,C14784,2026-04-30,Billing,Low,28,Open,Neutral
S11809,C14785,2025-09-11,Technical,Medium,42,Open,Negative
S11810,C14785,2025-12-21,Technical,High,19,Open,Neutral
S11811,C14785,2025-11-01,Payment,High,18,Open,Neutral
S11812,C14786,2026-05-18,Billing,Low,20,Open,Neutral
S11813,C14786,2026-02-07,Subscription,Medium,54,Resolved,Negative
S11814,C14786,2026-04-10,Subscription,High,32,Open,Neutral
S11815,C14787,2026-05-27,Login,Medium,49,Resolved,Negative
S11816,C14787,2026-03-31,Subscription,Medium,47,Resolved,Negative
S11817,C14788,2025-09-17,Subscription,High,44,Open,Negative
S11818,C14788,2026-03-29,Billing,High,69,Resolved,Negative
S11819,C14788,2026-03-04,Technical,High,72,Open,Negative
S11820,C14789,2026-03-30,Payment,Low,13,Resolved,Neutral
S11821,C14789,2025-11-06,Payment,Low,14,Resolved,Neutral
S11822,C14789,2026-08-09,Payment,High,26,Resolved,Neutral
S11823,C14789,2025-12-31,Payment,Medium,64,Open,Negative
S11824,C14789,2025-11-30,Payment,Low,42,Open,Negative
S11825,C14790,2025-12-10,Subscription,High,70,Resolved,Negative
S11826,C14790,2026-01-24,Login,Medium,51,Resolved,Negative
S11827,C14790,2026-03-11,Subscription,Low,16,Resolved,Neutral
S11828,C14790,2026-05-13,Login,High,48,Resolved,Negative
S11829,C14791,2025-08-31,Payment,High,52,Open,Negative
S11830,C14794,2026-04-15,Login,Medium,24,Open,Neutral
S11831,C14794,2026-04-15,Subscription,High,48,Open,Negative
S11832,C14795,2026-02-19,Login,High,7,Open,Positive
S11833,C14795,2026-08-08,Technical,High,39,Resolved,Negative
S11834,C14795,2026-05-14,Login,Low,34,Resolved,Neutral
S11835,C14795,2026-03-14,Billing,Low,46,Resolved,Negative
S11836,C14796,2026-06-17,Login,High,13,Open,Neutral
S11837,C14796,2026-01-05,Subscription,Low,2,Open,Positive
S11838,C14797,2026-05-10,Login,High,6,Open,Positive
S11839,C14797,2025-09-14,Technical,Medium,21,Resolved,Neutral
S11840,C14797,2026-06-19,Subscription,High,58,Resolved,Negative
S11841,C14798,2026-02-16,Technical,High,45,Open,Negative
S11842,C14798,2025-09-27,Technical,Low,54,Resolved,Negative
S11843,C14799,2026-01-26,Payment,High,63,Resolved,Negative
S11844,C14799,2025-09-26,Login,Low,69,Resolved,Negative
S11845,C14799,2025-12-05,Billing,Low,37,Open,Negative
S11846,C14799,2025-10-15,Payment,Medium,6,Resolved,Positive
S11847,C14800,2026-05-10,Payment,Medium,50,Resolved,Negative
S11848,C14800,2025-10-28,Billing,Low,16,Open,Neutral
S11849,C14800,2026-08-30,Subscription,Medium,70,Resolved,Negative
S11850,C14800,2025-10-17,Subscription,Medium,24,Open,Neutral
S11851,C14802,2026-02-25,Subscription,Low,62,Resolved,Negative
S11852,C14802,2026-08-25,Technical,Low,57,Resolved,Negative
S11853,C14802,2026-03-23,Payment,High,4,Resolved,Positive
S11854,C14804,2026-03-26,Login,High,27,Resolved,Neutral
S11855,C14804,2026-05-15,Login,High,3,Resolved,Positive
S11856,C14804,2026-06-07,Payment,Low,27,Open,Neutral
S11857,C14806,2026-07-16,Billing,High,36,Resolved,Neutral
S11858,C14806,2026-03-26,Login,Medium,34,Resolved,Neutral
S11859,C14806,2026-06-05,Subscription,High,32,Resolved,Neutral
S11860,C14806,2026-03-21,Login,Low,50,Resolved,Negative
S11861,C14806,2026-05-19,Technical,Low,63,Resolved,Negative
S11862,C14807,2026-06-05,Technical,Low,53,Resolved,Negative
S11863,C14807,2026-05-01,Login,High,41,Resolved,Negative
S11864,C14807,2025-10-03,Billing,Low,20,Resolved,Neutral
S11865,C14808,2026-02-15,Billing,Low,10,Resolved,Positive
S11866,C14808,2026-05-08,Technical,High,58,Open,Negative
S11867,C14810,2025-11-10,Billing,High,72,Resolved,Negative
S11868,C14810,2026-01-30,Subscription,Low,34,Open,Neutral
S11869,C14810,2026-02-11,Payment,Medium,37,Open,Negative
S11870,C14811,2026-08-29,Payment,High,25,Resolved,Neutral
S11871,C14812,2026-02-03,Billing,Medium,66,Open,Negative
S11872,C14812,2026-04-25,Billing,High,33,Open,Neutral
S11873,C14812,2026-03-16,Payment,Medium,36,Resolved,Neutral
S11874,C14812,2026-03-04,Billing,Medium,28,Resolved,Neutral
S11875,C14813,2025-12-13,Technical,Medium,42,Resolved,Negative
S11876,C14814,2026-06-20,Subscription,Medium,2,Resolved,Positive
S11877,C14814,2026-08-10,Subscription,Medium,48,Resolved,Negative
S11878,C14814,2025-10-24,Login,Medium,46,Resolved,Negative
S11879,C14814,2025-11-01,Login,High,8,Open,Positive
S11880,C14815,2026-08-07,Payment,Medium,45,Resolved,Negative
S11881,C14815,2025-11-30,Technical,High,48,Resolved,Negative
S11882,C14815,2026-08-06,Payment,Low,43,Resolved,Negative
S11883,C14816,2026-08-23,Subscription,Medium,37,Open,Negative
S11884,C14817,2026-07-29,Technical,High,64,Resolved,Negative
S11885,C14817,2025-11-27,Login,Low,9,Resolved,Positive
S11886,C14817,2026-08-23,Payment,Medium,16,Open,Neutral
S11887,C14817,2026-03-24,Login,Medium,40,Resolved,Negative
S11888,C14817,2026-08-25,Payment,Low,9,Resolved,Positive
S11889,C14818,2026-07-11,Technical,Low,71,Resolved,Negative
S11890,C14818,2025-12-20,Login,High,51,Open,Negative
S11891,C14818,2025-12-27,Payment,Medium,35,Resolved,Neutral
S11892,C14818,2025-12-30,Payment,High,51,Open,Negative
S11893,C14819,2026-02-02,Billing,Medium,6,Resolved,Positive
S11894,C14819,2025-09-26,Billing,Low,69,Open,Negative
S11895,C14819,2025-10-05,Login,Low,62,Resolved,Negative
S11896,C14819,2026-02-25,Payment,Low,15,Resolved,Neutral
S11897,C14820,2026-04-08,Technical,Medium,1,Resolved,Positive
S11898,C14821,2026-06-10,Login,Low,11,Open,Positive
S11899,C14821,2026-06-21,Subscription,Low,37,Resolved,Negative
S11900,C14821,2026-01-01,Login,High,62,Open,Negative
S11901,C14821,2025-12-26,Subscription,Low,3,Open,Positive
S11902,C14822,2026-04-18,Technical,Medium,45,Resolved,Negative
S11903,C14822,2026-06-09,Subscription,Medium,26,Resolved,Neutral
S11904,C14822,2026-01-20,Payment,High,13,Resolved,Neutral
S11905,C14822,2026-08-24,Billing,Low,38,Resolved,Negative
S11906,C14824,2026-06-16,Payment,High,28,Open,Neutral
S11907,C14824,2026-02-25,Login,Medium,51,Resolved,Negative
S11908,C14824,2026-07-14,Login,Medium,41,Resolved,Negative
S11909,C14827,2025-09-26,Payment,Low,5,Resolved,Positive
S11910,C14827,2026-05-22,Technical,Low,62,Open,Negative
S11911,C14828,2026-07-16,Billing,Medium,16,Resolved,Neutral
S11912,C14828,2025-10-02,Subscription,Medium,13,Resolved,Neutral
S11913,C14828,2026-02-18,Payment,Medium,55,Resolved,Negative
S11914,C14828,2026-06-29,Login,Low,19,Resolved,Neutral
S11915,C14829,2025-09-04,Subscription,High,45,Resolved,Negative
S11916,C14829,2025-12-23,Technical,Low,52,Resolved,Negative
S11917,C14830,2026-04-27,Subscription,Medium,61,Open,Negative
S11918,C14830,2025-12-08,Subscription,Medium,41,Open,Negative
S11919,C14830,2026-05-07,Subscription,Medium,41,Open,Negative
S11920,C14830,2026-05-30,Login,High,25,Resolved,Neutral
S11921,C14831,2025-12-29,Payment,High,49,Resolved,Negative
S11922,C14831,2026-05-10,Payment,Low,52,Open,Negative
S11923,C14831,2026-05-04,Billing,High,44,Open,Negative
S11924,C14832,2025-09-27,Login,Low,59,Resolved,Negative
S11925,C14832,2026-01-19,Technical,Medium,63,Resolved,Negative
S11926,C14833,2026-08-28,Subscription,Medium,45,Resolved,Negative
S11927,C14833,2025-11-13,Billing,Medium,53,Open,Negative
S11928,C14833,2026-01-27,Subscription,Low,18,Resolved,Neutral
S11929,C14833,2025-10-17,Login,Medium,24,Resolved,Neutral
S11930,C14833,2025-12-09,Billing,Medium,60,Resolved,Negative
S11931,C14834,2026-01-08,Subscription,Medium,45,Resolved,Negative
S11932,C14834,2026-07-29,Billing,High,38,Open,Negative
S11933,C14835,2025-09-27,Billing,High,18,Resolved,Neutral
S11934,C14835,2026-05-24,Subscription,Low,60,Open,Negative
S11935,C14835,2026-05-16,Payment,Medium,31,Resolved,Neutral
S11936,C14835,2026-05-07,Billing,High,66,Open,Negative
S11937,C14835,2026-08-14,Billing,Low,56,Resolved,Negative
S11938,C14836,2026-08-20,Technical,High,64,Resolved,Negative
S11939,C14837,2026-08-03,Subscription,Low,20,Resolved,Neutral
S11940,C14838,2026-03-29,Login,Low,51,Open,Negative
S11941,C14838,2026-08-08,Billing,High,1,Resolved,Positive
S11942,C14838,2026-06-19,Login,Medium,16,Resolved,Neutral
S11943,C14838,2025-11-23,Technical,Low,31,Open,Neutral
S11944,C14839,2025-09-28,Login,Low,30,Resolved,Neutral
S11945,C14839,2026-08-21,Payment,Medium,39,Open,Negative
S11946,C14839,2026-07-18,Login,Low,2,Open,Positive
S11947,C14839,2025-11-28,Payment,Low,38,Resolved,Negative
S11948,C14841,2025-10-28,Subscription,High,13,Resolved,Neutral
S11949,C14841,2025-10-06,Subscription,Medium,28,Resolved,Neutral
S11950,C14841,2026-07-22,Payment,Medium,26,Resolved,Neutral
S11951,C14841,2026-05-24,Billing,Low,35,Resolved,Neutral
S11952,C14842,2026-03-23,Login,Medium,40,Open,Negative
S11953,C14842,2025-10-12,Login,Low,9,Resolved,Positive
S11954,C14842,2026-05-29,Payment,Medium,28,Resolved,Neutral
S11955,C14842,2026-01-24,Subscription,Medium,48,Resolved,Negative
S11956,C14842,2026-07-08,Subscription,High,35,Resolved,Neutral
S11957,C14843,2026-03-02,Payment,Medium,58,Open,Negative
S11958,C14843,2026-07-10,Subscription,High,37,Resolved,Negative
S11959,C14843,2025-09-15,Login,High,44,Open,Negative
S11960,C14844,2025-12-26,Login,High,43,Open,Negative
S11961,C14845,2026-07-17,Technical,High,70,Open,Negative
S11962,C14846,2026-04-14,Subscription,Medium,54,Resolved,Negative
S11963,C14846,2025-10-10,Subscription,High,43,Open,Negative
S11964,C14846,2026-08-21,Technical,Medium,56,Resolved,Negative
S11965,C14846,2026-01-17,Billing,High,32,Resolved,Neutral
S11966,C14847,2026-01-30,Technical,Low,67,Resolved,Negative
S11967,C14847,2026-07-21,Billing,High,45,Resolved,Negative
S11968,C14848,2025-10-12,Technical,Low,59,Resolved,Negative
S11969,C14848,2025-09-04,Login,High,61,Resolved,Negative
S11970,C14849,2025-09-22,Payment,Low,42,Resolved,Negative
S11971,C14849,2026-08-24,Technical,Low,39,Resolved,Negative
S11972,C14849,2026-03-07,Billing,High,7,Resolved,Positive
S11973,C14849,2025-10-19,Login,Medium,17,Resolved,Neutral
S11974,C14850,2026-02-14,Payment,Low,42,Resolved,Negative
S11975,C14850,2025-09-24,Subscription,Medium,28,Resolved,Neutral
S11976,C14850,2026-02-28,Technical,High,3,Open,Positive
S11977,C14850,2026-08-31,Technical,Medium,40,Resolved,Negative
S11978,C14851,2026-01-25,Billing,Low,14,Resolved,Neutral
S11979,C14851,2026-03-18,Subscription,Low,4,Resolved,Positive
S11980,C14851,2026-05-22,Technical,High,37,Open,Negative
S11981,C14852,2026-08-06,Payment,High,37,Open,Negative
S11982,C14852,2026-01-14,Technical,Low,65,Open,Negative
S11983,C14852,2025-09-27,Login,High,2,Resolved,Positive
S11984,C14852,2026-02-10,Payment,High,44,Resolved,Negative
S11985,C14853,2026-08-06,Payment,High,50,Resolved,Negative
S11986,C14853,2025-12-22,Billing,Medium,52,Open,Negative
S11987,C14854,2026-06-15,Billing,Low,49,Open,Negative
S11988,C14854,2026-08-10,Subscription,High,29,Resolved,Neutral
S11989,C14855,2026-08-23,Login,High,64,Open,Negative
S11990,C14855,2025-09-22,Technical,High,47,Resolved,Negative
S11991,C14855,2026-05-06,Technical,High,16,Resolved,Neutral
S11992,C14855,2026-07-22,Technical,High,45,Open,Negative
S11993,C14856,2026-02-11,Subscription,High,11,Open,Positive
S11994,C14856,2025-12-20,Technical,High,27,Open,Neutral
S11995,C14856,2025-09-12,Billing,Medium,33,Resolved,Neutral
S11996,C14856,2026-08-06,Technical,Low,43,Resolved,Negative
S11997,C14856,2025-09-19,Subscription,Low,55,Resolved,Negative
S11998,C14857,2026-01-08,Subscription,Medium,32,Resolved,Neutral
S11999,C14857,2026-04-02,Billing,High,10,Resolved,Positive
S12000,C14857,2026-06-23,Billing,Low,36,Resolved,Neutral
S12001,C14857,2026-08-23,Login,Medium,32,Open,Neutral
S12002,C14857,2026-06-15,Technical,Medium,26,Resolved,Neutral
S12003,C14859,2026-06-04,Login,High,32,Resolved,Neutral
S12004,C14860,2025-12-20,Subscription,High,25,Resolved,Neutral
S12005,C14860,2025-12-23,Billing,Medium,19,Open,Neutral
S12006,C14860,2026-01-12,Billing,Medium,36,Open,Neutral
S12007,C14860,2025-10-10,Technical,Low,17,Open,Neutral
S12008,C14861,2026-06-07,Login,Medium,69,Resolved,Negative
S12009,C14861,2026-07-08,Billing,High,46,Resolved,Negative
S12010,C14861,2025-10-22,Payment,Medium,48,Resolved,Negative
S12011,C14861,2026-03-14,Payment,Low,6,Resolved,Positive
S12012,C14861,2026-08-06,Login,High,64,Resolved,Negative
S12013,C14862,2025-11-05,Subscription,Low,42,Open,Negative
S12014,C14863,2026-03-06,Billing,High,56,Resolved,Negative
S12015,C14863,2026-06-30,Technical,Medium,64,Resolved,Negative
S12016,C14863,2025-10-24,Login,High,14,Resolved,Neutral
S12017,C14863,2026-04-29,Login,Low,24,Resolved,Neutral
S12018,C14863,2025-12-10,Payment,High,2,Resolved,Positive
S12019,C14865,2026-07-05,Payment,Low,55,Resolved,Negative
S12020,C14865,2025-11-01,Technical,Low,66,Open,Negative
S12021,C14865,2026-08-13,Technical,Low,41,Resolved,Negative
S12022,C14865,2026-03-26,Payment,Low,59,Resolved,Negative
S12023,C14865,2026-04-29,Login,Low,54,Open,Negative
S12024,C14866,2026-03-30,Billing,Medium,11,Resolved,Positive
S12025,C14866,2025-09-29,Billing,Medium,46,Resolved,Negative
S12026,C14867,2025-10-12,Billing,Medium,7,Resolved,Positive
S12027,C14867,2026-07-25,Login,Low,2,Open,Positive
S12028,C14867,2026-02-11,Subscription,Medium,3,Open,Positive
S12029,C14867,2026-08-31,Billing,Medium,31,Resolved,Neutral
S12030,C14867,2026-08-22,Login,Low,50,Resolved,Negative
S12031,C14868,2026-02-14,Technical,Low,33,Resolved,Neutral
S12032,C14868,2026-07-10,Login,High,11,Open,Positive
S12033,C14869,2026-06-23,Login,Low,32,Resolved,Neutral
S12034,C14869,2025-12-19,Subscription,Low,61,Resolved,Negative
S12035,C14869,2026-07-11,Billing,Low,28,Resolved,Neutral
S12036,C14869,2026-08-04,Billing,Medium,59,Resolved,Negative
S12037,C14870,2026-04-19,Login,Medium,61,Open,Negative
S12038,C14870,2026-03-03,Payment,High,29,Resolved,Neutral
S12039,C14870,2025-11-02,Login,High,39,Open,Negative
S12040,C14870,2026-05-18,Subscription,Medium,64,Resolved,Negative
S12041,C14870,2025-12-13,Technical,High,33,Open,Neutral
S12042,C14871,2026-03-22,Technical,Medium,13,Open,Neutral
S12043,C14871,2026-06-17,Billing,Low,61,Open,Negative
S12044,C14872,2025-12-04,Login,Low,26,Resolved,Neutral
S12045,C14872,2026-07-05,Technical,Medium,45,Resolved,Negative
S12046,C14872,2025-10-30,Subscription,High,46,Open,Negative
S12047,C14873,2025-12-31,Payment,Low,67,Open,Negative
S12048,C14873,2026-07-06,Billing,High,38,Resolved,Negative
S12049,C14873,2026-04-21,Billing,Medium,47,Resolved,Negative
S12050,C14873,2026-01-02,Login,Medium,43,Resolved,Negative
S12051,C14873,2026-03-11,Subscription,Medium,27,Resolved,Neutral
S12052,C14874,2025-12-25,Payment,High,51,Resolved,Negative
S12053,C14874,2026-05-29,Technical,Low,11,Resolved,Positive
S12054,C14874,2026-04-02,Payment,Low,72,Resolved,Negative
S12055,C14874,2026-01-20,Subscription,High,26,Open,Neutral
S12056,C14875,2026-04-29,Technical,High,22,Resolved,Neutral
S12057,C14875,2025-10-12,Subscription,Medium,24,Open,Neutral
S12058,C14876,2026-06-19,Technical,Low,34,Resolved,Neutral
S12059,C14877,2025-11-24,Technical,Medium,36,Resolved,Neutral
S12060,C14877,2025-11-19,Payment,Low,47,Resolved,Negative
S12061,C14877,2026-08-21,Technical,High,10,Open,Positive
S12062,C14878,2026-03-12,Technical,High,3,Resolved,Positive
S12063,C14878,2026-01-14,Subscription,Medium,34,Resolved,Neutral
S12064,C14878,2026-04-13,Billing,Medium,27,Open,Neutral
S12065,C14879,2026-04-12,Technical,Medium,33,Open,Neutral
S12066,C14880,2026-06-26,Subscription,High,28,Resolved,Neutral
S12067,C14880,2025-11-16,Subscription,Medium,61,Resolved,Negative
S12068,C14880,2025-11-25,Technical,Medium,40,Resolved,Negative
S12069,C14881,2025-12-08,Login,Medium,11,Resolved,Positive
S12070,C14881,2026-01-20,Subscription,Low,21,Resolved,Neutral
S12071,C14881,2026-07-02,Login,High,2,Open,Positive
S12072,C14881,2026-04-02,Payment,High,66,Resolved,Negative
S12073,C14881,2025-11-11,Technical,High,17,Open,Neutral
S12074,C14882,2026-06-29,Billing,Medium,13,Resolved,Neutral
S12075,C14882,2025-11-19,Payment,Medium,54,Open,Negative
S12076,C14882,2026-03-31,Payment,High,10,Resolved,Positive
S12077,C14882,2026-03-26,Subscription,High,8,Open,Positive
S12078,C14883,2025-10-04,Billing,Low,3,Resolved,Positive
S12079,C14883,2026-03-14,Technical,Low,30,Open,Neutral
S12080,C14883,2026-03-08,Subscription,High,39,Resolved,Negative
S12081,C14883,2025-10-13,Technical,Medium,65,Resolved,Negative
S12082,C14884,2026-02-01,Login,High,24,Open,Neutral
S12083,C14884,2026-04-17,Payment,High,45,Resolved,Negative
S12084,C14884,2025-12-07,Login,High,67,Resolved,Negative
S12085,C14884,2026-01-26,Payment,Low,13,Resolved,Neutral
S12086,C14884,2026-06-16,Subscription,High,71,Resolved,Negative
S12087,C14887,2026-02-17,Login,Medium,10,Open,Positive
S12088,C14887,2026-06-24,Technical,Medium,59,Resolved,Negative
S12089,C14887,2026-01-11,Payment,High,63,Open,Negative
S12090,C14887,2026-02-14,Billing,Medium,2,Resolved,Positive
S12091,C14887,2026-04-06,Login,Medium,6,Resolved,Positive
S12092,C14889,2026-08-10,Subscription,Medium,2,Resolved,Positive
S12093,C14889,2026-06-30,Billing,Low,14,Resolved,Neutral
S12094,C14889,2026-04-26,Payment,Medium,46,Resolved,Negative
S12095,C14889,2026-05-17,Login,Medium,49,Resolved,Negative
S12096,C14892,2026-06-19,Subscription,High,67,Resolved,Negative
S12097,C14892,2025-10-22,Login,Low,44,Resolved,Negative
S12098,C14892,2026-06-18,Subscription,Medium,49,Resolved,Negative
S12099,C14892,2026-04-22,Technical,High,66,Open,Negative
S12100,C14893,2026-05-02,Login,Medium,42,Resolved,Negative
S12101,C14895,2026-07-14,Technical,Medium,15,Resolved,Neutral
S12102,C14896,2025-11-09,Payment,Low,56,Resolved,Negative
S12103,C14896,2025-12-29,Technical,Low,49,Resolved,Negative
S12104,C14897,2026-05-09,Subscription,Low,53,Resolved,Negative
S12105,C14897,2026-07-07,Subscription,High,20,Resolved,Neutral
S12106,C14897,2026-02-24,Technical,Medium,32,Open,Neutral
S12107,C14897,2026-02-04,Technical,Low,59,Resolved,Negative
S12108,C14897,2026-03-20,Payment,High,1,Resolved,Positive
S12109,C14898,2025-09-12,Subscription,Low,36,Resolved,Neutral
S12110,C14899,2026-03-02,Login,High,71,Resolved,Negative
S12111,C14899,2025-10-22,Technical,High,22,Resolved,Neutral
S12112,C14899,2026-01-06,Billing,Medium,53,Resolved,Negative
S12113,C14900,2026-03-01,Subscription,High,39,Resolved,Negative
S12114,C14900,2026-05-15,Subscription,Low,30,Resolved,Neutral
S12115,C14900,2026-04-09,Technical,Medium,36,Open,Neutral
S12116,C14900,2026-02-18,Subscription,High,25,Open,Neutral
S12117,C14900,2026-01-16,Login,Medium,36,Open,Neutral
S12118,C14901,2026-07-24,Subscription,Medium,7,Resolved,Positive
S12119,C14901,2026-05-03,Login,High,30,Open,Neutral
S12120,C14902,2025-09-28,Login,Low,27,Open,Neutral
S12121,C14902,2025-11-12,Technical,High,24,Resolved,Neutral
S12122,C14902,2025-10-06,Payment,Medium,32,Resolved,Neutral
S12123,C14902,2026-01-03,Payment,High,9,Resolved,Positive
S12124,C14903,2026-06-16,Login,Medium,66,Open,Negative
S12125,C14903,2025-12-17,Billing,High,11,Resolved,Positive
S12126,C14904,2026-02-09,Login,Low,6,Resolved,Positive
S12127,C14904,2025-11-11,Login,High,3,Open,Positive
S12128,C14904,2026-02-11,Login,High,32,Resolved,Neutral
S12129,C14905,2026-03-12,Billing,Low,12,Resolved,Positive
S12130,C14905,2026-05-12,Billing,High,9,Resolved,Positive
S12131,C14905,2026-02-10,Login,Medium,15,Resolved,Neutral
S12132,C14905,2025-10-28,Payment,High,3,Resolved,Positive
S12133,C14905,2025-10-10,Login,Low,25,Resolved,Neutral
S12134,C14907,2025-11-23,Login,Medium,29,Open,Neutral
S12135,C14908,2026-05-24,Billing,Medium,71,Resolved,Negative
S12136,C14908,2026-02-15,Payment,Low,68,Resolved,Negative
S12137,C14908,2026-07-14,Billing,Low,69,Open,Negative
S12138,C14908,2025-09-04,Login,Low,10,Resolved,Positive
S12139,C14908,2026-02-15,Login,Low,28,Open,Neutral
S12140,C14909,2025-10-27,Technical,Medium,34,Open,Neutral
S12141,C14909,2026-04-27,Billing,Low,16,Resolved,Neutral
S12142,C14909,2025-12-19,Billing,High,41,Resolved,Negative
S12143,C14910,2026-07-15,Login,High,37,Resolved,Negative
S12144,C14911,2026-06-01,Billing,High,56,Resolved,Negative
S12145,C14911,2026-04-17,Technical,Medium,32,Resolved,Neutral
S12146,C14911,2025-12-16,Billing,Medium,17,Resolved,Neutral
S12147,C14911,2026-08-29,Login,Medium,54,Resolved,Negative
S12148,C14911,2025-12-12,Technical,Low,52,Resolved,Negative
S12149,C14913,2026-02-27,Billing,High,19,Resolved,Neutral
S12150,C14913,2026-05-01,Billing,Low,49,Resolved,Negative
S12151,C14913,2025-11-10,Technical,High,17,Resolved,Neutral
S12152,C14913,2026-07-03,Payment,Low,66,Open,Negative
S12153,C14913,2026-03-12,Payment,Low,41,Resolved,Negative
S12154,C14915,2025-10-22,Subscription,Medium,60,Resolved,Negative
S12155,C14915,2025-12-29,Login,Medium,54,Resolved,Negative
S12156,C14915,2026-01-15,Technical,Low,32,Open,Neutral
S12157,C14915,2026-01-03,Subscription,Low,26,Resolved,Neutral
S12158,C14915,2026-05-17,Login,Medium,54,Resolved,Negative
S12159,C14916,2026-03-07,Login,Low,36,Resolved,Neutral
S12160,C14916,2026-01-29,Payment,Medium,39,Open,Negative
S12161,C14916,2026-04-20,Payment,High,9,Resolved,Positive
S12162,C14917,2026-04-16,Payment,High,14,Open,Neutral
S12163,C14917,2026-04-14,Login,Medium,51,Resolved,Negative
S12164,C14917,2026-03-26,Subscription,High,38,Resolved,Negative
S12165,C14917,2026-06-26,Login,Medium,37,Resolved,Negative
S12166,C14917,2026-08-19,Payment,High,50,Resolved,Negative
S12167,C14918,2026-03-12,Billing,High,54,Resolved,Negative
S12168,C14918,2025-12-30,Payment,Low,52,Resolved,Negative
S12169,C14918,2025-09-26,Login,High,70,Resolved,Negative
S12170,C14918,2025-10-10,Billing,Low,22,Resolved,Neutral
S12171,C14919,2026-04-30,Login,High,5,Resolved,Positive
S12172,C14919,2025-12-19,Billing,Medium,68,Resolved,Negative
S12173,C14919,2026-03-24,Payment,High,71,Open,Negative
S12174,C14919,2026-04-17,Technical,Low,3,Resolved,Positive
S12175,C14920,2026-07-30,Payment,Medium,58,Open,Negative
S12176,C14920,2025-12-05,Login,Low,38,Open,Negative
S12177,C14920,2026-05-19,Login,Medium,40,Resolved,Negative
S12178,C14921,2025-11-17,Billing,Medium,54,Resolved,Negative
S12179,C14921,2026-06-05,Billing,High,7,Resolved,Positive
S12180,C14922,2025-11-25,Billing,Low,42,Resolved,Negative
S12181,C14922,2026-02-01,Technical,High,57,Open,Negative
S12182,C14922,2026-06-19,Billing,Medium,65,Resolved,Negative
S12183,C14923,2026-08-10,Login,Low,12,Open,Positive
S12184,C14924,2026-08-03,Payment,High,46,Resolved,Negative
S12185,C14924,2025-11-20,Billing,Medium,50,Open,Negative
S12186,C14925,2026-04-27,Payment,Low,28,Resolved,Neutral
S12187,C14925,2026-04-07,Login,High,55,Resolved,Negative
S12188,C14925,2026-07-14,Payment,Medium,57,Open,Negative
S12189,C14925,2026-07-31,Payment,High,24,Resolved,Neutral
S12190,C14925,2026-02-14,Billing,Low,42,Open,Negative
S12191,C14926,2025-09-11,Billing,Medium,16,Resolved,Neutral
S12192,C14927,2025-09-26,Subscription,Medium,16,Resolved,Neutral
S12193,C14928,2025-12-30,Login,Low,15,Resolved,Neutral
S12194,C14928,2026-08-31,Technical,High,4,Open,Positive
S12195,C14929,2025-12-14,Billing,High,53,Resolved,Negative
S12196,C14929,2026-03-10,Login,Low,53,Resolved,Negative
S12197,C14929,2025-10-13,Subscription,Medium,17,Open,Neutral
S12198,C14929,2026-01-19,Technical,Medium,16,Open,Neutral
S12199,C14929,2026-05-24,Technical,High,24,Resolved,Neutral
S12200,C14930,2026-06-14,Technical,High,69,Resolved,Negative
S12201,C14930,2026-04-12,Payment,Low,14,Resolved,Neutral
S12202,C14930,2026-04-10,Login,Low,51,Resolved,Negative
S12203,C14930,2026-05-24,Login,Low,4,Open,Positive
S12204,C14932,2026-02-25,Payment,Medium,56,Resolved,Negative
S12205,C14932,2026-03-11,Billing,Medium,1,Open,Positive
S12206,C14932,2026-05-13,Login,Medium,37,Open,Negative
S12207,C14932,2026-07-18,Payment,Medium,47,Resolved,Negative
S12208,C14934,2025-09-29,Subscription,Medium,69,Open,Negative
S12209,C14935,2026-04-11,Subscription,High,25,Resolved,Neutral
S12210,C14935,2025-12-09,Billing,High,72,Resolved,Negative
S12211,C14935,2026-08-26,Login,Medium,16,Resolved,Neutral
S12212,C14935,2026-05-02,Payment,Medium,31,Resolved,Neutral
S12213,C14936,2025-12-15,Payment,Medium,38,Resolved,Negative
S12214,C14936,2026-01-05,Subscription,High,48,Resolved,Negative
S12215,C14936,2026-04-29,Subscription,Medium,6,Open,Positive
S12216,C14936,2026-01-19,Login,Low,47,Open,Negative
S12217,C14937,2026-05-28,Billing,Low,24,Resolved,Neutral
S12218,C14937,2026-04-27,Login,Medium,35,Resolved,Neutral
S12219,C14938,2026-01-30,Technical,Medium,30,Resolved,Neutral
S12220,C14940,2025-09-30,Billing,Medium,65,Resolved,Negative
S12221,C14940,2025-12-11,Billing,High,23,Open,Neutral
S12222,C14940,2025-09-15,Subscription,Medium,66,Resolved,Negative
S12223,C14940,2026-08-06,Login,High,24,Resolved,Neutral
S12224,C14942,2026-04-26,Login,Medium,51,Resolved,Negative
S12225,C14942,2026-08-12,Payment,Medium,66,Resolved,Negative
S12226,C14944,2026-07-30,Billing,High,54,Resolved,Negative
S12227,C14944,2026-02-23,Login,Medium,37,Resolved,Negative
S12228,C14945,2026-02-23,Payment,Low,54,Resolved,Negative
S12229,C14945,2026-07-14,Technical,High,8,Open,Positive
S12230,C14945,2025-12-28,Payment,Medium,43,Resolved,Negative
S12231,C14945,2025-10-02,Payment,High,72,Open,Negative
S12232,C14946,2026-08-22,Billing,Low,55,Resolved,Negative
S12233,C14946,2026-03-16,Login,High,12,Open,Positive
S12234,C14947,2025-12-18,Billing,Medium,14,Resolved,Neutral
S12235,C14948,2025-10-10,Payment,Medium,19,Resolved,Neutral
S12236,C14948,2026-07-19,Login,Low,31,Resolved,Neutral
S12237,C14948,2026-08-14,Subscription,Low,4,Resolved,Positive
S12238,C14948,2025-10-25,Technical,Medium,44,Resolved,Negative
S12239,C14949,2026-08-22,Technical,Medium,5,Resolved,Positive
S12240,C14950,2026-01-25,Technical,Low,40,Resolved,Negative
S12241,C14950,2025-12-06,Technical,High,72,Resolved,Negative
S12242,C14950,2026-07-16,Login,Low,39,Open,Negative
S12243,C14951,2025-09-11,Billing,Low,65,Resolved,Negative
S12244,C14952,2026-01-04,Subscription,High,1,Resolved,Positive
S12245,C14952,2026-07-26,Subscription,High,57,Open,Negative
S12246,C14952,2026-08-12,Payment,Medium,16,Open,Neutral
S12247,C14954,2025-12-04,Billing,Medium,71,Open,Negative
S12248,C14954,2026-01-18,Billing,Low,17,Resolved,Neutral
S12249,C14955,2025-10-22,Technical,High,7,Open,Positive
S12250,C14955,2026-04-20,Subscription,Low,64,Resolved,Negative
S12251,C14955,2025-11-24,Subscription,Low,47,Resolved,Negative
S12252,C14955,2026-07-24,Subscription,Medium,56,Open,Negative
S12253,C14955,2025-11-06,Login,Medium,20,Resolved,Neutral
S12254,C14956,2025-10-22,Technical,Medium,38,Resolved,Negative
S12255,C14956,2026-02-26,Technical,Medium,35,Resolved,Neutral
S12256,C14959,2026-02-04,Billing,Low,8,Resolved,Positive
S12257,C14959,2026-04-15,Billing,Medium,6,Resolved,Positive
S12258,C14960,2026-05-29,Login,Low,57,Open,Negative
S12259,C14960,2026-03-07,Login,Low,33,Open,Neutral
S12260,C14960,2025-11-12,Login,Medium,2,Open,Positive
S12261,C14960,2026-05-28,Subscription,Medium,61,Resolved,Negative
S12262,C14960,2026-05-13,Billing,Medium,49,Open,Negative
S12263,C14961,2025-09-22,Login,Medium,45,Resolved,Negative
S12264,C14961,2026-01-04,Technical,Medium,29,Resolved,Neutral
S12265,C14962,2026-07-02,Payment,High,46,Resolved,Negative
S12266,C14962,2026-02-23,Login,Low,49,Open,Negative
S12267,C14962,2025-11-09,Technical,Medium,41,Resolved,Negative
S12268,C14962,2025-10-16,Billing,High,36,Resolved,Neutral
S12269,C14963,2026-03-17,Technical,Medium,37,Resolved,Negative
S12270,C14963,2026-02-14,Subscription,Medium,28,Resolved,Neutral
S12271,C14966,2025-12-17,Billing,High,23,Resolved,Neutral
S12272,C14966,2026-01-08,Login,High,16,Resolved,Neutral
S12273,C14966,2026-07-13,Technical,Low,28,Resolved,Neutral
S12274,C14967,2026-08-08,Payment,Medium,20,Resolved,Neutral
S12275,C14967,2026-05-21,Subscription,Low,44,Resolved,Negative
S12276,C14968,2025-11-24,Technical,Low,25,Resolved,Neutral
S12277,C14968,2025-10-20,Billing,Low,41,Resolved,Negative
S12278,C14969,2026-05-13,Payment,Medium,27,Open,Neutral
S12279,C14969,2026-02-16,Billing,Low,15,Resolved,Neutral
S12280,C14969,2025-10-05,Login,Low,70,Open,Negative
S12281,C14970,2026-07-18,Login,Low,61,Resolved,Negative
S12282,C14970,2026-02-03,Billing,High,64,Open,Negative
S12283,C14970,2026-04-28,Login,Medium,67,Resolved,Negative
S12284,C14971,2025-09-29,Subscription,Medium,40,Open,Negative
S12285,C14972,2026-03-01,Subscription,Low,28,Resolved,Neutral
S12286,C14972,2026-07-12,Payment,Medium,23,Resolved,Neutral
S12287,C14972,2025-12-09,Payment,High,13,Resolved,Neutral
S12288,C14973,2026-04-10,Billing,High,56,Open,Negative
S12289,C14973,2026-04-07,Subscription,Medium,58,Open,Negative
S12290,C14973,2025-11-25,Technical,High,71,Resolved,Negative
S12291,C14973,2026-05-06,Technical,High,52,Resolved,Negative
S12292,C14974,2026-06-02,Subscription,High,9,Resolved,Positive
S12293,C14974,2026-04-24,Billing,Medium,42,Resolved,Negative
S12294,C14976,2025-12-16,Payment,High,68,Resolved,Negative
S12295,C14976,2026-01-12,Login,Medium,39,Resolved,Negative
S12296,C14976,2026-05-07,Technical,Low,31,Resolved,Neutral
S12297,C14976,2025-11-02,Technical,Low,43,Resolved,Negative
S12298,C14976,2025-11-03,Billing,High,1,Resolved,Positive
S12299,C14977,2026-02-20,Login,Low,37,Resolved,Negative
S12300,C14978,2026-06-02,Billing,Medium,3,Resolved,Positive
S12301,C14978,2026-04-18,Subscription,Medium,40,Open,Negative
S12302,C14978,2026-07-05,Payment,High,60,Resolved,Negative
S12303,C14979,2025-10-08,Billing,High,65,Resolved,Negative
S12304,C14979,2026-03-19,Technical,High,23,Open,Neutral
S12305,C14979,2026-07-08,Subscription,High,69,Open,Negative
S12306,C14979,2025-09-04,Billing,High,10,Resolved,Positive
S12307,C14981,2026-01-15,Billing,Low,57,Open,Negative
S12308,C14981,2025-12-30,Login,Low,22,Resolved,Neutral
S12309,C14981,2026-07-02,Technical,Medium,6,Resolved,Positive
S12310,C14982,2025-12-11,Login,Low,51,Resolved,Negative
S12311,C14982,2026-07-30,Subscription,Low,10,Open,Positive
S12312,C14982,2026-03-09,Subscription,High,10,Resolved,Positive
S12313,C14983,2025-09-19,Payment,High,14,Resolved,Neutral
S12314,C14983,2025-09-21,Payment,Low,19,Resolved,Neutral
S12315,C14983,2026-06-01,Payment,Medium,68,Resolved,Negative
S12316,C14983,2026-07-31,Billing,Low,48,Resolved,Negative
S12317,C14983,2026-02-08,Payment,High,15,Resolved,Neutral
S12318,C14984,2026-08-25,Technical,Low,32,Open,Neutral
S12319,C14985,2026-07-24,Technical,Low,32,Resolved,Neutral
S12320,C14985,2026-06-20,Payment,Low,26,Open,Neutral
S12321,C14985,2026-04-04,Subscription,Medium,54,Resolved,Negative
S12322,C14985,2026-03-24,Technical,High,64,Resolved,Negative
S12323,C14985,2026-03-07,Billing,High,54,Resolved,Negative
S12324,C14987,2025-11-30,Subscription,Medium,72,Resolved,Negative
S12325,C14988,2026-07-08,Login,Medium,13,Open,Neutral
S12326,C14988,2026-06-06,Technical,Low,15,Resolved,Neutral
S12327,C14988,2025-09-01,Technical,Low,58,Open,Negative
S12328,C14988,2026-04-30,Technical,Low,65,Open,Negative
S12329,C14989,2025-10-24,Payment,High,32,Resolved,Neutral
S12330,C14989,2026-07-11,Technical,Medium,27,Open,Neutral
S12331,C14989,2026-04-06,Payment,Medium,42,Resolved,Negative
S12332,C14989,2026-02-09,Technical,High,55,Resolved,Negative
S12333,C14990,2026-05-11,Technical,Low,58,Open,Negative
S12334,C14990,2025-10-20,Billing,High,61,Resolved,Negative
S12335,C14990,2025-09-09,Technical,High,52,Open,Negative
S12336,C14990,2026-07-14,Payment,Medium,4,Resolved,Positive
S12337,C14990,2026-01-12,Payment,Medium,46,Resolved,Negative
S12338,C14991,2026-06-12,Subscription,Low,2,Open,Positive
S12339,C14991,2026-02-05,Technical,Low,37,Resolved,Negative
S12340,C14991,2026-05-09,Payment,Medium,71,Resolved,Negative
S12341,C14991,2025-12-04,Login,Low,10,Open,Positive
S12342,C14991,2025-11-29,Technical,Medium,33,Resolved,Neutral
S12343,C14992,2026-08-23,Billing,Medium,69,Open,Negative
S12344,C14992,2026-01-29,Payment,Low,9,Open,Positive
S12345,C14992,2026-07-29,Subscription,Medium,16,Resolved,Neutral
S12346,C14993,2025-12-09,Login,Low,59,Open,Negative
S12347,C14993,2025-09-18,Subscription,Low,56,Resolved,Negative
S12348,C14994,2026-06-26,Login,Medium,7,Open,Positive
S12349,C14994,2026-04-12,Technical,Low,39,Resolved,Negative
S12350,C14994,2026-02-22,Login,Low,56,Resolved,Negative
S12351,C14994,2026-02-05,Technical,High,43,Open,Negative
S12352,C14996,2025-10-26,Payment,High,38,Resolved,Negative
S12353,C14996,2026-06-19,Login,Low,72,Resolved,Negative
S12354,C14996,2026-03-30,Technical,Low,28,Resolved,Neutral
S12355,C14997,2026-08-03,Payment,Medium,50,Open,Negative
S12356,C14999,2025-11-01,Login,High,50,Resolved,Negative
S12357,C15000,2026-02-19,Technical,High,60,Resolved,Negative
S12358,C15000,2025-10-03,Billing,Medium,57,Resolved,Negative
